Date,Horse,Track,Time,BetType,Odds,Stake,Src,horse_k,course_k,RaceDate,pid,BSP_TRUE,WinLose,won,PL_taken,PL_bsp,move_pct,Yr
2026-02-01,Pride Of Place,Leopardstown,2:45,Each Way,67.0,1.0,BensBets_Master_Feb_to_Sep_2026.csv,prideofplace,leopardstown,2026-02-01,0,36.58519581,0.0,0,-1.0,-1.0,-45.39523013432836,2026
2026-02-01,Pinot Gris,Leopardstown,3:52,Each Way,67.0,1.0,BensBets_Master_Feb_to_Sep_2026.csv,pinotgris,leopardstown,2026-02-01,1,252.23070528,0.0,0,-1.0,-1.0,276.46373922388057,2026
2026-02-01,Lossiemouth,Leopardstown,3:20,Win Only,2.5,1.0,BensBets_Master_Feb_to_Sep_2026.csv,lossiemouth,leopardstown,2026-02-01,2,1.82071353,0.0,0,-1.0,-1.0,-27.171458800000003,2026
2026-02-02,Salley Gardens,Southwell,1:02,Each Way,13.0,2.5,BensBets_Master_Feb_to_Sep_2026.csv,salleygardens,southwell,2026-02-02,3,32.74318668,0.0,0,-2.5,-2.5,151.87066676923075,2026
2026-02-02,Dont Tell Su,Kempton,1:27,Win Only,6.0,2.0,BensBets_Master_Feb_to_Sep_2026.csv,donttellsu,kempton,2026-02-02,4,6.0,0.0,0,-2.0,-2.0,0.0,2026
2026-02-02,Thankyourluckystar,Southwell,3:52,Each Way,17.0,2.0,BensBets_Master_Feb_to_Sep_2026.csv,thankyourluckystar,southwell,2026-02-02,5,14.88275838,0.0,0,-2.0,-2.0,-12.454362470588231,2026
2026-02-02,Educate,Wolverhampton,5:00,Win Only,9.0,1.0,BensBets_Master_Feb_to_Sep_2026.csv,educate,wolverhampton,2026-02-02,6,27.0,0.0,0,-1.0,-1.0,200.0,2026
2026-02-02,Youarenotforgiven,Wolverhampton,6:30,Each Way,11.0,2.5,BensBets_Master_Feb_to_Sep_2026.csv,youarenotforgiven,wolverhampton,2026-02-02,7,15.5,0.0,0,-2.5,-2.5,40.90909090909092,2026
2026-02-03,Teorie,Taunton,3:15,Each Way,17.0,2.5,BensBets_Master_Feb_to_Sep_2026.csv,teorie,taunton,2026-02-03,9,32.0,0.0,0,-2.5,-2.5,88.23529411764706,2026
2026-02-03,Cloch Nua,Wolverhampton,5:30,Each Way,17.0,1.0,BensBets_Master_Feb_to_Sep_2026.csv,clochnua,wolverhampton,2026-02-03,10,65.0,0.0,0,-1.0,-1.0,282.3529411764706,2026
2026-02-03,No Return,Wolverhampton,6:00,Each Way,7.5,1.0,BensBets_Master_Feb_to_Sep_2026.csv,noreturn,wolverhampton,2026-02-03,11,23.0,0.0,0,-1.0,-1.0,206.66666666666669,2026
2026-02-04,Castan,Newcastle,7:00,Each Way,6.5,3.5,BensBets_Master_Feb_to_Sep_2026.csv,castan,newcastle,2026-02-04,13,6.8142006,0.0,0,-3.5,-3.5,4.833855384615382,2026
2026-02-04,Pallas Lord,Newcastle,8:30,Win Only,5.5,2.0,BensBets_Master_Feb_to_Sep_2026.csv,pallaslord,newcastle,2026-02-04,14,4.1471064,0.0,0,-2.0,-2.0,-24.59806545454545,2026
2026-02-05,Count Of Vendome,Doncaster,1:50,Win Only,2.75,2.0,BensBets_Master_Feb_to_Sep_2026.csv,countofvendome,doncaster,2026-02-05,15,1.78207638,1.0,1,3.4299999999999997,1.5328697047999997,-35.19722254545455,2026
2026-02-05,Hot Rod Lincoln,Lingfield,3:55,Each Way,5.0,4.0,BensBets_Master_Feb_to_Sep_2026.csv,hotrodlincoln,lingfield,2026-02-05,16,5.19756256,0.0,0,-4.0,-4.0,3.9512511999999944,2026
2026-02-05,Autumn Angel,Southwell,4:25,Each Way,5.5,4.0,BensBets_Master_Feb_to_Sep_2026.csv,autumnangel,southwell,2026-02-05,17,6.13039756,0.0,0,-4.0,-4.0,11.461773818181808,2026
2026-02-06,Nacho Nacho Nacho,Wolverhampton,1:12,Win Only,9.0,1.75,BensBets_Master_Feb_to_Sep_2026.csv,nachonachonacho,wolverhampton,2026-02-06,18,5.5,0.0,0,-1.75,-1.75,-38.888888888888886,2026
2026-02-07,Fingle Bridge,Warwick,4:10,Win Only,3.25,3.0,BensBets_Master_Feb_to_Sep_2026.csv,finglebridge,warwick,2026-02-07,21,2.86508075,0.0,0,-3.0,-3.0,-11.843669230769226,2026
2026-02-07,Popton Point,Warwick,4:45,Win Only,5.0,2.0,BensBets_Master_Feb_to_Sep_2026.csv,poptonpoint,warwick,2026-02-07,22,8.60441875,1.0,1,7.84,14.904660750000001,72.088375,2026
2026-02-07,The Bay Warrior,Southwell,7:00,Win Only,29.0,1.0,BensBets_Master_Feb_to_Sep_2026.csv,thebaywarrior,southwell,2026-02-07,23,12.62159377,0.0,0,-1.0,-1.0,-56.47726286206897,2026
2026-02-08,Whos On First,Chelmsford,1:37,Each Way,23.0,2.0,BensBets_Master_Feb_to_Sep_2026.csv,whosonfirst,chelmsford,2026-02-08,24,6.2,1.0,1,43.12,10.192,-73.04347826086956,2026
2026-02-08,Gold Dancer,Navan,3:50,Win Only,2.87,3.5,BensBets_Master_Feb_to_Sep_2026.csv,golddancer,navan,2026-02-08,25,3.80726976,0.0,0,-3.5,-3.5,32.65748292682926,2026
2026-02-08,Irancy,Navan,2:50,Win Only,12.0,1.5,BensBets_Master_Feb_to_Sep_2026.csv,irancy,navan,2026-02-08,26,12.0,0.0,0,-1.5,-1.5,0.0,2026
2026-02-09,Hill Of Tara,Plumpton,4:15,Each Way,12.0,3.0,BensBets_Master_Feb_to_Sep_2026.csv,hilloftara,plumpton,2026-02-09,27,3.75,0.0,0,-3.0,-3.0,-68.75,2026
2026-02-09,Comanche Magic,Catterick,4:30,Each Way,5.5,4.5,BensBets_Master_Feb_to_Sep_2026.csv,comanchemagic,catterick,2026-02-09,28,6.37990001,1.0,1,19.845,23.7253590441,15.998182000000005,2026
2026-02-09,A Tickatickatiming,Plumpton,4:45,Each Way,8.5,4.0,BensBets_Master_Feb_to_Sep_2026.csv,atickatickatiming,plumpton,2026-02-09,30,3.64048435,0.0,0,-4.0,-4.0,-57.17077235294118,2026
2026-02-09,Alvin,Wolverhampton,5:00,Win Only,9.0,1.5,BensBets_Master_Feb_to_Sep_2026.csv,alvin,wolverhampton,2026-02-09,31,7.33774464,1.0,1,11.76,9.3164846208,-18.469503999999993,2026
2026-02-09,West Lawn,Catterick,2:30,Each Way,29.0,2.0,BensBets_Master_Feb_to_Sep_2026.csv,westlawn,catterick,2026-02-09,32,7.18931081,0.0,0,-2.0,-2.0,-75.20927306896552,2026
2026-02-10,Profit Street,Lingfield,1:18,Win Only,3.0,2.5,BensBets_Master_Feb_to_Sep_2026.csv,profitstreet,lingfield,2026-02-10,33,2.53434957,1.0,1,4.9,3.7591564464999996,-15.52168100000001,2026
2026-02-10,Apache Tribe,Ayr,2:35,Win Only,2.75,3.0,BensBets_Master_Feb_to_Sep_2026.csv,apachetribe,ayr,2026-02-10,34,1.89,1.0,1,5.145,2.6165999999999996,-31.272727272727273,2026
2026-02-10,Tilsworth Max,Lingfield,2:48,Win Only,5.0,2.0,BensBets_Master_Feb_to_Sep_2026.csv,tilsworthmax,lingfield,2026-02-10,35,5.68928113,0.0,0,-2.0,-2.0,13.785622600000004,2026
2026-02-10,Packetofbiscuits,Newcastle,6:15,Win Only,17.0,1.0,BensBets_Master_Feb_to_Sep_2026.csv,packetofbiscuits,newcastle,2026-02-10,36,11.69917875,0.0,0,-1.0,-1.0,-31.18130147058824,2026
2026-02-11,Sedro Woolley,Dundalk,1:38,Each Way,15.0,2.5,BensBets_Master_Feb_to_Sep_2026.csv,sedrowoolley,dundalk,2026-02-11,37,3.75115443,0.0,0,-2.5,-2.5,-74.99230379999999,2026
2026-02-11,All Moonshine,Kempton,6:40,Win Only,2.75,3.5,BensBets_Master_Feb_to_Sep_2026.csv,allmoonshine,kempton,2026-02-11,39,2.93843898,1.0,1,6.0024999999999995,6.6488457014,6.852326545454535,2026
2026-02-11,Ezmerellda,Hereford,3:30,Each Way,41.0,1.0,BensBets_Master_Feb_to_Sep_2026.csv,ezmerellda,hereford,2026-02-11,40,61.11733966,0.0,0,-1.0,-1.0,49.06668209756098,2026
2026-02-11,Luminessa,Dundalk,3:08,Each Way,29.0,1.5,BensBets_Master_Feb_to_Sep_2026.csv,luminessa,dundalk,2026-02-11,41,19.22057428,0.0,0,-1.5,-1.5,-33.72215765517241,2026
2026-02-12,Masqool,Lingfield,1:23,Win Only,4.5,2.5,BensBets_Master_Feb_to_Sep_2026.csv,masqool,lingfield,2026-02-12,42,3.55,0.0,0,-2.5,-2.5,-21.111111111111114,2026
2026-02-12,The Brickey Ranger,Leicester,1:30,Each Way,15.0,2.5,BensBets_Master_Feb_to_Sep_2026.csv,thebrickeyranger,leicester,2026-02-12,43,5.32369897,0.0,0,-2.5,-2.5,-64.50867353333334,2026
2026-02-12,Stamina Chope,Leicester,2:40,Each Way,5.5,4.5,BensBets_Master_Feb_to_Sep_2026.csv,staminachope,leicester,2026-02-12,44,5.54588513,0.0,0,-4.5,-4.5,0.8342750909090979,2026
2026-02-12,Borgi,Lingfield,4:15,Win Only,15.0,1.5,BensBets_Master_Feb_to_Sep_2026.csv,borgi,lingfield,2026-02-12,45,10.13343502,1.0,1,20.58,13.4261494794,-32.44376653333333,2026
2026-02-12,Justcallmepete,Chelmsford,6:00,Win Only,5.0,2.5,BensBets_Master_Feb_to_Sep_2026.csv,justcallmepete,chelmsford,2026-02-12,46,3.97918366,0.0,0,-2.5,-2.5,-20.416326800000007,2026
2026-02-13,Empire Steel,Kelso,3:00,Win Only,8.0,1.5,BensBets_Master_Feb_to_Sep_2026.csv,empiresteel,kelso,2026-02-13,47,7.49756088,0.0,0,-1.5,-1.5,-6.280489,2026
2026-02-13,Rawson,Wolverhampton,7:15,Each Way,26.0,2.0,BensBets_Master_Feb_to_Sep_2026.csv,rawson,wolverhampton,2026-02-13,48,42.21796456,0.0,0,-2.0,-2.0,62.376786769230776,2026
2026-02-13,Unterberg,Dundalk,7:30,Each Way,8.0,3.0,BensBets_Master_Feb_to_Sep_2026.csv,unterberg,dundalk,2026-02-13,49,4.8,1.0,1,20.58,11.171999999999999,-40.0,2026
2026-02-14,Bonza Boy,Wincanton,2:50,Each Way,7.5,4.0,BensBets_Master_Feb_to_Sep_2026.csv,bonzaboy,wincanton,2026-02-14,50,8.62253411,0.0,0,-4.0,-4.0,14.967121466666677,2026
2026-02-14,Begin The Luck,Wincanton,3:23,Each Way,11.0,3.0,BensBets_Master_Feb_to_Sep_2026.csv,begintheluck,wincanton,2026-02-14,51,8.52701337,0.0,0,-3.0,-3.0,-22.481696636363637,2026
2026-02-14,Badentaggart,Wincanton,4:37,Each Way,17.0,2.5,BensBets_Master_Feb_to_Sep_2026.csv,badentaggart,wincanton,2026-02-14,53,12.0,0.0,0,-2.5,-2.5,-29.411764705882348,2026
2026-02-14,Concetto,Wincanton,4:00,Each Way,11.0,3.0,BensBets_Master_Feb_to_Sep_2026.csv,concetto,wincanton,2026-02-14,54,9.83643351,0.0,0,-3.0,-3.0,-10.577877181818174,2026
2026-02-14,Confinentic,Ascot,4:10,Each Way,26.0,1.5,BensBets_Master_Feb_to_Sep_2026.csv,confinentic,ascot,2026-02-14,55,20.5956834,0.0,0,-1.5,-1.5,-20.785833076923076,2026
2026-02-14,Kindly Queen,Lingfield,1:25,Each Way,11.0,2.5,BensBets_Master_Feb_to_Sep_2026.csv,kindlyqueen,lingfield,2026-02-14,56,25.22425835,0.0,0,-2.5,-2.5,129.31143954545453,2026
2026-02-15,Jet Legs,Musselburgh,4:20,Each Way,8.5,3.0,BensBets_Master_Feb_to_Sep_2026.csv,jetlegs,musselburgh,2026-02-15,57,8.8,0.0,0,-3.0,-3.0,3.529411764705892,2026
2026-02-15,Snow Dragon,Musselburgh,4:50,Each Way,8.0,3.0,BensBets_Master_Feb_to_Sep_2026.csv,snowdragon,musselburgh,2026-02-15,58,4.78085281,0.0,0,-3.0,-3.0,-40.239339875,2026
2026-02-15,Lakota Chief,Newcastle,4:42,Each Way,3.75,2.75,BensBets_Master_Feb_to_Sep_2026.csv,lakotachief,newcastle,2026-02-15,59,5.12219446,0.0,0,-2.75,-2.75,36.59185226666668,2026
2026-02-15,Bollin Matilda,Musselburgh,3:50,Each Way,7.0,3.5,BensBets_Master_Feb_to_Sep_2026.csv,bollinmatilda,musselburgh,2026-02-15,60,3.52125954,0.0,0,-3.5,-3.5,-49.696292285714286,2026
2026-02-16,Hello Judge,Carlisle,1:35,Each Way,13.0,2.5,BensBets_Master_Feb_to_Sep_2026.csv,hellojudge,carlisle,2026-02-16,62,6.39195547,1.0,1,29.4,13.210290901499999,-50.831111769230766,2026
2026-02-16,Ardaddy,Wolverhampton,7:00,Each Way,8.5,3.5,BensBets_Master_Feb_to_Sep_2026.csv,ardaddy,wolverhampton,2026-02-16,63,4.45080716,0.0,0,-3.5,-3.5,-47.637562823529414,2026
2026-02-16,Hackney Diamonds,Wolverhampton,8:00,Each Way,5.5,2.25,BensBets_Master_Feb_to_Sep_2026.csv,hackneydiamonds,wolverhampton,2026-02-16,64,5.21975344,0.0,0,-2.25,-2.25,-5.095391999999999,2026
2026-02-17,Windsurfer,Market Rasen,4:12,Win Only,9.0,1.5,BensBets_Master_Feb_to_Sep_2026.csv,windsurfer,marketrasen,2026-02-17,66,8.0,0.0,0,-1.5,-1.5,-11.111111111111116,2026
2026-02-17,Baker Blue,Wolverhampton,7:00,Each Way,11.0,3.0,BensBets_Master_Feb_to_Sep_2026.csv,bakerblue,wolverhampton,2026-02-17,67,6.0,1.0,1,29.400000000000002,14.700000000000001,-45.45454545454546,2026
2026-02-17,Sceptic,Wolverhampton,7:30,Win Only,21.0,1.0,BensBets_Master_Feb_to_Sep_2026.csv,sceptic,wolverhampton,2026-02-17,68,32.0,0.0,0,-1.0,-1.0,52.38095238095237,2026
2026-02-18,Good Work,Southwell,2:20,Each Way,15.0,2.5,BensBets_Master_Feb_to_Sep_2026.csv,goodwork,southwell,2026-02-18,69,9.96300135,0.0,0,-2.5,-2.5,-33.579991,2026
2026-02-18,Georgi Girl,Ludlow,3:05,Win Only,12.0,1.25,BensBets_Master_Feb_to_Sep_2026.csv,georgigirl,ludlow,2026-02-18,70,6.06779618,0.0,0,-1.25,-1.25,-49.43503183333333,2026
2026-02-18,Bluella Bresil,Southwell,4:55,Each Way,21.0,2.0,BensBets_Master_Feb_to_Sep_2026.csv,bluellabresil,southwell,2026-02-18,71,43.78813984,0.0,0,-2.0,-2.0,108.51495161904761,2026
2026-02-18,Sir Hobnob,Ludlow,4:05,Each Way,15.0,2.5,BensBets_Master_Feb_to_Sep_2026.csv,sirhobnob,ludlow,2026-02-18,72,9.0,1.0,1,34.3,19.6,-40.0,2026
2026-02-19,Cracker Muddle,Huntingdon,2:16,Win Only,10.0,1.5,BensBets_Master_Feb_to_Sep_2026.csv,crackermuddle,huntingdon,2026-02-19,73,35.10214169,0.0,0,-1.5,-1.5,251.02141690000002,2026
2026-02-19,Pallas Lord,Newcastle,6:00,Each Way,10.0,3.0,BensBets_Master_Feb_to_Sep_2026.csv,pallaslord,newcastle,2026-02-19,74,14.27695243,0.0,0,-3.0,-3.0,42.76952430000001,2026
2026-02-19,Rusty Harkness,Thurles,3:52,Win Only,2.63,3.5,BensBets_Master_Feb_to_Sep_2026.csv,rustyharkness,thurles,2026-02-19,75,2.02118831,0.0,0,-3.5,-3.5,-23.148733460076045,2026
2026-02-19,Pride Of Place,Thurles,1:32,Each Way,21.0,2.0,BensBets_Master_Feb_to_Sep_2026.csv,prideofplace,thurles,2026-02-19,76,25.0,0.0,0,-2.0,-2.0,19.047619047619047,2026
2026-02-19,Moyneard,Thurles,4:53,Win Only,17.0,1.0,BensBets_Master_Feb_to_Sep_2026.csv,moyneard,thurles,2026-02-19,77,9.92450272,0.0,0,-1.0,-1.0,-41.62057223529412,2026
2026-02-20,Jamada,Ffos Las,2:22,Win Only,3.0,3.0,BensBets_Master_Feb_to_Sep_2026.csv,jamada,ffoslas,2026-02-20,78,4.6780211,0.0,0,-3.0,-3.0,55.93403666666666,2026
2026-02-20,Palamon,Warwick,3:05,Each Way,41.0,1.0,BensBets_Master_Feb_to_Sep_2026.csv,palamon,warwick,2026-02-20,79,19.16035157,0.0,0,-1.0,-1.0,-53.26743519512196,2026
2026-02-20,The Good Doctor,Warwick,3:05,Each Way,10.0,3.0,BensBets_Master_Feb_to_Sep_2026.csv,thegooddoctor,warwick,2026-02-20,80,7.52962952,0.0,0,-3.0,-3.0,-24.703704799999993,2026
2026-02-20,Wot You Wearing,Warwick,2:05,Win Only,17.0,1.25,BensBets_Master_Feb_to_Sep_2026.csv,wotyouwearing,warwick,2026-02-20,81,25.78033919,0.0,0,-1.25,-1.25,51.649054058823516,2026
2026-02-20,Arctic Stream,Warwick,4:35,Each Way,23.0,2.0,BensBets_Master_Feb_to_Sep_2026.csv,arcticstream,warwick,2026-02-20,82,12.0,0.0,0,-2.0,-2.0,-47.82608695652174,2026
2026-02-20,Sage Green,Warwick,3:35,Each Way,13.0,2.5,BensBets_Master_Feb_to_Sep_2026.csv,sagegreen,warwick,2026-02-20,83,5.54135799,0.0,0,-2.5,-2.5,-57.3741693076923,2026
2026-02-20,Laganhill,Exeter,2:44,Win Only,5.5,2.25,BensBets_Master_Feb_to_Sep_2026.csv,laganhill,exeter,2026-02-20,84,2.81778192,0.0,0,-2.25,-2.25,-48.76760145454546,2026
2026-02-21,Gerri Colombe,Fairyhouse,3:15,Win Only,17.0,1.25,BensBets_Master_Feb_to_Sep_2026.csv,gerricolombe,fairyhouse,2026-02-21,85,10.81830701,0.0,0,-1.25,-1.25,-36.36289994117647,2026
2026-02-21,Castelfort,Chepstow,4:13,Each Way,11.0,3.0,BensBets_Master_Feb_to_Sep_2026.csv,castelfort,chepstow,2026-02-21,86,4.5,0.0,0,-3.0,-3.0,-59.09090909090908,2026
2026-02-22,Cut The Rope,Naas,3:00,Each Way,8.0,3.5,BensBets_Master_Feb_to_Sep_2026.csv,cuttherope,naas,2026-02-22,87,6.35016188,0.0,0,-3.5,-3.5,-20.6229765,2026
2026-02-22,Queenie St Clair,Fontwell,4:20,Win Only,5.5,2.0,BensBets_Master_Feb_to_Sep_2026.csv,queeniestclair,fontwell,2026-02-22,88,6.8,1.0,1,8.82,11.368,23.636363636363633,2026
2026-02-22,Glancing Jack,Hereford,3:40,Win Only,2.38,3.5,BensBets_Master_Feb_to_Sep_2026.csv,glancingjack,hereford,2026-02-22,89,2.70026555,1.0,1,4.7334,5.8319108365000005,13.456535714285733,2026
2026-02-22,Lifetime In Milan,Fontwell,2:20,Each Way,67.0,1.0,BensBets_Master_Feb_to_Sep_2026.csv,lifetimeinmilan,fontwell,2026-02-22,90,30.0,0.0,0,-1.0,-1.0,-55.223880597014926,2026
2026-02-23,Nammos,Wolverhampton,6:30,Win Only,4.33,2.75,BensBets_Master_Feb_to_Sep_2026.csv,nammos,wolverhampton,2026-02-23,91,4.10690352,0.0,0,-2.75,-2.75,-5.152343648960733,2026
2026-02-23,Blue Sky Dreaming,Plumpton,2:00,Each Way,10.0,3.0,BensBets_Master_Feb_to_Sep_2026.csv,blueskydreaming,plumpton,2026-02-23,92,9.0,0.0,0,-3.0,-3.0,-9.999999999999998,2026
2026-02-23,Bint Havana Gold,Wolverhampton,4:25,Win Only,8.5,1.5,BensBets_Master_Feb_to_Sep_2026.csv,binthavanagold,wolverhampton,2026-02-23,93,20.19575971,1.0,1,11.024999999999999,28.2177667737,137.59717305882356,2026
2026-02-23,Miss Kassiopi,Plumpton,4:45,Each Way,7.5,3.5,BensBets_Master_Feb_to_Sep_2026.csv,misskassiopi,plumpton,2026-02-23,95,5.8,0.0,0,-3.5,-3.5,-22.666666666666668,2026
2026-02-23,The Last Drop,Plumpton,3:45,Each Way,29.0,1.5,BensBets_Master_Feb_to_Sep_2026.csv,thelastdrop,plumpton,2026-02-23,96,17.0,0.0,0,-1.5,-1.5,-41.379310344827594,2026
2026-02-23,Gemini Man,Wolverhampton,8:00,Win Only,5.0,2.25,BensBets_Master_Feb_to_Sep_2026.csv,geminiman,wolverhampton,2026-02-23,97,3.69800604,1.0,1,8.82,5.9491033182,-26.039879199999994,2026
2026-02-24,Cephalus,Southwell,3:55,Each Way,11.0,3.0,BensBets_Master_Feb_to_Sep_2026.csv,cephalus,southwell,2026-02-24,98,12.0,0.0,0,-3.0,-3.0,9.090909090909083,2026
2026-02-24,Into The Park,Catterick,3:30,Win Only,5.0,2.5,BensBets_Master_Feb_to_Sep_2026.csv,intothepark,catterick,2026-02-24,99,3.89740298,0.0,0,-2.5,-2.5,-22.051940400000003,2026
2026-02-24,Comprador,Newcastle,3:12,Win Only,2.5,4.0,BensBets_Master_Feb_to_Sep_2026.csv,comprador,newcastle,2026-02-24,100,1.50536806,0.0,0,-4.0,-4.0,-39.7852776,2026
2026-02-24,Instant Bond,Newcastle,4:42,Win Only,7.0,1.75,BensBets_Master_Feb_to_Sep_2026.csv,instantbond,newcastle,2026-02-24,101,10.20685234,0.0,0,-1.75,-1.75,45.81217628571428,2026
2026-02-24,What What What,Southwell,6:00,Win Only,15.0,1.25,BensBets_Master_Feb_to_Sep_2026.csv,whatwhatwhat,southwell,2026-02-24,102,9.55698896,1.0,1,17.15,10.482311476,-36.28674026666666,2026
2026-02-25,Hans Lippershey,Wincanton,3:20,Each Way,26.0,2.0,BensBets_Master_Feb_to_Sep_2026.csv,hanslippershey,wincanton,2026-02-25,103,24.78913004,0.0,0,-2.0,-2.0,-4.657192153846157,2026
2026-02-25,Daring Plan,Bangor,4:30,Each Way,13.0,2.5,BensBets_Master_Feb_to_Sep_2026.csv,daringplan,bangor,2026-02-25,104,5.41859631,0.0,0,-2.5,-2.5,-58.318489923076925,2026
2026-02-25,Aguellid,Wincanton,1:50,Win Only,2.5,4.0,BensBets_Master_Feb_to_Sep_2026.csv,aguellid,wincanton,2026-02-25,105,1.99,1.0,1,5.88,3.8808,-20.399999999999995,2026
2026-02-25,Harry Lowes,Bangor,2:30,Win Only,2.2,4.0,BensBets_Master_Feb_to_Sep_2026.csv,harrylowes,bangor,2026-02-25,106,4.80506299,1.0,1,4.704000000000001,14.915846920799998,118.41195409090908,2026
2026-02-26,Middleton View,Chelmsford,6:00,Each Way,6.0,4.0,BensBets_Master_Feb_to_Sep_2026.csv,middletonview,chelmsford,2026-02-26,107,10.5,0.0,0,-4.0,-4.0,75.0,2026
2026-02-26,Silkies Sib,Chelmsford,8:00,Win Only,3.5,3.0,BensBets_Master_Feb_to_Sep_2026.csv,silkiessib,chelmsford,2026-02-26,108,2.92207006,1.0,1,7.3500000000000005,5.6508859764,-16.51228400000001,2026
2026-02-26,Blue Carpet,Wetherby,4:10,Win Only,5.5,2.25,BensBets_Master_Feb_to_Sep_2026.csv,bluecarpet,wetherby,2026-02-26,109,7.06939217,1.0,1,9.9225,13.38300973485,28.534403090909088,2026
2026-02-26,Courtbrack Boy,Clonmel,1:59,Each Way,6.0,4.0,BensBets_Master_Feb_to_Sep_2026.csv,courtbrackboy,clonmel,2026-02-26,110,5.07258218,1.0,1,19.6,15.964522145600002,-15.456963666666656,2026
2026-02-27,Magical King,Newbury,4:43,Win Only,34.0,0.75,BensBets_Master_Feb_to_Sep_2026.csv,magicalking,newbury,2026-02-27,111,14.0,0.0,0,-0.75,-0.75,-58.82352941176471,2026
2026-02-27,Light Fandango,Doncaster,3:22,Win Only,15.0,1.25,BensBets_Master_Feb_to_Sep_2026.csv,lightfandango,doncaster,2026-02-27,112,7.6,1.0,1,17.15,8.085,-49.33333333333334,2026
2026-02-27,Crypto Force,Dundalk,7:00,Win Only,15.0,1.25,BensBets_Master_Feb_to_Sep_2026.csv,cryptoforce,dundalk,2026-02-27,113,46.0,0.0,0,-1.25,-1.25,206.66666666666669,2026
2026-02-27,Northern Poet,Doncaster,5:05,Win Only,19.0,1.25,BensBets_Master_Feb_to_Sep_2026.csv,northernpoet,doncaster,2026-02-27,114,16.5,0.0,0,-1.25,-1.25,-13.157894736842103,2026
2026-02-27,Wyenot,Newbury,3:00,Win Only,5.0,2.25,BensBets_Master_Feb_to_Sep_2026.csv,wyenot,newbury,2026-02-27,115,5.0,0.0,0,-2.25,-2.25,0.0,2026
2026-02-27,Karma Police,Newbury,2:00,Each Way,7.5,3.5,BensBets_Master_Feb_to_Sep_2026.csv,karmapolice,newbury,2026-02-27,117,5.48946234,0.0,0,-3.5,-3.5,-26.807168799999992,2026
2026-02-27,Grabajabba,Wolverhampton,5:45,Each Way,13.0,2.5,BensBets_Master_Feb_to_Sep_2026.csv,grabajabba,wolverhampton,2026-02-27,118,13.35316249,1.0,1,29.4,30.265248100500003,2.7166345384615376,2026
2026-02-28,Captain Cool,Doncaster,3:40,Win Only,10.0,1.5,BensBets_Master_Feb_to_Sep_2026.csv,captaincool,doncaster,2026-02-28,119,2.75315251,0.0,0,-1.5,-1.5,-72.4684749,2026
2026-02-28,Southoftheborder,Newbury,2:40,Each Way,10.0,3.0,BensBets_Master_Feb_to_Sep_2026.csv,southoftheborder,newbury,2026-02-28,120,8.71091735,0.0,0,-3.0,-3.0,-12.890826499999996,2026
2026-02-28,Old Gregorian,Kelso,5:45,Win Only,3.75,2.5,BensBets_Master_Feb_to_Sep_2026.csv,oldgregorian,kelso,2026-02-28,121,7.0,0.0,0,-2.5,-2.5,86.66666666666667,2026
2026-02-28,Just A Rose,Newbury,5:45,Win Only,17.0,1.25,BensBets_Master_Feb_to_Sep_2026.csv,justarose,newbury,2026-02-28,122,13.22514266,0.0,0,-1.25,-1.25,-22.205043176470596,2026
2026-02-28,Captain Fox,Lingfield,5:45,Win Only,2.75,3.5,BensBets_Master_Feb_to_Sep_2026.csv,captainfox,lingfield,2026-02-28,123,1.46750728,1.0,1,6.0024999999999995,1.6035499703999998,-46.636098909090904,2026
2026-02-28,Belaya River,Kelso,5:45,Win Only,4.33,2.5,BensBets_Master_Feb_to_Sep_2026.csv,belayariver,kelso,2026-02-28,124,4.04236619,0.0,0,-2.5,-2.5,-6.642813163972283,2026
2026-03-01,Hawk Stone,Ffos Las,3:30,Win Only,9.0,1.75,BensBets_Master_Feb_to_Sep_2026.csv,hawkstone,ffoslas,2026-03-01,125,9.8,0.0,0,-1.75,-1.75,8.888888888888902,2026
2026-03-01,Shorten Sassy,Huntingdon,3:45,Each Way,10.0,3.0,BensBets_Master_Feb_to_Sep_2026.csv,shortensassy,huntingdon,2026-03-01,126,8.97831568,0.0,0,-3.0,-3.0,-10.216843200000003,2026
2026-03-01,Kally Des Bruyeres,Huntingdon,4:15,Each Way,9.0,3.0,BensBets_Master_Feb_to_Sep_2026.csv,kallydesbruyeres,huntingdon,2026-03-01,127,5.6,1.0,1,23.52,13.524000000000001,-37.77777777777778,2026
2026-03-02,Early Release,Kempton,3:07,Each Way,7.0,3.5,BensBets_Master_Feb_to_Sep_2026.csv,earlyrelease,kempton,2026-03-02,128,5.44478087,1.0,1,20.58,15.245598384099997,-22.21741614285715,2026
2026-03-02,Prefer The Sister,Kempton,5:10,Each Way,11.0,3.0,BensBets_Master_Feb_to_Sep_2026.csv,preferthesister,kempton,2026-03-02,129,13.22992337,0.0,0,-3.0,-3.0,20.272030636363624,2026
2026-03-02,Moon Dorange,Leopardstown,4:25,Each Way,29.0,1.5,BensBets_Master_Feb_to_Sep_2026.csv,moondorange,leopardstown,2026-03-02,130,32.68537249,0.0,0,-1.5,-1.5,12.708180999999996,2026
2026-03-02,Valsharah,Wolverhampton,8:00,Win Only,8.5,1.5,BensBets_Master_Feb_to_Sep_2026.csv,valsharah,wolverhampton,2026-03-02,131,11.0,0.0,0,-1.5,-1.5,29.41176470588236,2026
2026-03-02,Born To Caledonie,Leopardstown,5:30,Each Way,19.0,2.0,BensBets_Master_Feb_to_Sep_2026.csv,borntocaledonie,leopardstown,2026-03-02,132,11.5,0.0,0,-2.0,-2.0,-39.473684210526315,2026
2026-03-03,Haveigotnewsforyou,Leopardstown,4:25,Each Way,34.0,1.5,BensBets_Master_Feb_to_Sep_2026.csv,haveigotnewsforyou,leopardstown,2026-03-03,134,15.4034117,0.0,0,-1.5,-1.5,-54.69584794117648,2026
2026-03-04,Mermaids Cave,Catterick,14:10,Win Only,2.88,3.25,BensBets_Master_Feb_to_Sep_2026.csv,mermaidscave,catterick,2026-03-04,137,2.74920256,0.0,0,-3.25,-3.25,-4.541577777777772,2026
2026-03-04,Penny Time,Kempton,17:30,Each Way,6.0,4.0,BensBets_Master_Feb_to_Sep_2026.csv,pennytime,kempton,2026-03-04,138,2.61576778,0.0,0,-4.0,-4.0,-56.40387033333334,2026
2026-03-04,River Spey,Kempton,19:30,Each Way,6.5,4.0,BensBets_Master_Feb_to_Sep_2026.csv,riverspey,kempton,2026-03-04,139,6.12703094,0.0,0,-4.0,-4.0,-5.737985538461543,2026
2026-03-04,Johnny Cakes,Naas,17:22,Each Way,10.0,3.0,BensBets_Master_Feb_to_Sep_2026.csv,johnnycakes,naas,2026-03-04,140,17.24168782,0.0,0,-3.0,-3.0,72.4168782,2026
2026-03-05,Springtime Legend,Wincanton,13:37,Win Only,3.75,2.75,BensBets_Master_Feb_to_Sep_2026.csv,springtimelegend,wincanton,2026-03-05,142,8.2,0.0,0,-2.75,-2.75,118.66666666666666,2026
2026-03-05,Kaydence,Wincanton,14:07,Win Only,11.0,1.5,BensBets_Master_Feb_to_Sep_2026.csv,kaydence,wincanton,2026-03-05,143,13.5,0.0,0,-1.5,-1.5,22.72727272727273,2026
2026-03-05,Penn Avenue,Wincanton,15:07,Each Way,7.5,3.5,BensBets_Master_Feb_to_Sep_2026.csv,pennavenue,wincanton,2026-03-05,144,10.17181075,0.0,0,-3.5,-3.5,35.62414333333335,2026
2026-03-05,Francisco,Lingfield,13:53,Win Only,26.0,1.0,BensBets_Master_Feb_to_Sep_2026.csv,francisco,lingfield,2026-03-05,145,8.62030604,0.0,0,-1.0,-1.0,-66.84497676923078,2026
2026-03-05,Noble Don,Haydock,14:15,Each Way,51.0,1.0,BensBets_Master_Feb_to_Sep_2026.csv,nobledon,haydock,2026-03-05,146,550.0,0.0,0,-1.0,-1.0,978.4313725490197,2026
2026-03-06,Outlaw Peter,Exeter,3:40,Win Only,11.0,1.5,BensBets_Master_Feb_to_Sep_2026.csv,outlawpeter,exeter,2026-03-06,147,3.42043972,0.0,0,-1.5,-1.5,-68.90509345454545,2026
2026-03-06,Blue In The West,Exeter,4:10,Each Way,17.0,2.5,BensBets_Master_Feb_to_Sep_2026.csv,blueinthewest,exeter,2026-03-06,149,21.87226218,0.0,0,-2.5,-2.5,28.660365764705876,2026
2026-03-06,Major Fortune,Leicester,3:00,Win Only,3.0,3.0,BensBets_Master_Feb_to_Sep_2026.csv,majorfortune,leicester,2026-03-06,150,1.91080358,0.0,0,-3.0,-3.0,-36.30654733333333,2026
2026-03-06,River Run Free,Leicester,3:00,Win Only,3.5,2.75,BensBets_Master_Feb_to_Sep_2026.csv,riverrunfree,leicester,2026-03-06,151,1.96,0.0,0,-2.75,-2.75,-44.00000000000001,2026
2026-03-06,Una Matata,Dundalk,5:12,Each Way,17.0,2.5,BensBets_Master_Feb_to_Sep_2026.csv,unamatata,dundalk,2026-03-06,152,11.0,1.0,1,39.2,24.5,-35.29411764705882,2026
2026-03-07,Jack The Savage,Hereford,1:42,Each Way,21.0,2.0,BensBets_Master_Feb_to_Sep_2026.csv,jackthesavage,hereford,2026-03-07,153,4.5,1.0,1,39.2,6.859999999999999,-78.57142857142857,2026
2026-03-07,Neon Dream,Hereford,2:12,Win Only,3.25,2.75,BensBets_Master_Feb_to_Sep_2026.csv,neondream,hereford,2026-03-07,154,3.35,0.0,0,-2.75,-2.75,3.076923076923088,2026
2026-03-07,East End Girl,Hereford,4:37,Each Way,10.0,3.0,BensBets_Master_Feb_to_Sep_2026.csv,eastendgirl,hereford,2026-03-07,155,9.09767718,0.0,0,-3.0,-3.0,-9.0232282,2026
2026-03-07,Jet Of Stars,Ayr,5:05,Win Only,2.63,3.5,BensBets_Master_Feb_to_Sep_2026.csv,jetofstars,ayr,2026-03-07,156,1.41,1.0,1,5.5908999999999995,1.4062999999999999,-46.38783269961977,2026
2026-03-07,Nobody Told Me,Hereford,3:25,Win Only,17.0,1.25,BensBets_Master_Feb_to_Sep_2026.csv,nobodytoldme,hereford,2026-03-07,157,9.90099565,0.0,0,-1.25,-1.25,-41.75884911764706,2026
2026-03-08,Kahavari,Carlisle,3:50,Win Only,7.0,1.75,BensBets_Master_Feb_to_Sep_2026.csv,kahavari,carlisle,2026-03-08,159,9.2,0.0,0,-1.75,-1.75,31.428571428571427,2026
2026-03-09,Kally Des Bruyeres,Taunton,4:40,Win Only,2.2,4.0,BensBets_Master_Feb_to_Sep_2026.csv,kallydesbruyeres,taunton,2026-03-09,161,3.3,0.0,0,-4.0,-4.0,49.99999999999998,2026
2026-03-09,Galactic Charm,Plumpton,4:30,Each Way,5.0,4.5,BensBets_Master_Feb_to_Sep_2026.csv,galacticcharm,plumpton,2026-03-09,162,5.45452756,0.0,0,-4.5,-4.5,9.090551199999997,2026
2026-03-09,Taritino,Taunton,5:10,Win Only,15.0,1.25,BensBets_Master_Feb_to_Sep_2026.csv,taritino,taunton,2026-03-09,163,6.80399488,1.0,1,17.15,7.109893728000001,-54.64003413333334,2026
2026-03-10,Realisation,Sedgefield,3:38,Win Only,6.0,2.0,BensBets_Master_Feb_to_Sep_2026.csv,realisation,sedgefield,2026-03-10,164,3.4,1.0,1,9.8,4.704,-43.333333333333336,2026
2026-03-10,Camino Del Ray,Southwell,5:08,Each Way,9.5,3.0,BensBets_Master_Feb_to_Sep_2026.csv,caminodelray,southwell,2026-03-10,166,8.0,1.0,1,24.990000000000002,20.58,-15.789473684210531,2026
2026-03-11,No Drama This End,Cheltenham,1:20,Win Only,6.0,2.0,BensBets_Master_Feb_to_Sep_2026.csv,nodramathisend,cheltenham,2026-03-11,167,4.2,0.0,0,-2.0,-2.0,-29.999999999999993,2026
2026-03-11,Sony Bill,Cheltenham,2:40,Each Way,51.0,1.0,BensBets_Master_Feb_to_Sep_2026.csv,sonybill,cheltenham,2026-03-11,169,88.08859235,0.0,0,-1.0,-1.0,72.72273009803922,2026
2026-03-11,Final Orders,Cheltenham,3:20,Each Way,9.0,3.5,BensBets_Master_Feb_to_Sep_2026.csv,finalorders,cheltenham,2026-03-11,170,10.50657823,1.0,1,27.439999999999998,32.6075633289,16.739758111111126,2026
2026-03-11,Found A Fifty,Cheltenham,4:00,Each Way,51.0,1.0,BensBets_Master_Feb_to_Sep_2026.csv,foundafifty,cheltenham,2026-03-11,171,34.43941767,0.0,0,-1.0,-1.0,-32.47173005882353,2026
2026-03-11,Jour Devasion,Cheltenham,4:40,Each Way,23.0,2.0,BensBets_Master_Feb_to_Sep_2026.csv,jourdevasion,cheltenham,2026-03-11,172,30.0,0.0,0,-2.0,-2.0,30.434782608695656,2026
2026-03-11,Moonverrin,Cheltenham,5:20,Each Way,34.0,1.5,BensBets_Master_Feb_to_Sep_2026.csv,moonverrin,cheltenham,2026-03-11,173,80.0,0.0,0,-1.5,-1.5,135.29411764705884,2026
2026-03-12,Ballingurteen,Limerick,1:34,Each Way,23.0,2.0,BensBets_Master_Feb_to_Sep_2026.csv,ballingurteen,limerick,2026-03-12,174,20.0,0.0,0,-2.0,-2.0,-13.043478260869568,2026
2026-03-12,Il Ridoto,Cheltenham,5:20,Each Way,51.0,1.0,BensBets_Master_Feb_to_Sep_2026.csv,ilridoto,cheltenham,2026-03-12,175,58.35502862,0.0,0,-1.0,-1.0,14.421624745098027,2026
2026-03-12,Contorno,Newcastle,6:15,Win Only,4.5,2.25,BensBets_Master_Feb_to_Sep_2026.csv,contorno,newcastle,2026-03-12,176,3.4,1.0,1,7.717499999999999,5.292,-24.444444444444446,2026
2026-03-13,Belle Montrose,Fakenham,2:14,Win Only,5.0,2.25,BensBets_Master_Feb_to_Sep_2026.csv,bellemontrose,fakenham,2026-03-13,177,4.2,0.0,0,-2.25,-2.25,-15.999999999999993,2026
2026-03-13,Inappropriate,Fakenham,4:15,Win Only,17.0,1.25,BensBets_Master_Feb_to_Sep_2026.csv,inappropriate,fakenham,2026-03-13,178,20.0,0.0,0,-1.25,-1.25,17.647058823529417,2026
2026-03-13,Lethimfly,Dundalk,5:00,Each Way,13.0,3.0,BensBets_Master_Feb_to_Sep_2026.csv,lethimfly,dundalk,2026-03-13,179,15.0,0.0,0,-3.0,-3.0,15.384615384615374,2026
2026-03-13,Ohailbhic,Dundalk,7:00,Each Way,6.5,4.0,BensBets_Master_Feb_to_Sep_2026.csv,ohailbhic,dundalk,2026-03-13,180,4.83215167,1.0,1,21.56,15.0220345464,-25.659205076923076,2026
2026-03-14,Mount Ruapehu,Southwell,6:30,Win Only,7.5,1.75,BensBets_Master_Feb_to_Sep_2026.csv,mountruapehu,southwell,2026-03-14,181,12.0,1.0,1,11.1475,18.865,60.00000000000001,2026
2026-03-14,Finn Lough,Newcastle,3:25,Win Only,4.5,2.25,BensBets_Master_Feb_to_Sep_2026.csv,finnlough,newcastle,2026-03-14,182,4.0,0.0,0,-2.25,-2.25,-11.111111111111116,2026
2026-03-14,Hartington,Uttoxeter,4:25,Each Way,11.0,3.0,BensBets_Master_Feb_to_Sep_2026.csv,hartington,uttoxeter,2026-03-14,183,13.0,0.0,0,-3.0,-3.0,18.181818181818187,2026
2026-03-14,Helsgetaway,Newcastle,2:45,Each Way,11.0,3.0,BensBets_Master_Feb_to_Sep_2026.csv,helsgetaway,newcastle,2026-03-14,184,9.2,0.0,0,-3.0,-3.0,-16.36363636363637,2026
2026-03-14,Moor End,Uttoxeter,4:45,Each Way,4.5,1.5,BensBets_Master_Feb_to_Sep_2026.csv,moorend,uttoxeter,2026-03-14,185,3.07920304,0.0,0,-1.5,-1.5,-31.57326577777778,2026
2026-03-14,Aggagio,Fontwell,2:00,Each Way,4.5,1.5,BensBets_Master_Feb_to_Sep_2026.csv,aggagio,fontwell,2026-03-14,186,4.1,0.0,0,-1.5,-1.5,-8.888888888888902,2026
2026-03-15,Ilot De Lisle,Market Rasen,2:57,Win Only,15.0,1.25,BensBets_Master_Feb_to_Sep_2026.csv,ilotdelisle,marketrasen,2026-03-15,187,13.5,0.0,0,-1.25,-1.25,-9.999999999999998,2026
2026-03-15,Escapologist,Market Rasen,4:07,Each Way,7.5,3.0,BensBets_Master_Feb_to_Sep_2026.csv,escapologist,marketrasen,2026-03-15,189,4.68777493,1.0,1,19.11,10.8420582942,-37.496334266666665,2026
2026-03-16,A Tickatickatiming,Plumpton,3:45,Win Only,6.5,2.0,BensBets_Master_Feb_to_Sep_2026.csv,atickatickatiming,plumpton,2026-03-16,190,4.0,0.0,0,-2.0,-2.0,-38.46153846153846,2026
2026-03-16,Double Click,Ffos Las,4:30,Each Way,11.0,3.0,BensBets_Master_Feb_to_Sep_2026.csv,doubleclick,ffoslas,2026-03-16,191,14.5,0.0,0,-3.0,-3.0,31.818181818181813,2026
2026-03-16,Karuma Grey,Ffos Las,4:00,Each Way,41.0,1.0,BensBets_Master_Feb_to_Sep_2026.csv,karumagrey,ffoslas,2026-03-16,192,22.33813115,0.0,0,-1.0,-1.0,-45.516753292682935,2026
2026-03-16,Alto Alto,Plumpton,2:45,Win Only,4.5,2.5,BensBets_Master_Feb_to_Sep_2026.csv,altoalto,plumpton,2026-03-16,193,5.1,0.0,0,-2.5,-2.5,13.33333333333333,2026
2026-03-17,Jabbar,Wexford,3:22,Each Way,9.0,3.0,BensBets_Master_Feb_to_Sep_2026.csv,jabbar,wexford,2026-03-17,194,9.33671964,0.0,0,-3.0,-3.0,3.741329333333332,2026
2026-03-17,Alasrae,Wolverhampton,7:30,Win Only,5.0,2.25,BensBets_Master_Feb_to_Sep_2026.csv,alasrae,wolverhampton,2026-03-17,195,9.4,0.0,0,-2.25,-2.25,88.00000000000001,2026
2026-03-17,Orbital Chime,Wolverhampton,5:30,Win Only,10.0,1.5,BensBets_Master_Feb_to_Sep_2026.csv,orbitalchime,wolverhampton,2026-03-17,196,6.4,0.0,0,-1.5,-1.5,-36.0,2026
2026-03-17,Sherborne,Exeter,3:30,Win Only,7.5,1.75,BensBets_Master_Feb_to_Sep_2026.csv,sherborne,exeter,2026-03-17,197,2.92,1.0,1,11.1475,3.2927999999999997,-61.06666666666667,2026
2026-03-18,Archers Grace,Kempton,4:55,Win Only,4.33,2.25,BensBets_Master_Feb_to_Sep_2026.csv,archersgrace,kempton,2026-03-18,198,1.96380387,0.0,0,-2.25,-2.25,-54.646561893764435,2026
2026-03-18,Atlanta Brave,Hereford,5:00,Win Only,9.0,1.5,BensBets_Master_Feb_to_Sep_2026.csv,atlantabrave,hereford,2026-03-18,199,6.40648785,0.0,0,-1.5,-1.5,-28.81680166666666,2026
2026-03-18,Mount Athos,Kempton,6:30,Each Way,5.0,4.5,BensBets_Master_Feb_to_Sep_2026.csv,mountathos,kempton,2026-03-18,200,4.03704494,1.0,1,17.64,13.3933681854,-19.259101199999996,2026
2026-03-19,Dont Mind If I Do,Ludlow,4:20,Win Only,5.5,2.25,BensBets_Master_Feb_to_Sep_2026.csv,dontmindifido,ludlow,2026-03-19,201,4.9,0.0,0,-2.25,-2.25,-10.909090909090901,2026
2026-03-19,Noble Gentleman,Newcastle,6:00,Win Only,21.0,1.0,BensBets_Master_Feb_to_Sep_2026.csv,noblegentleman,newcastle,2026-03-19,202,60.0,0.0,0,-1.0,-1.0,185.71428571428572,2026
2026-03-19,Stratusnine,Newcastle,6:30,Win Only,5.5,2.25,BensBets_Master_Feb_to_Sep_2026.csv,stratusnine,newcastle,2026-03-19,203,5.3,0.0,0,-2.25,-2.25,-3.6363636363636376,2026
2026-03-19,Spirit Of Bowland,Newcastle,8:00,Win Only,8.0,1.75,BensBets_Master_Feb_to_Sep_2026.csv,spiritofbowland,newcastle,2026-03-19,204,7.601958,0.0,0,-1.75,-1.75,-4.975525000000003,2026
2026-03-20,Leader Wing,Musselburgh,2:50,Each Way,6.0,4.0,BensBets_Master_Feb_to_Sep_2026.csv,leaderwing,musselburgh,2026-03-20,205,5.04940794,0.0,0,-4.0,-4.0,-15.843200999999995,2026
2026-03-20,Helnwein,Newbury,3:00,Win Only,2.62,3.0,BensBets_Master_Feb_to_Sep_2026.csv,helnwein,newbury,2026-03-20,206,1.94463029,0.0,0,-3.0,-3.0,-25.777469847328238,2026
2026-03-20,King Califet,Newbury,4:07,Win Only,9.0,1.5,BensBets_Master_Feb_to_Sep_2026.csv,kingcalifet,newbury,2026-03-20,207,5.6,1.0,1,11.76,6.7620000000000005,-37.77777777777778,2026
2026-03-20,Railway Bell,Musselburgh,5:00,Win Only,2.75,3.0,BensBets_Master_Feb_to_Sep_2026.csv,railwaybell,musselburgh,2026-03-20,208,1.93837315,0.0,0,-3.0,-3.0,-29.51370363636363,2026
2026-03-20,Beat The Devil,Dundalk,8:15,Each Way,13.0,2.5,BensBets_Master_Feb_to_Sep_2026.csv,beatthedevil,dundalk,2026-03-20,209,14.06329049,0.0,0,-2.5,-2.5,8.179157615384614,2026
2026-03-21,Amerjeet,Southwell,1:43,Each Way,8.5,3.5,BensBets_Master_Feb_to_Sep_2026.csv,amerjeet,southwell,2026-03-21,210,12.0,0.0,0,-3.5,-3.5,41.176470588235304,2026
2026-03-21,Xcitations,Newbury,4:10,Win Only,8.5,1.75,BensBets_Master_Feb_to_Sep_2026.csv,xcitations,newbury,2026-03-21,211,11.92257007,0.0,0,-1.75,-1.75,40.265530235294136,2026
2026-03-21,Green Sky,Southwell,5:13,Each Way,17.0,2.0,BensBets_Master_Feb_to_Sep_2026.csv,greensky,southwell,2026-03-21,212,23.09011114,0.0,0,-2.0,-2.0,35.824183176470605,2026
2026-03-21,Showcasing Star,Newcastle,5:30,Each Way,6.5,4.0,BensBets_Master_Feb_to_Sep_2026.csv,showcasingstar,newcastle,2026-03-21,213,9.32721215,0.0,0,-4.0,-4.0,43.49557153846153,2026
2026-03-22,Kanzashi,Naas,2:40,Win Only,12.0,1.25,BensBets_Master_Feb_to_Sep_2026.csv,kanzashi,naas,2026-03-22,214,6.66654348,0.0,0,-1.25,-1.25,-44.445471000000005,2026
2026-03-22,Fierce Warrior,Carlisle,3:52,Each Way,7.0,3.5,BensBets_Master_Feb_to_Sep_2026.csv,fiercewarrior,carlisle,2026-03-22,215,13.0,0.0,0,-3.5,-3.5,85.71428571428572,2026
2026-03-22,Court In A Storm,Exeter,4:47,Each Way,9.0,3.0,BensBets_Master_Feb_to_Sep_2026.csv,courtinastorm,exeter,2026-03-22,216,12.86977753,0.0,0,-3.0,-3.0,42.99752811111111,2026
2026-03-23,Fravanco,Kempton,3:00,Win Only,10.0,1.5,BensBets_Master_Feb_to_Sep_2026.csv,fravanco,kempton,2026-03-23,217,19.69809741,0.0,0,-1.5,-1.5,96.9809741,2026
2026-03-23,Stanners Glen,Wincanton,3:15,Win Only,2.63,3.5,BensBets_Master_Feb_to_Sep_2026.csv,stannersglen,wincanton,2026-03-23,218,2.33714874,1.0,1,5.5908999999999995,4.586420178199999,-11.135028897338406,2026
2026-03-23,Ambion View,Wincanton,4:57,Win Only,8.5,1.75,BensBets_Master_Feb_to_Sep_2026.csv,ambionview,wincanton,2026-03-23,219,5.0,0.0,0,-1.75,-1.75,-41.17647058823529,2026
2026-03-23,Laureate Crown,Wolverhampton,6:00,Win Only,4.0,2.5,BensBets_Master_Feb_to_Sep_2026.csv,laureatecrown,wolverhampton,2026-03-23,220,3.15,1.0,1,7.35,5.267499999999999,-21.250000000000004,2026
2026-03-24,Helm Rock,Wolverhampton,8:30,Win Only,9.0,3.0,BensBets_Master_Feb_to_Sep_2026.csv,helmrock,wolverhampton,2026-03-24,221,6.2,0.0,0,-3.0,-3.0,-31.11111111111111,2026
2026-03-25,Scottish King,Hexham,2:41,Win Only,5.5,2.25,BensBets_Master_Feb_to_Sep_2026.csv,scottishking,hexham,2026-03-25,222,3.5,1.0,1,9.9225,5.5125,-36.36363636363637,2026
2026-03-25,Mac Gayveur,Hereford,5:05,Win Only,15.0,1.25,BensBets_Master_Feb_to_Sep_2026.csv,macgayveur,hereford,2026-03-25,223,34.0,0.0,0,-1.25,-1.25,126.66666666666666,2026
2026-03-25,Armstrong,Kempton,7:00,Win Only,5.5,2.25,BensBets_Master_Feb_to_Sep_2026.csv,armstrong,kempton,2026-03-25,224,8.84024779,0.0,0,-2.25,-2.25,60.73177799999998,2026
2026-03-26,Gingerbred,Chepstow,3:50,Win Only,26.0,0.75,BensBets_Master_Feb_to_Sep_2026.csv,gingerbred,chepstow,2026-03-26,225,10.5,0.0,0,-0.75,-0.75,-59.61538461538461,2026
2026-03-26,Locked Down Lad,Chepstow,4:20,Each Way,9.0,3.0,BensBets_Master_Feb_to_Sep_2026.csv,lockeddownlad,chepstow,2026-03-26,226,10.45474127,0.0,0,-3.0,-3.0,16.16379188888888,2026
2026-03-26,Crystello,Chepstow,4:50,Win Only,4.5,2.5,BensBets_Master_Feb_to_Sep_2026.csv,crystello,chepstow,2026-03-26,227,3.27522536,0.0,0,-2.5,-2.5,-27.217214222222232,2026
2026-03-26,Blackjack,Southwell,5:07,Win Only,23.0,0.75,BensBets_Master_Feb_to_Sep_2026.csv,blackjack,southwell,2026-03-26,228,16.2264,0.0,0,-0.75,-0.75,-29.450434782608692,2026
2026-03-26,Engross,Chelmsford,8:30,Win Only,4.0,2.75,BensBets_Master_Feb_to_Sep_2026.csv,engross,chelmsford,2026-03-26,229,2.24,1.0,1,8.084999999999999,3.341800000000001,-43.99999999999999,2026
2026-03-27,Valirann Gold,Fontwell,3:30,Win Only,8.5,1.75,BensBets_Master_Feb_to_Sep_2026.csv,valiranngold,fontwell,2026-03-27,230,9.8,1.0,1,12.862499999999999,15.092,15.294117647058837,2026
2026-03-27,Bajan Bandit,Newcastle,4:25,Each Way,11.0,3.0,BensBets_Master_Feb_to_Sep_2026.csv,bajanbandit,newcastle,2026-03-27,231,8.4,0.0,0,-3.0,-3.0,-23.636363636363633,2026
2026-03-27,Le Galli Bier,Fontwell,4:30,Each Way,12.0,2.5,BensBets_Master_Feb_to_Sep_2026.csv,legallibier,fontwell,2026-03-27,232,9.4,0.0,0,-2.5,-2.5,-21.666666666666668,2026
2026-03-27,Mr Mistoffelees,Newcastle,7:30,Each Way,12.0,2.5,BensBets_Master_Feb_to_Sep_2026.csv,mrmistoffelees,newcastle,2026-03-27,234,8.4,0.0,0,-2.5,-2.5,-29.999999999999993,2026
2026-03-27,Best Rate,Newcastle,8:00,Win Only,9.0,1.5,BensBets_Master_Feb_to_Sep_2026.csv,bestrate,newcastle,2026-03-27,235,17.17706133,0.0,0,-1.5,-1.5,90.85623700000001,2026
2026-03-28,Defence Minister,Kempton,1:35,Win Only,5.0,2.25,BensBets_Master_Feb_to_Sep_2026.csv,defenceminister,kempton,2026-03-28,236,3.55,1.0,1,8.82,5.622749999999999,-29.000000000000004,2026
2026-03-28,Regal Renaissance,Stratford,4:33,Win Only,7.0,1.75,BensBets_Master_Feb_to_Sep_2026.csv,regalrenaissance,stratford,2026-03-28,237,3.9806724,0.0,0,-1.75,-1.75,-43.13325142857143,2026
2026-03-28,Get The Value,Stratford,5:08,Each Way,41.0,1.0,BensBets_Master_Feb_to_Sep_2026.csv,getthevalue,stratford,2026-03-28,238,27.1398973,0.0,0,-1.0,-1.0,-33.80512853658536,2026
2026-03-28,Littlecote,Southwell,7:00,Win Only,3.5,3.0,BensBets_Master_Feb_to_Sep_2026.csv,littlecote,southwell,2026-03-28,239,2.92343623,0.0,0,-3.0,-3.0,-16.473250571428565,2026
2026-03-28,Teggy Lasso,Southwell,8:30,Win Only,6.0,2.0,BensBets_Master_Feb_to_Sep_2026.csv,teggylasso,southwell,2026-03-28,240,6.9766599,0.0,0,-2.0,-2.0,16.277664999999985,2026
2026-03-29,Pure Carbon,Ascot,3:40,Win Only,4.0,2.5,BensBets_Master_Feb_to_Sep_2026.csv,purecarbon,ascot,2026-03-29,241,2.96,0.0,0,-2.5,-2.5,-26.0,2026
2026-03-29,Castle Stuart,Doncaster,4:05,Each Way,13.0,2.5,BensBets_Master_Feb_to_Sep_2026.csv,castlestuart,doncaster,2026-03-29,242,16.0,0.0,0,-2.5,-2.5,23.076923076923084,2026
2026-03-29,Arc Ole Ole,Doncaster,4:40,Win Only,2.75,3.5,BensBets_Master_Feb_to_Sep_2026.csv,arcoleole,doncaster,2026-03-29,243,2.48,1.0,1,6.0024999999999995,5.0764,-9.818181818181815,2026
2026-03-30,Wishful Wings,Ludlow,2:57,Win Only,8.0,1.75,BensBets_Master_Feb_to_Sep_2026.csv,wishfulwings,ludlow,2026-03-30,244,10.0,0.0,0,-1.75,-1.75,25.0,2026
2026-03-30,Jet Plane,Ludlow,4:57,Win Only,2.63,3.75,BensBets_Master_Feb_to_Sep_2026.csv,jetplane,ludlow,2026-03-30,245,2.14,0.0,0,-3.75,-3.75,-18.63117870722433,2026
2026-03-31,Crack Ops,Bangor,2:15,Win Only,7.5,1.75,BensBets_Master_Feb_to_Sep_2026.csv,crackops,bangor,2026-03-31,246,3.78507201,0.0,0,-1.75,-1.75,-49.5323732,2026
2026-03-31,Voodoo Angel,Bangor,4:50,Each Way,8.5,3.5,BensBets_Master_Feb_to_Sep_2026.csv,voodooangel,bangor,2026-03-31,247,17.21441109,0.0,0,-3.5,-3.5,102.52248341176471,2026
2026-03-31,Eastern Shores,Bangor,4:50,Win Only,5.5,2.25,BensBets_Master_Feb_to_Sep_2026.csv,easternshores,bangor,2026-03-31,248,18.16037202,0.0,0,-2.25,-2.25,230.1885821818182,2026
2026-03-31,Joto,Newcastle,5:00,Win Only,6.5,2.0,BensBets_Master_Feb_to_Sep_2026.csv,joto,newcastle,2026-03-31,249,8.2,0.0,0,-2.0,-2.0,26.15384615384615,2026
2026-03-31,Thisaintthat,Limerick,5:10,Win Only,3.5,3.0,BensBets_Master_Feb_to_Sep_2026.csv,thisaintthat,limerick,2026-03-31,250,3.33033302,0.0,0,-3.0,-3.0,-4.847628000000004,2026
2026-04-01,Maple,Sedgefield,2:40,Each Way,8.5,3.5,BensBets_Master_Feb_to_Sep_2026.csv,maple,sedgefield,2026-04-01,251,11.57779209,1.0,1,25.724999999999998,36.2818268687,36.20931870588235,2026
2026-04-01,Square Du Roule,Wincanton,3:50,Each Way,10.0,3.0,BensBets_Master_Feb_to_Sep_2026.csv,squareduroule,wincanton,2026-04-01,252,4.6,1.0,1,26.46,10.584,-54.0,2026
2026-04-01,Uniter,Kempton,8:00,Win Only,9.0,1.75,BensBets_Master_Feb_to_Sep_2026.csv,uniter,kempton,2026-04-01,253,8.42431692,0.0,0,-1.75,-1.75,-6.396478666666661,2026
2026-04-02,Bogha Baiste,Kelso,2:40,Each Way,34.0,1.5,BensBets_Master_Feb_to_Sep_2026.csv,boghabaiste,kelso,2026-04-02,254,197.93970666,0.0,0,-1.5,-1.5,482.17560782352945,2026
2026-04-02,Wolf Moon,Chepstow,4:07,Each Way,13.0,2.5,BensBets_Master_Feb_to_Sep_2026.csv,wolfmoon,chepstow,2026-04-02,255,10.5,0.0,0,-2.5,-2.5,-19.23076923076923,2026
2026-04-02,Lady In The Park,Kelso,4:46,Each Way,10.0,3.0,BensBets_Master_Feb_to_Sep_2026.csv,ladyinthepark,kelso,2026-04-02,256,15.0,0.0,0,-3.0,-3.0,50.0,2026
2026-04-02,Louxor De Grugy,Chepstow,5:15,Each Way,6.0,4.0,BensBets_Master_Feb_to_Sep_2026.csv,louxordegrugy,chepstow,2026-04-02,257,4.5,0.0,0,-4.0,-4.0,-25.0,2026
2026-04-03,Berkshire Whisper,Newcastle,3:35,Win Only,17.0,1.0,BensBets_Master_Feb_to_Sep_2026.csv,berkshirewhisper,newcastle,2026-04-03,258,20.84609956,0.0,0,-1.0,-1.0,22.624115058823513,2026
2026-04-03,Grey Horizon,Lingfield,4:25,Each Way,34.0,1.5,BensBets_Master_Feb_to_Sep_2026.csv,greyhorizon,lingfield,2026-04-03,259,16.0,0.0,0,-1.5,-1.5,-52.94117647058824,2026
2026-04-04,Shesakindofmagic,Fairyhouse,2:05,Win Only,8.5,1.5,BensBets_Master_Feb_to_Sep_2026.csv,shesakindofmagic,fairyhouse,2026-04-04,260,11.1069434,0.0,0,-1.5,-1.5,30.669922352941192,2026
2026-04-04,Jacks A Legend,Newton Abbot,2:35,Each Way,17.0,2.0,BensBets_Master_Feb_to_Sep_2026.csv,jacksalegend,newtonabbot,2026-04-04,261,4.89182702,0.0,0,-2.0,-2.0,-71.22454694117647,2026
2026-04-04,Crossgales King,Newton Abbot,4:20,Win Only,4.33,2.5,BensBets_Master_Feb_to_Sep_2026.csv,crossgalesking,newtonabbot,2026-04-04,262,3.9,0.0,0,-2.5,-2.5,-9.930715935334877,2026
2026-04-04,Hiero Sport,Huntingdon,4:50,Each Way,8.0,3.5,BensBets_Master_Feb_to_Sep_2026.csv,hierosport,huntingdon,2026-04-04,263,6.87898221,0.0,0,-3.5,-3.5,-14.012722374999997,2026
2026-04-04,Empty Wallet,Cork,5:45,Win Only,5.5,2.0,BensBets_Master_Feb_to_Sep_2026.csv,emptywallet,cork,2026-04-04,264,7.00948584,1.0,1,8.82,11.7785922464,27.44519709090909,2026
2026-04-04,Gemmari,Wolverhampton,7:30,Each Way,9.5,3.0,BensBets_Master_Feb_to_Sep_2026.csv,gemmari,wolverhampton,2026-04-04,265,12.0,0.0,0,-3.0,-3.0,26.315789473684205,2026
2026-04-05,Sticwiththeprocess,Fairyhouse,2:05,Each Way,8.0,3.5,BensBets_Master_Feb_to_Sep_2026.csv,sticwiththeprocess,fairyhouse,2026-04-05,266,10.44245381,0.0,0,-3.5,-3.5,30.530672625,2026
2026-04-05,Dowman,Bath,2:35,Win Only,15.0,1.25,BensBets_Master_Feb_to_Sep_2026.csv,dowman,bath,2026-04-05,267,6.4,0.0,0,-1.25,-1.25,-57.33333333333333,2026
2026-04-05,Different Opinions,Southwell,3:06,Win Only,5.0,2.25,BensBets_Master_Feb_to_Sep_2026.csv,differentopinions,southwell,2026-04-05,268,3.06679982,0.0,0,-2.25,-2.25,-38.664003599999994,2026
2026-04-05,Tribal Rhythm,Bath,4:55,Win Only,5.5,2.25,BensBets_Master_Feb_to_Sep_2026.csv,tribalrhythm,bath,2026-04-05,269,5.6,0.0,0,-2.25,-2.25,1.8181818181818077,2026
2026-04-05,Wrappedupinmay,Fairyhouse,5:30,Win Only,3.25,3.25,BensBets_Master_Feb_to_Sep_2026.csv,wrappedupinmay,fairyhouse,2026-04-05,270,3.55,0.0,0,-3.25,-3.25,9.23076923076922,2026
2026-04-06,Coolkatie,Fakenham,2:15,Win Only,5.0,2.25,BensBets_Master_Feb_to_Sep_2026.csv,coolkatie,fakenham,2026-04-06,271,6.6,0.0,0,-2.25,-2.25,31.999999999999986,2026
2026-04-06,Muddy Mooy,Kempton,2:55,Win Only,17.0,1.0,BensBets_Master_Feb_to_Sep_2026.csv,muddymooy,kempton,2026-04-06,272,48.36340672,0.0,0,-1.0,-1.0,184.4906277647059,2026
2026-04-06,The Long Walk,Hereford,3:20,Each Way,9.5,3.0,BensBets_Master_Feb_to_Sep_2026.csv,thelongwalk,hereford,2026-04-06,273,4.53118167,0.0,0,-3.0,-3.0,-52.30335084210527,2026
2026-04-06,Lady Roxby,Kempton,4:05,Win Only,3.5,3.0,BensBets_Master_Feb_to_Sep_2026.csv,ladyroxby,kempton,2026-04-06,274,3.65,0.0,0,-3.0,-3.0,4.285714285714293,2026
2026-04-06,Public Enemy,Plumpton,4:55,Each Way,9.5,3.0,BensBets_Master_Feb_to_Sep_2026.csv,publicenemy,plumpton,2026-04-06,275,6.83976353,0.0,0,-3.0,-3.0,-28.00248915789474,2026
2026-04-07,Urban Isle,Exeter,2:10,Each Way,6.0,4.0,BensBets_Master_Feb_to_Sep_2026.csv,urbanisle,exeter,2026-04-07,276,6.13591827,0.0,0,-4.0,-4.0,2.2653044999999983,2026
2026-04-07,Faithful Dream,Southwell,6:30,Each Way,7.0,3.5,BensBets_Master_Feb_to_Sep_2026.csv,faithfuldream,southwell,2026-04-07,277,18.0,0.0,0,-3.5,-3.5,157.14285714285717,2026
2026-04-07,Moonjid,Southwell,7:00,Each Way,7.0,3.5,BensBets_Master_Feb_to_Sep_2026.csv,moonjid,southwell,2026-04-07,278,9.0,0.0,0,-3.5,-3.5,28.57142857142858,2026
2026-04-07,Porth Eilian,Southwell,8:00,Each Way,10.0,3.0,BensBets_Master_Feb_to_Sep_2026.csv,portheilian,southwell,2026-04-07,279,6.6,0.0,0,-3.0,-3.0,-34.00000000000001,2026
2026-04-08,Albegone,Nottingham,2:57,Each Way,10.0,2.5,BensBets_Master_Feb_to_Sep_2026.csv,albegone,nottingham,2026-04-08,280,5.37472954,0.0,0,-2.5,-2.5,-46.25270460000001,2026
2026-04-08,Tommy Dillion,Fontwell,5:17,Win Only,10.0,1.5,BensBets_Master_Feb_to_Sep_2026.csv,tommydillion,fontwell,2026-04-08,281,9.45732074,1.0,1,13.23,12.4322614878,-5.426792599999997,2026
2026-04-09,Gata Ban,Taunton,5:20,Win Only,6.0,1.75,BensBets_Master_Feb_to_Sep_2026.csv,gataban,taunton,2026-04-09,282,4.86175174,0.0,0,-1.75,-1.75,-18.970804333333334,2026
2026-04-09,Tilted Kilt,Southwell,4:55,Win Only,4.0,2.0,BensBets_Master_Feb_to_Sep_2026.csv,tiltedkilt,southwell,2026-04-09,283,3.35,1.0,1,5.88,4.606,-16.249999999999996,2026
2026-04-09,Carlton,Southwell,4:25,Win Only,4.0,2.75,BensBets_Master_Feb_to_Sep_2026.csv,carlton,southwell,2026-04-09,284,3.95,0.0,0,-2.75,-2.75,-1.2499999999999956,2026
2026-04-09,Vinciamo,Southwell,2:42,Win Only,3.75,3.0,BensBets_Master_Feb_to_Sep_2026.csv,vinciamo,southwell,2026-04-09,285,4.47399178,0.0,0,-3.0,-3.0,19.306447466666675,2026
2026-04-09,Lady Of Clover,Southwell,5:25,Win Only,7.0,1.75,BensBets_Master_Feb_to_Sep_2026.csv,ladyofclover,southwell,2026-04-09,286,10.5,0.0,0,-1.75,-1.75,50.0,2026
2026-04-10,Hickory Lad,Thirsk,2:08,Each Way,51.0,1.0,BensBets_Master_Feb_to_Sep_2026.csv,hickorylad,thirsk,2026-04-10,287,25.11937735,0.0,0,-1.0,-1.0,-50.74631892156862,2026
2026-04-10,Harswell Ruby,Thirsk,3:53,Each Way,8.0,3.5,BensBets_Master_Feb_to_Sep_2026.csv,harswellruby,thirsk,2026-04-10,288,3.95,1.0,1,24.009999999999998,10.118500000000001,-50.625,2026
2026-04-10,Ten Carat Harry,Wolverhampton,4:50,Win Only,5.0,2.0,BensBets_Master_Feb_to_Sep_2026.csv,tencaratharry,wolverhampton,2026-04-10,289,4.46284572,0.0,0,-2.0,-2.0,-10.743085600000002,2026
2026-04-10,Star Of Guiting,Aintree,5:15,Each Way,34.0,1.0,BensBets_Master_Feb_to_Sep_2026.csv,starofguiting,aintree,2026-04-10,290,34.19553042,0.0,0,-1.0,-1.0,0.5750894705882192,2026
2026-04-10,Thames Waterman,Wolverhampton,5:23,Win Only,4.5,2.5,BensBets_Master_Feb_to_Sep_2026.csv,thameswaterman,wolverhampton,2026-04-10,291,3.29607003,1.0,1,8.575,5.6253715735,-26.753999333333333,2026
2026-04-10,Kalir,Dundalk,7:20,Each Way,15.0,2.5,BensBets_Master_Feb_to_Sep_2026.csv,kalir,dundalk,2026-04-10,292,28.0,0.0,0,-2.5,-2.5,86.66666666666667,2026
2026-04-11,Mistral St Georges,Chepstow,12:35,Win Only,26.0,0.75,BensBets_Master_Feb_to_Sep_2026.csv,mistralstgeorges,chepstow,2026-04-11,293,17.51972418,0.0,0,-0.75,-0.75,-32.616445461538454,2026
2026-04-11,Love Me,Chepstow,3:32,Win Only,21.0,0.75,BensBets_Master_Feb_to_Sep_2026.csv,loveme,chepstow,2026-04-11,294,13.5,0.0,0,-0.75,-0.75,-35.71428571428571,2026
2026-04-11,Generic,Yarmouth,4:25,Win Only,3.25,3.0,BensBets_Master_Feb_to_Sep_2026.csv,generic,yarmouth,2026-04-11,295,4.10465769,1.0,1,6.615,9.127693608599998,26.29715969230768,2026
2026-04-11,Everyoneknowsadave,Southwell,5:15,Each Way,7.0,3.5,BensBets_Master_Feb_to_Sep_2026.csv,everyoneknowsadave,southwell,2026-04-11,296,12.5,0.0,0,-3.5,-3.5,78.57142857142858,2026
2026-04-11,Thunder Star,Yarmouth,5:40,Win Only,13.0,1.25,BensBets_Master_Feb_to_Sep_2026.csv,thunderstar,yarmouth,2026-04-11,297,19.25698626,0.0,0,-1.25,-1.25,48.13066353846156,2026
2026-04-11,Sir Griflet,Southwell,5:45,Each Way,15.0,2.5,BensBets_Master_Feb_to_Sep_2026.csv,sirgriflet,southwell,2026-04-11,299,20.0,0.0,0,-2.5,-2.5,33.33333333333333,2026
2026-04-12,Louis Des Landes,Wincanton,2:55,Win Only,29.0,0.5,BensBets_Master_Feb_to_Sep_2026.csv,louisdeslandes,wincanton,2026-04-12,300,17.5,0.0,0,-0.5,-0.5,-39.6551724137931,2026
2026-04-12,My Rockstar,Wincanton,3:27,Win Only,7.0,1.75,BensBets_Master_Feb_to_Sep_2026.csv,myrockstar,wincanton,2026-04-12,301,3.2,1.0,1,10.29,3.773,-54.285714285714285,2026
2026-04-12,Anthracite,Wincanton,5:00,Each Way,26.0,1.0,BensBets_Master_Feb_to_Sep_2026.csv,anthracite,wincanton,2026-04-12,302,7.6,0.0,0,-1.0,-1.0,-70.76923076923077,2026
2026-04-12,I Am Spider Man,Ffos Las,5:20,Each Way,17.0,2.0,BensBets_Master_Feb_to_Sep_2026.csv,iamspiderman,ffoslas,2026-04-12,303,51.18964454,0.0,0,-2.0,-2.0,201.11555611764706,2026
2026-04-13,Choose A Copper,Hexham,2:30,Each Way,15.0,2.5,BensBets_Master_Feb_to_Sep_2026.csv,chooseacopper,hexham,2026-04-13,304,12.69150805,0.0,0,-2.5,-2.5,-15.389946333333338,2026
2026-04-13,Hibernate,Leicester,2:52,Each Way,8.5,3.0,BensBets_Master_Feb_to_Sep_2026.csv,hibernate,leicester,2026-04-13,305,3.81676333,0.0,0,-3.0,-3.0,-55.09690199999999,2026
2026-04-13,Ballygelly,Fakenham,3:10,Win Only,9.0,1.5,BensBets_Master_Feb_to_Sep_2026.csv,ballygelly,fakenham,2026-04-13,306,11.5,0.0,0,-1.5,-1.5,27.777777777777768,2026
2026-04-13,Wreck It Ryley,Leicester,3:22,Each Way,10.0,3.0,BensBets_Master_Feb_to_Sep_2026.csv,wreckitryley,leicester,2026-04-13,307,3.04450995,1.0,1,26.46,6.010859253,-69.55490049999999,2026
2026-04-13,Eire Street,Hexham,4:00,Each Way,21.0,2.0,BensBets_Master_Feb_to_Sep_2026.csv,eirestreet,hexham,2026-04-13,308,16.71015547,0.0,0,-2.0,-2.0,-20.42783109523809,2026
2026-04-14,Caramelo Rapido,Market Rasen,3:20,Win Only,15.0,1.25,BensBets_Master_Feb_to_Sep_2026.csv,caramelorapido,marketrasen,2026-04-14,309,19.0,0.0,0,-1.25,-1.25,26.66666666666666,2026
2026-04-14,Striking A Pose,Newton Abbot,4:17,Win Only,11.0,1.5,BensBets_Master_Feb_to_Sep_2026.csv,strikingapose,newtonabbot,2026-04-14,310,6.11160959,1.0,1,14.700000000000001,7.5140660973,-44.439912818181824,2026
2026-04-14,She Is For Me Boys,Market Rasen,5:05,Each Way,10.0,3.0,BensBets_Master_Feb_to_Sep_2026.csv,sheisformeboys,marketrasen,2026-04-14,311,6.00810821,0.0,0,-3.0,-3.0,-39.918917900000004,2026
2026-04-14,Big Sip,Lingfield,6:30,Each Way,8.5,3.5,BensBets_Master_Feb_to_Sep_2026.csv,bigsip,lingfield,2026-04-14,312,9.46207663,0.0,0,-3.5,-3.5,11.318548588235288,2026
2026-04-15,Squealer,Beverley,3:25,Each Way,23.0,1.5,BensBets_Master_Feb_to_Sep_2026.csv,squealer,beverley,2026-04-15,313,35.16463871,0.0,0,-1.5,-1.5,52.88973352173911,2026
2026-04-15,Sea Master,Beverley,5:45,Each Way,13.0,2.5,BensBets_Master_Feb_to_Sep_2026.csv,seamaster,beverley,2026-04-15,314,8.51460255,1.0,1,29.4,18.4107762475,-34.50305730769231,2026
2026-04-15,Seven Fires,Southwell,8:30,Win Only,4.5,2.5,BensBets_Master_Feb_to_Sep_2026.csv,sevenfires,southwell,2026-04-15,315,5.7,0.0,0,-2.5,-2.5,26.66666666666666,2026
2026-04-16,Advertised,Newmarket,1:50,Each Way,29.0,1.5,BensBets_Master_Feb_to_Sep_2026.csv,advertised,newmarket,2026-04-16,316,14.73155027,0.0,0,-1.5,-1.5,-49.20155079310346,2026
2026-04-16,Arctic Flame,Limerick,2:45,Win Only,9.0,1.5,BensBets_Master_Feb_to_Sep_2026.csv,arcticflame,limerick,2026-04-16,317,13.5,0.0,0,-1.5,-1.5,50.0,2026
2026-04-16,Oxagon,Newmarket,3:35,Each Way,7.0,3.5,BensBets_Master_Feb_to_Sep_2026.csv,oxagon,newmarket,2026-04-16,318,2.86,1.0,1,20.58,6.3797999999999995,-59.14285714285714,2026
2026-04-16,American Style,Ripon,3:45,Each Way,10.0,3.0,BensBets_Master_Feb_to_Sep_2026.csv,americanstyle,ripon,2026-04-16,319,11.0,0.0,0,-3.0,-3.0,10.000000000000009,2026
2026-04-16,Spioradalta,Ripon,4:16,Each Way,8.5,3.5,BensBets_Master_Feb_to_Sep_2026.csv,spioradalta,ripon,2026-04-16,320,4.1,1.0,1,25.724999999999998,10.633,-51.76470588235295,2026
2026-04-16,Shanroe Nelson,Limerick,4:30,Each Way,13.0,2.5,BensBets_Master_Feb_to_Sep_2026.csv,shanroenelson,limerick,2026-04-16,321,6.4,0.0,0,-2.5,-2.5,-50.76923076923077,2026
2026-04-17,Classical Allusion,Newbury,4:20,Win Only,3.25,3.25,BensBets_Master_Feb_to_Sep_2026.csv,classicalallusion,newbury,2026-04-17,322,2.34030855,0.0,0,-3.25,-3.25,-27.99050615384615,2026
2026-04-17,Ziggy Starshine,Bath,4:50,Win Only,15.0,1.25,BensBets_Master_Feb_to_Sep_2026.csv,ziggystarshine,bath,2026-04-17,323,3.31191808,1.0,1,17.15,2.832099648,-77.92054613333333,2026
2026-04-17,Rangatira Jack,Exeter,5:40,Win Only,11.0,1.5,BensBets_Master_Feb_to_Sep_2026.csv,rangatirajack,exeter,2026-04-17,324,5.5,0.0,0,-1.5,-1.5,-50.0,2026
2026-04-17,Teorie,Exeter,6:10,Win Only,9.0,1.5,BensBets_Master_Feb_to_Sep_2026.csv,teorie,exeter,2026-04-17,325,3.7,0.0,0,-1.5,-1.5,-58.88888888888888,2026
2026-04-17,Regal Cavalier,Exeter,7:10,Each Way,13.0,2.5,BensBets_Master_Feb_to_Sep_2026.csv,regalcavalier,exeter,2026-04-17,326,4.8,0.0,0,-2.5,-2.5,-63.07692307692307,2026
2026-04-18,Senator,Bangor,1:17,Win Only,3.25,3.25,BensBets_Master_Feb_to_Sep_2026.csv,senator,bangor,2026-04-18,327,2.2368196,0.0,0,-3.25,-3.25,-31.174781538461538,2026
2026-04-18,Peckforton Hills,Bangor,1:52,Each Way,9.5,3.0,BensBets_Master_Feb_to_Sep_2026.csv,peckfortonhills,bangor,2026-04-18,328,13.98495369,0.0,0,-3.0,-3.0,47.21003884210526,2026
2026-04-18,Tenability,Newbury,2:35,Each Way,15.0,2.5,BensBets_Master_Feb_to_Sep_2026.csv,tenability,newbury,2026-04-18,329,8.2,0.0,0,-2.5,-2.5,-45.333333333333336,2026
2026-04-18,Duel Au Soleil,Bangor,4:10,Win Only,5.5,2.0,BensBets_Master_Feb_to_Sep_2026.csv,duelausoleil,bangor,2026-04-18,330,3.55,0.0,0,-2.0,-2.0,-35.45454545454546,2026
2026-04-18,West Hill Verde,Ayr,4:15,Win Only,6.5,2.5,BensBets_Master_Feb_to_Sep_2026.csv,westhillverde,ayr,2026-04-18,331,7.0,0.0,0,-2.5,-2.5,7.692307692307687,2026
2026-04-18,Keops Des Bordes,Ayr,4:48,Win Only,6.5,2.0,BensBets_Master_Feb_to_Sep_2026.csv,keopsdesbordes,ayr,2026-04-18,332,4.3,0.0,0,-2.0,-2.0,-33.84615384615385,2026
2026-04-19,La Marquise,Stratford,3:08,Win Only,8.0,1.75,BensBets_Master_Feb_to_Sep_2026.csv,lamarquise,stratford,2026-04-19,333,11.0,0.0,0,-1.75,-1.75,37.5,2026
2026-04-19,Bethpage,Plumpton,3:27,Each Way,17.0,2.0,BensBets_Master_Feb_to_Sep_2026.csv,bethpage,plumpton,2026-04-19,334,23.0,0.0,0,-2.0,-2.0,35.29411764705883,2026
2026-04-19,Renoir,Stratford,4:18,Each Way,8.0,3.5,BensBets_Master_Feb_to_Sep_2026.csv,renoir,stratford,2026-04-19,335,4.45996596,0.0,0,-3.5,-3.5,-44.2504255,2026
2026-04-19,Goal Exceeded,Curragh,4:45,Each Way,8.5,3.5,BensBets_Master_Feb_to_Sep_2026.csv,goalexceeded,curragh,2026-04-19,336,5.0,0.0,0,-3.5,-3.5,-41.17647058823529,2026
2026-04-19,Bond Broker,Stratford,4:53,Win Only,4.0,2.75,BensBets_Master_Feb_to_Sep_2026.csv,bondbroker,stratford,2026-04-19,337,3.15,0.0,0,-2.75,-2.75,-21.250000000000004,2026
2026-04-20,Chico Dulce,Lingfield,2:21,Win Only,5.5,2.0,BensBets_Master_Feb_to_Sep_2026.csv,chicodulce,lingfield,2026-04-20,338,4.1,0.0,0,-2.0,-2.0,-25.454545454545464,2026
2026-04-20,Schemaya,Lingfield,3:21,Each Way,6.0,4.0,BensBets_Master_Feb_to_Sep_2026.csv,schemaya,lingfield,2026-04-20,339,7.6,0.0,0,-4.0,-4.0,26.66666666666666,2026
2026-04-20,Walk On Quest,Kelso,3:30,Each Way,8.0,3.5,BensBets_Master_Feb_to_Sep_2026.csv,walkonquest,kelso,2026-04-20,340,8.6,0.0,0,-3.5,-3.5,7.499999999999996,2026
2026-04-20,Long Shot,Redcar,5:20,Win Only,9.0,1.5,BensBets_Master_Feb_to_Sep_2026.csv,longshot,redcar,2026-04-20,341,7.72831923,0.0,0,-1.5,-1.5,-14.129786333333328,2026
2026-04-20,Take The A Train,Newcastle,8:30,Each Way,29.0,1.0,BensBets_Master_Feb_to_Sep_2026.csv,taketheatrain,newcastle,2026-04-20,342,16.5,0.0,0,-1.0,-1.0,-43.103448275862064,2026
2026-04-21,Hamdani Mokhater,Yarmouth,2:00,Each Way,13.0,2.5,BensBets_Master_Feb_to_Sep_2026.csv,hamdanimokhater,yarmouth,2026-04-21,343,16.78604992,0.0,0,-2.5,-2.5,29.123460923076916,2026
2026-04-21,Lady Of Clover,Yarmouth,5:25,Win Only,7.0,1.75,BensBets_Master_Feb_to_Sep_2026.csv,ladyofclover,yarmouth,2026-04-21,344,4.7,0.0,0,-1.75,-1.75,-32.857142857142854,2026
2026-04-21,Forever Perfect,Wolverhampton,5:30,Win Only,5.5,2.25,BensBets_Master_Feb_to_Sep_2026.csv,foreverperfect,wolverhampton,2026-04-21,345,6.48073829,1.0,1,9.9225,12.08502792945,17.83160527272727,2026
2026-04-21,Tommys Charm,Ffos Las,6:42,Each Way,17.0,2.0,BensBets_Master_Feb_to_Sep_2026.csv,tommyscharm,ffoslas,2026-04-21,346,15.5,0.0,0,-2.0,-2.0,-8.823529411764708,2026
2026-04-21,Havana Joy,Wolverhampton,7:00,Win Only,15.0,1.25,BensBets_Master_Feb_to_Sep_2026.csv,havanajoy,wolverhampton,2026-04-21,347,14.65456826,0.0,0,-1.25,-1.25,-2.3028782666666747,2026
2026-04-22,Its Hard To Know,Perth,2:10,Win Only,5.5,2.25,BensBets_Master_Feb_to_Sep_2026.csv,itshardtoknow,perth,2026-04-22,348,5.30914636,0.0,0,-2.25,-2.25,-3.4700661818181877,2026
2026-04-22,Asian Journey,Catterick,3:52,Win Only,8.0,1.75,BensBets_Master_Feb_to_Sep_2026.csv,asianjourney,catterick,2026-04-22,349,5.92561913,0.0,0,-1.75,-1.75,-25.929760874999996,2026
2026-04-22,No Return,Catterick,4:25,Win Only,8.0,1.75,BensBets_Master_Feb_to_Sep_2026.csv,noreturn,catterick,2026-04-22,350,13.5,0.0,0,-1.75,-1.75,68.75,2026
2026-04-22,Holeshot,Taunton,7:00,Each Way,10.0,3.0,BensBets_Master_Feb_to_Sep_2026.csv,holeshot,taunton,2026-04-22,351,7.47689385,0.0,0,-3.0,-3.0,-25.231061500000006,2026
2026-04-23,Le Morbihan,Beverley,1:52,Win Only,17.0,1.25,BensBets_Master_Feb_to_Sep_2026.csv,lemorbihan,beverley,2026-04-23,352,34.64658344,0.0,0,-1.25,-1.25,103.803432,2026
2026-04-23,Mini Mac,Beverley,4:52,Each Way,17.0,2.0,BensBets_Master_Feb_to_Sep_2026.csv,minimac,beverley,2026-04-23,353,14.0,0.0,0,-2.0,-2.0,-17.647058823529417,2026
2026-04-23,Inis Oirr,Perth,5:15,Win Only,19.0,1.0,BensBets_Master_Feb_to_Sep_2026.csv,inisoirr,perth,2026-04-23,354,6.36094646,1.0,1,17.64,5.2537275308,-66.52133442105264,2026
2026-04-24,The Jackal,Doncaster,4:35,Win Only,4.0,2.5,BensBets_Master_Feb_to_Sep_2026.csv,thejackal,doncaster,2026-04-24,355,4.91130799,0.0,0,-2.5,-2.5,22.782699750000003,2026
2026-04-24,Kiss For An Angel,Doncaster,5:10,Each Way,6.0,4.0,BensBets_Master_Feb_to_Sep_2026.csv,kissforanangel,doncaster,2026-04-24,356,7.4,0.0,0,-4.0,-4.0,23.33333333333334,2026
2026-04-24,Torneo,Chepstow,6:37,Win Only,2.75,3.5,BensBets_Master_Feb_to_Sep_2026.csv,torneo,chepstow,2026-04-24,357,1.69,1.0,1,6.0024999999999995,2.3667,-38.54545454545455,2026
2026-04-25,Way Of Stars,Sandown,1:45,Each Way,15.0,2.5,BensBets_Master_Feb_to_Sep_2026.csv,wayofstars,sandown,2026-04-25,358,13.81441918,0.0,0,-2.5,-2.5,-7.9038721333333335,2026
2026-04-25,Mojito,Doncaster,4:35,Each Way,7.0,3.5,BensBets_Master_Feb_to_Sep_2026.csv,mojito,doncaster,2026-04-25,359,5.5,1.0,1,20.58,15.435,-21.42857142857143,2026
2026-04-25,Shushi,Doncaster,6:45,Each Way,8.5,3.5,BensBets_Master_Feb_to_Sep_2026.csv,shushi,doncaster,2026-04-25,360,24.0,0.0,0,-3.5,-3.5,182.3529411764706,2026
2026-04-25,What Fools Believe,Southwell,8:00,Win Only,6.0,2.0,BensBets_Master_Feb_to_Sep_2026.csv,whatfoolsbelieve,southwell,2026-04-25,361,14.0,0.0,0,-2.0,-2.0,133.33333333333334,2026
2026-04-26,Nad Alshiba Green,Nottingham,4:25,Win Only,2.75,3.5,BensBets_Master_Feb_to_Sep_2026.csv,nadalshibagreen,nottingham,2026-04-26,362,2.60152453,0.0,0,-3.5,-3.5,-5.399108000000008,2026
2026-04-26,Trojan Sun,Musselburgh,6:15,Each Way,34.0,1.0,BensBets_Master_Feb_to_Sep_2026.csv,trojansun,musselburgh,2026-04-26,363,30.0,0.0,0,-1.0,-1.0,-11.764705882352944,2026
2026-04-27,Raintown,Bath,2:30,Each Way,12.0,2.5,BensBets_Master_Feb_to_Sep_2026.csv,raintown,bath,2026-04-27,364,7.6,0.0,0,-2.5,-2.5,-36.66666666666667,2026
2026-04-27,Echalar,Wolverhampton,6:30,Each Way,12.0,2.5,BensBets_Master_Feb_to_Sep_2026.csv,echalar,wolverhampton,2026-04-27,365,18.0,0.0,0,-2.5,-2.5,50.0,2026
2026-04-28,Balzac,Epsom,2:40,Win Only,8.5,1.75,BensBets_Master_Feb_to_Sep_2026.csv,balzac,epsom,2026-04-28,366,11.0,0.0,0,-1.75,-1.75,29.41176470588236,2026
2026-04-28,Different Drum,Southwell,4:35,Win Only,8.5,1.75,BensBets_Master_Feb_to_Sep_2026.csv,differentdrum,southwell,2026-04-28,367,9.2,0.0,0,-1.75,-1.75,8.23529411764705,2026
2026-04-28,Oscars Brother,Punchestown,4:50,Win Only,8.0,1.75,BensBets_Master_Feb_to_Sep_2026.csv,oscarsbrother,punchestown,2026-04-28,368,13.0,0.0,0,-1.75,-1.75,62.5,2026
2026-04-29,Leighton,Pontefract,2:13,Win Only,5.5,2.0,BensBets_Master_Feb_to_Sep_2026.csv,leighton,pontefract,2026-04-29,369,3.32940747,0.0,0,-2.0,-2.0,-39.465318727272724,2026
2026-04-29,Low Kick,Punchestown,4:50,Each Way,11.0,2.5,BensBets_Master_Feb_to_Sep_2026.csv,lowkick,punchestown,2026-04-29,370,23.0,0.0,0,-2.5,-2.5,109.09090909090908,2026
2026-04-29,Rogue Bullet,Bath,5:20,Win Only,6.0,2.0,BensBets_Master_Feb_to_Sep_2026.csv,roguebullet,bath,2026-04-29,371,8.18270465,0.0,0,-2.0,-2.0,36.378410833333334,2026
2026-04-30,Rocklaw,Redcar,2:13,Each Way,15.0,2.5,BensBets_Master_Feb_to_Sep_2026.csv,rocklaw,redcar,2026-04-30,372,84.43381055,0.0,0,-2.5,-2.5,462.8920703333334,2026
2026-04-30,Upepo,Lingfield,6:10,Win Only,6.5,2.0,BensBets_Master_Feb_to_Sep_2026.csv,upepo,lingfield,2026-04-30,373,6.4,0.0,0,-2.0,-2.0,-1.538461538461533,2026
2026-04-30,Beaujolais Nouveau,Southwell,7:30,Each Way,23.0,1.5,BensBets_Master_Feb_to_Sep_2026.csv,beaujolaisnouveau,southwell,2026-04-30,374,40.0,0.0,0,-1.5,-1.5,73.91304347826086,2026
2026-04-30,Make It Up,Kempton,8:15,Win Only,11.0,1.25,BensBets_Master_Feb_to_Sep_2026.csv,makeitup,kempton,2026-04-30,375,4.7,0.0,0,-1.25,-1.25,-57.27272727272727,2026
2026-05-01,French Master,Newmarket,3:30,Each Way,8.0,3.5,BensBets_Master_Feb_to_Sep_2026.csv,frenchmaster,newmarket,2026-05-01,376,6.39471382,0.0,0,-3.5,-3.5,-20.066077250000003,2026
2026-05-01,Bowmark,Ascot,3:45,Win Only,10.0,1.5,BensBets_Master_Feb_to_Sep_2026.csv,bowmark,ascot,2026-05-01,377,10.75236209,0.0,0,-1.5,-1.5,7.523620900000005,2026
2026-05-01,Pixie Diva,Ascot,4:20,Each Way,8.0,3.5,BensBets_Master_Feb_to_Sep_2026.csv,pixiediva,ascot,2026-05-01,378,5.7,0.0,0,-3.5,-3.5,-28.749999999999996,2026
2026-05-02,Portcammon,Uttoxeter,12:45,Each Way,10.0,3.0,BensBets_Master_Feb_to_Sep_2026.csv,portcammon,uttoxeter,2026-05-02,379,6.8,0.0,0,-3.0,-3.0,-32.00000000000001,2026
2026-05-02,Choice Runner,Uttoxeter,3:10,Each Way,8.5,3.5,BensBets_Master_Feb_to_Sep_2026.csv,choicerunner,uttoxeter,2026-05-02,380,7.4,0.0,0,-3.5,-3.5,-12.941176470588234,2026
2026-05-02,Double Digits,Hexham,6:45,Each Way,7.5,3.5,BensBets_Master_Feb_to_Sep_2026.csv,doubledigits,hexham,2026-05-02,381,3.91107376,0.0,0,-3.5,-3.5,-47.852349866666664,2026
2026-05-02,Passengerontheship,Hexham,7:45,Each Way,9.0,3.0,BensBets_Master_Feb_to_Sep_2026.csv,passengerontheship,hexham,2026-05-02,382,12.0,0.0,0,-3.0,-3.0,33.33333333333333,2026
2026-05-03,Ziggy Starshine,Salisbury,2:00,Win Only,3.0,3.25,BensBets_Master_Feb_to_Sep_2026.csv,ziggystarshine,salisbury,2026-05-03,383,3.6307974,0.0,0,-3.25,-3.25,21.026579999999996,2026
2026-05-03,Call Me Tomorrow,Newmarket,4:10,Win Only,3.5,3.0,BensBets_Master_Feb_to_Sep_2026.csv,callmetomorrow,newmarket,2026-05-03,384,2.8,0.0,0,-3.0,-3.0,-20.000000000000007,2026
2026-05-03,The Dancing Pirate,Newmarket,4:45,Win Only,4.0,2.75,BensBets_Master_Feb_to_Sep_2026.csv,thedancingpirate,newmarket,2026-05-03,385,3.3,0.0,0,-2.75,-2.75,-17.500000000000004,2026
2026-05-04,Half Pint Daisy,Warwick,3:50,Each Way,15.0,2.0,BensBets_Master_Feb_to_Sep_2026.csv,halfpintdaisy,warwick,2026-05-04,386,11.27807229,0.0,0,-2.0,-2.0,-24.812851399999992,2026
2026-05-04,Crystal Box,Warwick,5:35,Each Way,23.0,1.5,BensBets_Master_Feb_to_Sep_2026.csv,crystalbox,warwick,2026-05-04,387,39.20606368,0.0,0,-1.5,-1.5,70.4611464347826,2026
2026-05-04,Crackerjack Queen,Fakenham,5:48,Win Only,11.0,1.5,BensBets_Master_Feb_to_Sep_2026.csv,crackerjackqueen,fakenham,2026-05-04,388,15.56626042,0.0,0,-1.5,-1.5,41.511458363636365,2026
2026-05-04,Cloch Nua,Beverley,5:56,Each Way,12.0,2.5,BensBets_Master_Feb_to_Sep_2026.csv,clochnua,beverley,2026-05-04,389,21.0,0.0,0,-2.5,-2.5,75.0,2026
2026-05-05,Ashen,Ayr,3:00,Win Only,3.75,3.0,BensBets_Master_Feb_to_Sep_2026.csv,ashen,ayr,2026-05-05,390,2.34,1.0,1,8.084999999999999,3.9395999999999995,-37.6,2026
2026-05-05,Imperial Alex,Ffos Las,4:18,Win Only,9.0,1.5,BensBets_Master_Feb_to_Sep_2026.csv,imperialalex,ffoslas,2026-05-05,391,7.45192996,0.0,0,-1.5,-1.5,-17.200778222222223,2026
2026-05-05,Street Dancer,Wolverhampton,6:30,Win Only,6.0,2.0,BensBets_Master_Feb_to_Sep_2026.csv,streetdancer,wolverhampton,2026-05-05,392,3.84959904,0.0,0,-2.0,-2.0,-35.840016,2026
2026-05-05,Oakley,Hereford,7:17,Each Way,8.5,3.5,BensBets_Master_Feb_to_Sep_2026.csv,oakley,hereford,2026-05-05,393,6.20408991,1.0,1,25.724999999999998,17.8500283913,-27.010706941176466,2026
2026-05-05,Ettore,Hereford,7:47,Win Only,7.0,1.75,BensBets_Master_Feb_to_Sep_2026.csv,ettore,hereford,2026-05-05,394,6.6,0.0,0,-1.75,-1.75,-5.714285714285716,2026
2026-05-05,Tomarlo,Wolverhampton,8:30,Each Way,8.5,3.5,BensBets_Master_Feb_to_Sep_2026.csv,tomarlo,wolverhampton,2026-05-05,395,3.17475501,0.0,0,-3.5,-3.5,-62.64994105882353,2026
2026-05-06,Intenzo,Kelso,4:32,Each Way,8.0,3.5,BensBets_Master_Feb_to_Sep_2026.csv,intenzo,kelso,2026-05-06,396,10.07608492,0.0,0,-3.5,-3.5,25.951061499999994,2026
2026-05-06,Pietro,Chester,4:45,Win Only,8.5,1.75,BensBets_Master_Feb_to_Sep_2026.csv,pietro,chester,2026-05-06,397,6.932112,0.0,0,-1.75,-1.75,-18.445741176470587,2026
2026-05-06,Farasi Lane,Kempton,8:00,Each Way,8.5,3.5,BensBets_Master_Feb_to_Sep_2026.csv,farasilane,kempton,2026-05-06,398,8.92065178,0.0,0,-3.5,-3.5,4.948844470588232,2026
2026-05-07,Golden Story,Chester,2:35,Win Only,11.0,1.5,BensBets_Master_Feb_to_Sep_2026.csv,goldenstory,chester,2026-05-07,399,11.22122026,0.0,0,-1.5,-1.5,2.0110932727272823,2026
2026-05-07,King Of Thunder,Chester,3:40,Each Way,9.0,3.0,BensBets_Master_Feb_to_Sep_2026.csv,kingofthunder,chester,2026-05-07,400,14.05010578,0.0,0,-3.0,-3.0,56.11228644444446,2026
2026-05-07,Captain Robert,Southwell,9:00,Win Only,5.5,2.25,BensBets_Master_Feb_to_Sep_2026.csv,captainrobert,southwell,2026-05-07,401,4.16875177,0.0,0,-2.25,-2.25,-24.20451327272727,2026
2026-05-08,Bintknight,Ascot,2:55,Each Way,13.0,2.5,BensBets_Master_Feb_to_Sep_2026.csv,bintknight,ascot,2026-05-08,402,17.3319877,0.0,0,-2.5,-2.5,33.32298230769231,2026
2026-05-08,Miraculous,Chester,3:40,Each Way,11.0,2.5,BensBets_Master_Feb_to_Sep_2026.csv,miraculous,chester,2026-05-08,403,15.67731616,0.0,0,-2.5,-2.5,42.521056,2026
2026-05-09,Magic Feld,Haydock,1:48,Win Only,7.5,1.75,BensBets_Master_Feb_to_Sep_2026.csv,magicfeld,haydock,2026-05-09,404,11.0,0.0,0,-1.75,-1.75,46.66666666666666,2026
2026-05-09,Eichan San,Naas,2:03,Each Way,9.5,3.0,BensBets_Master_Feb_to_Sep_2026.csv,eichansan,naas,2026-05-09,405,7.0,0.0,0,-3.0,-3.0,-26.315789473684216,2026
2026-05-09,Lawrenny,Hexham,5:42,Each Way,13.0,2.5,BensBets_Master_Feb_to_Sep_2026.csv,lawrenny,hexham,2026-05-09,406,30.22083482,0.0,0,-2.5,-2.5,132.46796015384615,2026
2026-05-09,My My My Delilah,Hexham,6:47,Each Way,17.0,2.0,BensBets_Master_Feb_to_Sep_2026.csv,mymymydelilah,hexham,2026-05-09,407,8.0,0.0,0,-2.0,-2.0,-52.94117647058824,2026
2026-05-09,Urban Isle,Warwick,7:07,Each Way,10.0,2.5,BensBets_Master_Feb_to_Sep_2026.csv,urbanisle,warwick,2026-05-09,408,7.858598,0.0,0,-2.5,-2.5,-21.41402,2026
2026-05-10,Hall Lane,Ludlow,3:27,Win Only,4.33,2.75,BensBets_Master_Feb_to_Sep_2026.csv,halllane,ludlow,2026-05-10,409,3.99477384,0.0,0,-2.75,-2.75,-7.741943648960737,2026
2026-05-10,Lord Cauvelliere,Ludlow,4:02,Each Way,15.0,2.5,BensBets_Master_Feb_to_Sep_2026.csv,lordcauvelliere,ludlow,2026-05-10,410,10.5,0.0,0,-2.5,-2.5,-30.000000000000004,2026
2026-05-10,Izzys Grey,Ludlow,5:10,Each Way,8.5,3.5,BensBets_Master_Feb_to_Sep_2026.csv,izzysgrey,ludlow,2026-05-10,411,5.42772661,0.0,0,-3.5,-3.5,-36.144392823529415,2026
2026-05-11,Cave Article,Southwell,2:42,Each Way,6.5,4.0,BensBets_Master_Feb_to_Sep_2026.csv,cavearticle,southwell,2026-05-11,412,11.5,0.0,0,-4.0,-4.0,76.92307692307692,2026
2026-05-11,Rule Me In,Southwell,3:12,Win Only,7.5,1.75,BensBets_Master_Feb_to_Sep_2026.csv,rulemein,southwell,2026-05-11,413,4.6,0.0,0,-1.75,-1.75,-38.66666666666667,2026
2026-05-11,Glenridding,Southwell,4:42,Each Way,13.0,2.5,BensBets_Master_Feb_to_Sep_2026.csv,glenridding,southwell,2026-05-11,414,24.0,0.0,0,-2.5,-2.5,84.61538461538463,2026
2026-05-11,Sutherland,Southwell,5:47,Win Only,11.0,1.5,BensBets_Master_Feb_to_Sep_2026.csv,sutherland,southwell,2026-05-11,415,6.81995758,0.0,0,-1.5,-1.5,-38.000385636363646,2026
2026-05-11,Change Sings,Windsor,6:17,Each Way,7.0,3.5,BensBets_Master_Feb_to_Sep_2026.csv,changesings,windsor,2026-05-11,416,6.4,0.0,0,-3.5,-3.5,-8.571428571428562,2026
2026-05-11,Society Girl,Windsor,8:17,Win Only,8.0,1.75,BensBets_Master_Feb_to_Sep_2026.csv,societygirl,windsor,2026-05-11,417,4.9,0.0,0,-1.75,-1.75,-38.74999999999999,2026
2026-05-12,Super Tuscan,Bath,2:20,Win Only,10.0,1.5,BensBets_Master_Feb_to_Sep_2026.csv,supertuscan,bath,2026-05-12,418,8.57359796,0.0,0,-1.5,-1.5,-14.264020399999989,2026
2026-05-12,Artista,Beverley,3:30,Win Only,4.5,2.5,BensBets_Master_Feb_to_Sep_2026.csv,artista,beverley,2026-05-12,419,3.1034411,0.0,0,-2.5,-2.5,-31.03464222222222,2026
2026-05-12,Bobby Dassler,Bath,3:50,Win Only,6.5,2.0,BensBets_Master_Feb_to_Sep_2026.csv,bobbydassler,bath,2026-05-12,420,12.0,0.0,0,-2.0,-2.0,84.61538461538463,2026
2026-05-12,Jojo Rabbit,Beverley,4:00,Win Only,23.0,0.5,BensBets_Master_Feb_to_Sep_2026.csv,jojorabbit,beverley,2026-05-12,421,17.0,0.0,0,-0.5,-0.5,-26.086956521739136,2026
2026-05-13,Beagle Bay,Yarmouth,4:28,Win Only,3.25,3.25,BensBets_Master_Feb_to_Sep_2026.csv,beaglebay,yarmouth,2026-05-13,422,1.97122689,1.0,1,7.16625,3.09335764465,-39.34686492307692,2026
2026-05-13,First Time,York,4:40,Each Way,17.0,2.5,BensBets_Master_Feb_to_Sep_2026.csv,firsttime,york,2026-05-13,423,31.69098318,0.0,0,-2.5,-2.5,86.41754811764706,2026
2026-05-13,Master Builder,York,5:15,Each Way,8.0,3.5,BensBets_Master_Feb_to_Sep_2026.csv,masterbuilder,york,2026-05-13,424,4.5,1.0,1,24.009999999999998,12.004999999999999,-43.75,2026
2026-05-13,Aruntothequeen,Punchestown,5:20,Each Way,8.5,3.5,BensBets_Master_Feb_to_Sep_2026.csv,aruntothequeen,punchestown,2026-05-13,425,6.6,0.0,0,-3.5,-3.5,-22.352941176470598,2026
2026-05-14,Ned Tanner,Perth,2:33,Win Only,11.0,1.5,BensBets_Master_Feb_to_Sep_2026.csv,nedtanner,perth,2026-05-14,426,11.5,0.0,0,-1.5,-1.5,4.545454545454541,2026
2026-05-14,Tryfan,Salisbury,2:40,Each Way,11.0,3.0,BensBets_Master_Feb_to_Sep_2026.csv,tryfan,salisbury,2026-05-14,427,8.81061576,0.0,0,-3.0,-3.0,-19.903493090909098,2026
2026-05-14,Black Star Boy,York,4:40,Each Way,13.0,2.5,BensBets_Master_Feb_to_Sep_2026.csv,blackstarboy,york,2026-05-14,428,11.0,0.0,0,-2.5,-2.5,-15.384615384615385,2026
2026-05-15,Parole Doro,Newbury,2:40,Each Way,10.0,3.0,BensBets_Master_Feb_to_Sep_2026.csv,paroledoro,newbury,2026-05-15,429,11.0,0.0,0,-3.0,-3.0,10.000000000000009,2026
2026-05-15,Stormy Music,Newbury,3:53,Win Only,11.0,1.5,BensBets_Master_Feb_to_Sep_2026.csv,stormymusic,newbury,2026-05-15,430,27.0,0.0,0,-1.5,-1.5,145.45454545454547,2026
2026-05-15,Entailed,York,4:40,Each Way,26.0,1.5,BensBets_Master_Feb_to_Sep_2026.csv,entailed,york,2026-05-15,431,11.28425,0.0,0,-1.5,-1.5,-56.59903846153846,2026
2026-05-15,Besieged,Newbury,5:00,Win Only,6.0,2.0,BensBets_Master_Feb_to_Sep_2026.csv,besieged,newbury,2026-05-15,432,11.5,0.0,0,-2.0,-2.0,91.66666666666667,2026
2026-05-15,Three Socks On,Newbury,5:35,Each Way,7.0,3.5,BensBets_Master_Feb_to_Sep_2026.csv,threesockson,newbury,2026-05-15,433,6.8,0.0,0,-3.5,-3.5,-2.857142857142858,2026
2026-05-15,Rambo T,Aintree,6:20,Each Way,13.0,2.5,BensBets_Master_Feb_to_Sep_2026.csv,rambot,aintree,2026-05-15,434,9.4,0.0,0,-2.5,-2.5,-27.692307692307693,2026
2026-05-15,Jamada,Aintree,7:30,Each Way,5.0,4.5,BensBets_Master_Feb_to_Sep_2026.csv,jamada,aintree,2026-05-15,435,7.0,0.0,0,-4.5,-4.5,39.99999999999999,2026
2026-05-16,Its Only Fun,Doncaster,4:50,Each Way,9.0,3.0,BensBets_Master_Feb_to_Sep_2026.csv,itsonlyfun,doncaster,2026-05-16,436,15.5,0.0,0,-3.0,-3.0,72.22222222222223,2026
2026-05-16,Indalo,Newbury,5:00,Each Way,10.0,3.0,BensBets_Master_Feb_to_Sep_2026.csv,indalo,newbury,2026-05-16,437,7.8,0.0,0,-3.0,-3.0,-21.999999999999996,2026
2026-05-16,Rockvale,Uttoxeter,5:20,Each Way,15.0,2.5,BensBets_Master_Feb_to_Sep_2026.csv,rockvale,uttoxeter,2026-05-16,438,5.1,0.0,0,-2.5,-2.5,-66.0,2026
2026-05-17,Gouken,Hamilton,4:15,Each Way,12.0,2.5,BensBets_Master_Feb_to_Sep_2026.csv,gouken,hamilton,2026-05-17,439,7.8,0.0,0,-2.5,-2.5,-35.0,2026
2026-05-17,Seren Star,Hamilton,5:45,Win Only,3.5,3.25,BensBets_Master_Feb_to_Sep_2026.csv,serenstar,hamilton,2026-05-17,440,7.09411443,0.0,0,-3.25,-3.25,102.68898371428574,2026
2026-05-18,Iris Dancer,Carlisle,3:00,Each Way,9.5,3.0,BensBets_Master_Feb_to_Sep_2026.csv,irisdancer,carlisle,2026-05-18,441,10.5,0.0,0,-3.0,-3.0,10.526315789473696,2026
2026-05-18,Dark Sovereign,Carlisle,4:00,Each Way,9.0,3.0,BensBets_Master_Feb_to_Sep_2026.csv,darksovereign,carlisle,2026-05-18,442,4.6,0.0,0,-3.0,-3.0,-48.88888888888889,2026
2026-05-18,Native Instinct,Carlisle,5:10,Win Only,4.5,2.75,BensBets_Master_Feb_to_Sep_2026.csv,nativeinstinct,carlisle,2026-05-18,443,2.79526558,0.0,0,-2.75,-2.75,-37.88298711111111,2026
2026-05-18,Syzygy,Roscommon,6:50,Win Only,5.0,2.25,BensBets_Master_Feb_to_Sep_2026.csv,syzygy,roscommon,2026-05-18,444,6.0,0.0,0,-2.25,-2.25,19.999999999999996,2026
2026-05-18,Son Of Man,Windsor,7:40,Win Only,5.5,2.25,BensBets_Master_Feb_to_Sep_2026.csv,sonofman,windsor,2026-05-18,445,6.2,0.0,0,-2.25,-2.25,12.72727272727272,2026
2026-05-19,Moreedd,Nottingham,2:20,Each Way,9.0,3.0,BensBets_Master_Feb_to_Sep_2026.csv,moreedd,nottingham,2026-05-19,446,7.04802718,1.0,1,23.52,17.7811999092,-21.688586888888885,2026
2026-05-19,Angelardo,Newcastle,2:30,Each Way,8.5,3.5,BensBets_Master_Feb_to_Sep_2026.csv,angelardo,newcastle,2026-05-19,447,7.6,0.0,0,-3.5,-3.5,-10.588235294117654,2026
2026-05-19,Chapter,Nottingham,3:50,Each Way,11.0,3.0,BensBets_Master_Feb_to_Sep_2026.csv,chapter,nottingham,2026-05-19,448,13.11969062,0.0,0,-3.0,-3.0,19.26991472727273,2026
2026-05-19,Bang On The Bell,Nottingham,4:55,Each Way,8.5,3.5,BensBets_Master_Feb_to_Sep_2026.csv,bangonthebell,nottingham,2026-05-19,449,10.5,0.0,0,-3.5,-3.5,23.529411764705888,2026
2026-05-20,Siviez,Ayr,2:12,Win Only,8.5,1.75,BensBets_Master_Feb_to_Sep_2026.csv,siviez,ayr,2026-05-20,451,15.12364395,0.0,0,-1.75,-1.75,77.92522294117647,2026
2026-05-20,October Hill,Ffos Las,2:50,Each Way,8.0,3.5,BensBets_Master_Feb_to_Sep_2026.csv,octoberhill,ffoslas,2026-05-20,452,12.5,1.0,1,24.009999999999998,39.445,56.25,2026
2026-05-20,Classy Al,Ayr,3:12,Each Way,10.0,3.0,BensBets_Master_Feb_to_Sep_2026.csv,classyal,ayr,2026-05-20,453,10.5,0.0,0,-3.0,-3.0,5.000000000000004,2026
2026-05-20,Tilani,Yarmouth,7:40,Win Only,4.33,2.75,BensBets_Master_Feb_to_Sep_2026.csv,tilani,yarmouth,2026-05-20,454,3.6,1.0,1,8.97435,7.007,-16.85912240184757,2026
2026-05-20,Berry Clever,Yarmouth,8:10,Win Only,6.0,2.0,BensBets_Master_Feb_to_Sep_2026.csv,berryclever,yarmouth,2026-05-20,455,3.96170357,1.0,1,9.8,5.8049389972,-33.971607166666665,2026
2026-05-21,Yachtsman,Catterick,2:10,Win Only,3.25,3.25,BensBets_Master_Feb_to_Sep_2026.csv,yachtsman,catterick,2026-05-21,456,2.56,0.0,0,-3.25,-3.25,-21.23076923076923,2026
2026-05-21,J Street,Southwell,5:57,Win Only,7.0,1.75,BensBets_Master_Feb_to_Sep_2026.csv,jstreet,southwell,2026-05-21,457,8.0,0.0,0,-1.75,-1.75,14.28571428571428,2026
2026-05-22,Toolatetonegotiate,Bath,3:53,Win Only,5.0,2.0,BensBets_Master_Feb_to_Sep_2026.csv,toolatetonegotiate,bath,2026-05-22,458,7.6,1.0,1,7.84,12.936,52.0,2026
2026-05-22,Lightfingered Jack,Worcester,7:41,Each Way,8.5,3.5,BensBets_Master_Feb_to_Sep_2026.csv,lightfingeredjack,worcester,2026-05-22,459,7.83992357,0.0,0,-3.5,-3.5,-7.765605058823533,2026
2026-05-22,Kylenoe Dancer,Worcester,8:11,Each Way,13.0,2.5,BensBets_Master_Feb_to_Sep_2026.csv,kylenoedancer,worcester,2026-05-22,460,13.96686658,0.0,0,-2.5,-2.5,7.437435230769229,2026
2026-05-22,Fond Farewell,Worcester,8:41,Each Way,15.0,2.5,BensBets_Master_Feb_to_Sep_2026.csv,fondfarewell,worcester,2026-05-22,461,38.45699699,0.0,0,-2.5,-2.5,156.37997993333332,2026
2026-05-23,Le Gentleman,Bangor,2:25,Each Way,6.5,4.0,BensBets_Master_Feb_to_Sep_2026.csv,legentleman,bangor,2026-05-23,462,6.26685825,1.0,1,21.56,20.64608434,-3.58679615384615,2026
2026-05-23,Starlyte,Cartmel,2:43,Each Way,11.0,3.0,BensBets_Master_Feb_to_Sep_2026.csv,starlyte,cartmel,2026-05-23,463,8.82618529,0.0,0,-3.0,-3.0,-19.761951909090914,2026
2026-05-23,Copper Beach,Bangor,3:00,Each Way,6.0,4.0,BensBets_Master_Feb_to_Sep_2026.csv,copperbeach,bangor,2026-05-23,464,5.38780571,0.0,0,-4.0,-4.0,-10.203238166666662,2026
2026-05-23,Jet Of Dreams,Bangor,3:32,Each Way,8.0,3.5,BensBets_Master_Feb_to_Sep_2026.csv,jetofdreams,bangor,2026-05-23,465,15.03668605,0.0,0,-3.5,-3.5,87.95857562500001,2026
2026-05-23,Bintaryana,Haydock,4:40,Win Only,4.5,2.5,BensBets_Master_Feb_to_Sep_2026.csv,bintaryana,haydock,2026-05-23,466,2.65146593,0.0,0,-2.5,-2.5,-41.07853488888888,2026
2026-05-23,La Cantate,Bangor,4:45,Each Way,7.5,3.5,BensBets_Master_Feb_to_Sep_2026.csv,lacantate,bangor,2026-05-23,467,7.75758603,0.0,0,-3.5,-3.5,3.434480400000006,2026
2026-05-24,Flash Man,Fontwell,2:00,Win Only,2.75,3.75,BensBets_Master_Feb_to_Sep_2026.csv,flashman,fontwell,2026-05-24,468,3.5,0.0,0,-3.75,-3.75,27.27272727272727,2026
2026-05-24,Glengouly,Uttoxeter,4:03,Each Way,13.0,2.5,BensBets_Master_Feb_to_Sep_2026.csv,glengouly,uttoxeter,2026-05-24,469,13.85287151,1.0,1,29.4,31.4895351995,6.560550076923066,2026
2026-05-24,Chapel Green,Kelso,4:12,Win Only,8.0,1.75,BensBets_Master_Feb_to_Sep_2026.csv,chapelgreen,kelso,2026-05-24,470,6.8,0.0,0,-1.75,-1.75,-15.000000000000002,2026
2026-05-24,Footloose Man,Fontwell,4:55,Win Only,9.0,1.5,BensBets_Master_Feb_to_Sep_2026.csv,footlooseman,fontwell,2026-05-24,471,8.49712773,1.0,1,11.76,11.020777763100002,-5.587469666666656,2026
2026-05-24,Ip Up,Kelso,5:22,Win Only,7.0,1.75,BensBets_Master_Feb_to_Sep_2026.csv,ipup,kelso,2026-05-24,472,6.6,0.0,0,-1.75,-1.75,-5.714285714285716,2026
2026-05-25,Trinculo,Windsor,2:43,Win Only,4.5,2.75,BensBets_Master_Feb_to_Sep_2026.csv,trinculo,windsor,2026-05-25,473,10.89917525,0.0,0,-2.75,-2.75,142.20389444444444,2026
2026-05-25,Patontheback,Redcar,2:57,Each Way,12.0,2.5,BensBets_Master_Feb_to_Sep_2026.csv,patontheback,redcar,2026-05-25,474,8.4842157,0.0,0,-2.5,-2.5,-29.298202500000002,2026
2026-05-25,First Legion,Leicester,4:50,Each Way,6.0,4.0,BensBets_Master_Feb_to_Sep_2026.csv,firstlegion,leicester,2026-05-25,475,5.1,0.0,0,-4.0,-4.0,-15.000000000000002,2026
2026-05-25,Mertoun,Windsor,5:30,Each Way,9.0,3.0,BensBets_Master_Feb_to_Sep_2026.csv,mertoun,windsor,2026-05-25,476,4.06602339,0.0,0,-3.0,-3.0,-54.82196233333334,2026
2026-05-26,Freedom Flame,Redcar,2:20,Win Only,4.0,2.75,BensBets_Master_Feb_to_Sep_2026.csv,freedomflame,redcar,2026-05-26,477,3.6,1.0,1,8.084999999999999,7.007,-9.999999999999998,2026
2026-05-26,Showmethebubbles,Leicester,2:40,Win Only,17.0,1.25,BensBets_Master_Feb_to_Sep_2026.csv,showmethebubbles,leicester,2026-05-26,478,23.20947,0.0,0,-1.25,-1.25,36.526294117647055,2026
2026-05-26,Crownright,Leicester,3:10,Win Only,4.0,2.75,BensBets_Master_Feb_to_Sep_2026.csv,crownright,leicester,2026-05-26,479,1.82,0.0,0,-2.75,-2.75,-54.49999999999999,2026
2026-05-26,Always Perfect,Leicester,4:40,Each Way,7.0,3.5,BensBets_Master_Feb_to_Sep_2026.csv,alwaysperfect,leicester,2026-05-26,480,7.0,0.0,0,-3.5,-3.5,0.0,2026
2026-05-26,Zooter,Leicester,5:12,Each Way,9.0,3.0,BensBets_Master_Feb_to_Sep_2026.csv,zooter,leicester,2026-05-26,481,18.5,0.0,0,-3.0,-3.0,105.55555555555554,2026
2026-05-26,Jubilant,Plumpton,7:39,Win Only,9.0,1.5,BensBets_Master_Feb_to_Sep_2026.csv,jubilant,plumpton,2026-05-26,482,4.0,1.0,1,11.76,4.41,-55.55555555555556,2026
2026-05-27,Siouxpersonic,Hamilton,3:05,Win Only,4.33,2.75,BensBets_Master_Feb_to_Sep_2026.csv,siouxpersonic,hamilton,2026-05-27,483,7.2,0.0,0,-2.75,-2.75,66.28175519630486,2026
2026-05-27,Restandbethankful,Cartmel,6:38,Each Way,17.0,2.5,BensBets_Master_Feb_to_Sep_2026.csv,restandbethankful,cartmel,2026-05-27,484,36.85739183,0.0,0,-2.5,-2.5,116.8081872352941,2026
2026-05-27,Karlynn,Wexford,6:49,Win Only,5.0,2.25,BensBets_Master_Feb_to_Sep_2026.csv,karlynn,wexford,2026-05-27,485,4.1,1.0,1,8.82,6.8355,-18.000000000000004,2026
2026-05-27,Secret Secret,Cartmel,7:38,Each Way,10.0,3.0,BensBets_Master_Feb_to_Sep_2026.csv,secretsecret,cartmel,2026-05-27,486,11.33000826,0.0,0,-3.0,-3.0,13.300082599999996,2026
2026-05-27,Clean Getaway,Cartmel,8:38,Each Way,8.5,3.5,BensBets_Master_Feb_to_Sep_2026.csv,cleangetaway,cartmel,2026-05-27,487,22.39374745,0.0,0,-3.5,-3.5,163.45585235294115,2026
2026-05-28,Caterpillar Girl,Worcester,2:25,Win Only,7.0,3.5,BensBets_Master_Feb_to_Sep_2026.csv,caterpillargirl,worcester,2026-05-28,488,11.5,0.0,0,-3.5,-3.5,64.28571428571428,2026
2026-05-28,First Folio,Yarmouth,4:23,Win Only,6.5,2.0,BensBets_Master_Feb_to_Sep_2026.csv,firstfolio,yarmouth,2026-05-28,489,5.6,0.0,0,-2.0,-2.0,-13.846153846153852,2026
2026-05-28,Charlatan,Yarmouth,5:00,Each Way,9.0,3.0,BensBets_Master_Feb_to_Sep_2026.csv,charlatan,yarmouth,2026-05-28,490,19.78817152,0.0,0,-3.0,-3.0,119.86857244444442,2026
2026-05-28,Royal Maggs,Market Rasen,7:00,Each Way,9.0,3.0,BensBets_Master_Feb_to_Sep_2026.csv,royalmaggs,marketrasen,2026-05-28,491,22.15909384,0.0,0,-3.0,-3.0,146.21215377777776,2026
2026-05-28,Crebilly,Market Rasen,7:32,Each Way,11.0,3.0,BensBets_Master_Feb_to_Sep_2026.csv,crebilly,marketrasen,2026-05-28,492,7.4,1.0,1,29.400000000000002,18.816000000000003,-32.72727272727273,2026
2026-05-29,Trojan Truth,Chepstow,2:00,Each Way,8.0,3.5,BensBets_Master_Feb_to_Sep_2026.csv,trojantruth,chepstow,2026-05-29,493,8.55533058,0.0,0,-3.5,-3.5,6.941632249999996,2026
2026-05-29,Gallant Lion,Brighton,3:20,Each Way,9.0,3.0,BensBets_Master_Feb_to_Sep_2026.csv,gallantlion,brighton,2026-05-29,494,4.3,1.0,1,23.52,9.702,-52.22222222222223,2026
2026-05-29,Ravenscraig Castle,Carlisle,4:10,Each Way,34.0,1.5,BensBets_Master_Feb_to_Sep_2026.csv,ravenscraigcastle,carlisle,2026-05-29,495,20.03206702,0.0,0,-1.5,-1.5,-41.08215582352941,2026
2026-05-29,Valsharah,Brighton,4:23,Each Way,11.0,3.0,BensBets_Master_Feb_to_Sep_2026.csv,valsharah,brighton,2026-05-29,496,9.2,0.0,0,-3.0,-3.0,-16.36363636363637,2026
2026-05-29,Baltic Fleet,Wolverhampton,9:00,Win Only,3.25,3.25,BensBets_Master_Feb_to_Sep_2026.csv,balticfleet,wolverhampton,2026-05-29,497,3.1,0.0,0,-3.25,-3.25,-4.61538461538461,2026
2026-05-30,Heathen,Chester,2:53,Each Way,17.0,2.0,BensBets_Master_Feb_to_Sep_2026.csv,heathen,chester,2026-05-30,498,17.47257871,0.0,0,-2.0,-2.0,2.779874764705892,2026
2026-05-30,Rockonliam,Listowel,4:26,Each Way,6.5,4.0,BensBets_Master_Feb_to_Sep_2026.csv,rockonliam,listowel,2026-05-30,499,7.96495273,1.0,1,21.56,27.3026147016,22.537734307692304,2026
2026-05-30,Home Hero,Chester,4:38,Win Only,9.0,1.5,BensBets_Master_Feb_to_Sep_2026.csv,homehero,chester,2026-05-30,500,5.81495259,0.0,0,-1.5,-1.5,-35.389415666666665,2026
2026-05-30,In This World,Stratford,7:50,Each Way,12.0,2.5,BensBets_Master_Feb_to_Sep_2026.csv,inthisworld,stratford,2026-05-30,501,11.5,0.0,0,-2.5,-2.5,-4.1666666666666625,2026
2026-05-31,Rajjnatin,Kilbeggan,3:26,Each Way,5.0,4.5,BensBets_Master_Feb_to_Sep_2026.csv,rajjnatin,kilbeggan,2026-05-31,502,8.6,0.0,0,-4.5,-4.5,72.0,2026
2026-05-31,Bulldog Spirit,Nottingham,4:25,Each Way,13.0,2.5,BensBets_Master_Feb_to_Sep_2026.csv,bulldogspirit,nottingham,2026-05-31,503,14.0,0.0,0,-2.5,-2.5,7.692307692307687,2026
2026-06-01,Chica Guerrera,Gowran Park,3:09,Win Only,8.0,1.75,BensBets_Master_Feb_to_Sep_2026.csv,chicaguerrera,gowranpark,2026-06-01,504,5.83178716,0.0,0,-1.75,-1.75,-27.1026605,2026
2026-06-01,Astrological,Lingfield,3:17,Win Only,3.5,3.25,BensBets_Master_Feb_to_Sep_2026.csv,astrological,lingfield,2026-06-01,505,5.93730128,0.0,0,-3.25,-3.25,69.63717942857141,2026
2026-06-01,The Feminine Urge,Newbury,4:00,Each Way,21.0,2.0,BensBets_Master_Feb_to_Sep_2026.csv,thefeminineurge,newbury,2026-06-01,506,42.0,0.0,0,-2.0,-2.0,100.0,2026
2026-06-01,Luminous Warrior,Wolverhampton,7:00,Each Way,13.0,2.5,BensBets_Master_Feb_to_Sep_2026.csv,luminouswarrior,wolverhampton,2026-06-01,507,17.20134522,0.0,0,-2.5,-2.5,32.31804015384616,2026
2026-06-01,Giorgio M,Wolverhampton,9:00,Each Way,15.0,2.5,BensBets_Master_Feb_to_Sep_2026.csv,giorgiom,wolverhampton,2026-06-01,508,8.8,0.0,0,-2.5,-2.5,-41.333333333333336,2026
2026-06-02,Crackerjack Queen,Southwell,3:00,Win Only,9.0,1.5,BensBets_Master_Feb_to_Sep_2026.csv,crackerjackqueen,southwell,2026-06-02,510,30.0,0.0,0,-1.5,-1.5,233.33333333333334,2026
2026-06-02,Jefe Triunfo,Southwell,4:30,Each Way,9.5,3.0,BensBets_Master_Feb_to_Sep_2026.csv,jefetriunfo,southwell,2026-06-02,511,8.2,0.0,0,-3.0,-3.0,-13.684210526315798,2026
2026-06-02,Zoulette,Wolverhampton,8:00,Win Only,3.25,3.25,BensBets_Master_Feb_to_Sep_2026.csv,zoulette,wolverhampton,2026-06-02,512,1.98898958,0.0,0,-3.25,-3.25,-38.80032061538462,2026
2026-06-02,Silkies Sib,Wolverhampton,9:00,Each Way,6.0,4.0,BensBets_Master_Feb_to_Sep_2026.csv,silkiessib,wolverhampton,2026-06-02,513,5.2,0.0,0,-4.0,-4.0,-13.33333333333333,2026
2026-06-03,Laughterintherain,Nottingham,3:48,Win Only,7.0,1.75,BensBets_Master_Feb_to_Sep_2026.csv,laughterintherain,nottingham,2026-06-03,514,7.2,0.0,0,-1.75,-1.75,2.857142857142869,2026
2026-06-03,Gatehouse,Nottingham,4:48,Each Way,7.0,3.5,BensBets_Master_Feb_to_Sep_2026.csv,gatehouse,nottingham,2026-06-03,515,3.05,0.0,0,-3.5,-3.5,-56.42857142857143,2026
2026-06-03,Jukebox Annie,Newton Abbot,5:00,Each Way,19.0,2.0,BensBets_Master_Feb_to_Sep_2026.csv,jukeboxannie,newtonabbot,2026-06-03,516,19.32800326,0.0,0,-2.0,-2.0,1.7263329473684141,2026
2026-06-03,Knightsbridge,Warwick,8:00,Each Way,8.5,3.5,BensBets_Master_Feb_to_Sep_2026.csv,knightsbridge,warwick,2026-06-03,517,4.21151968,1.0,1,25.724999999999998,11.015512502400002,-50.45270964705881,2026
2026-06-04,Iris Dancer,Hamilton,2:51,Each Way,7.0,3.5,BensBets_Master_Feb_to_Sep_2026.csv,irisdancer,hamilton,2026-06-04,518,6.4,0.0,0,-3.5,-3.5,-8.571428571428562,2026
2026-06-04,Top Coeur,Uttoxeter,3:00,Each Way,11.0,3.0,BensBets_Master_Feb_to_Sep_2026.csv,topcoeur,uttoxeter,2026-06-04,519,65.0,0.0,0,-3.0,-3.0,490.90909090909093,2026
2026-06-04,Raspoutine,Lingfield,6:40,Win Only,4.33,2.75,BensBets_Master_Feb_to_Sep_2026.csv,raspoutine,lingfield,2026-06-04,520,4.4,0.0,0,-2.75,-2.75,1.616628175519641,2026
2026-06-05,Mister Bluebird,Epsom,5:50,Each Way,15.0,2.5,BensBets_Master_Feb_to_Sep_2026.csv,misterbluebird,epsom,2026-06-05,521,17.84411149,0.0,0,-2.5,-2.5,18.960743266666658,2026
2026-06-05,Adjuvant,Goodwood,8:12,Each Way,13.0,2.5,BensBets_Master_Feb_to_Sep_2026.csv,adjuvant,goodwood,2026-06-05,522,6.4,0.0,0,-2.5,-2.5,-50.76923076923077,2026
2026-06-05,Dryburgh,Doncaster,8:40,Each Way,6.0,4.0,BensBets_Master_Feb_to_Sep_2026.csv,dryburgh,doncaster,2026-06-05,523,3.96308838,0.0,0,-4.0,-4.0,-33.948527000000006,2026
2026-06-06,Gaelic Approach,Doncaster,3:05,Win Only,6.5,2.0,BensBets_Master_Feb_to_Sep_2026.csv,gaelicapproach,doncaster,2026-06-06,524,9.0768563,0.0,0,-2.0,-2.0,39.64394307692307,2026
2026-06-06,Follow The Leader,Hexham,4:30,Each Way,19.0,2.0,BensBets_Master_Feb_to_Sep_2026.csv,followtheleader,hexham,2026-06-06,525,29.42387202,1.0,1,35.28,55.710789159200004,54.86248431578949,2026
2026-06-06,Ebony Warrior,Worcester,5:25,Each Way,15.0,2.5,BensBets_Master_Feb_to_Sep_2026.csv,ebonywarrior,worcester,2026-06-06,526,4.7,1.0,1,34.3,9.065,-68.66666666666667,2026
2026-06-06,Eye Of Dubai,Epsom,5:55,Each Way,26.0,1.5,BensBets_Master_Feb_to_Sep_2026.csv,eyeofdubai,epsom,2026-06-06,527,24.0,0.0,0,-1.5,-1.5,-7.692307692307687,2026
2026-06-06,Lights Are Green,Hexham,6:10,Each Way,12.0,3.0,BensBets_Master_Feb_to_Sep_2026.csv,lightsaregreen,hexham,2026-06-06,528,6.2,0.0,0,-3.0,-3.0,-48.33333333333333,2026
2026-06-06,Well Educated,Hexham,6:43,Each Way,10.0,3.0,BensBets_Master_Feb_to_Sep_2026.csv,welleducated,hexham,2026-06-06,529,3.5,0.0,0,-3.0,-3.0,-65.0,2026
2026-06-07,Brosay,Goodwood,1:50,Each Way,10.0,3.0,BensBets_Master_Feb_to_Sep_2026.csv,brosay,goodwood,2026-06-07,530,6.25271988,0.0,0,-3.0,-3.0,-37.472801200000006,2026
2026-06-07,Leucothea,Goodwood,3:00,Each Way,7.5,4.0,BensBets_Master_Feb_to_Sep_2026.csv,leucothea,goodwood,2026-06-07,531,4.04732978,0.0,0,-4.0,-4.0,-46.03560293333333,2026
2026-06-07,Mr Lincoln,Perth,3:17,Each Way,9.0,3.5,BensBets_Master_Feb_to_Sep_2026.csv,mrlincoln,perth,2026-06-07,532,7.6,0.0,0,-3.5,-3.5,-15.555555555555555,2026
2026-06-07,Duffle Coat,Perth,4:27,Each Way,26.0,1.5,BensBets_Master_Feb_to_Sep_2026.csv,dufflecoat,perth,2026-06-07,533,23.0,0.0,0,-1.5,-1.5,-11.538461538461542,2026
2026-06-07,Tenability,Goodwood,4:45,Win Only,2.75,3.75,BensBets_Master_Feb_to_Sep_2026.csv,tenability,goodwood,2026-06-07,534,2.2,1.0,1,6.4312499999999995,4.41,-19.999999999999996,2026
2026-06-08,Rich Rhythm,Carlisle,2:15,Each Way,10.0,3.0,BensBets_Master_Feb_to_Sep_2026.csv,richrhythm,carlisle,2026-06-08,535,12.48479879,0.0,0,-3.0,-3.0,24.8479879,2026
2026-06-08,Avarona,Windsor,7:09,Each Way,11.0,3.0,BensBets_Master_Feb_to_Sep_2026.csv,avarona,windsor,2026-06-08,536,7.23508717,0.0,0,-3.0,-3.0,-34.22648027272728,2026
2026-06-08,Zimmerman,Pontefract,8:00,Each Way,6.5,4.0,BensBets_Master_Feb_to_Sep_2026.csv,zimmerman,pontefract,2026-06-08,537,7.31618574,0.0,0,-4.0,-4.0,12.55670369230768,2026
2026-06-09,Limerick Leader,Southwell,2:30,Win Only,4.5,2.75,BensBets_Master_Feb_to_Sep_2026.csv,limerickleader,southwell,2026-06-09,538,3.99556148,0.0,0,-2.75,-2.75,-11.209744888888885,2026
2026-06-09,Manowest,Southwell,3:30,Win Only,8.0,1.75,BensBets_Master_Feb_to_Sep_2026.csv,manowest,southwell,2026-06-09,539,5.64020642,0.0,0,-1.75,-1.75,-29.49741975,2026
2026-06-09,Qila,Carlisle,7:42,Each Way,12.0,3.0,BensBets_Master_Feb_to_Sep_2026.csv,qila,carlisle,2026-06-09,540,12.0,0.0,0,-3.0,-3.0,0.0,2026
2026-06-10,Evening Tess,Fontwell,2:30,Win Only,4.5,2.75,BensBets_Master_Feb_to_Sep_2026.csv,eveningtess,fontwell,2026-06-10,541,4.56575908,1.0,1,9.4325,9.6097207206,1.4613128888888882,2026
2026-06-10,Cloudy Rose,Yarmouth,4:18,Each Way,8.0,3.5,BensBets_Master_Feb_to_Sep_2026.csv,cloudyrose,yarmouth,2026-06-10,542,5.8,0.0,0,-3.5,-3.5,-27.500000000000004,2026
2026-06-10,Pal Joey,Hamilton,8:00,Each Way,6.5,4.0,BensBets_Master_Feb_to_Sep_2026.csv,paljoey,hamilton,2026-06-10,543,6.5071195,0.0,0,-4.0,-4.0,0.1095307692307701,2026
2026-06-11,Suggy,Newbury,2:55,Win Only,6.5,1.75,BensBets_Master_Feb_to_Sep_2026.csv,suggy,newbury,2026-06-11,544,4.5,0.0,0,-1.75,-1.75,-30.76923076923077,2026
2026-06-11,Ideal Des Bordes,Worcester,5:40,Each Way,8.0,3.5,BensBets_Master_Feb_to_Sep_2026.csv,idealdesbordes,worcester,2026-06-11,545,9.40002619,0.0,0,-3.5,-3.5,17.500327375,2026
2026-06-11,Poppieholla,Worcester,6:10,Each Way,34.0,1.5,BensBets_Master_Feb_to_Sep_2026.csv,poppieholla,worcester,2026-06-11,546,4.01759795,0.0,0,-1.5,-1.5,-88.18353544117647,2026
2026-06-12,Crazee Icon,Chester,3:12,Win Only,4.5,2.75,BensBets_Master_Feb_to_Sep_2026.csv,crazeeicon,chester,2026-06-12,547,4.4725386,1.0,1,9.4325,9.358491527,-0.6102533333333326,2026
2026-06-12,Urban Glimpse,York,4:10,Each Way,12.0,2.5,BensBets_Master_Feb_to_Sep_2026.csv,urbanglimpse,york,2026-06-12,548,22.0,0.0,0,-2.5,-2.5,83.33333333333333,2026
2026-06-12,Say What You See,York,5:18,Win Only,7.0,1.75,BensBets_Master_Feb_to_Sep_2026.csv,saywhatyousee,york,2026-06-12,549,4.67708433,1.0,1,10.29,6.306199625949999,-33.18450957142858,2026
2026-06-12,Bearly Blue,Goodwood,5:32,Each Way,9.0,3.0,BensBets_Master_Feb_to_Sep_2026.csv,bearlyblue,goodwood,2026-06-12,550,12.91206148,0.0,0,-3.0,-3.0,43.46734977777778,2026
2026-06-12,Three Socks On,Goodwood,6:04,Win Only,5.0,2.25,BensBets_Master_Feb_to_Sep_2026.csv,threesockson,goodwood,2026-06-12,551,2.64,0.0,0,-2.25,-2.25,-47.199999999999996,2026
2026-06-13,Jeddaal,Chester,2:10,Each Way,5.5,4.5,BensBets_Master_Feb_to_Sep_2026.csv,jeddaal,chester,2026-06-13,552,5.03280379,1.0,1,19.845,17.7846647139,-8.494476545454543,2026
2026-06-13,Shafdar,Sandown,3:17,Each Way,13.0,2.5,BensBets_Master_Feb_to_Sep_2026.csv,shafdar,sandown,2026-06-13,553,14.0,0.0,0,-2.5,-2.5,7.692307692307687,2026
2026-06-13,Divilabother,Hexham,4:10,Each Way,13.0,2.5,BensBets_Master_Feb_to_Sep_2026.csv,divilabother,hexham,2026-06-13,554,5.4,1.0,1,29.4,10.780000000000001,-58.46153846153845,2026
2026-06-13,Eternal Angel,Uttoxeter,6:12,Win Only,3.25,3.25,BensBets_Master_Feb_to_Sep_2026.csv,eternalangel,uttoxeter,2026-06-13,555,2.22,0.0,0,-3.25,-3.25,-31.692307692307686,2026
2026-06-13,The Brave Guy,Uttoxeter,6:42,Each Way,13.0,2.5,BensBets_Master_Feb_to_Sep_2026.csv,thebraveguy,uttoxeter,2026-06-13,556,4.2,0.0,0,-2.5,-2.5,-67.6923076923077,2026
2026-06-13,Shinealight,Uttoxeter,8:17,Win Only,10.0,1.5,BensBets_Master_Feb_to_Sep_2026.csv,shinealight,uttoxeter,2026-06-13,557,5.8,0.0,0,-1.5,-1.5,-42.00000000000001,2026
2026-06-14,Optician,Doncaster,2:00,Win Only,6.0,2.0,BensBets_Master_Feb_to_Sep_2026.csv,optician,doncaster,2026-06-14,558,5.95775087,1.0,1,9.8,9.7171917052,-0.7041521666666717,2026
2026-06-14,Ahead Of Fashion,Salisbury,2:14,Win Only,9.0,1.75,BensBets_Master_Feb_to_Sep_2026.csv,aheadoffashion,salisbury,2026-06-14,559,3.77872449,0.0,0,-1.75,-1.75,-58.01417233333333,2026
2026-06-14,Chanceawetmorning,Downpatrick,3:20,Each Way,6.0,4.0,BensBets_Master_Feb_to_Sep_2026.csv,chanceawetmorning,downpatrick,2026-06-14,560,2.47240004,0.0,0,-4.0,-4.0,-58.793332666666664,2026
2026-06-14,Brunhilde,Salisbury,3:47,Win Only,5.0,2.25,BensBets_Master_Feb_to_Sep_2026.csv,brunhilde,salisbury,2026-06-14,561,3.4,0.0,0,-2.25,-2.25,-32.00000000000001,2026
2026-06-14,Sparan Nua,Cork,4:48,Win Only,3.5,3.0,BensBets_Master_Feb_to_Sep_2026.csv,sparannua,cork,2026-06-14,562,4.17124361,1.0,1,7.3500000000000005,9.3234562134,19.17838885714287,2026
2026-06-15,Louie The Legend,Chepstow,1:50,Each Way,11.0,3.0,BensBets_Master_Feb_to_Sep_2026.csv,louiethelegend,chepstow,2026-06-15,563,3.5,0.0,0,-3.0,-3.0,-68.18181818181819,2026
2026-06-15,Sonic Si,Chepstow,3:30,Win Only,2.88,3.75,BensBets_Master_Feb_to_Sep_2026.csv,sonicsi,chepstow,2026-06-15,564,2.86888901,1.0,1,6.908999999999999,6.868167111750001,-0.3857982638888813,2026
2026-06-15,Blue Point Express,Chepstow,4:33,Each Way,15.0,2.5,BensBets_Master_Feb_to_Sep_2026.csv,bluepointexpress,chepstow,2026-06-15,565,14.5,0.0,0,-2.5,-2.5,-3.3333333333333326,2026
2026-06-15,Seventy,Windsor,8:30,Win Only,4.33,2.75,BensBets_Master_Feb_to_Sep_2026.csv,seventy,windsor,2026-06-15,566,3.21382451,1.0,1,8.97435,5.966257054449999,-25.77772494226328,2026
2026-06-16,Kotgar,Stratford,2:40,Each Way,12.0,2.5,BensBets_Master_Feb_to_Sep_2026.csv,kotgar,stratford,2026-06-16,567,29.0,0.0,0,-2.5,-2.5,141.66666666666666,2026
2026-06-16,In The Air,Stratford,3:15,Each Way,12.0,2.5,BensBets_Master_Feb_to_Sep_2026.csv,intheair,stratford,2026-06-16,568,10.5,1.0,1,26.95,23.275000000000002,-12.5,2026
2026-06-16,Tactical Formation,Thirsk,3:25,Win Only,17.0,1.25,BensBets_Master_Feb_to_Sep_2026.csv,tacticalformation,thirsk,2026-06-16,569,26.0,0.0,0,-1.25,-1.25,52.941176470588225,2026
2026-06-16,Two To Tango,Stratford,4:30,Win Only,4.0,2.75,BensBets_Master_Feb_to_Sep_2026.csv,twototango,stratford,2026-06-16,570,3.81106274,0.0,0,-2.75,-2.75,-4.723431499999997,2026
2026-06-16,Ismahane,Ascot,5:00,Each Way,23.0,1.5,BensBets_Master_Feb_to_Sep_2026.csv,ismahane,ascot,2026-06-16,571,92.86514486,0.0,0,-1.5,-1.5,303.76149939130437,2026
2026-06-16,Ghostwriter,Ascot,5:35,Each Way,9.0,3.0,BensBets_Master_Feb_to_Sep_2026.csv,ghostwriter,ascot,2026-06-16,572,13.0,0.0,0,-3.0,-3.0,44.44444444444444,2026
2026-06-17,Pershaada,Ascot,2:30,Each Way,34.0,1.5,BensBets_Master_Feb_to_Sep_2026.csv,pershaada,ascot,2026-06-17,573,44.614372,0.0,0,-1.5,-1.5,31.218741176470587,2026
2026-06-17,Devils Advocate,Ascot,4:20,Each Way,201.0,1.0,BensBets_Master_Feb_to_Sep_2026.csv,devilsadvocate,ascot,2026-06-17,575,126.35342654,0.0,0,-1.0,-1.0,-37.13759873631841,2026
2026-06-17,Scottish Dancer,Ripon,7:00,Win Only,8.0,1.75,BensBets_Master_Feb_to_Sep_2026.csv,scottishdancer,ripon,2026-06-17,576,13.0,0.0,0,-1.75,-1.75,62.5,2026
2026-06-17,Dunnington Lad,Ripon,8:30,Each Way,21.0,2.0,BensBets_Master_Feb_to_Sep_2026.csv,dunningtonlad,ripon,2026-06-17,577,7.60350592,0.0,0,-2.0,-2.0,-63.79282895238095,2026
2026-06-18,Pikachu,Ascot,2:30,Each Way,23.0,1.5,BensBets_Master_Feb_to_Sep_2026.csv,pikachu,ascot,2026-06-18,578,19.86431079,0.0,0,-1.5,-1.5,-13.633431347826086,2026
2026-06-18,Dial Me In,Ascot,3:05,Each Way,34.0,1.0,BensBets_Master_Feb_to_Sep_2026.csv,dialmein,ascot,2026-06-18,579,49.43255039,0.0,0,-1.0,-1.0,45.3898540882353,2026
2026-06-18,Jamestown,Ascot,4:50,Each Way,12.0,2.5,BensBets_Master_Feb_to_Sep_2026.csv,jamestown,ascot,2026-06-18,580,7.79295603,0.0,0,-2.5,-2.5,-35.05869975,2026
2026-06-18,Mezcala,Ascot,6:10,Each Way,13.0,2.5,BensBets_Master_Feb_to_Sep_2026.csv,mezcala,ascot,2026-06-18,581,7.5056222,1.0,1,29.4,15.93877439,-42.26444461538461,2026
2026-06-19,Moro Rock,Market Rasen,2:05,Each Way,26.0,1.5,BensBets_Master_Feb_to_Sep_2026.csv,mororock,marketrasen,2026-06-19,582,17.0,0.0,0,-1.5,-1.5,-34.61538461538461,2026
2026-06-19,Acclamation Star,Ascot,2:30,Each Way,34.0,1.5,BensBets_Master_Feb_to_Sep_2026.csv,acclamationstar,ascot,2026-06-19,583,140.12696587,0.0,0,-1.5,-1.5,312.1381349117647,2026
2026-06-19,Aspect Island,Ascot,3:05,Each Way,101.0,1.0,BensBets_Master_Feb_to_Sep_2026.csv,aspectisland,ascot,2026-06-19,584,100.0,0.0,0,-1.0,-1.0,-0.990099009900991,2026
2026-06-19,Miracles Do Happen,Market Rasen,3:15,Each Way,17.0,2.0,BensBets_Master_Feb_to_Sep_2026.csv,miraclesdohappen,marketrasen,2026-06-19,585,27.54890815,0.0,0,-2.0,-2.0,62.052400882352934,2026
2026-06-19,Bhaloo,Market Rasen,3:55,Each Way,6.0,4.0,BensBets_Master_Feb_to_Sep_2026.csv,bhaloo,marketrasen,2026-06-19,586,4.24863336,0.0,0,-4.0,-4.0,-29.189443999999998,2026
2026-06-19,Symbol Of Majesty,Ascot,5:00,Each Way,17.0,2.5,BensBets_Master_Feb_to_Sep_2026.csv,symbolofmajesty,ascot,2026-06-19,587,24.0,0.0,0,-2.5,-2.5,41.176470588235304,2026
2026-06-19,Longlai,Newmarket,6:35,Each Way,21.0,2.0,BensBets_Master_Feb_to_Sep_2026.csv,longlai,newmarket,2026-06-19,588,21.86405358,0.0,0,-2.0,-2.0,4.114540857142868,2026
2026-06-20,Social Symbol,Ascot,2:30,Each Way,34.0,1.5,BensBets_Master_Feb_to_Sep_2026.csv,socialsymbol,ascot,2026-06-20,589,32.0,0.0,0,-1.5,-1.5,-5.882352941176472,2026
2026-06-20,Satono Reve,Ascot,3:40,Win Only,5.5,2.25,BensBets_Master_Feb_to_Sep_2026.csv,satonoreve,ascot,2026-06-20,590,3.388752,0.0,0,-2.25,-2.25,-38.38632727272727,2026
2026-06-20,Apollo One,Ascot,5:00,Each Way,26.0,2.0,BensBets_Master_Feb_to_Sep_2026.csv,apolloone,ascot,2026-06-20,591,30.0,0.0,0,-2.0,-2.0,15.384615384615374,2026
2026-06-20,Evanesco,Ascot,5:35,Each Way,11.0,3.0,BensBets_Master_Feb_to_Sep_2026.csv,evanesco,ascot,2026-06-20,592,16.82546319,0.0,0,-3.0,-3.0,52.95875627272728,2026
2026-06-21,Azure Zain,Pontefract,4:05,Each Way,6.0,4.0,BensBets_Master_Feb_to_Sep_2026.csv,azurezain,pontefract,2026-06-21,593,7.2,0.0,0,-4.0,-4.0,19.999999999999996,2026
2026-06-21,Mount King,Pontefract,4:35,Each Way,17.0,2.0,BensBets_Master_Feb_to_Sep_2026.csv,mountking,pontefract,2026-06-21,594,9.73069601,0.0,0,-2.0,-2.0,-42.76061170588235,2026
2026-06-21,Belladinotte,Hexham,4:43,Each Way,19.0,2.0,BensBets_Master_Feb_to_Sep_2026.csv,belladinotte,hexham,2026-06-21,595,15.5,0.0,0,-2.0,-2.0,-18.42105263157895,2026
2026-06-22,Mereside Princess,Musselburgh,2:15,Win Only,5.0,2.5,BensBets_Master_Feb_to_Sep_2026.csv,meresideprincess,musselburgh,2026-06-22,596,4.1770541,0.0,0,-2.5,-2.5,-16.45891799999999,2026
2026-06-22,Marra Donna,Brighton,6:05,Win Only,7.0,1.75,BensBets_Master_Feb_to_Sep_2026.csv,marradonna,brighton,2026-06-22,597,3.85668411,0.0,0,-1.75,-1.75,-44.904512714285715,2026
2026-06-22,Edwin Hubble,Windsor,7:50,Win Only,7.0,1.75,BensBets_Master_Feb_to_Sep_2026.csv,edwinhubble,windsor,2026-06-22,598,2.66,0.0,0,-1.75,-1.75,-62.0,2026
2026-06-23,Roaring Ralph,Beverley,2:45,Each Way,5.0,4.5,BensBets_Master_Feb_to_Sep_2026.csv,roaringralph,beverley,2026-06-23,599,5.8791092,0.0,0,-4.5,-4.5,17.582184,2026
2026-06-23,Roadshow,Newton Abbot,5:35,Each Way,11.0,3.0,BensBets_Master_Feb_to_Sep_2026.csv,roadshow,newtonabbot,2026-06-23,600,8.4,0.0,0,-3.0,-3.0,-23.636363636363633,2026
2026-06-23,Walkin Out,Newton Abbot,7:50,Win Only,3.25,3.25,BensBets_Master_Feb_to_Sep_2026.csv,walkinout,newtonabbot,2026-06-23,601,5.8,0.0,0,-3.25,-3.25,78.46153846153845,2026
2026-06-23,Russian Rumour,Newbury,8:05,Win Only,15.0,1.25,BensBets_Master_Feb_to_Sep_2026.csv,russianrumour,newbury,2026-06-23,602,11.0,0.0,0,-1.25,-1.25,-26.66666666666667,2026
2026-06-23,Testflight,Newton Abbot,8:50,Each Way,9.5,3.0,BensBets_Master_Feb_to_Sep_2026.csv,testflight,newtonabbot,2026-06-23,603,10.98540519,0.0,0,-3.0,-3.0,15.635844105263153,2026
2026-06-24,Glenfinnan,Carlisle,4:35,Each Way,19.0,2.0,BensBets_Master_Feb_to_Sep_2026.csv,glenfinnan,carlisle,2026-06-24,604,12.15846576,0.0,0,-2.0,-2.0,-36.00807494736842,2026
2026-06-25,Glorious Game,Newmarket,12:15,Win Only,3.0,3.5,BensBets_Master_Feb_to_Sep_2026.csv,gloriousgame,newmarket,2026-06-25,605,3.12485636,1.0,1,6.859999999999999,7.2882573148,4.161878666666663,2026
2026-06-25,Cable Beach,Newcastle,6:07,Each Way,7.0,3.5,BensBets_Master_Feb_to_Sep_2026.csv,cablebeach,newcastle,2026-06-25,606,8.90725572,0.0,0,-3.5,-3.5,27.246510285714297,2026
2026-06-25,Valenday,Hamilton,8:00,Win Only,5.0,2.25,BensBets_Master_Feb_to_Sep_2026.csv,valenday,hamilton,2026-06-25,607,3.2,0.0,0,-2.25,-2.25,-36.0,2026
2026-06-26,Kimbara,Yarmouth,12:30,Win Only,3.25,3.25,BensBets_Master_Feb_to_Sep_2026.csv,kimbara,yarmouth,2026-06-26,608,3.22075555,0.0,0,-3.25,-3.25,-0.8998292307692335,2026
2026-06-26,Belles Benefit,Cartmel,2:48,Each Way,26.0,1.5,BensBets_Master_Feb_to_Sep_2026.csv,bellesbenefit,cartmel,2026-06-26,609,15.76032426,1.0,1,36.75,21.697676662200003,-39.38336823076922,2026
2026-06-26,Jack Sprat,Cartmel,3:18,Each Way,19.0,2.0,BensBets_Master_Feb_to_Sep_2026.csv,jacksprat,cartmel,2026-06-26,610,18.0,0.0,0,-2.0,-2.0,-5.263157894736848,2026
2026-06-26,Judicial Review,Cartmel,4:23,Each Way,23.0,1.5,BensBets_Master_Feb_to_Sep_2026.csv,judicialreview,cartmel,2026-06-26,611,8.09526218,0.0,0,-1.5,-1.5,-64.80320791304348,2026
2026-06-26,Callianassa,Newcastle,6:18,Each Way,5.0,4.5,BensBets_Master_Feb_to_Sep_2026.csv,callianassa,newcastle,2026-06-26,612,4.61455562,0.0,0,-4.5,-4.5,-7.708887600000002,2026
2026-06-26,Moonshine River,Bangor,7:08,Each Way,26.0,1.5,BensBets_Master_Feb_to_Sep_2026.csv,moonshineriver,bangor,2026-06-26,613,8.58556662,0.0,0,-1.5,-1.5,-66.97858992307692,2026
2026-06-27,Savrola,Newcastle,2:40,Each Way,23.0,1.5,BensBets_Master_Feb_to_Sep_2026.csv,savrola,newcastle,2026-06-27,614,90.0,0.0,0,-1.5,-1.5,291.30434782608694,2026
2026-06-27,No Drama Mama,Chepstow,5:25,Each Way,5.5,4.5,BensBets_Master_Feb_to_Sep_2026.csv,nodramamama,chepstow,2026-06-27,615,8.4,0.0,0,-4.5,-4.5,52.727272727272734,2026
2026-06-27,Curious Minx,Chepstow,6:00,Each Way,8.0,3.5,BensBets_Master_Feb_to_Sep_2026.csv,curiousminx,chepstow,2026-06-27,616,9.8,0.0,0,-3.5,-3.5,22.500000000000007,2026
2026-06-27,Jackabi,Chepstow,7:05,Each Way,8.0,3.5,BensBets_Master_Feb_to_Sep_2026.csv,jackabi,chepstow,2026-06-27,617,3.88651495,1.0,1,24.009999999999998,9.9007462785,-51.41856312499999,2026
2026-06-27,Great Blasket,Chepstow,7:35,Each Way,8.5,3.5,BensBets_Master_Feb_to_Sep_2026.csv,greatblasket,chepstow,2026-06-27,618,4.89112526,0.0,0,-3.5,-3.5,-42.45734988235294,2026
2026-06-27,Thanks Dad,Chepstow,8:35,Each Way,23.0,1.5,BensBets_Master_Feb_to_Sep_2026.csv,thanksdad,chepstow,2026-06-27,619,9.6,0.0,0,-1.5,-1.5,-58.26086956521739,2026
2026-06-28,Crown Of Oaks,Curragh,3:20,Each Way,8.5,3.5,BensBets_Master_Feb_to_Sep_2026.csv,crownofoaks,curragh,2026-06-28,621,8.30117056,0.0,0,-3.5,-3.5,-2.339169882352954,2026
2026-06-28,Musique De Fee,Uttoxeter,4:03,Each Way,17.0,2.5,BensBets_Master_Feb_to_Sep_2026.csv,musiquedefee,uttoxeter,2026-06-28,622,10.64800345,0.0,0,-2.5,-2.5,-37.364685588235304,2026
2026-06-28,Punica Granatum,Curragh,5:15,Each Way,9.0,3.0,BensBets_Master_Feb_to_Sep_2026.csv,punicagranatum,curragh,2026-06-28,623,6.0,0.0,0,-3.0,-3.0,-33.333333333333336,2026
2026-06-29,Shimmering Sands,Pontefract,2:30,Win Only,3.75,2.0,BensBets_Master_Feb_to_Sep_2026.csv,shimmeringsands,pontefract,2026-06-29,624,3.5,1.0,1,5.39,4.9,-6.666666666666665,2026
2026-06-29,Havana Court,Kempton,6:15,Win Only,6.5,2.0,BensBets_Master_Feb_to_Sep_2026.csv,havanacourt,kempton,2026-06-29,625,23.0,0.0,0,-2.0,-2.0,253.84615384615384,2026
2026-06-29,Il Capo,Windsor,6:30,Each Way,26.0,1.5,BensBets_Master_Feb_to_Sep_2026.csv,ilcapo,windsor,2026-06-29,626,55.0,0.0,0,-1.5,-1.5,111.53846153846155,2026
2026-06-29,Baldomero,Windsor,7:00,Each Way,26.0,1.5,BensBets_Master_Feb_to_Sep_2026.csv,baldomero,windsor,2026-06-29,627,42.0,0.0,0,-1.5,-1.5,61.53846153846154,2026
2026-06-29,Greek Order,Windsor,8:00,Each Way,11.0,3.0,BensBets_Master_Feb_to_Sep_2026.csv,greekorder,windsor,2026-06-29,628,12.0,0.0,0,-3.0,-3.0,9.090909090909083,2026
2026-06-30,Ameilya,Musselburgh,4:00,Each Way,41.0,1.0,BensBets_Master_Feb_to_Sep_2026.csv,ameilya,musselburgh,2026-06-30,629,280.0,0.0,0,-1.0,-1.0,582.9268292682926,2026
2026-06-30,Delpotro,Stratford,8:18,Each Way,11.0,3.0,BensBets_Master_Feb_to_Sep_2026.csv,delpotro,stratford,2026-06-30,630,4.3,0.0,0,-3.0,-3.0,-60.909090909090914,2026
2026-06-30,Denbys Dream,Brighton,3:43,Win Only,4.0,3.0,BensBets_Master_Feb_to_Sep_2026.csv,denbysdream,brighton,2026-06-30,631,4.9,1.0,1,8.82,11.466000000000001,22.500000000000007,2026
2026-06-30,Coconut Bay,Musselburgh,3:30,Each Way,19.0,2.0,BensBets_Master_Feb_to_Sep_2026.csv,coconutbay,musselburgh,2026-06-30,632,6.0073804,0.0,0,-2.0,-2.0,-68.38220842105262,2026
2026-07-01,Majestic Moment,Worcester,1:50,Each Way,13.0,2.5,BensBets_Master_Feb_to_Sep_2026.csv,majesticmoment,worcester,2026-07-01,633,4.46006023,0.0,0,-2.5,-2.5,-65.69184438461538,2026
2026-07-01,York Tower,Thirsk,3:40,Win Only,3.25,3.25,BensBets_Master_Feb_to_Sep_2026.csv,yorktower,thirsk,2026-07-01,634,3.35,0.0,0,-3.25,-3.25,3.076923076923088,2026
2026-07-01,Vince Le Prince,Thirsk,4:40,Each Way,8.0,3.5,BensBets_Master_Feb_to_Sep_2026.csv,vinceleprince,thirsk,2026-07-01,635,8.56840397,0.0,0,-3.5,-3.5,7.105049625000004,2026
2026-07-01,Hidden Verse,Bath,7:08,Each Way,13.0,2.5,BensBets_Master_Feb_to_Sep_2026.csv,hiddenverse,bath,2026-07-01,636,19.5,0.0,0,-2.5,-2.5,50.0,2026
2026-07-02,Nicely,Nottingham,2:30,Win Only,17.0,1.25,BensBets_Master_Feb_to_Sep_2026.csv,nicely,nottingham,2026-07-02,637,12.0,0.0,0,-1.25,-1.25,-29.411764705882348,2026
2026-07-02,Empirical,Nottingham,4:05,Win Only,2.5,3.75,BensBets_Master_Feb_to_Sep_2026.csv,empirical,nottingham,2026-07-02,638,2.44,1.0,1,5.5125,5.292,-2.400000000000002,2026
2026-07-02,Billie Be Quick,Bellewstown,7:16,Win Only,5.0,2.25,BensBets_Master_Feb_to_Sep_2026.csv,billiebequick,bellewstown,2026-07-02,639,5.53294537,0.0,0,-2.25,-2.25,10.658907399999995,2026
2026-07-02,Bulletin,Kempton,7:43,Win Only,4.0,3.0,BensBets_Master_Feb_to_Sep_2026.csv,bulletin,kempton,2026-07-02,640,4.4,0.0,0,-3.0,-3.0,10.000000000000009,2026
2026-07-02,Maxwell Smart,Bellewstown,7:51,Each Way,7.5,3.5,BensBets_Master_Feb_to_Sep_2026.csv,maxwellsmart,bellewstown,2026-07-02,641,4.3723683,0.0,0,-3.5,-3.5,-41.701756,2026
2026-07-03,Hawa Jumeirah,Newton Abbot,2:45,Each Way,17.0,2.5,BensBets_Master_Feb_to_Sep_2026.csv,hawajumeirah,newtonabbot,2026-07-03,642,18.0,0.0,0,-2.5,-2.5,5.882352941176472,2026
2026-07-03,The Balearic Sun,Sandown,3:00,Win Only,7.0,1.75,BensBets_Master_Feb_to_Sep_2026.csv,thebalearicsun,sandown,2026-07-03,643,6.49085902,0.0,0,-1.75,-1.75,-7.273442571428568,2026
2026-07-03,Serenity Blue,Doncaster,3:45,Each Way,9.5,3.0,BensBets_Master_Feb_to_Sep_2026.csv,serenityblue,doncaster,2026-07-03,644,9.8,0.0,0,-3.0,-3.0,3.157894736842115,2026
2026-07-03,Twilight Moon,Chepstow,5:10,Win Only,13.0,1.25,BensBets_Master_Feb_to_Sep_2026.csv,twilightmoon,chepstow,2026-07-03,645,9.0,0.0,0,-1.25,-1.25,-30.76923076923077,2026
2026-07-03,Vastern,Chepstow,6:15,Win Only,15.0,1.25,BensBets_Master_Feb_to_Sep_2026.csv,vastern,chepstow,2026-07-03,646,15.5,0.0,0,-1.25,-1.25,3.3333333333333437,2026
2026-07-04,Partisan Hero,Sandown,1:50,Each Way,41.0,1.0,BensBets_Master_Feb_to_Sep_2026.csv,partisanhero,sandown,2026-07-04,647,14.8328459,0.0,0,-1.0,-1.0,-63.822327073170726,2026
2026-07-04,Lava Stream,Newmarket,2:40,Each Way,9.0,3.5,BensBets_Master_Feb_to_Sep_2026.csv,lavastream,newmarket,2026-07-04,649,16.0,0.0,0,-3.5,-3.5,77.77777777777777,2026
2026-07-04,Tattie Bogle,Beverley,5:10,Win Only,4.0,3.0,BensBets_Master_Feb_to_Sep_2026.csv,tattiebogle,beverley,2026-07-04,651,4.3,0.0,0,-3.0,-3.0,7.499999999999996,2026
2026-07-05,Bannister,Market Rasen,1:50,Each Way,8.5,3.5,BensBets_Master_Feb_to_Sep_2026.csv,bannister,marketrasen,2026-07-05,652,23.0,0.0,0,-3.5,-3.5,170.58823529411765,2026
2026-07-05,Altareq,Ayr,3:15,Win Only,2.88,3.5,BensBets_Master_Feb_to_Sep_2026.csv,altareq,ayr,2026-07-05,653,3.88075538,1.0,1,6.4483999999999995,9.8809909534,34.74845069444446,2026
2026-07-05,Clementines Star,Southwell,3:40,Win Only,6.5,2.0,BensBets_Master_Feb_to_Sep_2026.csv,clementinesstar,southwell,2026-07-05,654,12.0,0.0,0,-2.0,-2.0,84.61538461538463,2026
2026-07-06,Heart Sign,Lingfield,2:15,Win Only,4.5,2.5,BensBets_Master_Feb_to_Sep_2026.csv,heartsign,lingfield,2026-07-06,655,2.78,0.0,0,-2.5,-2.5,-38.22222222222222,2026
2026-07-06,Dreamlighter,Ayr,2:30,Each Way,17.0,2.0,BensBets_Master_Feb_to_Sep_2026.csv,dreamlighter,ayr,2026-07-06,656,37.48208915,0.0,0,-2.0,-2.0,120.48287735294116,2026
2026-07-06,West Byfleet,Lingfield,5:20,Win Only,4.33,2.5,BensBets_Master_Feb_to_Sep_2026.csv,westbyfleet,lingfield,2026-07-06,657,8.2584394,0.0,0,-2.5,-2.5,90.7260831408776,2026
2026-07-06,Reigning Profit,Ripon,7:40,Win Only,7.0,1.75,BensBets_Master_Feb_to_Sep_2026.csv,reigningprofit,ripon,2026-07-06,658,4.8,1.0,1,10.29,6.5169999999999995,-31.428571428571427,2026
2026-07-07,Person Of Interest,Uttoxeter,4:00,Win Only,6.0,2.0,BensBets_Master_Feb_to_Sep_2026.csv,personofinterest,uttoxeter,2026-07-07,659,2.47801165,1.0,1,9.8,2.896902834,-58.69980583333334,2026
2026-07-07,Reds And Wolves,Wolverhampton,6:10,Each Way,5.5,4.5,BensBets_Master_Feb_to_Sep_2026.csv,redsandwolves,wolverhampton,2026-07-07,660,2.37284819,1.0,1,19.845,6.0542605179,-56.85730563636364,2026
2026-07-07,Voix De Bocelli,Brighton,7:50,Each Way,23.0,1.5,BensBets_Master_Feb_to_Sep_2026.csv,voixdebocelli,brighton,2026-07-07,661,17.26006671,0.0,0,-1.5,-1.5,-24.956231695652175,2026
2026-07-07,Kento,Brighton,8:50,Win Only,4.33,2.75,BensBets_Master_Feb_to_Sep_2026.csv,kento,brighton,2026-07-07,662,3.8,0.0,0,-2.75,-2.75,-12.240184757505778,2026
2026-07-08,Jenni,Catterick,2:00,Each Way,13.0,2.5,BensBets_Master_Feb_to_Sep_2026.csv,jenni,catterick,2026-07-08,663,7.90485198,0.0,0,-2.5,-2.5,-39.193446307692305,2026
2026-07-08,Hollywell Stream,Yarmouth,3:45,Win Only,3.5,3.25,BensBets_Master_Feb_to_Sep_2026.csv,hollywellstream,yarmouth,2026-07-08,664,5.1,0.0,0,-3.25,-3.25,45.71428571428571,2026
2026-07-08,Sports Day,Kempton,7:48,Each Way,7.5,3.5,BensBets_Master_Feb_to_Sep_2026.csv,sportsday,kempton,2026-07-08,666,14.18164528,0.0,0,-3.5,-3.5,89.08860373333334,2026
2026-07-09,Tai Hang Pegasus,Epsom,6:05,Win Only,7.0,1.75,BensBets_Master_Feb_to_Sep_2026.csv,taihangpegasus,epsom,2026-07-09,667,12.5,0.0,0,-1.75,-1.75,78.57142857142858,2026
2026-07-09,The Third Star,Newbury,7:27,Each Way,6.5,4.0,BensBets_Master_Feb_to_Sep_2026.csv,thethirdstar,newbury,2026-07-09,668,4.4,0.0,0,-4.0,-4.0,-32.30769230769231,2026
2026-07-09,Windbreaker,Newbury,8:02,Win Only,4.0,3.0,BensBets_Master_Feb_to_Sep_2026.csv,windbreaker,newbury,2026-07-09,669,3.24440659,0.0,0,-3.0,-3.0,-18.889835249999997,2026
2026-07-09,Sweep In Time,Epsom,8:52,Each Way,7.5,3.5,BensBets_Master_Feb_to_Sep_2026.csv,sweepintime,epsom,2026-07-09,670,5.9,0.0,0,-3.5,-3.5,-21.333333333333325,2026
2026-07-10,Manowest,Worcester,5:00,Each Way,8.5,3.5,BensBets_Master_Feb_to_Sep_2026.csv,manowest,worcester,2026-07-10,671,8.23106,0.0,0,-3.5,-3.5,-3.1640000000000112,2026
2026-07-10,Yoko,Chester,8:50,Each Way,10.0,3.0,BensBets_Master_Feb_to_Sep_2026.csv,yoko,chester,2026-07-10,672,11.5,0.0,0,-3.0,-3.0,14.999999999999991,2026
2026-07-11,Havana Hurricane,Ascot,1:55,Each Way,7.5,3.5,BensBets_Master_Feb_to_Sep_2026.csv,havanahurricane,ascot,2026-07-11,673,13.89958763,0.0,0,-3.5,-3.5,85.32783506666665,2026
2026-07-11,Tarot,Newmarket,2:15,Each Way,15.0,2.5,BensBets_Master_Feb_to_Sep_2026.csv,tarot,newmarket,2026-07-11,674,11.5446154,0.0,0,-2.5,-2.5,-23.03589733333333,2026
2026-07-11,More Thunder,Ascot,2:27,Win Only,2.5,4.0,BensBets_Master_Feb_to_Sep_2026.csv,morethunder,ascot,2026-07-11,675,2.14,0.0,0,-4.0,-4.0,-14.399999999999991,2026
2026-07-11,Rosa Inglesa,Ascot,4:45,Win Only,5.5,2.25,BensBets_Master_Feb_to_Sep_2026.csv,rosainglesa,ascot,2026-07-11,676,3.45,1.0,1,9.9225,5.40225,-37.272727272727266,2026
2026-07-11,Dream Harder,Chester,5:00,Each Way,21.0,2.0,BensBets_Master_Feb_to_Sep_2026.csv,dreamharder,chester,2026-07-11,677,55.0,0.0,0,-2.0,-2.0,161.9047619047619,2026
2026-07-12,Lets Mingle,Perth,3:16,Each Way,11.0,3.0,BensBets_Master_Feb_to_Sep_2026.csv,letsmingle,perth,2026-07-12,680,25.0,1.0,1,29.400000000000002,70.56,127.2727272727273,2026
2026-07-12,Basilette,Stratford,5:20,Each Way,8.5,3.5,BensBets_Master_Feb_to_Sep_2026.csv,basilette,stratford,2026-07-12,681,5.17104261,1.0,1,25.724999999999998,14.3066761523,-39.16420458823529,2026
2026-07-13,Vega King,Ayr,2:00,Win Only,4.0,2.75,BensBets_Master_Feb_to_Sep_2026.csv,vegaking,ayr,2026-07-13,682,4.0755944,0.0,0,-2.75,-2.75,1.8898599999999988,2026
2026-07-13,Inappropriate,Ayr,5:05,Win Only,7.5,1.75,BensBets_Master_Feb_to_Sep_2026.csv,inappropriate,ayr,2026-07-13,683,4.9,0.0,0,-1.75,-1.75,-34.66666666666666,2026
2026-07-13,Special Ghaiyyath,Windsor,8:20,Each Way,21.0,2.0,BensBets_Master_Feb_to_Sep_2026.csv,specialghaiyyath,windsor,2026-07-13,684,224.56109397,0.0,0,-2.0,-2.0,969.3385427142857,2026
2026-07-14,Kudos Too,Leicester,2:24,Win Only,8.0,1.75,BensBets_Master_Feb_to_Sep_2026.csv,kudostoo,leicester,2026-07-14,685,5.7,0.0,0,-1.75,-1.75,-28.749999999999996,2026
2026-07-14,Meet Me In Meraki,Ffos Las,5:14,Each Way,8.0,3.5,BensBets_Master_Feb_to_Sep_2026.csv,meetmeinmeraki,ffoslas,2026-07-14,686,2.52,0.0,0,-3.5,-3.5,-68.5,2026
2026-07-14,Adelaide Bay,Wolverhampton,6:55,Each Way,5.0,4.5,BensBets_Master_Feb_to_Sep_2026.csv,adelaidebay,wolverhampton,2026-07-14,687,2.3548596,0.0,0,-4.5,-4.5,-52.902808,2026
2026-07-15,Mudamer,Catterick,4:10,Win Only,6.5,2.0,BensBets_Master_Feb_to_Sep_2026.csv,mudamer,catterick,2026-07-15,688,4.8,0.0,0,-2.0,-2.0,-26.15384615384616,2026
2026-07-15,Horndean,Yarmouth,6:10,Win Only,7.5,1.75,BensBets_Master_Feb_to_Sep_2026.csv,horndean,yarmouth,2026-07-15,689,5.46071569,0.0,0,-1.75,-1.75,-27.190457466666672,2026
2026-07-15,Sea Suite,Yarmouth,6:40,Win Only,5.5,2.25,BensBets_Master_Feb_to_Sep_2026.csv,seasuite,yarmouth,2026-07-15,690,4.3,0.0,0,-2.25,-2.25,-21.818181818181827,2026
2026-07-16,Night Emperor,Thirsk,4:10,Win Only,6.5,2.0,BensBets_Master_Feb_to_Sep_2026.csv,nightemperor,thirsk,2026-07-16,691,4.1,0.0,0,-2.0,-2.0,-36.92307692307693,2026
2026-07-16,Barley,Thirsk,4:45,Win Only,5.5,2.25,BensBets_Master_Feb_to_Sep_2026.csv,barley,thirsk,2026-07-16,692,6.01623362,0.0,0,-2.25,-2.25,9.386065818181821,2026
2026-07-16,Some Nightmare,Chepstow,5:00,Win Only,10.0,1.75,BensBets_Master_Feb_to_Sep_2026.csv,somenightmare,chepstow,2026-07-16,693,17.34835586,0.0,0,-1.75,-1.75,73.48355860000002,2026
2026-07-16,Atlanta Brave,Worcester,5:52,Win Only,15.0,1.25,BensBets_Master_Feb_to_Sep_2026.csv,atlantabrave,worcester,2026-07-16,694,6.49320308,0.0,0,-1.25,-1.25,-56.71197946666666,2026
2026-07-17,Baileys Ontherocks,Nottingham,4:40,Each Way,17.0,2.0,BensBets_Master_Feb_to_Sep_2026.csv,baileysontherocks,nottingham,2026-07-17,695,90.07304312,0.0,0,-2.0,-2.0,429.84143011764706,2026
2026-07-17,Brouhaha,Nottingham,5:10,Win Only,8.0,1.75,BensBets_Master_Feb_to_Sep_2026.csv,brouhaha,nottingham,2026-07-17,696,30.0,0.0,0,-1.75,-1.75,275.0,2026
2026-07-17,Magnatura,Newbury,5:55,Each Way,11.0,3.0,BensBets_Master_Feb_to_Sep_2026.csv,magnatura,newbury,2026-07-17,697,20.8714705,0.0,0,-3.0,-3.0,89.74064090909091,2026
2026-07-17,Al Aali,Newmarket,6:58,Win Only,8.0,1.75,BensBets_Master_Feb_to_Sep_2026.csv,alaali,newmarket,2026-07-17,698,4.3,1.0,1,12.004999999999999,5.6594999999999995,-46.25,2026
2026-07-17,Vantheman,Pontefract,7:07,Each Way,6.5,4.0,BensBets_Master_Feb_to_Sep_2026.csv,vantheman,pontefract,2026-07-17,699,7.2,0.0,0,-4.0,-4.0,10.769230769230775,2026
2026-07-18,Quillan,Ripon,2:05,Win Only,3.5,3.25,BensBets_Master_Feb_to_Sep_2026.csv,quillan,ripon,2026-07-18,700,2.3,1.0,1,7.9625,4.140499999999999,-34.285714285714285,2026
2026-07-18,Soul Icon,Market Rasen,2:45,Each Way,7.0,3.5,BensBets_Master_Feb_to_Sep_2026.csv,soulicon,marketrasen,2026-07-18,701,10.0,0.0,0,-3.5,-3.5,42.85714285714286,2026
2026-07-18,Moon Warp,Newmarket,4:52,Win Only,4.0,3.0,BensBets_Master_Feb_to_Sep_2026.csv,moonwarp,newmarket,2026-07-18,702,4.05340689,0.0,0,-3.0,-3.0,1.335172249999994,2026
2026-07-18,Got Grey,Cartmel,5:30,Win Only,9.0,1.5,BensBets_Master_Feb_to_Sep_2026.csv,gotgrey,cartmel,2026-07-18,703,11.49448559,0.0,0,-1.5,-1.5,27.716506555555554,2026
2026-07-18,Boilermaker,Doncaster,7:50,Win Only,6.5,2.0,BensBets_Master_Feb_to_Sep_2026.csv,boilermaker,doncaster,2026-07-18,704,2.2,0.0,0,-2.0,-2.0,-66.15384615384615,2026
2026-07-19,Kotgar,Stratford,2:48,Each Way,15.0,2.5,BensBets_Master_Feb_to_Sep_2026.csv,kotgar,stratford,2026-07-19,705,12.69203967,0.0,0,-2.5,-2.5,-15.386402200000004,2026
2026-07-19,Flashy Boy,Newton Abbot,3:40,Each Way,9.5,3.0,BensBets_Master_Feb_to_Sep_2026.csv,flashyboy,newtonabbot,2026-07-19,706,5.25533662,0.0,0,-3.0,-3.0,-44.68066715789474,2026
2026-07-19,East Eagle,Stratford,4:33,Win Only,8.5,1.75,BensBets_Master_Feb_to_Sep_2026.csv,easteagle,stratford,2026-07-19,707,10.3637708,1.0,1,12.862499999999999,16.058866922,21.92671529411765,2026
2026-07-19,Time To Bite,Newton Abbot,4:50,Each Way,6.0,4.0,BensBets_Master_Feb_to_Sep_2026.csv,timetobite,newtonabbot,2026-07-19,708,4.7,0.0,0,-4.0,-4.0,-21.666666666666668,2026
2026-07-20,Kind Of Kiss,Cartmel,1:42,Each Way,17.0,2.5,BensBets_Master_Feb_to_Sep_2026.csv,kindofkiss,cartmel,2026-07-20,709,28.0,0.0,0,-2.5,-2.5,64.70588235294117,2026
2026-07-20,Mount Ruapehu,Ayr,2:30,Each Way,8.0,3.5,BensBets_Master_Feb_to_Sep_2026.csv,mountruapehu,ayr,2026-07-20,710,6.8,0.0,0,-3.5,-3.5,-15.000000000000002,2026
2026-07-20,Masterminding,Cartmel,2:42,Win Only,6.5,2.0,BensBets_Master_Feb_to_Sep_2026.csv,masterminding,cartmel,2026-07-20,711,4.9,0.0,0,-2.0,-2.0,-24.615384615384606,2026
2026-07-20,Treble Bass,Windsor,6:50,Each Way,8.5,3.5,BensBets_Master_Feb_to_Sep_2026.csv,treblebass,windsor,2026-07-20,712,22.39435155,0.0,0,-3.5,-3.5,163.4629594117647,2026
2026-07-21,Remi Mae,Nottingham,3:15,Win Only,4.5,2.75,BensBets_Master_Feb_to_Sep_2026.csv,remimae,nottingham,2026-07-21,713,3.3170449,0.0,0,-2.75,-2.75,-26.287891111111115,2026
2026-07-21,Pretty Wild,Ballinrobe,4:36,Each Way,67.0,1.0,BensBets_Master_Feb_to_Sep_2026.csv,prettywild,ballinrobe,2026-07-21,714,180.99978867,0.0,0,-1.0,-1.0,170.14893831343284,2026
2026-07-21,Hoodie Hoo,Nottingham,5:15,Each Way,6.0,4.0,BensBets_Master_Feb_to_Sep_2026.csv,hoodiehoo,nottingham,2026-07-21,715,7.18402152,1.0,1,19.6,24.2413643584,19.73369199999999,2026
2026-07-21,Lureka Du Noyer,Ballinrobe,6:09,Win Only,2.5,4.0,BensBets_Master_Feb_to_Sep_2026.csv,lurekadunoyer,ballinrobe,2026-07-21,717,1.72,0.0,0,-4.0,-4.0,-31.200000000000006,2026
2026-07-21,No Knee Never,Wolverhampton,6:30,Each Way,8.5,3.5,BensBets_Master_Feb_to_Sep_2026.csv,nokneenever,wolverhampton,2026-07-21,718,6.52729421,0.0,0,-3.5,-3.5,-23.208303411764707,2026
2026-07-22,Crackerjack Queen,Worcester,1:55,Each Way,13.0,2.5,BensBets_Master_Feb_to_Sep_2026.csv,crackerjackqueen,worcester,2026-07-22,719,10.11714664,0.0,0,-2.5,-2.5,-22.175795076923077,2026
2026-07-22,Hamdani Mokhater,Catterick,2:37,Win Only,3.75,3.5,BensBets_Master_Feb_to_Sep_2026.csv,hamdanimokhater,catterick,2026-07-22,720,2.33823867,0.0,0,-3.5,-3.5,-37.6469688,2026
2026-07-22,Kings Merchant,Catterick,3:10,Win Only,4.33,2.75,BensBets_Master_Feb_to_Sep_2026.csv,kingsmerchant,catterick,2026-07-22,721,7.2,0.0,0,-2.75,-2.75,66.28175519630486,2026
2026-07-22,Media Mogul,Worcester,4:00,Win Only,3.5,3.5,BensBets_Master_Feb_to_Sep_2026.csv,mediamogul,worcester,2026-07-22,722,3.60561015,0.0,0,-3.5,-3.5,3.0174328571428655,2026
2026-07-22,The Craftymaster,Lingfield,6:40,Each Way,7.0,3.5,BensBets_Master_Feb_to_Sep_2026.csv,thecraftymaster,lingfield,2026-07-22,723,7.8,1.0,1,20.58,23.323999999999998,11.428571428571432,2026
2026-07-23,Lead The Squad,Doncaster,2:10,Each Way,8.0,3.5,BensBets_Master_Feb_to_Sep_2026.csv,leadthesquad,doncaster,2026-07-23,724,14.71385199,0.0,0,-3.5,-3.5,83.92314987500001,2026
2026-07-23,Londoner,Sandown,3:30,Win Only,7.5,1.75,BensBets_Master_Feb_to_Sep_2026.csv,londoner,sandown,2026-07-23,725,5.96191627,0.0,0,-1.75,-1.75,-20.507783066666676,2026
2026-07-23,Anthropologist,Southwell,4:53,Each Way,10.0,3.0,BensBets_Master_Feb_to_Sep_2026.csv,anthropologist,southwell,2026-07-23,726,8.0,0.0,0,-3.0,-3.0,-19.999999999999996,2026
2026-07-23,Zarco,Doncaster,5:23,Win Only,5.5,2.25,BensBets_Master_Feb_to_Sep_2026.csv,zarco,doncaster,2026-07-23,727,3.25,0.0,0,-2.25,-2.25,-40.90909090909091,2026
2026-07-23,Drifts Away,Yarmouth,5:39,Each Way,12.0,3.0,BensBets_Master_Feb_to_Sep_2026.csv,driftsaway,yarmouth,2026-07-23,728,9.2,1.0,1,32.339999999999996,24.107999999999997,-23.33333333333334,2026
2026-07-24,Littletown Lad,Uttoxeter,2:10,Win Only,17.0,1.25,BensBets_Master_Feb_to_Sep_2026.csv,littletownlad,uttoxeter,2026-07-24,729,21.41284739,0.0,0,-1.25,-1.25,25.957925823529404,2026
2026-07-24,Sixty Plus,Thirsk,4:53,Win Only,4.0,2.75,BensBets_Master_Feb_to_Sep_2026.csv,sixtyplus,thirsk,2026-07-24,730,5.3,1.0,1,8.084999999999999,11.588499999999998,32.49999999999999,2026
2026-07-24,Albegone,Thirsk,5:27,Each Way,12.0,2.5,BensBets_Master_Feb_to_Sep_2026.csv,albegone,thirsk,2026-07-24,731,5.87674035,0.0,0,-2.5,-2.5,-51.02716375000001,2026
2026-07-24,Frankies Flame,Uttoxeter,5:35,Win Only,21.0,1.0,BensBets_Master_Feb_to_Sep_2026.csv,frankiesflame,uttoxeter,2026-07-24,732,50.0,0.0,0,-1.0,-1.0,138.0952380952381,2026
2026-07-25,Tricky Tel,Chester,3:48,Each Way,11.0,3.0,BensBets_Master_Feb_to_Sep_2026.csv,trickytel,chester,2026-07-25,733,13.5,0.0,0,-3.0,-3.0,22.72727272727273,2026
2026-07-25,Grandlad,Chester,4:23,Each Way,12.0,2.5,BensBets_Master_Feb_to_Sep_2026.csv,grandlad,chester,2026-07-25,734,16.5,0.0,0,-2.5,-2.5,37.5,2026
2026-07-25,Mick The Hat,Lingfield,5:27,Win Only,5.0,2.25,BensBets_Master_Feb_to_Sep_2026.csv,mickthehat,lingfield,2026-07-25,735,12.0,0.0,0,-2.25,-2.25,140.0,2026
2026-07-26,Bolt Of Blue,Pontefract,3:00,Win Only,9.5,1.5,BensBets_Master_Feb_to_Sep_2026.csv,boltofblue,pontefract,2026-07-26,736,5.0,1.0,1,12.495000000000001,5.88,-47.36842105263158,2026
2026-07-26,Percys Daydream,Pontefract,4:30,Win Only,7.0,1.75,BensBets_Master_Feb_to_Sep_2026.csv,percysdaydream,pontefract,2026-07-26,737,4.3,0.0,0,-1.75,-1.75,-38.57142857142858,2026
2026-07-26,Hudson,Uttoxeter,4:42,Each Way,19.0,2.0,BensBets_Master_Feb_to_Sep_2026.csv,hudson,uttoxeter,2026-07-26,738,18.5,0.0,0,-2.0,-2.0,-2.631578947368418,2026
2026-07-26,Battenburg Belle,Pontefract,5:00,Each Way,5.5,4.0,BensBets_Master_Feb_to_Sep_2026.csv,battenburgbelle,pontefract,2026-07-26,739,12.42679351,0.0,0,-4.0,-4.0,125.94170018181816,2026
2026-07-27,March Lilly,Ayr,2:15,Win Only,4.5,2.75,BensBets_Master_Feb_to_Sep_2026.csv,marchlilly,ayr,2026-07-27,740,5.5,0.0,0,-2.75,-2.75,22.222222222222232,2026
2026-07-27,Kelpie Grey,Ayr,2:45,Each Way,7.0,3.5,BensBets_Master_Feb_to_Sep_2026.csv,kelpiegrey,ayr,2026-07-27,741,5.0,0.0,0,-3.5,-3.5,-28.57142857142857,2026
2026-07-27,Korbut,Southwell,5:30,Each Way,8.5,3.5,BensBets_Master_Feb_to_Sep_2026.csv,korbut,southwell,2026-07-27,742,17.0,0.0,0,-3.5,-3.5,100.0,2026
2026-07-28,Amiloc,Goodwood,3:35,Each Way,15.0,1.0,BensBets_Master_Feb_to_Sep_2026.csv,amiloc,goodwood,2026-07-28,743,11.31028735,0.0,0,-1.0,-1.0,-24.598084333333336,2026
2026-07-28,Finnians Row,Galway,5:45,Each Way,23.0,1.5,BensBets_Master_Feb_to_Sep_2026.csv,finniansrow,galway,2026-07-28,744,59.37695333,0.0,0,-1.5,-1.5,158.1606666521739,2026
2026-07-28,Beaujolais Nouveau,Goodwood,5:55,Each Way,41.0,1.0,BensBets_Master_Feb_to_Sep_2026.csv,beaujolaisnouveau,goodwood,2026-07-28,745,50.65639207,0.0,0,-1.0,-1.0,23.552175780487804,2026
2026-07-28,Dunum,Galway,6:45,Each Way,12.0,2.5,BensBets_Master_Feb_to_Sep_2026.csv,dunum,galway,2026-07-28,746,29.0,0.0,0,-2.5,-2.5,141.66666666666666,2026
2026-07-28,Rhythm King,Galway,8:15,Each Way,12.0,2.5,BensBets_Master_Feb_to_Sep_2026.csv,rhythmking,galway,2026-07-28,747,14.92564779,0.0,0,-2.5,-2.5,24.380398250000002,2026
2026-07-29,Archduke Ferdinand,Redcar,2:05,Each Way,8.5,3.5,BensBets_Master_Feb_to_Sep_2026.csv,archdukeferdinand,redcar,2026-07-29,748,4.07596288,1.0,1,25.724999999999998,10.550552678399999,-52.04749552941177,2026
2026-07-29,Ancient Realm,Redcar,2:40,Win Only,17.0,1.25,BensBets_Master_Feb_to_Sep_2026.csv,ancientrealm,redcar,2026-07-29,749,20.0,0.0,0,-1.25,-1.25,17.647058823529417,2026
2026-07-29,Rockys Diamond,Galway,6:40,Each Way,13.0,2.5,BensBets_Master_Feb_to_Sep_2026.csv,rockysdiamond,galway,2026-07-29,750,12.0,0.0,0,-2.5,-2.5,-7.692307692307687,2026
2026-07-29,Lancaster Tower,Sandown,6:50,Win Only,3.5,3.25,BensBets_Master_Feb_to_Sep_2026.csv,lancastertower,sandown,2026-07-29,751,1.85,0.0,0,-3.25,-3.25,-47.14285714285714,2026
2026-07-29,Moving Shadow,Leicester,7:02,Win Only,2.5,4.0,BensBets_Master_Feb_to_Sep_2026.csv,movingshadow,leicester,2026-07-29,752,1.6389993,0.0,0,-4.0,-4.0,-34.440028,2026
2026-07-30,Crown Office,Nottingham,3:10,Each Way,7.5,3.5,BensBets_Master_Feb_to_Sep_2026.csv,crownoffice,nottingham,2026-07-30,753,3.29672341,0.0,0,-3.5,-3.5,-56.04368786666667,2026
2026-07-30,Calm The Jets,Galway,5:05,Each Way,21.0,2.0,BensBets_Master_Feb_to_Sep_2026.csv,calmthejets,galway,2026-07-30,755,14.33498234,0.0,0,-2.0,-2.0,-31.73817933333334,2026
2026-07-30,Flightofthephoenix,Nottingham,5:25,Each Way,21.0,2.0,BensBets_Master_Feb_to_Sep_2026.csv,flightofthephoenix,nottingham,2026-07-30,756,5.18207494,0.0,0,-2.0,-2.0,-75.32345266666667,2026
2026-07-31,Alphonse Le Grande,Goodwood,1:50,Each Way,11.0,3.0,BensBets_Master_Feb_to_Sep_2026.csv,alphonselegrande,goodwood,2026-07-31,757,13.89843731,0.0,0,-3.0,-3.0,26.349430090909088,2026
2026-08-01,Enfjaar,Goodwood,2:25,Each Way,12.0,2.5,BensBets_Master_Feb_to_Sep_2026.csv,enfjaar,goodwood,2026-08-01,758,10.71237144,1.0,1,26.95,23.795310028,-10.730238000000003,2026
2026-08-01,Ifiwerearichman,Galway,3:12,Each Way,17.0,2.0,BensBets_Master_Feb_to_Sep_2026.csv,ifiwerearichman,galway,2026-08-01,759,20.6499523,0.0,0,-2.0,-2.0,21.470307647058817,2026
2026-08-01,Pillar Of Hope,Galway,6:05,Each Way,26.0,1.5,BensBets_Master_Feb_to_Sep_2026.csv,pillarofhope,galway,2026-08-01,760,20.74613534,0.0,0,-1.5,-1.5,-20.20717176923077,2026
2026-08-01,Laylaty,Lingfield,7:15,Each Way,6.0,4.0,BensBets_Master_Feb_to_Sep_2026.csv,laylaty,lingfield,2026-08-01,761,3.55,1.0,1,19.6,9.995999999999999,-40.833333333333336,2026
2026-08-02,Timber Twelve,Chester,2:10,Win Only,3.0,3.5,BensBets_Master_Feb_to_Sep_2026.csv,timbertwelve,chester,2026-08-02,762,4.38883927,0.0,0,-3.5,-3.5,46.294642333333336,2026
2026-08-02,Risen Again,Yarmouth,4:38,Each Way,21.0,2.0,BensBets_Master_Feb_to_Sep_2026.csv,risenagain,yarmouth,2026-08-02,763,12.48503733,0.0,0,-2.0,-2.0,-40.54744128571428,2026
2026-08-02,Nad Alshiba Snow,Yarmouth,5:08,Each Way,19.0,2.0,BensBets_Master_Feb_to_Sep_2026.csv,nadalshibasnow,yarmouth,2026-08-02,764,10.3867959,0.0,0,-2.0,-2.0,-45.33265315789474,2026
2026-08-03,Moonlit Surf,Nottingham,2:40,Each Way,5.0,4.5,BensBets_Master_Feb_to_Sep_2026.csv,moonlitsurf,nottingham,2026-08-03,765,2.08,0.0,0,-4.5,-4.5,-58.4,2026
2026-08-03,Secret Harvest,Ripon,2:54,Each Way,7.0,3.5,BensBets_Master_Feb_to_Sep_2026.csv,secretharvest,ripon,2026-08-03,766,12.5,0.0,0,-3.5,-3.5,78.57142857142858,2026
2026-08-03,Boleto,Nottingham,3:40,Each Way,7.0,3.5,BensBets_Master_Feb_to_Sep_2026.csv,boleto,nottingham,2026-08-03,767,11.0,0.0,0,-3.5,-3.5,57.14285714285714,2026
2026-08-03,Rousing Encore,Ripon,3:54,Each Way,7.0,3.5,BensBets_Master_Feb_to_Sep_2026.csv,rousingencore,ripon,2026-08-03,768,10.5,0.0,0,-3.5,-3.5,50.0,2026
2026-08-03,Sedeirah,Nottingham,4:40,Win Only,4.0,3.0,BensBets_Master_Feb_to_Sep_2026.csv,sedeirah,nottingham,2026-08-03,769,5.1,0.0,0,-3.0,-3.0,27.499999999999993,2026
2026-08-04,National Pride,Catterick,2:15,Each Way,10.0,3.0,BensBets_Master_Feb_to_Sep_2026.csv,nationalpride,catterick,2026-08-04,770,2.2094604,0.0,0,-3.0,-3.0,-77.905396,2026
2026-08-04,Somethingintheair,Ffos Las,5:00,Each Way,5.5,4.5,BensBets_Master_Feb_to_Sep_2026.csv,somethingintheair,ffoslas,2026-08-04,771,15.0,0.0,0,-4.5,-4.5,172.72727272727272,2026
2026-08-04,A Daughters Love,Ffos Las,5:30,Each Way,29.0,1.5,BensBets_Master_Feb_to_Sep_2026.csv,adaughterslove,ffoslas,2026-08-04,772,12.46954773,1.0,1,41.16,16.8602351631,-57.001559551724135,2026
2026-08-04,Pablo Prince,Lingfield,7:48,Each Way,19.0,2.0,BensBets_Master_Feb_to_Sep_2026.csv,pabloprince,lingfield,2026-08-04,773,33.98388438,0.0,0,-2.0,-2.0,78.86254936842106,2026
2026-08-05,Silca Bay,Brighton,3:30,Win Only,5.5,2.25,BensBets_Master_Feb_to_Sep_2026.csv,silcabay,brighton,2026-08-05,774,4.18553622,0.0,0,-2.25,-2.25,-23.899341454545453,2026
2026-08-05,Redredrobin,Brighton,4:30,Each Way,17.0,2.0,BensBets_Master_Feb_to_Sep_2026.csv,redredrobin,brighton,2026-08-05,775,34.0,0.0,0,-2.0,-2.0,100.0,2026
2026-08-05,Faustus,Brighton,5:00,Each Way,5.0,4.5,BensBets_Master_Feb_to_Sep_2026.csv,faustus,brighton,2026-08-05,776,3.68865318,0.0,0,-4.5,-4.5,-26.2269364,2026
2026-08-05,Troublesome Guest,Yarmouth,6:40,Each Way,13.0,2.5,BensBets_Master_Feb_to_Sep_2026.csv,troublesomeguest,yarmouth,2026-08-05,777,5.2,0.0,0,-2.5,-2.5,-60.0,2026
2026-08-05,Najidi Storm,Kempton,6:50,Each Way,5.5,4.5,BensBets_Master_Feb_to_Sep_2026.csv,najidistorm,kempton,2026-08-05,778,14.0,1.0,1,19.845,57.33,154.54545454545453,2026
2026-08-05,Urban Warrior,Yarmouth,7:40,Each Way,5.0,4.5,BensBets_Master_Feb_to_Sep_2026.csv,urbanwarrior,yarmouth,2026-08-05,779,3.35280458,1.0,1,17.64,10.3758681978,-32.9439084,2026
2026-08-06,Whats The Plan,Sandown,5:00,Each Way,5.0,4.5,BensBets_Master_Feb_to_Sep_2026.csv,whatstheplan,sandown,2026-08-06,780,2.55746818,0.0,0,-4.5,-4.5,-48.8506364,2026
2026-08-06,Double Red,Chepstow,5:20,Each Way,5.0,4.5,BensBets_Master_Feb_to_Sep_2026.csv,doublered,chepstow,2026-08-06,781,3.8,0.0,0,-4.5,-4.5,-24.0,2026
2026-08-06,Dorney Lake,Southwell,7:51,Each Way,10.0,3.0,BensBets_Master_Feb_to_Sep_2026.csv,dorneylake,southwell,2026-08-06,782,6.1121869,1.0,1,26.46,15.029829486,-38.878130999999996,2026
2026-08-06,Golspie,Southwell,9:00,Each Way,10.0,3.0,BensBets_Master_Feb_to_Sep_2026.csv,golspie,southwell,2026-08-06,783,6.2,0.0,0,-3.0,-3.0,-38.0,2026
2026-08-07,Extended Order,Musselburgh,2:50,Each Way,15.0,2.5,BensBets_Master_Feb_to_Sep_2026.csv,extendedorder,musselburgh,2026-08-07,784,16.85502121,0.0,0,-2.5,-2.5,12.366808066666678,2026
2026-08-07,Bymiddaytomorrow,Thirsk,3:10,Win Only,2.88,4.0,BensBets_Master_Feb_to_Sep_2026.csv,bymiddaytomorrow,thirsk,2026-08-07,785,2.74,1.0,1,7.369599999999999,6.820800000000001,-4.861111111111105,2026
2026-08-07,One Night Thunder,Musselburgh,3:20,Each Way,15.0,2.5,BensBets_Master_Feb_to_Sep_2026.csv,onenightthunder,musselburgh,2026-08-07,786,29.0,0.0,0,-2.5,-2.5,93.33333333333333,2026
2026-08-07,Mart,Brighton,4:30,Each Way,7.5,3.5,BensBets_Master_Feb_to_Sep_2026.csv,mart,brighton,2026-08-07,787,4.0,0.0,0,-3.5,-3.5,-46.666666666666664,2026
2026-08-07,Montezin,Haydock,8:38,Win Only,13.0,1.25,BensBets_Master_Feb_to_Sep_2026.csv,montezin,haydock,2026-08-07,788,6.2,1.0,1,14.7,6.37,-52.3076923076923,2026
2026-08-08,Level Look,Ascot,3:55,Each Way,21.0,2.0,BensBets_Master_Feb_to_Sep_2026.csv,levellook,ascot,2026-08-08,789,24.0,0.0,0,-2.0,-2.0,14.28571428571428,2026
2026-08-08,Ballybrittas,Wexford,5:05,Win Only,4.33,2.75,BensBets_Master_Feb_to_Sep_2026.csv,ballybrittas,wexford,2026-08-08,790,4.4,0.0,0,-2.75,-2.75,1.616628175519641,2026
2026-08-08,Masaban,Redcar,5:31,Each Way,6.5,4.0,BensBets_Master_Feb_to_Sep_2026.csv,masaban,redcar,2026-08-08,791,4.08015816,0.0,0,-4.0,-4.0,-37.228336000000006,2026
2026-08-08,Startling,Ayr,6:00,Each Way,15.0,2.5,BensBets_Master_Feb_to_Sep_2026.csv,startling,ayr,2026-08-08,792,19.33869487,0.0,0,-2.5,-2.5,28.92463246666668,2026
2026-08-08,The Little Yank,Kilbeggan,7:18,Each Way,13.0,2.5,BensBets_Master_Feb_to_Sep_2026.csv,thelittleyank,kilbeggan,2026-08-08,793,4.7604329,0.0,0,-2.5,-2.5,-63.38128538461538,2026
2026-08-09,Jamess Delight,Curragh,3:25,Win Only,4.0,3.0,BensBets_Master_Feb_to_Sep_2026.csv,jamessdelight,curragh,2026-08-09,794,6.08998421,0.0,0,-3.0,-3.0,52.249605249999995,2026
2026-08-09,Ray Mon Dough,Leicester,4:44,Each Way,6.0,4.0,BensBets_Master_Feb_to_Sep_2026.csv,raymondough,leicester,2026-08-09,795,2.86657308,1.0,1,19.6,7.316966473600001,-52.223782,2026
2026-08-09,Symphonys Song,Chepstow,5:01,Win Only,7.0,1.75,BensBets_Master_Feb_to_Sep_2026.csv,symphonyssong,chepstow,2026-08-09,796,5.0,0.0,0,-1.75,-1.75,-28.57142857142857,2026
2026-08-10,Black Rock Beauty,Ayr,2:45,Each Way,13.0,2.5,BensBets_Master_Feb_to_Sep_2026.csv,blackrockbeauty,ayr,2026-08-10,797,26.0,0.0,0,-2.5,-2.5,100.0,2026
2026-08-10,Bollengo Boy,Kempton,3:30,Each Way,6.0,4.0,BensBets_Master_Feb_to_Sep_2026.csv,bollengoboy,kempton,2026-08-10,798,4.6,0.0,0,-4.0,-4.0,-23.33333333333334,2026
2026-08-10,Shadowmere,Kempton,4:00,Each Way,7.5,3.5,BensBets_Master_Feb_to_Sep_2026.csv,shadowmere,kempton,2026-08-10,799,5.6212607,0.0,0,-3.5,-3.5,-25.049857333333335,2026
2026-08-10,Somethingintheair,Windsor,7:45,Win Only,4.5,2.5,BensBets_Master_Feb_to_Sep_2026.csv,somethingintheair,windsor,2026-08-10,800,7.79426042,0.0,0,-2.5,-2.5,73.20578711111109,2026
2026-08-11,Tiger Beetle,Lingfield,4:00,Each Way,6.5,4.0,BensBets_Master_Feb_to_Sep_2026.csv,tigerbeetle,lingfield,2026-08-11,801,7.18033552,0.0,0,-4.0,-4.0,10.4667003076923,2026
2026-08-11,Sixtygeesbaby,Carlisle,4:15,Each Way,11.0,3.0,BensBets_Master_Feb_to_Sep_2026.csv,sixtygeesbaby,carlisle,2026-08-11,802,5.37098657,1.0,1,29.400000000000002,12.850700515800002,-51.17284936363635,2026
2026-08-11,Talismans Time,Carlisle,4:45,Win Only,6.0,2.0,BensBets_Master_Feb_to_Sep_2026.csv,talismanstime,carlisle,2026-08-11,803,3.75,0.0,0,-2.0,-2.0,-37.5,2026
2026-08-11,Simiyann,Nottingham,6:45,Each Way,19.0,2.0,BensBets_Master_Feb_to_Sep_2026.csv,simiyann,nottingham,2026-08-11,804,14.0,0.0,0,-2.0,-2.0,-26.315789473684216,2026
2026-08-11,Spoken Truth,Hamilton,7:00,Each Way,9.0,3.0,BensBets_Master_Feb_to_Sep_2026.csv,spokentruth,hamilton,2026-08-11,805,4.14461933,0.0,0,-3.0,-3.0,-53.9486741111111,2026
2026-08-12,Portacloy,Ffos Las,4:07,Each Way,11.0,3.0,BensBets_Master_Feb_to_Sep_2026.csv,portacloy,ffoslas,2026-08-12,806,9.47709732,0.0,0,-3.0,-3.0,-13.844569818181817,2026
2026-08-12,Sunny Orange,Beverley,4:15,Win Only,8.0,1.75,BensBets_Master_Feb_to_Sep_2026.csv,sunnyorange,beverley,2026-08-12,807,8.17453148,0.0,0,-1.75,-1.75,2.181643500000008,2026
2026-08-12,Engraved,Ffos Las,4:37,Win Only,11.0,1.5,BensBets_Master_Feb_to_Sep_2026.csv,engraved,ffoslas,2026-08-12,808,8.53672319,0.0,0,-1.5,-1.5,-22.393425545454548,2026
2026-08-12,Percys Lad,Kempton,6:30,Each Way,5.5,4.5,BensBets_Master_Feb_to_Sep_2026.csv,percyslad,kempton,2026-08-12,809,6.27889924,1.0,1,19.845,23.279945648400002,14.161804363636366,2026
2026-08-12,Rogue Allegiance,Kempton,8:00,Win Only,4.0,3.0,BensBets_Master_Feb_to_Sep_2026.csv,rogueallegiance,kempton,2026-08-12,810,7.4,1.0,1,8.82,18.816000000000003,85.00000000000001,2026
2026-08-13,Koffee And Kale,Windsor,5:36,Win Only,15.0,1.25,BensBets_Master_Feb_to_Sep_2026.csv,koffeeandkale,windsor,2026-08-13,811,6.6,0.0,0,-1.25,-1.25,-56.00000000000001,2026
2026-08-13,Methgal,Windsor,6:11,Each Way,5.5,4.5,BensBets_Master_Feb_to_Sep_2026.csv,methgal,windsor,2026-08-13,812,4.7,1.0,1,19.845,16.317,-14.54545454545454,2026
2026-08-13,Oxford Circus,Lingfield,6:28,Each Way,11.0,3.0,BensBets_Master_Feb_to_Sep_2026.csv,oxfordcircus,lingfield,2026-08-13,813,5.50060945,0.0,0,-3.0,-3.0,-49.99445954545455,2026
2026-08-13,Law Court,Windsor,7:41,Each Way,9.0,3.5,BensBets_Master_Feb_to_Sep_2026.csv,lawcourt,windsor,2026-08-13,814,6.8,0.0,0,-3.5,-3.5,-24.444444444444446,2026
2026-08-14,Arcturus Flame,Yarmouth,3:13,Win Only,3.25,3.25,BensBets_Master_Feb_to_Sep_2026.csv,arcturusflame,yarmouth,2026-08-14,815,2.16,0.0,0,-3.25,-3.25,-33.53846153846154,2026
2026-08-14,Castlekeely,Yarmouth,3:48,Each Way,7.0,3.5,BensBets_Master_Feb_to_Sep_2026.csv,castlekeely,yarmouth,2026-08-14,816,5.53560596,0.0,0,-3.5,-3.5,-20.919914857142864,2026
2026-08-14,Mrembo,Epsom,4:38,Win Only,8.0,1.75,BensBets_Master_Feb_to_Sep_2026.csv,mrembo,epsom,2026-08-14,817,4.3,0.0,0,-1.75,-1.75,-46.25,2026
2026-08-14,Mayflower Rock,Yarmouth,5:00,Each Way,8.0,3.5,BensBets_Master_Feb_to_Sep_2026.csv,mayflowerrock,yarmouth,2026-08-14,818,10.5,0.0,0,-3.5,-3.5,31.25,2026
2026-08-14,Mystic Moment,Epsom,5:13,Win Only,29.0,1.0,BensBets_Master_Feb_to_Sep_2026.csv,mysticmoment,epsom,2026-08-14,819,36.0,0.0,0,-1.0,-1.0,24.13793103448276,2026
2026-08-14,Spacewoman,Epsom,5:48,Each Way,8.0,3.5,BensBets_Master_Feb_to_Sep_2026.csv,spacewoman,epsom,2026-08-14,820,4.52241871,0.0,0,-3.5,-3.5,-43.469766125,2026
2026-08-15,Bedwyr,Ripon,1:45,Each Way,41.0,1.0,BensBets_Master_Feb_to_Sep_2026.csv,bedwyr,ripon,2026-08-15,821,190.0,0.0,0,-1.0,-1.0,363.4146341463414,2026
2026-08-15,Roberto Caro,Ripon,2:55,Each Way,13.0,2.5,BensBets_Master_Feb_to_Sep_2026.csv,robertocaro,ripon,2026-08-15,822,16.0,0.0,0,-2.5,-2.5,23.076923076923084,2026
2026-08-15,Age Of Baroque,Doncaster,3:37,Each Way,11.0,3.0,BensBets_Master_Feb_to_Sep_2026.csv,ageofbaroque,doncaster,2026-08-15,823,12.57093147,0.0,0,-3.0,-3.0,14.281195181818184,2026
2026-08-15,Lightning Glory,Newmarket,4:25,Win Only,4.33,3.0,BensBets_Master_Feb_to_Sep_2026.csv,lightningglory,newmarket,2026-08-15,824,5.05077786,1.0,1,9.790199999999999,11.9092869084,16.646139953810636,2026
2026-08-15,Collingham,Perth,4:40,Each Way,7.5,3.5,BensBets_Master_Feb_to_Sep_2026.csv,collingham,perth,2026-08-15,825,8.2,0.0,0,-3.5,-3.5,9.333333333333327,2026
2026-08-16,Have You A Minute,Southwell,2:00,Each Way,19.0,2.0,BensBets_Master_Feb_to_Sep_2026.csv,haveyouaminute,southwell,2026-08-16,826,15.31354932,0.0,0,-2.0,-2.0,-19.402372,2026
2026-08-16,Assiri Heights,Southwell,2:35,Each Way,6.0,4.0,BensBets_Master_Feb_to_Sep_2026.csv,assiriheights,southwell,2026-08-16,827,13.0,0.0,0,-4.0,-4.0,116.66666666666666,2026
2026-08-16,Rubys Angel,Pontefract,4:45,Each Way,41.0,1.0,BensBets_Master_Feb_to_Sep_2026.csv,rubysangel,pontefract,2026-08-16,828,30.21669092,0.0,0,-1.0,-1.0,-26.30075385365853,2026
2026-08-16,Tough Enough,Southwell,5:10,Each Way,10.0,3.0,BensBets_Master_Feb_to_Sep_2026.csv,toughenough,southwell,2026-08-16,829,4.56081847,0.0,0,-3.0,-3.0,-54.391815300000005,2026
2026-08-17,Austrian Theory,Catterick,2:15,Each Way,5.0,4.5,BensBets_Master_Feb_to_Sep_2026.csv,austriantheory,catterick,2026-08-17,830,3.55,0.0,0,-4.5,-4.5,-29.000000000000004,2026
2026-08-17,Tees Aggregates,Catterick,4:15,Win Only,9.0,1.75,BensBets_Master_Feb_to_Sep_2026.csv,teesaggregates,catterick,2026-08-17,831,9.692571,0.0,0,-1.75,-1.75,7.695233333333329,2026
2026-08-17,Astralite,Windsor,5:55,Each Way,13.0,3.0,BensBets_Master_Feb_to_Sep_2026.csv,astralite,windsor,2026-08-17,832,11.61102903,0.0,0,-3.0,-3.0,-10.68439207692309,2026
2026-08-17,Style King,Wolverhampton,7:10,Win Only,5.0,2.25,BensBets_Master_Feb_to_Sep_2026.csv,styleking,wolverhampton,2026-08-17,833,3.95,0.0,0,-2.25,-2.25,-20.999999999999996,2026
2026-08-18,Roland Garros,Lingfield,2:30,Each Way,8.5,3.5,BensBets_Master_Feb_to_Sep_2026.csv,rolandgarros,lingfield,2026-08-18,834,11.24034584,0.0,0,-3.5,-3.5,32.23936282352942,2026
2026-08-18,Grey Sands,Lingfield,4:08,Each Way,11.0,3.0,BensBets_Master_Feb_to_Sep_2026.csv,greysands,lingfield,2026-08-18,835,11.5,0.0,0,-3.0,-3.0,4.545454545454541,2026
2026-08-18,Prince Of Peppard,Roscommon,5:45,Win Only,9.5,1.5,BensBets_Master_Feb_to_Sep_2026.csv,princeofpeppard,roscommon,2026-08-18,836,9.77804286,0.0,0,-1.5,-1.5,2.92676694736842,2026
2026-08-18,Percy Jones,Wolverhampton,8:00,Each Way,17.0,2.5,BensBets_Master_Feb_to_Sep_2026.csv,percyjones,wolverhampton,2026-08-18,837,48.0,0.0,0,-2.5,-2.5,182.3529411764706,2026
2026-08-19,Gold Star Hero,York,1:50,Each Way,26.0,2.0,BensBets_Master_Feb_to_Sep_2026.csv,goldstarhero,york,2026-08-19,838,40.0,0.0,0,-2.0,-2.0,53.846153846153854,2026
2026-08-19,Valedictory,York,4:10,Each Way,8.0,3.5,BensBets_Master_Feb_to_Sep_2026.csv,valedictory,york,2026-08-19,839,9.0771109,0.0,0,-3.5,-3.5,13.463886249999991,2026
2026-08-19,Redbridge Rambler,Worcester,8:08,Each Way,15.0,2.5,BensBets_Master_Feb_to_Sep_2026.csv,redbridgerambler,worcester,2026-08-19,840,27.0,0.0,0,-2.5,-2.5,80.0,2026
2026-08-20,Inglewood,Lingfield,2:10,Win Only,2.63,4.0,BensBets_Master_Feb_to_Sep_2026.csv,inglewood,lingfield,2026-08-20,841,1.71632564,0.0,0,-4.0,-4.0,-34.74046996197718,2026
2026-08-20,Caim,York,5:20,Each Way,17.0,2.0,BensBets_Master_Feb_to_Sep_2026.csv,caim,york,2026-08-20,842,5.68053731,0.0,0,-2.0,-2.0,-66.58507464705883,2026
2026-08-20,Kom Tu Voudras,Stratford,6:06,Each Way,6.5,4.0,BensBets_Master_Feb_to_Sep_2026.csv,komtuvoudras,stratford,2026-08-20,843,5.58100269,0.0,0,-4.0,-4.0,-14.138420153846154,2026
2026-08-20,Rebel Tribesman,Stratford,6:06,Win Only,4.0,3.0,BensBets_Master_Feb_to_Sep_2026.csv,rebeltribesman,stratford,2026-08-20,844,3.55284727,1.0,1,8.82,7.5053709738,-11.178818249999999,2026
2026-08-21,Liberate,Newmarket,3:45,Each Way,13.0,2.5,BensBets_Master_Feb_to_Sep_2026.csv,liberate,newmarket,2026-08-21,845,3.75,0.0,0,-2.5,-2.5,-71.15384615384616,2026
2026-08-21,Atalanta Mist,Ffos Las,5:02,Win Only,5.0,2.25,BensBets_Master_Feb_to_Sep_2026.csv,atalantamist,ffoslas,2026-08-21,846,3.86567748,0.0,0,-2.25,-2.25,-22.686450400000002,2026
2026-08-21,Second Fiddle,Hamilton,5:07,Each Way,15.0,2.5,BensBets_Master_Feb_to_Sep_2026.csv,secondfiddle,hamilton,2026-08-21,847,16.0,0.0,0,-2.5,-2.5,6.666666666666665,2026
2026-08-21,Bintola,Salisbury,6:27,Each Way,7.5,3.5,BensBets_Master_Feb_to_Sep_2026.csv,bintola,salisbury,2026-08-21,848,4.83060954,0.0,0,-3.5,-3.5,-35.591872800000004,2026
2026-08-22,Approval,Killarney,2:00,Each Way,29.0,1.5,BensBets_Master_Feb_to_Sep_2026.csv,approval,killarney,2026-08-22,849,33.63519229,0.0,0,-1.5,-1.5,15.983421689655163,2026
2026-08-22,Takaaful,Chester,3:15,Win Only,9.0,1.75,BensBets_Master_Feb_to_Sep_2026.csv,takaaful,chester,2026-08-22,850,5.40402273,0.0,0,-1.75,-1.75,-39.955303,2026
2026-08-22,Fantasy Master,Newmarket,5:04,Each Way,15.0,2.5,BensBets_Master_Feb_to_Sep_2026.csv,fantasymaster,newmarket,2026-08-22,851,8.69863761,0.0,0,-2.5,-2.5,-42.00908259999999,2026
2026-08-22,Chesneys Charm,Redcar,6:30,Each Way,26.0,1.5,BensBets_Master_Feb_to_Sep_2026.csv,chesneyscharm,redcar,2026-08-22,852,6.0,0.0,0,-1.5,-1.5,-76.92307692307692,2026
2026-08-22,Dreambird Dolly,Lingfield,7:45,Each Way,12.0,2.5,BensBets_Master_Feb_to_Sep_2026.csv,dreambirddolly,lingfield,2026-08-22,853,15.66921202,0.0,0,-2.5,-2.5,30.576766833333323,2026
2026-08-23,Little Ledgend,Worcester,2:38,Win Only,5.5,2.0,BensBets_Master_Feb_to_Sep_2026.csv,littleledgend,worcester,2026-08-23,854,4.1,1.0,1,8.82,6.076,-25.454545454545464,2026
2026-08-23,Fervent,Worcester,3:38,Each Way,7.5,3.5,BensBets_Master_Feb_to_Sep_2026.csv,fervent,worcester,2026-08-23,855,12.67263641,0.0,0,-3.5,-3.5,68.96848546666668,2026
2026-08-23,Dion Baker,Brighton,3:50,Each Way,15.0,2.5,BensBets_Master_Feb_to_Sep_2026.csv,dionbaker,brighton,2026-08-23,856,9.0,0.0,0,-2.5,-2.5,-40.0,2026
2026-08-23,Mrs Biddle,Worcester,5:08,Each Way,8.5,3.5,BensBets_Master_Feb_to_Sep_2026.csv,mrsbiddle,worcester,2026-08-23,857,12.88650031,0.0,0,-3.5,-3.5,51.605886,2026
2026-08-24,Em Four,Brighton,2:30,Win Only,9.0,1.75,BensBets_Master_Feb_to_Sep_2026.csv,emfour,brighton,2026-08-24,858,5.43373999,1.0,1,13.719999999999999,7.603864082850001,-39.62511122222222,2026
2026-08-24,Motawaared,Musselburgh,3:15,Win Only,9.5,1.5,BensBets_Master_Feb_to_Sep_2026.csv,motawaared,musselburgh,2026-08-24,859,9.94389355,0.0,0,-1.5,-1.5,4.67256368421054,2026
2026-08-24,Goodgollymissholly,Ballinrobe,6:00,Each Way,15.0,2.5,BensBets_Master_Feb_to_Sep_2026.csv,goodgollymissholly,ballinrobe,2026-08-24,860,17.0,0.0,0,-2.5,-2.5,13.33333333333333,2026
2026-08-24,Tai Hang Pegasus,Windsor,6:18,Each Way,5.5,4.0,BensBets_Master_Feb_to_Sep_2026.csv,taihangpegasus,windsor,2026-08-24,861,4.8,0.0,0,-4.0,-4.0,-12.727272727272732,2026
2026-08-25,Lazurite,Lingfield,3:00,Win Only,2.0,4.0,BensBets_Master_Feb_to_Sep_2026.csv,lazurite,lingfield,2026-08-25,862,1.38806948,1.0,1,3.92,1.5212323615999999,-30.596526,2026
2026-08-25,Novak,Musselburgh,4:15,Win Only,11.0,1.5,BensBets_Master_Feb_to_Sep_2026.csv,novak,musselburgh,2026-08-25,863,6.2,1.0,1,14.700000000000001,7.644,-43.63636363636364,2026
2026-08-25,Thunder Goddess,Lingfield,5:02,Win Only,4.5,2.75,BensBets_Master_Feb_to_Sep_2026.csv,thundergoddess,lingfield,2026-08-25,864,5.01829418,0.0,0,-2.75,-2.75,11.51764844444445,2026
2026-08-26,Campenaerts,Wolverhampton,3:00,Each Way,13.0,2.5,BensBets_Master_Feb_to_Sep_2026.csv,campenaerts,wolverhampton,2026-08-26,865,4.9423818,0.0,0,-2.5,-2.5,-61.98167846153846,2026
2026-08-26,Kingdom Of Stars,Wolverhampton,3:30,Each Way,11.0,3.0,BensBets_Master_Feb_to_Sep_2026.csv,kingdomofstars,wolverhampton,2026-08-26,866,5.9941673,0.0,0,-3.0,-3.0,-45.507569999999994,2026
2026-08-26,Sovereigns High,Newbury,4:10,Each Way,12.0,2.5,BensBets_Master_Feb_to_Sep_2026.csv,sovereignshigh,newbury,2026-08-26,867,12.07818434,0.0,0,-2.5,-2.5,0.6515361666666664,2026
2026-08-26,Gloryous,Kempton,7:51,Each Way,13.0,2.5,BensBets_Master_Feb_to_Sep_2026.csv,gloryous,kempton,2026-08-26,868,8.87887521,1.0,1,29.4,19.3032442645,-31.700959923076923,2026
2026-08-26,Caviar Cowboy,Kempton,8:21,Each Way,11.0,3.0,BensBets_Master_Feb_to_Sep_2026.csv,caviarcowboy,kempton,2026-08-26,869,7.71947931,0.0,0,-3.0,-3.0,-29.82291536363637,2026
2026-08-27,Lazzar,Lingfield,3:52,Win Only,17.0,1.25,BensBets_Master_Feb_to_Sep_2026.csv,lazzar,lingfield,2026-08-27,870,14.0,0.0,0,-1.25,-1.25,-17.647058823529417,2026
2026-08-27,King Cherry,Lingfield,4:55,Each Way,8.5,3.5,BensBets_Master_Feb_to_Sep_2026.csv,kingcherry,lingfield,2026-08-27,871,6.09927275,0.0,0,-3.5,-3.5,-28.243850000000002,2026
2026-08-27,Idyllic,Carlisle,5:00,Win Only,4.5,2.75,BensBets_Master_Feb_to_Sep_2026.csv,idyllic,carlisle,2026-08-27,872,4.8,0.0,0,-2.75,-2.75,6.666666666666665,2026
2026-08-27,Breaking Cover,Newton Abbot,6:12,Win Only,7.0,2.0,BensBets_Master_Feb_to_Sep_2026.csv,breakingcover,newtonabbot,2026-08-27,873,4.64828206,1.0,1,11.76,7.150632837599999,-33.59597057142858,2026
2026-08-27,Statten Island,Southwell,8:00,Each Way,13.0,2.5,BensBets_Master_Feb_to_Sep_2026.csv,stattenisland,southwell,2026-08-27,874,15.01250394,0.0,0,-2.5,-2.5,15.480799538461532,2026
2026-08-27,Miraculous,Southwell,8:30,Win Only,5.5,2.0,BensBets_Master_Feb_to_Sep_2026.csv,miraculous,southwell,2026-08-27,875,7.6,0.0,0,-2.0,-2.0,38.18181818181819,2026
2026-08-28,Tees George,Thirsk,2:13,Each Way,7.5,3.5,BensBets_Master_Feb_to_Sep_2026.csv,teesgeorge,thirsk,2026-08-28,876,6.69498688,0.0,0,-3.5,-3.5,-10.73350826666667,2026
2026-08-28,So Smart,Sandown,3:00,Each Way,19.0,2.0,BensBets_Master_Feb_to_Sep_2026.csv,sosmart,sandown,2026-08-28,877,28.05218446,0.0,0,-2.0,-2.0,47.64307610526315,2026
2026-08-28,Algaihabane,Sandown,3:35,Win Only,4.33,3.0,BensBets_Master_Feb_to_Sep_2026.csv,algaihabane,sandown,2026-08-28,878,6.86067069,1.0,1,9.790199999999999,17.2303718286,58.4450505773672,2026
2026-08-28,Character Testing,Sedgefield,5:00,Each Way,8.5,3.5,BensBets_Master_Feb_to_Sep_2026.csv,charactertesting,sedgefield,2026-08-28,879,6.42680237,0.0,0,-3.5,-3.5,-24.390560352941183,2026
2026-08-28,Khalkeau Spigao,Fontwell,5:15,Each Way,12.0,2.5,BensBets_Master_Feb_to_Sep_2026.csv,khalkeauspigao,fontwell,2026-08-28,880,10.05617518,0.0,0,-2.5,-2.5,-16.198540166666664,2026
2026-08-29,Saffron Bay,Beverley,3:35,Win Only,5.5,2.25,BensBets_Master_Feb_to_Sep_2026.csv,saffronbay,beverley,2026-08-29,881,2.94776972,0.0,0,-2.25,-2.25,-46.4041869090909,2026
2026-08-29,Rahmi,Curragh,4:15,Each Way,13.0,2.5,BensBets_Master_Feb_to_Sep_2026.csv,rahmi,curragh,2026-08-29,882,21.0,0.0,0,-2.5,-2.5,61.53846153846154,2026
2026-08-29,Under The Twilight,Windsor,5:00,Win Only,4.5,2.75,BensBets_Master_Feb_to_Sep_2026.csv,underthetwilight,windsor,2026-08-29,883,6.4,0.0,0,-2.75,-2.75,42.22222222222223,2026
2026-08-30,Gloryous,Goodwood,3:45,Win Only,4.5,2.75,BensBets_Master_Feb_to_Sep_2026.csv,gloryous,goodwood,2026-08-30,884,3.18830112,0.0,0,-2.75,-2.75,-29.148863999999996,2026
2026-08-31,Harry Who,Ripon,1:55,Each Way,7.5,3.5,BensBets_Master_Feb_to_Sep_2026.csv,harrywho,ripon,2026-08-31,885,13.38841152,0.0,0,-3.5,-3.5,78.51215359999999,2026
2026-08-31,Lednikov,Southwell,2:07,Win Only,9.0,1.5,BensBets_Master_Feb_to_Sep_2026.csv,lednikov,southwell,2026-08-31,886,4.89442761,0.0,0,-1.5,-1.5,-45.617470999999995,2026
2026-08-31,Rogue Jewel,Ripon,3:05,Win Only,5.0,2.5,BensBets_Master_Feb_to_Sep_2026.csv,roguejewel,ripon,2026-08-31,887,4.03689047,0.0,0,-2.5,-2.5,-19.262190599999997,2026
2026-08-31,Rock Of England,Ripon,4:10,Win Only,5.5,2.0,BensBets_Master_Feb_to_Sep_2026.csv,rockofengland,ripon,2026-08-31,888,4.35920019,1.0,1,8.82,6.5840323724,-20.741814727272722,2026
2026-09-01,Cosmos Raj,Ripon,2:10,Win Only,5.0,2.25,BensBets_Master_Feb_to_Sep_2026.csv,cosmosraj,ripon,2026-09-01,889,6.00014491,0.0,0,-2.25,-2.25,20.002898200000008,2026
2026-09-01,Lochaber,Lingfield,3:50,Each Way,41.0,1.0,BensBets_Master_Feb_to_Sep_2026.csv,lochaber,lingfield,2026-09-01,890,30.0,0.0,0,-1.0,-1.0,-26.82926829268293,2026
2026-09-01,Federal Envoy,Wolverhampton,4:42,Each Way,7.5,3.5,BensBets_Master_Feb_to_Sep_2026.csv,federalenvoy,wolverhampton,2026-09-01,891,2.78,1.0,1,22.295,6.1053999999999995,-62.93333333333333,2026
2026-09-01,Sangara,Brighton,5:06,Each Way,23.0,1.5,BensBets_Master_Feb_to_Sep_2026.csv,sangara,brighton,2026-09-01,892,14.0,0.0,0,-1.5,-1.5,-39.13043478260869,2026
2026-09-01,Tattie Bogle,Brighton,6:45,Win Only,6.0,2.0,BensBets_Master_Feb_to_Sep_2026.csv,tattiebogle,brighton,2026-09-01,893,3.48575032,1.0,1,9.8,4.8720706272,-41.904161333333334,2026
2026-09-01,Henery Hawk,Wolverhampton,7:30,Each Way,9.5,3.0,BensBets_Master_Feb_to_Sep_2026.csv,heneryhawk,wolverhampton,2026-09-01,894,6.29120651,0.0,0,-3.0,-3.0,-33.77677357894736,2026
2026-09-02,Jackie Brown,Bath,3:30,Each Way,9.0,3.0,BensBets_Master_Feb_to_Sep_2026.csv,jackiebrown,bath,2026-09-02,895,4.4,0.0,0,-3.0,-3.0,-51.11111111111111,2026
2026-09-02,Orange Emperor,Kempton,5:30,Each Way,15.0,2.5,BensBets_Master_Feb_to_Sep_2026.csv,orangeemperor,kempton,2026-09-02,896,4.5389105,0.0,0,-2.5,-2.5,-69.74059666666666,2026
2026-09-02,Barleybrown,Newcastle,5:45,Each Way,5.5,4.5,BensBets_Master_Feb_to_Sep_2026.csv,barleybrown,newcastle,2026-09-02,897,3.22788761,0.0,0,-4.5,-4.5,-41.31113436363637,2026
2026-09-02,Agent Rose,Kempton,6:30,Each Way,81.0,1.0,BensBets_Master_Feb_to_Sep_2026.csv,agentrose,kempton,2026-09-02,898,281.03147596,0.0,0,-1.0,-1.0,246.95243945679016,2026
2026-09-03,Mimime,Southwell,4:30,Win Only,17.0,1.25,BensBets_Master_Feb_to_Sep_2026.csv,mimime,southwell,2026-09-03,899,49.83534488,0.0,0,-1.25,-1.25,193.1490875294118,2026
2026-09-03,Storm Point,Haydock,5:00,Each Way,6.0,4.0,BensBets_Master_Feb_to_Sep_2026.csv,stormpoint,haydock,2026-09-03,900,4.1,0.0,0,-4.0,-4.0,-31.666666666666675,2026
2026-09-03,Khabib,Newcastle,6:15,Each Way,41.0,1.0,BensBets_Master_Feb_to_Sep_2026.csv,khabib,newcastle,2026-09-03,901,21.0,0.0,0,-1.0,-1.0,-48.78048780487805,2026
2026-09-03,Lieutenant Kije,Southwell,7:40,Each Way,10.0,3.0,BensBets_Master_Feb_to_Sep_2026.csv,lieutenantkije,southwell,2026-09-03,902,4.73480609,0.0,0,-3.0,-3.0,-52.6519391,2026
2026-09-04,Chymbulak,Ascot,2:30,Win Only,5.0,2.5,BensBets_Master_Feb_to_Sep_2026.csv,chymbulak,ascot,2026-09-04,903,10.0,0.0,0,-2.5,-2.5,100.0,2026
2026-09-04,Dream Illusion,Haydock,4:20,Each Way,11.0,3.0,BensBets_Master_Feb_to_Sep_2026.csv,dreamillusion,haydock,2026-09-04,904,12.0,0.0,0,-3.0,-3.0,9.090909090909083,2026
2026-09-04,Ridin Solo,Bangor,4:35,Win Only,9.5,1.5,BensBets_Master_Feb_to_Sep_2026.csv,ridinsolo,bangor,2026-09-04,905,6.02812259,0.0,0,-1.5,-1.5,-36.546078,2026
2026-09-05,The Fingal Raven,Ascot,1:40,Each Way,41.0,1.0,BensBets_Master_Feb_to_Sep_2026.csv,thefingalraven,ascot,2026-09-05,906,20.0,0.0,0,-1.0,-1.0,-51.21951219512195,2026
2026-09-05,Casino Star,Thirsk,2:05,Each Way,9.0,3.0,BensBets_Master_Feb_to_Sep_2026.csv,casinostar,thirsk,2026-09-05,907,13.96503855,0.0,0,-3.0,-3.0,55.16709499999999,2026
2026-09-05,In The Breeze,Haydock,3:05,Each Way,23.0,1.5,BensBets_Master_Feb_to_Sep_2026.csv,inthebreeze,haydock,2026-09-05,908,19.0,0.0,0,-1.5,-1.5,-17.391304347826086,2026
2026-09-05,Cotai Belle,Thirsk,3:15,Win Only,7.0,2.0,BensBets_Master_Feb_to_Sep_2026.csv,cotaibelle,thirsk,2026-09-05,909,7.8,0.0,0,-2.0,-2.0,11.428571428571432,2026
2026-09-05,Tawakal,Kempton,3:20,Win Only,4.0,3.0,BensBets_Master_Feb_to_Sep_2026.csv,tawakal,kempton,2026-09-05,910,3.30677363,0.0,0,-3.0,-3.0,-17.330659250000004,2026
2026-09-06,County Champs,Fontwell,2:20,Win Only,11.0,1.5,BensBets_Master_Feb_to_Sep_2026.csv,countychamps,fontwell,2026-09-06,911,5.17148586,0.0,0,-1.5,-1.5,-52.98649218181819,2026
2026-09-06,Dark Moon Rising,York,3:15,Each Way,15.0,2.5,BensBets_Master_Feb_to_Sep_2026.csv,darkmoonrising,york,2026-09-06,912,9.0,0.0,0,-2.5,-2.5,-40.0,2026
2026-09-06,Frankie Faulkner,Fontwell,3:30,Win Only,9.5,1.5,BensBets_Master_Feb_to_Sep_2026.csv,frankiefaulkner,fontwell,2026-09-06,913,5.9446087,0.0,0,-1.5,-1.5,-37.42517157894737,2026
2026-09-07,Punchbowl Flyer,Windsor,2:12,Each Way,29.0,1.5,BensBets_Master_Feb_to_Sep_2026.csv,punchbowlflyer,windsor,2026-09-07,914,20.58,0.0,0,-1.5,-1.5,-29.034482758620694,2026
2026-09-07,Ascending Star,Windsor,3:42,Win Only,5.0,2.5,BensBets_Master_Feb_to_Sep_2026.csv,ascendingstar,windsor,2026-09-07,915,3.20879307,0.0,0,-2.5,-2.5,-35.8241386,2026
2026-09-07,Jetty May,Newton Abbot,4:30,Win Only,6.0,2.0,BensBets_Master_Feb_to_Sep_2026.csv,jettymay,newtonabbot,2026-09-07,916,6.28438516,0.0,0,-2.0,-2.0,4.739752666666663,2026
2026-09-07,Houstonn,Wolverhampton,8:00,Each Way,29.0,1.5,BensBets_Master_Feb_to_Sep_2026.csv,houstonn,wolverhampton,2026-09-07,917,120.0,0.0,0,-1.5,-1.5,313.7931034482759,2026
2026-09-08,Son Of A Fish,Leicester,2:52,Each Way,11.0,3.0,BensBets_Master_Feb_to_Sep_2026.csv,sonofafish,leicester,2026-09-08,918,5.94219313,0.0,0,-3.0,-3.0,-45.980062454545454,2026
2026-09-08,Kings Merchant,Catterick,3:36,Win Only,6.5,2.0,BensBets_Master_Feb_to_Sep_2026.csv,kingsmerchant,catterick,2026-09-08,919,3.07908284,1.0,1,10.78,4.0750023664,-52.629494769230774,2026
2026-09-08,Bahadur,Goodwood,3:50,Each Way,10.0,3.0,BensBets_Master_Feb_to_Sep_2026.csv,bahadur,goodwood,2026-09-08,920,6.6,0.0,0,-3.0,-3.0,-34.00000000000001,2026
2026-09-08,Oasis Sunrise,Goodwood,4:25,Each Way,17.0,2.5,BensBets_Master_Feb_to_Sep_2026.csv,oasissunrise,goodwood,2026-09-08,921,6.85396804,0.0,0,-2.5,-2.5,-59.68254094117646,2026
2026-09-08,Fine Print,Bangor,7:12,Win Only,3.75,3.25,BensBets_Master_Feb_to_Sep_2026.csv,fineprint,bangor,2026-09-08,922,8.2,0.0,0,-3.25,-3.25,118.66666666666666,2026
2026-09-09,Pulse Of Fire,Redcar,1:21,Each Way,13.0,2.5,BensBets_Master_Feb_to_Sep_2026.csv,pulseoffire,redcar,2026-09-09,923,7.18690444,0.0,0,-2.5,-2.5,-44.716119692307686,2026
2026-09-09,Bibendum,Carlisle,3:47,Each Way,13.0,2.5,BensBets_Master_Feb_to_Sep_2026.csv,bibendum,carlisle,2026-09-09,925,9.556213,0.0,0,-2.5,-2.5,-26.490669230769235,2026
2026-09-09,Fan Mail,Carlisle,4:17,Each Way,17.0,2.0,BensBets_Master_Feb_to_Sep_2026.csv,fanmail,carlisle,2026-09-09,926,6.21866504,0.0,0,-2.0,-2.0,-63.419617411764705,2026
2026-09-09,One Night Thunder,Carlisle,5:17,Win Only,8.0,1.75,BensBets_Master_Feb_to_Sep_2026.csv,onenightthunder,carlisle,2026-09-09,927,5.9,0.0,0,-1.75,-1.75,-26.249999999999996,2026
2026-09-10,Broadway Honey,Worcester,1:40,Win Only,8.0,1.75,BensBets_Master_Feb_to_Sep_2026.csv,broadwayhoney,worcester,2026-09-10,928,8.3531,1.0,1,12.004999999999999,12.6105665,4.413749999999994,2026
2026-09-10,Norcross Brow,Epsom,2:35,Win Only,6.5,2.0,BensBets_Master_Feb_to_Sep_2026.csv,norcrossbrow,epsom,2026-09-10,929,4.13644706,0.0,0,-2.0,-2.0,-36.36235292307693,2026
2026-09-10,Galaxy Star,Epsom,3:42,Each Way,11.0,3.0,BensBets_Master_Feb_to_Sep_2026.csv,galaxystar,epsom,2026-09-10,930,7.61586503,0.0,0,-3.0,-3.0,-30.764863363636362,2026
2026-09-10,Could Be You,Worcester,3:55,Each Way,15.0,2.5,BensBets_Master_Feb_to_Sep_2026.csv,couldbeyou,worcester,2026-09-10,931,16.5,0.0,0,-2.5,-2.5,10.000000000000009,2026
2026-09-10,Dinamine,Laytown,4:39,Each Way,17.0,2.0,BensBets_Master_Feb_to_Sep_2026.csv,dinamine,laytown,2026-09-10,932,32.0,0.0,0,-2.0,-2.0,88.23529411764706,2026
2026-09-11,Final Objective,Doncaster,2:25,Each Way,8.5,3.5,BensBets_Master_Feb_to_Sep_2026.csv,finalobjective,doncaster,2026-09-11,933,3.80780739,1.0,1,25.724999999999998,9.630779347699999,-55.202266,2026
2026-09-11,Beylerbeyi,Doncaster,3:00,Each Way,13.0,2.5,BensBets_Master_Feb_to_Sep_2026.csv,beylerbeyi,doncaster,2026-09-11,934,5.5,0.0,0,-2.5,-2.5,-57.692307692307686,2026
2026-09-11,Nightime Dancer,Salisbury,5:58,Each Way,34.0,1.5,BensBets_Master_Feb_to_Sep_2026.csv,nightimedancer,salisbury,2026-09-11,935,29.6309501,0.0,0,-1.5,-1.5,-12.850146764705883,2026
2026-09-12,Towelontheterrace,Chester,3:20,Each Way,17.0,2.5,BensBets_Master_Feb_to_Sep_2026.csv,towelontheterrace,chester,2026-09-12,936,5.94493642,0.0,0,-2.5,-2.5,-65.02978576470588,2026
2026-09-12,Melodical,Lingfield,3:23,Each Way,10.0,3.0,BensBets_Master_Feb_to_Sep_2026.csv,melodical,lingfield,2026-09-12,937,11.45712244,0.0,0,-3.0,-3.0,14.571224399999982,2026
2026-09-12,Callianassa,Musselburgh,5:50,Win Only,12.0,1.25,BensBets_Master_Feb_to_Sep_2026.csv,callianassa,musselburgh,2026-09-12,938,4.53925814,0.0,0,-1.25,-1.25,-62.17284883333334,2026
2026-09-12,Trojan Sun,Musselburgh,6:50,Each Way,8.5,3.5,BensBets_Master_Feb_to_Sep_2026.csv,trojansun,musselburgh,2026-09-12,939,5.70887756,0.0,0,-3.5,-3.5,-32.836734588235295,2026
2026-09-13,Blue Brother,Doncaster,1:55,Each Way,10.0,3.0,BensBets_Master_Feb_to_Sep_2026.csv,bluebrother,doncaster,2026-09-13,940,3.7,1.0,1,26.46,7.938,-63.0,2026
2026-09-13,Fair Dinkum,Bath,3:15,Each Way,26.0,1.5,BensBets_Master_Feb_to_Sep_2026.csv,fairdinkum,bath,2026-09-13,941,19.34636,0.0,0,-1.5,-1.5,-25.590923076923076,2026
2026-09-13,Spicy Marg,Curragh,3:25,Each Way,34.0,1.5,BensBets_Master_Feb_to_Sep_2026.csv,spicymarg,curragh,2026-09-13,942,42.0,0.0,0,-1.5,-1.5,23.529411764705888,2026
2026-09-13,Dr Rascal,Curragh,4:00,Win Only,6.5,2.0,BensBets_Master_Feb_to_Sep_2026.csv,drrascal,curragh,2026-09-13,943,5.8,0.0,0,-2.0,-2.0,-10.769230769230775,2026
2026-03-19,Esque Elegance,Newcastle,8:00,Each Way,11.0,3.0,BensBets_Morning_Master_2026.csv,esqueelegance,newcastle,2026-03-19,944,5.71340855,0.0,0,-3.0,-3.0,-48.05992227272727,2026
2026-03-19,Secret Guest,Newcastle,7:30,Each Way,7.0,4.0,BensBets_Morning_Master_2026.csv,secretguest,newcastle,2026-03-19,945,4.8,0.0,0,-4.0,-4.0,-31.428571428571427,2026
2026-03-19,Song Of Earth,Sedgefield,4:40,Win Only,29.0,0.75,BensBets_Morning_Master_2026.csv,songofearth,sedgefield,2026-03-19,946,14.8929036,0.0,0,-0.75,-0.75,-48.64516,2026
2026-03-19,Sun Art,Ludlow,2:50,Win Only,17.0,1.0,BensBets_Morning_Master_2026.csv,sunart,ludlow,2026-03-19,947,4.1,0.0,0,-1.0,-1.0,-75.88235294117646,2026
2026-03-19,Jay Pee M,Cork,3:00,Each Way,7.0,3.5,BensBets_Morning_Master_2026.csv,jaypeem,cork,2026-03-19,948,7.67914341,0.0,0,-3.5,-3.5,9.702048714285706,2026
2026-03-20,Bold Optimist,Dundalk,4:37,Win Only,5.0,2.25,BensBets_Morning_Master_2026.csv,boldoptimist,dundalk,2026-03-20,949,4.2,0.0,0,-2.25,-2.25,-15.999999999999993,2026
2026-03-20,Stapleford Park,Lingfield,4:50,Each Way,26.0,1.5,BensBets_Morning_Master_2026.csv,staplefordpark,lingfield,2026-03-20,950,15.10255616,0.0,0,-1.5,-1.5,-41.91324553846154,2026
2026-03-20,Regatta De Blanc,Newbury,5:16,Each Way,21.0,2.0,BensBets_Morning_Master_2026.csv,regattadeblanc,newbury,2026-03-20,951,7.43550067,0.0,0,-2.0,-2.0,-64.59285395238095,2026
2026-03-20,Amemri,Dundalk,6:15,Each Way,15.0,2.5,BensBets_Morning_Master_2026.csv,amemri,dundalk,2026-03-20,952,14.0,1.0,1,34.3,31.85,-6.666666666666665,2026
2026-03-20,Fierce Fortitude,Wolverhampton,7:30,Each Way,12.0,2.5,BensBets_Morning_Master_2026.csv,fiercefortitude,wolverhampton,2026-03-20,953,10.71536068,0.0,0,-2.5,-2.5,-10.705327666666664,2026
2026-03-20,Unassuming,Wolverhampton,7:00,Each Way,17.0,2.0,BensBets_Morning_Master_2026.csv,unassuming,wolverhampton,2026-03-20,954,22.8252571,0.0,0,-2.0,-2.0,34.26621823529412,2026
2026-03-21,West Of Carrig,Navan,4:17,Each Way,21.0,2.0,BensBets_Morning_Master_2026.csv,westofcarrig,navan,2026-03-21,956,10.5,0.0,0,-2.0,-2.0,-50.0,2026
2026-03-21,Ayyadieh,Bangor,4:30,Each Way,12.0,2.5,BensBets_Morning_Master_2026.csv,ayyadieh,bangor,2026-03-21,957,5.6,0.0,0,-2.5,-2.5,-53.33333333333334,2026
2026-03-21,Sea Suite,Southwell,5:43,Each Way,13.0,2.3,BensBets_Morning_Master_2026.csv,seasuite,southwell,2026-03-21,958,6.95376681,1.0,1,27.048,13.41979038974,-46.50948607692308,2026
2026-03-21,Pivotal Terms,Newcastle,7:30,Each Way,26.0,1.5,BensBets_Morning_Master_2026.csv,pivotalterms,newcastle,2026-03-21,959,23.28368647,0.0,0,-1.5,-1.5,-10.447359730769234,2026
2026-03-21,Andalprofit,Newcastle,8:30,Each Way,8.5,3.5,BensBets_Morning_Master_2026.csv,andalprofit,newcastle,2026-03-21,960,5.0,0.0,0,-3.5,-3.5,-41.17647058823529,2026
2026-03-22,Sporting Ace,Exeter,3:02,Each Way,7.0,3.5,BensBets_Morning_Master_2026.csv,sportingace,exeter,2026-03-22,961,8.32970643,0.0,0,-3.5,-3.5,18.99580614285714,2026
2026-03-22,Johnny Soda,Naas,3:47,Each Way,12.0,2.5,BensBets_Morning_Master_2026.csv,johnnysoda,naas,2026-03-22,962,19.5,0.0,0,-2.5,-2.5,62.5,2026
2026-03-22,Dont Rein Me In,Exeter,4:12,Each Way,12.0,3.5,BensBets_Morning_Master_2026.csv,dontreinmein,exeter,2026-03-22,963,11.85497588,0.0,0,-3.5,-3.5,-1.2085343333333332,2026
2026-03-23,Albert Park,Wincanton,5:32,Each Way,26.0,1.5,BensBets_Morning_Master_2026.csv,albertpark,wincanton,2026-03-23,964,14.5,0.0,0,-1.5,-1.5,-44.230769230769226,2026
2026-03-23,Jour Dorage,Wincanton,5:32,Each Way,19.0,2.0,BensBets_Morning_Master_2026.csv,jourdorage,wincanton,2026-03-23,965,24.0,0.0,0,-2.0,-2.0,26.315789473684205,2026
2026-03-23,Piperstown,Wolverhampton,7:30,Win Only,6.0,2.0,BensBets_Morning_Master_2026.csv,piperstown,wolverhampton,2026-03-23,966,5.4,1.0,1,9.8,8.624,-9.999999999999998,2026
2026-03-24,Kantagua Du Large,Taunton,2:45,Each Way,8.0,3.5,BensBets_Morning_Master_2026.csv,kantaguadularge,taunton,2026-03-24,967,9.0,0.0,0,-3.5,-3.5,12.5,2026
2026-03-24,Saucats,Taunton,3:15,Each Way,19.0,2.0,BensBets_Morning_Master_2026.csv,saucats,taunton,2026-03-24,968,25.0,0.0,0,-2.0,-2.0,31.578947368421062,2026
2026-03-24,Honneur De Sivola,Southwell,3:30,Each Way,29.0,1.5,BensBets_Morning_Master_2026.csv,honneurdesivola,southwell,2026-03-24,969,10.5,0.0,0,-1.5,-1.5,-63.793103448275865,2026
2026-03-24,Raby Mere,Southwell,3:30,Win Only,21.0,1.0,BensBets_Morning_Master_2026.csv,rabymere,southwell,2026-03-24,970,48.0,1.0,1,19.6,46.06,128.57142857142856,2026
2026-03-24,Troop Ship,Southwell,5:00,Each Way,21.0,2.0,BensBets_Morning_Master_2026.csv,troopship,southwell,2026-03-24,971,12.0,0.0,0,-2.0,-2.0,-42.85714285714286,2026
2026-03-25,Rightbackatyou,Hexham,2:41,Each Way,34.0,1.5,BensBets_Morning_Master_2026.csv,rightbackatyou,hexham,2026-03-25,972,16.5,0.0,0,-1.5,-1.5,-51.470588235294116,2026
2026-03-25,Quinta Brigada,Hereford,3:00,Win Only,31.0,1.0,BensBets_Morning_Master_2026.csv,quintabrigada,hereford,2026-03-25,973,19.5,1.0,1,29.4,18.13,-37.096774193548384,2026
2026-03-25,Karuma Grey,Hexham,3:41,Win Only,19.0,1.0,BensBets_Morning_Master_2026.csv,karumagrey,hexham,2026-03-25,974,27.25581019,0.0,0,-1.0,-1.0,43.451632578947354,2026
2026-03-25,Way To Dubai,Lingfield,4:52,Each Way,9.0,3.0,BensBets_Morning_Master_2026.csv,waytodubai,lingfield,2026-03-25,975,6.2,0.0,0,-3.0,-3.0,-31.11111111111111,2026
2026-03-25,One Knight,Hereford,5:05,Win Only,2.25,4.0,BensBets_Morning_Master_2026.csv,oneknight,hereford,2026-03-25,976,1.89,1.0,1,4.9,3.4887999999999995,-16.000000000000004,2026
2026-03-25,Lady Bamburgh,Hexham,5:13,Each Way,26.0,1.5,BensBets_Morning_Master_2026.csv,ladybamburgh,hexham,2026-03-25,977,23.0,0.0,0,-1.5,-1.5,-11.538461538461542,2026
2026-03-26,Nancefordshore,Chepstow,4:20,Each Way,19.0,2.0,BensBets_Morning_Master_2026.csv,nancefordshore,chepstow,2026-03-26,978,9.8,0.0,0,-2.0,-2.0,-48.421052631578945,2026
2026-03-26,Ziggys Condor,Chelmsford,6:00,Each Way,15.0,2.5,BensBets_Morning_Master_2026.csv,ziggyscondor,chelmsford,2026-03-26,979,11.0,0.0,0,-2.5,-2.5,-26.66666666666667,2026
2026-03-26,Take The Boat,Chelmsford,7:00,Win Only,6.5,2.0,BensBets_Morning_Master_2026.csv,taketheboat,chelmsford,2026-03-26,980,4.64330007,0.0,0,-2.0,-2.0,-28.564614307692317,2026
2026-03-26,Devious Devan,Chelmsford,8:00,Win Only,17.0,1.25,BensBets_Morning_Master_2026.csv,deviousdevan,chelmsford,2026-03-26,981,9.6,0.0,0,-1.25,-1.25,-43.529411764705884,2026
2026-03-27,Trais Fluors,Newcastle,4:25,Win Only,26.0,0.75,BensBets_Morning_Master_2026.csv,traisfluors,newcastle,2026-03-27,982,16.0743857,0.0,0,-0.75,-0.75,-38.17543961538461,2026
2026-03-27,Travis,Newcastle,5:30,Win Only,15.0,1.25,BensBets_Morning_Master_2026.csv,travis,newcastle,2026-03-27,984,24.0,0.0,0,-1.25,-1.25,60.00000000000001,2026
2026-03-27,Kings Merchant,Newcastle,6:30,Each Way,21.0,2.0,BensBets_Morning_Master_2026.csv,kingsmerchant,newcastle,2026-03-27,985,10.80888674,0.0,0,-2.0,-2.0,-48.52911076190476,2026
2026-03-27,Sergeant Wilko,Newcastle,7:00,Each Way,12.0,2.5,BensBets_Morning_Master_2026.csv,sergeantwilko,newcastle,2026-03-27,986,10.5,0.0,0,-2.5,-2.5,-12.5,2026
2026-03-27,Gaiety Girl,Dundalk,7:45,Win Only,4.0,2.75,BensBets_Morning_Master_2026.csv,gaietygirl,dundalk,2026-03-27,988,2.6,1.0,1,8.084999999999999,4.312,-35.0,2026
2026-03-28,Staysound Susie,Curragh,1:55,Win Only,13.0,1.25,BensBets_Morning_Master_2026.csv,staysoundsusie,curragh,2026-03-28,989,13.86912431,0.0,0,-1.25,-1.25,6.685571615384611,2026
2026-03-28,First Ambition,Doncaster,2:25,Each Way,23.0,1.5,BensBets_Morning_Master_2026.csv,firstambition,doncaster,2026-03-28,990,37.3576756,0.0,0,-1.5,-1.5,62.42467652173913,2026
2026-03-28,Templenoe,Curragh,3:40,Each Way,15.0,2.5,BensBets_Morning_Master_2026.csv,templenoe,curragh,2026-03-28,991,13.85954133,0.0,0,-2.5,-2.5,-7.60305779999999,2026
2026-03-28,Annies Gold,Stratford,3:57,Each Way,26.0,1.5,BensBets_Morning_Master_2026.csv,anniesgold,stratford,2026-03-28,992,23.00868249,0.0,0,-1.5,-1.5,-11.50506734615384,2026
2026-03-29,Midleton Rare,Downpatrick,3:52,Win Only,21.0,1.0,BensBets_Morning_Master_2026.csv,midletonrare,downpatrick,2026-03-29,993,17.5,0.0,0,-1.0,-1.0,-16.666666666666664,2026
2026-03-30,Shamacid,Kempton,4:10,Win Only,19.0,1.0,BensBets_Morning_Master_2026.csv,shamacid,kempton,2026-03-30,994,9.0,0.0,0,-1.0,-1.0,-52.63157894736843,2026
2026-03-30,Prancy Peer,Kempton,4:40,Each Way,15.0,2.5,BensBets_Morning_Master_2026.csv,prancypeer,kempton,2026-03-30,995,7.2370093,0.0,0,-2.5,-2.5,-51.75327133333333,2026
2026-03-30,Salkadan,Kempton,5:10,Each Way,15.0,2.5,BensBets_Morning_Master_2026.csv,salkadan,kempton,2026-03-30,996,9.0,0.0,0,-2.5,-2.5,-40.0,2026
2026-03-30,Balance Of Trade,Navan,5:18,Each Way,15.0,2.5,BensBets_Morning_Master_2026.csv,balanceoftrade,navan,2026-03-30,997,8.75388143,0.0,0,-2.5,-2.5,-41.640790466666665,2026
2026-03-30,Wind Summer,Wolverhampton,7:00,Each Way,10.0,3.0,BensBets_Morning_Master_2026.csv,windsummer,wolverhampton,2026-03-30,998,10.48393069,0.0,0,-3.0,-3.0,4.839306899999984,2026
2026-03-31,Royal Maggs,Newcastle,3:00,Each Way,51.0,1.0,BensBets_Morning_Master_2026.csv,royalmaggs,newcastle,2026-03-31,999,10.5,0.0,0,-1.0,-1.0,-79.41176470588236,2026
2026-03-31,Valette,Newcastle,3:00,Each Way,13.0,2.5,BensBets_Morning_Master_2026.csv,valette,newcastle,2026-03-31,1000,5.68991507,0.0,0,-2.5,-2.5,-56.23142253846154,2026
2026-03-31,Play By The Rules,Newcastle,4:30,Each Way,8.0,3.5,BensBets_Morning_Master_2026.csv,playbytherules,newcastle,2026-03-31,1001,4.4,0.0,0,-3.5,-3.5,-44.99999999999999,2026
2026-03-31,Passengerontheship,Newcastle,4:30,Each Way,8.0,3.5,BensBets_Morning_Master_2026.csv,passengerontheship,newcastle,2026-03-31,1002,4.9,0.0,0,-3.5,-3.5,-38.74999999999999,2026
2026-03-31,Artista,Wolverhampton,7:30,Each Way,21.0,2.0,BensBets_Morning_Master_2026.csv,artista,wolverhampton,2026-03-31,1003,37.60328818,0.0,0,-2.0,-2.0,79.06327704761904,2026
2026-03-31,Tuba,Wolverhampton,8:00,Win Only,4.75,2.25,BensBets_Morning_Master_2026.csv,tuba,wolverhampton,2026-03-31,1004,3.4803222,1.0,1,8.268749999999999,5.469110450999999,-26.73005894736843,2026
2026-04-01,Stage Show,Wincanton,3:50,Each Way,21.0,2.0,BensBets_Morning_Master_2026.csv,stageshow,wincanton,2026-04-01,1005,34.0,0.0,0,-2.0,-2.0,61.904761904761905,2026
2026-04-01,Phantom Gold,Sedgefield,4:10,Win Only,5.5,2.25,BensBets_Morning_Master_2026.csv,phantomgold,sedgefield,2026-04-01,1006,12.79953568,0.0,0,-2.25,-2.25,132.71883054545452,2026
2026-04-01,Belladinotte,Southwell,5:02,Each Way,7.0,3.5,BensBets_Morning_Master_2026.csv,belladinotte,southwell,2026-04-01,1007,6.4,1.0,1,20.58,18.522,-8.571428571428562,2026
2026-04-01,Smart Order,Sedgefield,5:10,Each Way,23.0,1.5,BensBets_Morning_Master_2026.csv,smartorder,sedgefield,2026-04-01,1008,19.56573079,0.0,0,-1.5,-1.5,-14.931605260869564,2026
2026-04-01,Lord Churchill,Wincanton,5:20,Each Way,17.0,2.0,BensBets_Morning_Master_2026.csv,lordchurchill,wincanton,2026-04-01,1009,13.7515567,1.0,1,31.36,24.993051131999998,-19.10849,2026
2026-04-02,Ben Solo,Chepstow,3:32,Win Only,4.5,2.5,BensBets_Morning_Master_2026.csv,bensolo,chepstow,2026-04-02,1010,4.1,0.0,0,-2.5,-2.5,-8.888888888888902,2026
2026-04-02,Torrent,Chepstow,4:07,Each Way,29.0,1.5,BensBets_Morning_Master_2026.csv,torrent,chepstow,2026-04-02,1011,10.0,0.0,0,-1.5,-1.5,-65.51724137931035,2026
2026-04-02,Man Maid,Chepstow,4:39,Each Way,15.0,2.5,BensBets_Morning_Master_2026.csv,manmaid,chepstow,2026-04-02,1012,25.0,0.0,0,-2.5,-2.5,66.66666666666667,2026
2026-04-02,Dessie Haze,Chepstow,4:39,Each Way,41.0,1.5,BensBets_Morning_Master_2026.csv,dessiehaze,chepstow,2026-04-02,1013,16.09071886,1.0,1,58.800000000000004,22.1833567242,-60.754344243902445,2026
2026-04-02,Visual Impact,Kelso,4:46,Win Only,7.0,1.75,BensBets_Morning_Master_2026.csv,visualimpact,kelso,2026-04-02,1014,7.04876068,0.0,0,-1.75,-1.75,0.6965811428571334,2026
2026-04-02,Haaland,Southwell,7:48,Each Way,13.0,2.5,BensBets_Morning_Master_2026.csv,haaland,southwell,2026-04-02,1015,9.52600897,1.0,1,29.4,20.888721976499998,-26.723007923076924,2026
2026-04-03,Santorini Storm,Curragh,1:22,Each Way,19.0,2.0,BensBets_Morning_Master_2026.csv,santorinistorm,curragh,2026-04-03,1016,44.0,0.0,0,-2.0,-2.0,131.57894736842107,2026
2026-04-03,Penzance,Lingfield,3:15,Each Way,26.0,1.5,BensBets_Morning_Master_2026.csv,penzance,lingfield,2026-04-03,1017,32.0,0.0,0,-1.5,-1.5,23.076923076923084,2026
2026-04-03,Parlando,Newcastle,4:10,Win Only,17.0,1.0,BensBets_Morning_Master_2026.csv,parlando,newcastle,2026-04-03,1018,17.0,0.0,0,-1.0,-1.0,0.0,2026
2026-04-04,Patricks Wells,Carlisle,12:43,Each Way,34.0,1.5,BensBets_Morning_Master_2026.csv,patrickswells,carlisle,2026-04-04,1019,46.50663105,0.0,0,-1.5,-1.5,36.78420897058825,2026
2026-04-04,Golden Mind,Musselburgh,1:55,Win Only,26.0,0.75,BensBets_Morning_Master_2026.csv,goldenmind,musselburgh,2026-04-04,1020,12.64894891,0.0,0,-0.75,-0.75,-51.3501965,2026
2026-04-04,Karthala,Huntingdon,3:47,Each Way,29.0,1.5,BensBets_Morning_Master_2026.csv,karthala,huntingdon,2026-04-04,1021,38.0,0.0,0,-1.5,-1.5,31.034482758620683,2026
2026-04-04,Mystic Malina,Fairyhouse,4:25,Each Way,26.0,1.5,BensBets_Morning_Master_2026.csv,mysticmalina,fairyhouse,2026-04-04,1022,15.5,0.0,0,-1.5,-1.5,-40.38461538461539,2026
2026-04-04,Tractor Jack,Newton Abbot,2:35,Each Way,12.0,2.5,BensBets_Morning_Master_2026.csv,tractorjack,newtonabbot,2026-04-04,1023,6.010493,0.0,0,-2.5,-2.5,-49.91255833333334,2026
2026-04-04,Killer Whale,Wolverhampton,5:15,Win Only,4.33,2.5,BensBets_Morning_Master_2026.csv,killerwhale,wolverhampton,2026-04-04,1024,2.89241431,0.0,0,-2.5,-2.5,-33.20059330254041,2026
2026-04-04,Tilehurst,Huntingdon,6:00,Win Only,5.5,2.25,BensBets_Morning_Master_2026.csv,tilehurst,huntingdon,2026-04-04,1025,3.87654164,0.0,0,-2.25,-2.25,-29.517424727272722,2026
2026-04-05,Believeinmenow,Bath,2:00,Each Way,15.0,3.0,BensBets_Morning_Master_2026.csv,believeinmenow,bath,2026-04-05,1026,8.2,0.0,0,-3.0,-3.0,-45.333333333333336,2026
2026-04-05,Redhot Whisper,Bath,5:25,Each Way,26.0,1.5,BensBets_Morning_Master_2026.csv,redhotwhisper,bath,2026-04-05,1027,11.4478,0.0,0,-1.5,-1.5,-55.97,2026
2026-04-05,Person Of Interest,Plumpton,4:40,Win Only,11.0,1.25,BensBets_Morning_Master_2026.csv,personofinterest,plumpton,2026-04-05,1028,6.8,0.0,0,-1.25,-1.25,-38.18181818181819,2026
2026-04-05,Ruler Legend,Market Rasen,4:33,Each Way,5.5,4.5,BensBets_Morning_Master_2026.csv,rulerlegend,marketrasen,2026-04-05,1029,3.72610724,1.0,1,19.845,12.022132928400001,-32.25259563636364,2026
2026-04-05,Asphalt Cowboy,Fairyhouse,5:30,Each Way,13.0,2.5,BensBets_Morning_Master_2026.csv,asphaltcowboy,fairyhouse,2026-04-05,1030,24.0,0.0,0,-2.5,-2.5,84.61538461538463,2026
2026-04-05,Cindy Lou Who,Bath,3:10,Each Way,41.0,1.0,BensBets_Morning_Master_2026.csv,cindylouwho,bath,2026-04-05,1031,32.0,0.0,0,-1.0,-1.0,-21.95121951219512,2026
2026-04-06,Mild Magic,Plumpton,2:00,Each Way,5.5,4.0,BensBets_Morning_Master_2026.csv,mildmagic,plumpton,2026-04-06,1032,3.28470769,0.0,0,-4.0,-4.0,-40.278042,2026
2026-04-06,Kingdom Of Stars,Hereford,2:45,Each Way,7.5,3.5,BensBets_Morning_Master_2026.csv,kingdomofstars,hereford,2026-04-06,1033,5.62626712,0.0,0,-3.5,-3.5,-24.983105066666667,2026
2026-04-06,Flash Man,Plumpton,3:10,Each Way,7.0,3.5,BensBets_Morning_Master_2026.csv,flashman,plumpton,2026-04-06,1034,4.17290333,1.0,1,20.58,10.8830584219,-40.387095285714295,2026
2026-04-06,Another Mystery,Fakenham,4:35,Win Only,13.0,1.25,BensBets_Morning_Master_2026.csv,anothermystery,fakenham,2026-04-06,1035,7.6,1.0,1,14.7,8.085,-41.53846153846155,2026
2026-04-06,Crescendo Lady,Fakenham,5:10,Each Way,17.0,2.0,BensBets_Morning_Master_2026.csv,crescendolady,fakenham,2026-04-06,1036,31.20796737,0.0,0,-2.0,-2.0,83.57627864705881,2026
2026-04-06,Give Me The Night,Kempton,5:15,Each Way,29.0,1.5,BensBets_Morning_Master_2026.csv,givemethenight,kempton,2026-04-06,1037,20.0,0.0,0,-1.5,-1.5,-31.034482758620683,2026
2026-04-06,Supreme Gift,Fairyhouse,5:40,Each Way,29.0,1.5,BensBets_Morning_Master_2026.csv,supremegift,fairyhouse,2026-04-06,1038,37.3927628,0.0,0,-1.5,-1.5,28.94056137931034,2026
2026-04-07,Locked Down Lad,Exeter,2:10,Each Way,11.0,3.0,BensBets_Morning_Master_2026.csv,lockeddownlad,exeter,2026-04-07,1039,7.14369929,0.0,0,-3.0,-3.0,-35.05727918181818,2026
2026-04-07,American Trio,Exeter,2:40,Each Way,29.0,1.5,BensBets_Morning_Master_2026.csv,americantrio,exeter,2026-04-07,1040,7.4,1.0,1,41.16,9.408000000000001,-74.48275862068965,2026
2026-04-07,Jet Joe,Exeter,2:40,Each Way,29.0,1.0,BensBets_Morning_Master_2026.csv,jetjoe,exeter,2026-04-07,1041,20.82616649,0.0,0,-1.0,-1.0,-28.185632793103455,2026
2026-04-07,Mysteriosa,Exeter,3:40,Win Only,29.0,0.5,BensBets_Morning_Master_2026.csv,mysteriosa,exeter,2026-04-07,1042,37.36683457,0.0,0,-0.5,-0.5,28.851153689655185,2026
2026-04-07,Senor Diaz,Exeter,4:10,Each Way,26.0,1.5,BensBets_Morning_Master_2026.csv,senordiaz,exeter,2026-04-07,1043,26.0,0.0,0,-1.5,-1.5,0.0,2026
2026-04-07,Maynora,Pontefract,5:00,Each Way,15.0,2.5,BensBets_Morning_Master_2026.csv,maynora,pontefract,2026-04-07,1044,6.6,1.0,1,34.3,13.719999999999999,-56.00000000000001,2026
2026-04-07,Explosive Finnish,Southwell,6:30,Each Way,13.0,2.5,BensBets_Morning_Master_2026.csv,explosivefinnish,southwell,2026-04-07,1045,8.79889333,0.0,0,-2.5,-2.5,-32.316205153846155,2026
2026-04-07,Camera Shy,Southwell,8:30,Each Way,9.0,3.0,BensBets_Morning_Master_2026.csv,camerashy,southwell,2026-04-07,1046,6.25913278,0.0,0,-3.0,-3.0,-30.454080222222224,2026
2026-04-08,Mighty Quiet,Nottingham,5:10,Each Way,10.0,3.0,BensBets_Morning_Master_2026.csv,mightyquiet,nottingham,2026-04-08,1047,18.0,0.0,0,-3.0,-3.0,80.0,2026
2026-04-08,Retro Gal,Gowran Park,3:15,Each Way,34.0,1.0,BensBets_Morning_Master_2026.csv,retrogal,gowranpark,2026-04-08,1048,122.11841102,0.0,0,-1.0,-1.0,259.17179711764703,2026
2026-04-08,Arnaz,Kempton,8:00,Each Way,34.0,1.0,BensBets_Morning_Master_2026.csv,arnaz,kempton,2026-04-08,1049,26.0,0.0,0,-1.0,-1.0,-23.529411764705888,2026
2026-04-08,Godot,Fontwell,4:15,Win Only,23.0,1.0,BensBets_Morning_Master_2026.csv,godot,fontwell,2026-04-08,1050,13.0,0.0,0,-1.0,-1.0,-43.47826086956522,2026
2026-04-08,Nephin Mountain,Gowran Park,2:40,Each Way,13.0,2.5,BensBets_Morning_Master_2026.csv,nephinmountain,gowranpark,2026-04-08,1051,7.55740082,0.0,0,-2.5,-2.5,-41.86614753846154,2026
2026-04-08,Sweet Baby Zou,Gowran Park,2:05,Each Way,34.0,1.0,BensBets_Morning_Master_2026.csv,sweetbabyzou,gowranpark,2026-04-08,1052,44.0,0.0,0,-1.0,-1.0,29.41176470588236,2026
2026-04-08,Kitsune Power,Catterick,3:58,Each Way,8.0,3.5,BensBets_Morning_Master_2026.csv,kitsunepower,catterick,2026-04-08,1053,4.63883245,0.0,0,-3.5,-3.5,-42.014594375,2026
2026-04-09,Gasmani,Taunton,3:07,Win Only,8.5,1.75,BensBets_Morning_Master_2026.csv,gasmani,taunton,2026-04-09,1054,11.5,1.0,1,12.862499999999999,18.0075,35.29411764705883,2026
2026-04-09,Aquifolia,Taunton,3:40,Each Way,8.5,3.5,BensBets_Morning_Master_2026.csv,aquifolia,taunton,2026-04-09,1055,7.4,0.0,0,-3.5,-3.5,-12.941176470588234,2026
2026-04-09,Miracles Do Happen,Taunton,3:40,Win Only,9.0,1.5,BensBets_Morning_Master_2026.csv,miraclesdohappen,taunton,2026-04-09,1056,6.73094081,1.0,1,11.76,8.4244829907,-25.211768777777777,2026
2026-04-09,Silver Trumpet,Southwell,4:55,Each Way,11.0,3.0,BensBets_Morning_Master_2026.csv,silvertrumpet,southwell,2026-04-09,1057,6.0,0.0,0,-3.0,-3.0,-45.45454545454546,2026
2026-04-09,Boys Of Wexford,Taunton,5:20,Win Only,23.0,0.75,BensBets_Morning_Master_2026.csv,boysofwexford,taunton,2026-04-09,1058,18.26409857,1.0,1,16.169999999999998,12.689112448950002,-20.590875782608688,2026
2026-04-09,Crafter,Wolverhampton,5:30,Win Only,6.0,2.0,BensBets_Morning_Master_2026.csv,crafter,wolverhampton,2026-04-09,1059,5.22135733,0.0,0,-2.0,-2.0,-12.977377833333337,2026
2026-04-09,Order Driven,Taunton,5:55,Each Way,17.0,2.0,BensBets_Morning_Master_2026.csv,orderdriven,taunton,2026-04-09,1060,11.15510221,0.0,0,-2.0,-2.0,-34.381751705882344,2026
2026-04-09,Power Strike,Gowran Park,6:15,Each Way,15.0,2.5,BensBets_Morning_Master_2026.csv,powerstrike,gowranpark,2026-04-09,1061,8.2,0.0,0,-2.5,-2.5,-45.333333333333336,2026
2026-04-10,In The Breeze,Thirsk,5:00,Win Only,11.0,1.5,BensBets_Morning_Master_2026.csv,inthebreeze,thirsk,2026-04-10,1062,6.95553258,1.0,1,14.700000000000001,8.7546328926,-36.76788563636364,2026
2026-04-10,Step To Glory,Wolverhampton,5:23,Win Only,15.0,1.25,BensBets_Morning_Master_2026.csv,steptoglory,wolverhampton,2026-04-10,1063,3.85,0.0,0,-1.25,-1.25,-74.33333333333334,2026
2026-04-10,Everatease,Wolverhampton,5:23,Win Only,6.5,2.0,BensBets_Morning_Master_2026.csv,everatease,wolverhampton,2026-04-10,1064,15.0,0.0,0,-2.0,-2.0,130.76923076923075,2026
2026-04-10,Filey Beach,Thirsk,5:35,Each Way,21.0,2.0,BensBets_Morning_Master_2026.csv,fileybeach,thirsk,2026-04-10,1065,27.44402499,0.0,0,-2.0,-2.0,30.68583328571428,2026
2026-04-10,One More Dream,Thirsk,6:10,Each Way,21.0,2.0,BensBets_Morning_Master_2026.csv,onemoredream,thirsk,2026-04-10,1066,29.0,0.0,0,-2.0,-2.0,38.095238095238095,2026
2026-04-10,Rodeeve,Dundalk,6:50,Each Way,26.0,1.5,BensBets_Morning_Master_2026.csv,rodeeve,dundalk,2026-04-10,1067,18.15670139,0.0,0,-1.5,-1.5,-30.16653311538462,2026
2026-04-10,Finnians Row,Wexford,7:08,Each Way,17.0,2.0,BensBets_Morning_Master_2026.csv,finniansrow,wexford,2026-04-10,1068,75.0,0.0,0,-2.0,-2.0,341.1764705882353,2026
2026-04-11,Northcliff,Southwell,7:45,Each Way,19.0,2.0,BensBets_Morning_Master_2026.csv,northcliff,southwell,2026-04-11,1069,8.92251034,0.0,0,-2.0,-2.0,-53.039419263157896,2026
2026-04-11,Victors Spirit,Southwell,5:15,Win Only,29.0,0.5,BensBets_Morning_Master_2026.csv,victorsspirit,southwell,2026-04-11,1070,14.87936178,1.0,1,13.719999999999999,6.8008872722,-48.691855931034475,2026
2026-04-11,Putapoundinthejar,Bellewstown,7:00,Each Way,13.0,2.5,BensBets_Morning_Master_2026.csv,putapoundinthejar,bellewstown,2026-04-11,1071,6.8,1.0,1,29.4,14.21,-47.692307692307686,2026
2026-04-11,Brother Dave,Southwell,6:45,Each Way,17.0,2.5,BensBets_Morning_Master_2026.csv,brotherdave,southwell,2026-04-11,1072,13.5,0.0,0,-2.5,-2.5,-20.588235294117652,2026
2026-04-11,Lagoon Nebula,Bellewstown,7:00,Each Way,19.0,2.0,BensBets_Morning_Master_2026.csv,lagoonnebula,bellewstown,2026-04-11,1073,16.5,0.0,0,-2.0,-2.0,-13.157894736842103,2026
2026-04-12,Artic Chief,Down Royal,3:35,Each Way,31.0,1.5,BensBets_Morning_Master_2026.csv,articchief,downroyal,2026-04-12,1074,95.0,0.0,0,-1.5,-1.5,206.4516129032258,2026
2026-04-12,South Parade,Musselburgh,6:45,Each Way,34.0,1.0,BensBets_Morning_Master_2026.csv,southparade,musselburgh,2026-04-12,1075,18.76516086,0.0,0,-1.0,-1.0,-44.8083504117647,2026
2026-04-12,Maldevious,Musselburgh,6:15,Each Way,17.0,2.5,BensBets_Morning_Master_2026.csv,maldevious,musselburgh,2026-04-12,1076,15.06544311,0.0,0,-2.5,-2.5,-11.379746411764701,2026
2026-04-12,Dunkeld Dreamer,Musselburgh,4:45,Each Way,12.0,2.5,BensBets_Morning_Master_2026.csv,dunkelddreamer,musselburgh,2026-04-12,1077,10.5,0.0,0,-2.5,-2.5,-12.5,2026
2026-04-12,Danny The Champ,Down Royal,3:05,Each Way,34.0,1.0,BensBets_Morning_Master_2026.csv,dannythechamp,downroyal,2026-04-12,1078,17.90520835,0.0,0,-1.0,-1.0,-47.337622499999995,2026
2026-04-12,Supreme Clarets,Musselburgh,4:15,Each Way,21.0,2.0,BensBets_Morning_Master_2026.csv,supremeclarets,musselburgh,2026-04-12,1079,10.5,0.0,0,-2.0,-2.0,-50.0,2026
2026-04-13,Alan Bresil,Fakenham,2:40,Each Way,7.0,3.0,BensBets_Morning_Master_2026.csv,alanbresil,fakenham,2026-04-13,1080,12.19930156,0.0,0,-3.0,-3.0,74.27573657142858,2026
2026-04-13,Evening Saigon,Newcastle,7:00,Win Only,6.5,2.0,BensBets_Morning_Master_2026.csv,eveningsaigon,newcastle,2026-04-13,1081,2.6423794,1.0,1,10.78,3.2190636239999995,-59.348009230769236,2026
2026-04-14,I Love You Sivola,Newton Abbot,4:17,Win Only,21.0,1.0,BensBets_Morning_Master_2026.csv,iloveyousivola,newtonabbot,2026-04-14,1082,22.24917588,0.0,0,-1.0,-1.0,5.948456571428573,2026
2026-04-14,Goldinthemountains,Clonmel,6:42,Each Way,10.0,3.0,BensBets_Morning_Master_2026.csv,goldinthemountains,clonmel,2026-04-14,1083,7.8,0.0,0,-3.0,-3.0,-21.999999999999996,2026
2026-04-15,Dutch Gold,Leopardstown,2:32,Each Way,21.0,2.0,BensBets_Morning_Master_2026.csv,dutchgold,leopardstown,2026-04-15,1084,24.86490859,0.0,0,-2.0,-2.0,18.404326619047605,2026
2026-04-15,Ribee,Leopardstown,3:07,Win Only,19.0,1.0,BensBets_Morning_Master_2026.csv,ribee,leopardstown,2026-04-15,1085,16.93396926,0.0,0,-1.0,-1.0,-10.873845999999999,2026
2026-04-15,Azleet,Newmarket,3:35,Each Way,67.0,1.0,BensBets_Morning_Master_2026.csv,azleet,newmarket,2026-04-15,1086,130.0,1.0,1,64.67999999999999,126.42,94.02985074626866,2026
2026-04-15,Some Good Men Gone,Leopardstown,4:17,Each Way,13.0,2.5,BensBets_Morning_Master_2026.csv,somegoodmengone,leopardstown,2026-04-15,1087,16.0,0.0,0,-2.5,-2.5,23.076923076923084,2026
2026-04-15,Anvika,Leopardstown,4:52,Each Way,17.0,2.5,BensBets_Morning_Master_2026.csv,anvika,leopardstown,2026-04-15,1088,14.0,0.0,0,-2.5,-2.5,-17.647058823529417,2026
2026-04-15,Fire Eyes,Beverley,5:10,Win Only,8.0,1.75,BensBets_Morning_Master_2026.csv,fireeyes,beverley,2026-04-15,1089,6.4,0.0,0,-1.75,-1.75,-19.999999999999996,2026
2026-04-15,Highfield Comrade,Beverley,5:45,Win Only,5.0,2.5,BensBets_Morning_Master_2026.csv,highfieldcomrade,beverley,2026-04-15,1090,9.0,0.0,0,-2.5,-2.5,80.0,2026
2026-04-15,Beelzebub,Southwell,7:30,Each Way,11.0,3.0,BensBets_Morning_Master_2026.csv,beelzebub,southwell,2026-04-15,1091,11.5,0.0,0,-3.0,-3.0,4.545454545454541,2026
2026-04-16,Sayidah Hard Spun,Newmarket,1:50,Each Way,15.0,2.5,BensBets_Morning_Master_2026.csv,sayidahhardspun,newmarket,2026-04-16,1092,30.0,0.0,0,-2.5,-2.5,100.0,2026
2026-04-16,Domination,Ripon,4:52,Each Way,12.0,3.0,BensBets_Morning_Master_2026.csv,domination,ripon,2026-04-16,1093,3.62230986,1.0,1,32.339999999999996,7.7095909884000005,-69.81408449999999,2026
2026-04-16,Physique,Newmarket,5:20,Each Way,15.0,2.5,BensBets_Morning_Master_2026.csv,physique,newmarket,2026-04-16,1094,9.4,0.0,0,-2.5,-2.5,-37.33333333333333,2026
2026-04-16,Crystal Days,Hereford,5:30,Win Only,5.5,2.25,BensBets_Morning_Master_2026.csv,crystaldays,hereford,2026-04-16,1095,3.45,0.0,0,-2.25,-2.25,-37.272727272727266,2026
2026-04-17,Law Court,Wolverhampton,4:25,Win Only,6.5,2.0,BensBets_Morning_Master_2026.csv,lawcourt,wolverhampton,2026-04-17,1096,2.62,0.0,0,-2.0,-2.0,-59.692307692307686,2026
2026-04-17,Nevernotrememberu,Bath,4:50,Win Only,10.0,1.5,BensBets_Morning_Master_2026.csv,nevernotrememberu,bath,2026-04-17,1097,13.0,0.0,0,-1.5,-1.5,30.000000000000004,2026
2026-04-17,Getone,Exeter,5:10,Each Way,23.0,2.0,BensBets_Morning_Master_2026.csv,getone,exeter,2026-04-17,1098,15.5,0.0,0,-2.0,-2.0,-32.608695652173914,2026
2026-04-17,Ignition,Wolverhampton,5:35,Each Way,11.0,3.0,BensBets_Morning_Master_2026.csv,ignition,wolverhampton,2026-04-17,1099,8.9200333,0.0,0,-3.0,-3.0,-18.90878818181818,2026
2026-04-17,Imperial Jade,Exeter,5:40,Each Way,19.0,2.0,BensBets_Morning_Master_2026.csv,imperialjade,exeter,2026-04-17,1100,16.1400781,0.0,0,-2.0,-2.0,-15.052220526315786,2026
2026-04-17,Senor Diaz,Exeter,7:10,Each Way,34.0,1.5,BensBets_Morning_Master_2026.csv,senordiaz,exeter,2026-04-17,1101,40.0,0.0,0,-1.5,-1.5,17.647058823529417,2026
2026-04-18,Lightning Tiger,Thirsk,4:32,Each Way,7.0,3.5,BensBets_Morning_Master_2026.csv,lightningtiger,thirsk,2026-04-18,1102,4.3,0.0,0,-3.5,-3.5,-38.57142857142858,2026
2026-04-18,Deep Manhattan,Bellewstown,5:35,Each Way,17.0,2.0,BensBets_Morning_Master_2026.csv,deepmanhattan,bellewstown,2026-04-18,1103,23.05794747,0.0,0,-2.0,-2.0,35.63498511764705,2026
2026-04-18,Evelyns Phoenix,Nottingham,7:15,Win Only,15.0,1.25,BensBets_Morning_Master_2026.csv,evelynsphoenix,nottingham,2026-04-18,1104,8.83590786,1.0,1,17.15,9.598987128500001,-41.09394759999999,2026
2026-04-18,Law Degree,Nottingham,7:45,Win Only,19.0,1.0,BensBets_Morning_Master_2026.csv,lawdegree,nottingham,2026-04-18,1105,13.0,0.0,0,-1.0,-1.0,-31.57894736842105,2026
2026-04-19,Royal Impact,Curragh,3:00,Each Way,11.0,3.0,BensBets_Morning_Master_2026.csv,royalimpact,curragh,2026-04-19,1106,6.27650556,0.0,0,-3.0,-3.0,-42.94085854545454,2026
2026-04-19,Yes And Yes,Stratford,3:43,Each Way,5.5,4.5,BensBets_Morning_Master_2026.csv,yesandyes,stratford,2026-04-19,1107,4.74680504,1.0,1,19.845,16.5234102264,-13.694453818181817,2026
2026-04-19,Dont Tell Jack,Tramore,3:18,Each Way,6.0,4.0,BensBets_Morning_Master_2026.csv,donttelljack,tramore,2026-04-19,1108,3.05,1.0,1,19.6,8.036,-49.16666666666667,2026
2026-04-19,William F Browne,Curragh,3:00,Each Way,34.0,1.0,BensBets_Morning_Master_2026.csv,williamfbrowne,curragh,2026-04-19,1109,34.0,0.0,0,-1.0,-1.0,0.0,2026
2026-04-19,Moon Monarch,Plumpton,2:52,Each Way,23.0,1.5,BensBets_Morning_Master_2026.csv,moonmonarch,plumpton,2026-04-19,1110,18.80506587,0.0,0,-1.5,-1.5,-18.238844043478263,2026
2026-04-20,Looking Splendid,Kelso,3:00,Win Only,5.0,2.25,BensBets_Morning_Master_2026.csv,lookingsplendid,kelso,2026-04-20,1111,3.45,0.0,0,-2.25,-2.25,-30.999999999999993,2026
2026-04-20,Dare To Shout,Kelso,3:30,Each Way,8.0,3.5,BensBets_Morning_Master_2026.csv,daretoshout,kelso,2026-04-20,1112,5.0,0.0,0,-3.5,-3.5,-37.5,2026
2026-04-20,Asadjumeirah,Newcastle,5:30,Win Only,6.5,2.0,BensBets_Morning_Master_2026.csv,asadjumeirah,newcastle,2026-04-20,1114,3.65,0.0,0,-2.0,-2.0,-43.84615384615385,2026
2026-04-20,Masai Angel,Newcastle,7:00,Each Way,21.0,2.0,BensBets_Morning_Master_2026.csv,masaiangel,newcastle,2026-04-20,1115,7.46525261,0.0,0,-2.0,-2.0,-64.45117804761904,2026
2026-04-20,Fille Unique,Newcastle,7:30,Win Only,8.5,1.75,BensBets_Morning_Master_2026.csv,filleunique,newcastle,2026-04-20,1116,9.14245391,0.0,0,-1.75,-1.75,7.558281294117641,2026
2026-04-21,Lion Of The Desert,Ffos Las,7:42,Win Only,17.0,1.25,BensBets_Morning_Master_2026.csv,lionofthedesert,ffoslas,2026-04-21,1117,5.9,1.0,1,19.6,6.0025,-65.29411764705881,2026
2026-04-21,Anaisa,Pontefract,2:52,Each Way,15.0,2.5,BensBets_Morning_Master_2026.csv,anaisa,pontefract,2026-04-21,1118,19.57109828,0.0,0,-2.5,-2.5,30.47398853333334,2026
2026-04-22,Le Puy,Catterick,3:22,Win Only,29.0,0.75,BensBets_Morning_Master_2026.csv,lepuy,catterick,2026-04-22,1119,46.0,0.0,0,-0.75,-0.75,58.62068965517242,2026
2026-04-22,Shes All Pride,Ludlow,4:00,Each Way,7.5,3.5,BensBets_Morning_Master_2026.csv,shesallpride,ludlow,2026-04-22,1120,12.32523245,0.0,0,-3.5,-3.5,64.33643266666667,2026
2026-04-22,Tinas Indian,Gowran Park,6:18,Win Only,7.5,1.75,BensBets_Morning_Master_2026.csv,tinasindian,gowranpark,2026-04-22,1121,5.92687969,0.0,0,-1.75,-1.75,-20.974937466666667,2026
2026-04-22,Kitty Bear,Gowran Park,7:18,Win Only,5.5,2.25,BensBets_Morning_Master_2026.csv,kittybear,gowranpark,2026-04-22,1122,7.0,1.0,1,9.9225,13.23,27.27272727272727,2026
2026-04-23,Letterston Lily,Perth,2:40,Each Way,13.0,3.0,BensBets_Morning_Master_2026.csv,letterstonlily,perth,2026-04-23,1123,6.64475825,1.0,1,35.28,16.595589255,-48.886475000000004,2026
2026-04-23,Canavan,Perth,4:40,Each Way,15.0,0.75,BensBets_Morning_Master_2026.csv,canavan,perth,2026-04-23,1124,13.0,0.0,0,-0.75,-0.75,-13.33333333333333,2026
2026-04-23,Subiaco,Dundalk,5:45,Win Only,12.0,1.5,BensBets_Morning_Master_2026.csv,subiaco,dundalk,2026-04-23,1125,3.85,0.0,0,-1.5,-1.5,-67.91666666666667,2026
2026-04-24,Cotton Bud,Doncaster,5:10,Each Way,15.0,2.0,BensBets_Morning_Master_2026.csv,cottonbud,doncaster,2026-04-24,1126,14.5,1.0,1,27.439999999999998,26.46,-3.3333333333333326,2026
2026-04-24,Simon The Seagull,Fontwell,6:50,Each Way,17.0,2.0,BensBets_Morning_Master_2026.csv,simontheseagull,fontwell,2026-04-24,1127,10.12112694,0.0,0,-2.0,-2.0,-40.46395917647059,2026
2026-04-24,Ballybay,Fontwell,7:20,Each Way,34.0,1.0,BensBets_Morning_Master_2026.csv,ballybay,fontwell,2026-04-24,1128,38.0,0.0,0,-1.0,-1.0,11.764705882352944,2026
2026-04-24,Apercu,Cork,7:45,Each Way,9.0,3.0,BensBets_Morning_Master_2026.csv,apercu,cork,2026-04-24,1129,9.86686688,0.0,0,-3.0,-3.0,9.631854222222213,2026
2026-04-24,Knockeranna Rose,Perth,5:00,Each Way,9.0,3.0,BensBets_Morning_Master_2026.csv,knockerannarose,perth,2026-04-24,1130,12.5,0.0,0,-3.0,-3.0,38.888888888888886,2026
2026-04-24,Berkenshtaaap,Perth,4:25,Each Way,6.5,4.0,BensBets_Morning_Master_2026.csv,berkenshtaaap,perth,2026-04-24,1131,4.59394505,1.0,1,21.56,14.088264596,-29.323922307692307,2026
2026-04-24,Nells Son,Perth,3:47,Win Only,12.0,1.25,BensBets_Morning_Master_2026.csv,nellsson,perth,2026-04-24,1132,17.5,0.0,0,-1.25,-1.25,45.83333333333333,2026
2026-04-25,Kilmood Susan,Navan,1:20,Each Way,26.0,1.0,BensBets_Morning_Master_2026.csv,kilmoodsusan,navan,2026-04-25,1133,21.0,0.0,0,-1.0,-1.0,-19.23076923076923,2026
2026-04-25,Abletai,Navan,1:55,Each Way,29.0,1.0,BensBets_Morning_Master_2026.csv,abletai,navan,2026-04-25,1134,27.0,0.0,0,-1.0,-1.0,-6.896551724137934,2026
2026-04-25,Due To Henry,Haydock,3:10,Each Way,29.0,1.0,BensBets_Morning_Master_2026.csv,duetohenry,haydock,2026-04-25,1135,12.5,0.0,0,-1.0,-1.0,-56.896551724137936,2026
2026-04-25,Cameley Days,Leicester,3:19,Each Way,8.5,3.0,BensBets_Morning_Master_2026.csv,cameleydays,leicester,2026-04-25,1136,7.2,0.0,0,-3.0,-3.0,-15.294117647058824,2026
2026-04-25,Smithfield,Limerick,3:50,Each Way,15.0,2.0,BensBets_Morning_Master_2026.csv,smithfield,limerick,2026-04-25,1137,5.51548588,0.0,0,-2.0,-2.0,-63.23009413333334,2026
2026-04-25,John Barleycorn,Haydock,4:20,Each Way,12.0,2.5,BensBets_Morning_Master_2026.csv,johnbarleycorn,haydock,2026-04-25,1138,8.0,0.0,0,-2.5,-2.5,-33.333333333333336,2026
2026-04-25,Hallandale Beach,Doncaster,5:45,Each Way,10.0,3.0,BensBets_Morning_Master_2026.csv,hallandalebeach,doncaster,2026-04-25,1139,18.93534109,0.0,0,-3.0,-3.0,89.35341090000001,2026
2026-04-25,Sovereign Applause,Southwell,6:00,Win Only,15.0,1.25,BensBets_Morning_Master_2026.csv,sovereignapplause,southwell,2026-04-25,1140,7.39166821,0.0,0,-1.25,-1.25,-50.72221193333333,2026
2026-04-25,Winstons Warrior,Southwell,7:00,Win Only,8.5,1.75,BensBets_Morning_Master_2026.csv,winstonswarrior,southwell,2026-04-25,1141,5.7,1.0,1,12.862499999999999,8.0605,-32.94117647058823,2026
2026-04-26,Chesneys Charm,Wetherby,4:35,Each Way,29.0,1.0,BensBets_Morning_Master_2026.csv,chesneyscharm,wetherby,2026-04-26,1142,21.51313016,0.0,0,-1.0,-1.0,-25.816792551724145,2026
2026-04-26,Beaming Light,Nottingham,3:20,Each Way,15.0,2.5,BensBets_Morning_Master_2026.csv,beaminglight,nottingham,2026-04-26,1143,9.4,0.0,0,-2.5,-2.5,-37.33333333333333,2026
2026-04-26,Epidavros,Musselburgh,4:45,Each Way,6.0,4.0,BensBets_Morning_Master_2026.csv,epidavros,musselburgh,2026-04-26,1144,5.5,0.0,0,-4.0,-4.0,-8.333333333333337,2026
2026-04-26,Furhaan,Musselburgh,5:15,Each Way,51.0,1.0,BensBets_Morning_Master_2026.csv,furhaan,musselburgh,2026-04-26,1145,48.0,0.0,0,-1.0,-1.0,-5.882352941176472,2026
2026-04-27,Downloadmylife,Bath,3:00,Win Only,41.0,0.5,BensBets_Morning_Master_2026.csv,downloadmylife,bath,2026-04-27,1146,28.15761634,0.0,0,-0.5,-0.5,-31.322886975609755,2026
2026-04-27,Lady Magu,Lingfield,3:15,Win Only,6.0,1.75,BensBets_Morning_Master_2026.csv,ladymagu,lingfield,2026-04-27,1147,5.94863299,0.0,0,-1.75,-1.75,-0.8561168333333313,2026
2026-04-27,Beibhinn,Naas,5:10,Win Only,15.0,1.0,BensBets_Morning_Master_2026.csv,beibhinn,naas,2026-04-27,1148,7.52449611,0.0,0,-1.0,-1.0,-49.8366926,2026
2026-04-27,Joyful Tidings,Naas,5:45,Each Way,21.0,2.0,BensBets_Morning_Master_2026.csv,joyfultidings,naas,2026-04-27,1149,22.0,0.0,0,-2.0,-2.0,4.761904761904767,2026
2026-04-27,Fontaine Khaled,Naas,5:45,Each Way,23.0,1.5,BensBets_Morning_Master_2026.csv,fontainekhaled,naas,2026-04-27,1150,14.0,0.0,0,-1.5,-1.5,-39.13043478260869,2026
2026-04-27,Clipstone,Wolverhampton,7:30,Each Way,21.0,1.5,BensBets_Morning_Master_2026.csv,clipstone,wolverhampton,2026-04-27,1151,18.0,0.0,0,-1.5,-1.5,-14.28571428571429,2026
2026-04-27,Felix Guido,Naas,7:45,Each Way,8.0,3.5,BensBets_Morning_Master_2026.csv,felixguido,naas,2026-04-27,1152,6.36690957,0.0,0,-3.5,-3.5,-20.413630375000004,2026
2026-04-27,Macarone,Wolverhampton,8:30,Win Only,7.5,1.75,BensBets_Morning_Master_2026.csv,macarone,wolverhampton,2026-04-27,1153,9.8,0.0,0,-1.75,-1.75,30.666666666666686,2026
2026-04-28,Noble Guest,Yarmouth,2:12,Win Only,7.0,1.75,BensBets_Morning_Master_2026.csv,nobleguest,yarmouth,2026-04-28,1154,7.6,0.0,0,-1.75,-1.75,8.571428571428562,2026
2026-04-28,Moab,Punchestown,3:05,Each Way,26.0,1.5,BensBets_Morning_Master_2026.csv,moab,punchestown,2026-04-28,1155,33.57883308,0.0,0,-1.5,-1.5,29.149358000000003,2026
2026-04-28,Another High Five,Punchestown,3:05,Each Way,34.0,1.0,BensBets_Morning_Master_2026.csv,anotherhighfive,punchestown,2026-04-28,1156,79.24076005,0.0,0,-1.0,-1.0,133.06105897058825,2026
2026-04-28,Fletcher,Yarmouth,3:22,Each Way,41.0,1.0,BensBets_Morning_Master_2026.csv,fletcher,yarmouth,2026-04-28,1157,21.85845542,0.0,0,-1.0,-1.0,-46.686694097560974,2026
2026-04-28,Edergoles Gift,Yarmouth,5:03,Each Way,21.0,1.5,BensBets_Morning_Master_2026.csv,edergolesgift,yarmouth,2026-04-28,1158,22.0,0.0,0,-1.5,-1.5,4.761904761904767,2026
2026-04-28,Noble Indulgence,Punchestown,5:25,Each Way,17.0,2.0,BensBets_Morning_Master_2026.csv,nobleindulgence,punchestown,2026-04-28,1159,12.5,0.0,0,-2.0,-2.0,-26.470588235294112,2026
2026-04-28,Cyrano De Bergerac,Lingfield,6:50,Win Only,3.75,3.0,BensBets_Morning_Master_2026.csv,cyranodebergerac,lingfield,2026-04-28,1160,3.85,0.0,0,-3.0,-3.0,2.6666666666666616,2026
2026-04-28,Onslow Gardens,Lingfield,7:20,Win Only,19.0,1.0,BensBets_Morning_Master_2026.csv,onslowgardens,lingfield,2026-04-28,1161,30.29305345,0.0,0,-1.0,-1.0,59.43712342105263,2026
2026-04-29,Frankie John,Punchestown,4:15,Each Way,26.0,1.5,BensBets_Morning_Master_2026.csv,frankiejohn,punchestown,2026-04-29,1162,26.0,0.0,0,-1.5,-1.5,0.0,2026
2026-04-29,Spirit Catcher,Musselburgh,4:25,Each Way,12.0,2.5,BensBets_Morning_Master_2026.csv,spiritcatcher,musselburgh,2026-04-29,1163,3.13037945,1.0,1,26.95,5.2194296525,-73.91350458333334,2026
2026-04-29,Invincible Melody,Musselburgh,5:00,Each Way,17.0,2.0,BensBets_Morning_Master_2026.csv,invinciblemelody,musselburgh,2026-04-29,1164,25.0,0.0,0,-2.0,-2.0,47.058823529411775,2026
2026-04-29,Volenti,Pontefract,5:08,Each Way,19.0,2.0,BensBets_Morning_Master_2026.csv,volenti,pontefract,2026-04-29,1165,10.02017106,0.0,0,-2.0,-2.0,-47.26225757894738,2026
2026-04-30,Twilight Guest,Yarmouth,2:05,Each Way,11.0,2.5,BensBets_Morning_Master_2026.csv,twilightguest,yarmouth,2026-04-30,1166,21.82283762,0.0,0,-2.5,-2.5,98.38943290909093,2026
2026-04-30,Lawmans Blis,Southwell,5:17,Each Way,10.0,2.5,BensBets_Morning_Master_2026.csv,lawmansblis,southwell,2026-04-30,1168,6.0,0.0,0,-2.5,-2.5,-40.0,2026
2026-04-30,Superstorm,Kempton,5:45,Each Way,15.0,2.0,BensBets_Morning_Master_2026.csv,superstorm,kempton,2026-04-30,1170,15.5,0.0,0,-2.0,-2.0,3.3333333333333437,2026
2026-04-30,Sisterandbrother,Southwell,5:52,Each Way,8.0,3.0,BensBets_Morning_Master_2026.csv,sisterandbrother,southwell,2026-04-30,1171,4.7,0.0,0,-3.0,-3.0,-41.25,2026
2026-04-30,Imperial Cult,Lingfield,6:10,Win Only,5.0,2.25,BensBets_Morning_Master_2026.csv,imperialcult,lingfield,2026-04-30,1172,2.67698781,1.0,1,8.82,3.69775812105,-46.4602438,2026
2026-04-30,Space Bear,Kempton,7:45,Win Only,2.88,3.25,BensBets_Morning_Master_2026.csv,spacebear,kempton,2026-04-30,1173,2.62,0.0,0,-3.25,-3.25,-9.027777777777768,2026
2026-05-01,Paradias,Newmarket,3:30,Each Way,23.0,1.5,BensBets_Morning_Master_2026.csv,paradias,newmarket,2026-05-01,1174,22.0,0.0,0,-1.5,-1.5,-4.347826086956519,2026
2026-05-01,Coedana,Goodwood,3:50,Each Way,15.0,2.5,BensBets_Morning_Master_2026.csv,coedana,goodwood,2026-05-01,1175,6.4,0.0,0,-2.5,-2.5,-57.33333333333333,2026
2026-05-01,Cause For Comment,Punchestown,4:15,Each Way,17.0,2.0,BensBets_Morning_Master_2026.csv,causeforcomment,punchestown,2026-05-01,1176,14.0,0.0,0,-2.0,-2.0,-17.647058823529417,2026
2026-05-01,Sea The Light,Newcastle,5:20,Each Way,13.0,2.5,BensBets_Morning_Master_2026.csv,seathelight,newcastle,2026-05-01,1177,13.3326569,0.0,0,-2.5,-2.5,2.5588992307692404,2026
2026-05-01,Hes Gorgeous,Punchestown,5:25,Each Way,34.0,1.0,BensBets_Morning_Master_2026.csv,hesgorgeous,punchestown,2026-05-01,1178,23.63419344,0.0,0,-1.0,-1.0,-30.48766635294118,2026
2026-05-01,Walk Of No Shame,Warwick,6:50,Win Only,5.5,2.0,BensBets_Morning_Master_2026.csv,walkofnoshame,warwick,2026-05-01,1179,4.09042908,0.0,0,-2.0,-2.0,-25.628562181818182,2026
2026-05-01,Loud And Proud,Warwick,6:50,Win Only,19.0,1.0,BensBets_Morning_Master_2026.csv,loudandproud,warwick,2026-05-01,1180,15.5,1.0,1,17.64,14.209999999999999,-18.42105263157895,2026
2026-05-01,Whimsy,Punchestown,7:10,Each Way,17.0,2.0,BensBets_Morning_Master_2026.csv,whimsy,punchestown,2026-05-01,1181,6.42849751,0.0,0,-2.0,-2.0,-62.18530876470588,2026
2026-05-02,Sony Bill,Punchestown,5:30,Each Way,34.0,1.0,BensBets_Morning_Master_2026.csv,sonybill,punchestown,2026-05-02,1182,29.59859976,0.0,0,-1.0,-1.0,-12.94529482352942,2026
2026-05-02,Grey Force,Doncaster,7:32,Win Only,4.33,2.25,BensBets_Morning_Master_2026.csv,greyforce,doncaster,2026-05-02,1183,4.3,0.0,0,-2.25,-2.25,-0.6928406466512715,2026
2026-05-02,Magic Music,Doncaster,8:02,Each Way,29.0,1.5,BensBets_Morning_Master_2026.csv,magicmusic,doncaster,2026-05-02,1184,49.91774624,0.0,0,-1.5,-1.5,72.13015944827586,2026
2026-05-03,Genuine Article,Cork,2:30,Each Way,26.0,1.5,BensBets_Morning_Master_2026.csv,genuinearticle,cork,2026-05-03,1185,20.39438616,0.0,0,-1.5,-1.5,-21.560053230769228,2026
2026-05-03,Native Honey,Hamilton,3:53,Each Way,9.5,3.0,BensBets_Morning_Master_2026.csv,nativehoney,hamilton,2026-05-03,1186,8.0,0.0,0,-3.0,-3.0,-15.789473684210531,2026
2026-05-03,Holi Scarlett,Newmarket,4:10,Each Way,81.0,1.0,BensBets_Morning_Master_2026.csv,holiscarlett,newmarket,2026-05-03,1187,54.66779203,0.0,0,-1.0,-1.0,-32.50889872839507,2026
2026-05-03,Cuckaloo Hill,Sligo,4:32,Each Way,34.0,1.5,BensBets_Morning_Master_2026.csv,cuckaloohill,sligo,2026-05-03,1188,18.34226427,0.0,0,-1.5,-1.5,-46.0521639117647,2026
2026-05-03,Hi Lord,Hamilton,5:00,Each Way,23.0,2.0,BensBets_Morning_Master_2026.csv,hilord,hamilton,2026-05-03,1189,8.50028898,1.0,1,43.12,14.700566400800001,-63.04222182608695,2026
2026-05-03,Gozo,Hamilton,5:35,Each Way,23.0,2.0,BensBets_Morning_Master_2026.csv,gozo,hamilton,2026-05-03,1190,65.0,0.0,0,-2.0,-2.0,182.60869565217394,2026
2026-05-04,Brandenburg,Beverley,1:57,Each Way,26.0,1.5,BensBets_Morning_Master_2026.csv,brandenburg,beverley,2026-05-04,1191,46.0,1.0,1,36.75,66.15,76.92307692307692,2026
2026-05-04,Astley,Down Royal,3:20,Each Way,17.0,2.5,BensBets_Morning_Master_2026.csv,astley,downroyal,2026-05-04,1192,7.8,0.0,0,-2.5,-2.5,-54.117647058823536,2026
2026-05-04,Sir Rock,Warwick,3:50,Each Way,17.0,2.5,BensBets_Morning_Master_2026.csv,sirrock,warwick,2026-05-04,1193,8.6,0.0,0,-2.5,-2.5,-49.411764705882355,2026
2026-05-04,Bold Impact,Windsor,4:08,Each Way,34.0,1.5,BensBets_Morning_Master_2026.csv,boldimpact,windsor,2026-05-04,1194,34.0,0.0,0,-1.5,-1.5,0.0,2026
2026-05-04,Im Spartacus,Curragh,5:20,Each Way,11.0,3.0,BensBets_Morning_Master_2026.csv,imspartacus,curragh,2026-05-04,1195,12.65671217,0.0,0,-3.0,-3.0,15.06101972727274,2026
2026-05-05,Pearl Eye,Ayr,4:00,Each Way,9.5,3.0,BensBets_Morning_Master_2026.csv,pearleye,ayr,2026-05-05,1196,6.8,0.0,0,-3.0,-3.0,-28.421052631578945,2026
2026-05-05,Karuma Grey,Ffos Las,4:18,Each Way,26.0,1.5,BensBets_Morning_Master_2026.csv,karumagrey,ffoslas,2026-05-05,1197,22.3416126,0.0,0,-1.5,-1.5,-14.07072076923076,2026
2026-05-05,Angels Call,Wolverhampton,6:30,Each Way,23.0,1.5,BensBets_Morning_Master_2026.csv,angelscall,wolverhampton,2026-05-05,1198,15.0,0.0,0,-1.5,-1.5,-34.78260869565217,2026
2026-05-05,Castlekeely,Wolverhampton,8:00,Each Way,12.0,2.5,BensBets_Morning_Master_2026.csv,castlekeely,wolverhampton,2026-05-05,1199,13.60331981,0.0,0,-2.5,-2.5,13.36099841666667,2026
2026-05-05,Majestic King,Gowran Park,8:08,Each Way,6.0,4.0,BensBets_Morning_Master_2026.csv,majesticking,gowranpark,2026-05-05,1200,1.79,1.0,1,19.6,3.0968,-70.16666666666667,2026
2026-05-06,Abbey Scope,Kelso,3:25,Each Way,6.0,4.0,BensBets_Morning_Master_2026.csv,abbeyscope,kelso,2026-05-06,1201,4.63688891,1.0,1,19.6,14.256604527199999,-22.71851816666667,2026
2026-05-06,Miss Chester,Kempton,6:00,Each Way,15.0,2.5,BensBets_Morning_Master_2026.csv,misschester,kempton,2026-05-06,1202,6.0,0.0,0,-2.5,-2.5,-60.0,2026
2026-05-06,Cixi,Kempton,7:30,Win Only,7.0,1.75,BensBets_Morning_Master_2026.csv,cixi,kempton,2026-05-06,1203,3.8503842,0.0,0,-1.75,-1.75,-44.99451142857143,2026
2026-05-06,Yehudi,Kempton,8:30,Win Only,5.0,2.25,BensBets_Morning_Master_2026.csv,yehudi,kempton,2026-05-06,1204,3.2,1.0,1,8.82,4.851,-36.0,2026
2026-05-07,Bayraat,Redcar,5:50,Each Way,8.5,3.5,BensBets_Morning_Master_2026.csv,bayraat,redcar,2026-05-07,1205,6.68376797,0.0,0,-3.5,-3.5,-21.36743564705883,2026
2026-05-07,Long Branch,Wexford,6:38,Win Only,12.0,1.25,BensBets_Morning_Master_2026.csv,longbranch,wexford,2026-05-07,1206,8.111013,0.0,0,-1.25,-1.25,-32.408225,2026
2026-05-07,Majestic Horizon,Wexford,8:08,Win Only,6.0,2.25,BensBets_Morning_Master_2026.csv,majestichorizon,wexford,2026-05-07,1207,5.9,0.0,0,-2.25,-2.25,-1.6666666666666607,2026
2026-05-07,Hares Bredth,Redcar,8:20,Each Way,8.0,3.5,BensBets_Morning_Master_2026.csv,haresbredth,redcar,2026-05-07,1208,11.98276088,0.0,0,-3.5,-3.5,49.78451100000001,2026
2026-05-08,Priscillas Hope,Wolverhampton,6:30,Win Only,9.0,1.5,BensBets_Morning_Master_2026.csv,priscillashope,wolverhampton,2026-05-08,1209,5.3,0.0,0,-1.5,-1.5,-41.11111111111111,2026
2026-05-08,Sea Of Doubt,Downpatrick,6:35,Each Way,8.0,3.5,BensBets_Morning_Master_2026.csv,seaofdoubt,downpatrick,2026-05-08,1210,5.7,1.0,1,24.009999999999998,16.121,-28.749999999999996,2026
2026-05-08,Hurt You Never,Ripon,6:45,Each Way,21.0,2.0,BensBets_Morning_Master_2026.csv,hurtyounever,ripon,2026-05-08,1211,9.20269099,0.0,0,-2.0,-2.0,-56.177661952380944,2026
2026-05-08,Difficult Decision,Downpatrick,7:35,Each Way,34.0,2.0,BensBets_Morning_Master_2026.csv,difficultdecision,downpatrick,2026-05-08,1212,23.55071122,0.0,0,-2.0,-2.0,-30.733202294117646,2026
2026-05-08,Glistening Nights,Ripon,7:45,Each Way,10.0,3.0,BensBets_Morning_Master_2026.csv,glisteningnights,ripon,2026-05-08,1213,4.92458118,0.0,0,-3.0,-3.0,-50.75418820000001,2026
2026-05-08,Territorial Star,Wolverhampton,9:00,Win Only,13.0,1.25,BensBets_Morning_Master_2026.csv,territorialstar,wolverhampton,2026-05-08,1214,5.74178691,0.0,0,-1.25,-1.25,-55.832408384615384,2026
2026-05-09,Colinski,Hexham,3:20,Each Way,23.0,2.0,BensBets_Morning_Master_2026.csv,colinski,hexham,2026-05-09,1215,28.0,0.0,0,-2.0,-2.0,21.739130434782616,2026
2026-05-09,Sao Carlos,Hexham,3:55,Each Way,41.0,1.0,BensBets_Morning_Master_2026.csv,saocarlos,hexham,2026-05-09,1216,63.97401393,0.0,0,-1.0,-1.0,56.034180317073165,2026
2026-05-09,You Some Girl,Hexham,4:30,Each Way,21.0,2.0,BensBets_Morning_Master_2026.csv,yousomegirl,hexham,2026-05-09,1217,15.49931982,0.0,0,-2.0,-2.0,-26.193715142857144,2026
2026-05-09,Whatudoing,Hexham,5:05,Each Way,29.0,1.5,BensBets_Morning_Master_2026.csv,whatudoing,hexham,2026-05-09,1218,19.80513688,0.0,0,-1.5,-1.5,-31.706424551724144,2026
2026-05-09,Bahtiyar,Warwick,5:35,Each Way,8.5,3.5,BensBets_Morning_Master_2026.csv,bahtiyar,warwick,2026-05-09,1219,5.1,0.0,0,-3.5,-3.5,-40.0,2026
2026-05-09,Peters Last Deal,Warwick,6:07,Each Way,21.0,2.0,BensBets_Morning_Master_2026.csv,peterslastdeal,warwick,2026-05-09,1220,13.5,0.0,0,-2.0,-2.0,-35.71428571428571,2026
2026-05-09,Luminous Approach,Leicester,7:55,Each Way,21.0,2.0,BensBets_Morning_Master_2026.csv,luminousapproach,leicester,2026-05-09,1221,6.27053645,0.0,0,-2.0,-2.0,-70.14030261904762,2026
2026-05-10,Signora,Leopardstown,2:30,Each Way,7.0,3.5,BensBets_Morning_Master_2026.csv,signora,leopardstown,2026-05-10,1222,4.9,0.0,0,-3.5,-3.5,-29.999999999999993,2026
2026-05-10,Ben Lawers,Leopardstown,4:50,Each Way,19.0,2.0,BensBets_Morning_Master_2026.csv,benlawers,leopardstown,2026-05-10,1223,12.55483628,0.0,0,-2.0,-2.0,-33.92191431578947,2026
2026-05-11,Mighty Harmony,Southwell,3:42,Each Way,23.0,1.5,BensBets_Morning_Master_2026.csv,mightyharmony,southwell,2026-05-11,1224,13.8890368,0.0,0,-1.5,-1.5,-39.612883478260876,2026
2026-05-11,Desert Cop,Windsor,6:17,Each Way,17.0,2.5,BensBets_Morning_Master_2026.csv,desertcop,windsor,2026-05-11,1225,32.0,0.0,0,-2.5,-2.5,88.23529411764706,2026
2026-05-11,Star With Purpose,Windsor,6:47,Each Way,11.0,3.0,BensBets_Morning_Master_2026.csv,starwithpurpose,windsor,2026-05-11,1226,11.60092675,0.0,0,-3.0,-3.0,5.462970454545446,2026
2026-05-11,Churchwarden,Roscommon,7:53,Each Way,9.5,3.0,BensBets_Morning_Master_2026.csv,churchwarden,roscommon,2026-05-11,1227,6.4,0.0,0,-3.0,-3.0,-32.631578947368425,2026
2026-05-12,Lady Kara,Hereford,3:38,Win Only,3.75,3.0,BensBets_Morning_Master_2026.csv,ladykara,hereford,2026-05-12,1228,1.56,1.0,1,8.084999999999999,1.6464000000000003,-58.4,2026
2026-05-12,Mogwli,Killarney,6:40,Each Way,67.0,1.0,BensBets_Morning_Master_2026.csv,mogwli,killarney,2026-05-12,1229,137.682565,0.0,0,-1.0,-1.0,105.4963656716418,2026
2026-05-12,Inside Story,Lingfield,7:50,Each Way,8.5,3.5,BensBets_Morning_Master_2026.csv,insidestory,lingfield,2026-05-12,1230,5.56318787,0.0,0,-3.5,-3.5,-34.55073094117647,2026
2026-05-13,Martha Brown,Bath,5:42,Each Way,26.0,1.5,BensBets_Morning_Master_2026.csv,marthabrown,bath,2026-05-13,1231,46.94553987,0.0,0,-1.5,-1.5,80.55976873076922,2026
2026-05-13,Miss Pearl,Newton Abbot,6:00,Each Way,26.0,1.5,BensBets_Morning_Master_2026.csv,misspearl,newtonabbot,2026-05-13,1232,19.89502847,0.0,0,-1.5,-1.5,-23.480659730769226,2026
2026-05-13,Ellerton,Newton Abbot,7:00,Win Only,7.0,1.75,BensBets_Morning_Master_2026.csv,ellerton,newtonabbot,2026-05-13,1233,5.1,1.0,1,10.29,7.031499999999999,-27.142857142857146,2026
2026-05-13,Panthere Noir,Bath,7:42,Each Way,21.0,2.0,BensBets_Morning_Master_2026.csv,pantherenoir,bath,2026-05-13,1234,11.5,0.0,0,-2.0,-2.0,-45.238095238095234,2026
2026-05-13,Cantcallherthat,Newton Abbot,8:30,Each Way,19.0,2.0,BensBets_Morning_Master_2026.csv,cantcallherthat,newtonabbot,2026-05-13,1235,17.93575182,0.0,0,-2.0,-2.0,-5.601306210526314,2026
2026-05-13,Cbils Moon,Newton Abbot,8:30,Each Way,29.0,1.5,BensBets_Morning_Master_2026.csv,cbilsmoon,newtonabbot,2026-05-13,1236,29.0,0.0,0,-1.5,-1.5,0.0,2026
2026-05-14,Land Of Magic,Salisbury,2:08,Each Way,19.0,2.0,BensBets_Morning_Master_2026.csv,landofmagic,salisbury,2026-05-14,1237,12.5,0.0,0,-2.0,-2.0,-34.210526315789465,2026
2026-05-14,Sports Coach,York,2:20,Each Way,23.0,1.5,BensBets_Morning_Master_2026.csv,sportscoach,york,2026-05-14,1238,14.2980891,0.0,0,-1.5,-1.5,-37.834395217391304,2026
2026-05-14,Oakford,Salisbury,3:18,Win Only,21.0,1.0,BensBets_Morning_Master_2026.csv,oakford,salisbury,2026-05-14,1239,29.9421998,0.0,0,-1.0,-1.0,42.58190380952382,2026
2026-05-14,Solly Attwell,Clonmel,4:47,Each Way,11.0,3.0,BensBets_Morning_Master_2026.csv,sollyattwell,clonmel,2026-05-14,1240,5.7,0.0,0,-3.0,-3.0,-48.18181818181818,2026
2026-05-14,Ixigreczed,Clonmel,5:50,Each Way,17.0,2.5,BensBets_Morning_Master_2026.csv,ixigreczed,clonmel,2026-05-14,1241,16.4051575,0.0,0,-2.5,-2.5,-3.499073529411756,2026
2026-05-14,Holy Legend,Fontwell,7:40,Each Way,15.0,2.5,BensBets_Morning_Master_2026.csv,holylegend,fontwell,2026-05-14,1242,5.51231349,1.0,1,34.3,11.0551680505,-63.25124339999999,2026
2026-05-14,Daany,Fontwell,7:40,Each Way,19.0,2.0,BensBets_Morning_Master_2026.csv,daany,fontwell,2026-05-14,1243,10.01514192,0.0,0,-2.0,-2.0,-47.288726736842115,2026
2026-05-15,English Time,Newbury,3:53,Each Way,34.0,1.5,BensBets_Morning_Master_2026.csv,englishtime,newbury,2026-05-15,1244,42.0,0.0,0,-1.5,-1.5,23.529411764705888,2026
2026-05-15,Telegraph Road,Leopardstown,5:05,Win Only,21.0,1.0,BensBets_Morning_Master_2026.csv,telegraphroad,leopardstown,2026-05-15,1245,21.0,0.0,0,-1.0,-1.0,0.0,2026
2026-05-15,Lord DOr,York,5:15,Each Way,29.0,1.5,BensBets_Morning_Master_2026.csv,lorddor,york,2026-05-15,1246,24.0,0.0,0,-1.5,-1.5,-17.24137931034483,2026
2026-05-15,Suspicious Mindz,Leopardstown,5:40,Win Only,3.0,3.25,BensBets_Morning_Master_2026.csv,suspiciousmindz,leopardstown,2026-05-15,1247,2.07836286,0.0,0,-3.25,-3.25,-30.721238000000007,2026
2026-05-15,Yokohama,Newbury,6:10,Each Way,12.0,3.0,BensBets_Morning_Master_2026.csv,yokohama,newbury,2026-05-15,1248,4.8,1.0,1,32.339999999999996,11.171999999999999,-60.00000000000001,2026
2026-05-15,Uhtred Ragnarson,Aintree,7:30,Win Only,17.0,1.25,BensBets_Morning_Master_2026.csv,uhtredragnarson,aintree,2026-05-15,1249,11.0,0.0,0,-1.25,-1.25,-35.29411764705882,2026
2026-05-16,Step Back In Time,Navan,1:47,Each Way,15.0,2.5,BensBets_Morning_Master_2026.csv,stepbackintime,navan,2026-05-16,1250,19.5,0.0,0,-2.5,-2.5,30.000000000000004,2026
2026-05-16,Muker,Thirsk,3:37,Each Way,21.0,2.0,BensBets_Morning_Master_2026.csv,muker,thirsk,2026-05-16,1251,42.82375202,0.0,0,-2.0,-2.0,103.92262866666667,2026
2026-05-16,Mr Professor,Thirsk,4:47,Each Way,21.0,2.0,BensBets_Morning_Master_2026.csv,mrprofessor,thirsk,2026-05-16,1252,10.64096,0.0,0,-2.0,-2.0,-49.32876190476191,2026
2026-05-16,Cavalry Call,Doncaster,4:50,Win Only,26.0,0.75,BensBets_Morning_Master_2026.csv,cavalrycall,doncaster,2026-05-16,1253,30.5049736,0.0,0,-0.75,-0.75,17.326821538461544,2026
2026-05-16,Ice In The Veins,Bangor,5:05,Win Only,4.5,2.5,BensBets_Morning_Master_2026.csv,iceintheveins,bangor,2026-05-16,1254,2.42864611,0.0,0,-2.5,-2.5,-46.03008644444445,2026
2026-05-16,Dream Deal,Thirsk,5:57,Each Way,15.0,2.5,BensBets_Morning_Master_2026.csv,dreamdeal,thirsk,2026-05-16,1255,10.5,0.0,0,-2.5,-2.5,-30.000000000000004,2026
2026-05-16,Queensbury Boy,Uttoxeter,7:20,Win Only,7.5,1.75,BensBets_Morning_Master_2026.csv,queensburyboy,uttoxeter,2026-05-16,1256,3.75,0.0,0,-1.75,-1.75,-50.0,2026
2026-05-17,Bay Dream Believer,Ripon,3:17,Each Way,26.0,1.5,BensBets_Morning_Master_2026.csv,baydreambeliever,ripon,2026-05-17,1257,22.0,0.0,0,-1.5,-1.5,-15.384615384615385,2026
2026-05-17,Blazing Gaden,Stratford,4:35,Win Only,15.0,1.25,BensBets_Morning_Master_2026.csv,blazinggaden,stratford,2026-05-17,1258,13.41877847,0.0,0,-1.25,-1.25,-10.541476866666667,2026
2026-05-18,Counting Cards,Carlisle,3:00,Each Way,13.0,2.5,BensBets_Morning_Master_2026.csv,countingcards,carlisle,2026-05-18,1259,6.2,0.0,0,-2.5,-2.5,-52.3076923076923,2026
2026-05-18,Twilight Serenade,Redcar,4:10,Each Way,13.0,2.5,BensBets_Morning_Master_2026.csv,twilightserenade,redcar,2026-05-18,1260,11.0,0.0,0,-2.5,-2.5,-15.384615384615385,2026
2026-05-18,Red Snapper,Lingfield,4:57,Win Only,6.5,2.0,BensBets_Morning_Master_2026.csv,redsnapper,lingfield,2026-05-18,1261,2.56,0.0,0,-2.0,-2.0,-60.61538461538461,2026
2026-05-18,Obscenity,Roscommon,7:50,Win Only,3.25,3.25,BensBets_Morning_Master_2026.csv,obscenity,roscommon,2026-05-18,1262,2.16,0.0,0,-3.25,-3.25,-33.53846153846154,2026
2026-05-18,Mr Rango,Roscommon,7:50,Each Way,13.0,2.5,BensBets_Morning_Master_2026.csv,mrrango,roscommon,2026-05-18,1263,14.5,0.0,0,-2.5,-2.5,11.538461538461542,2026
2026-05-18,My Dad Tom,Windsor,8:10,Each Way,13.0,2.5,BensBets_Morning_Master_2026.csv,mydadtom,windsor,2026-05-18,1264,17.34436052,0.0,0,-2.5,-2.5,33.41815784615383,2026
2026-05-18,Rosieisme Darling,Windsor,8:10,Each Way,23.0,1.5,BensBets_Morning_Master_2026.csv,rosieismedarling,windsor,2026-05-18,1265,11.5,0.0,0,-1.5,-1.5,-50.0,2026
2026-05-19,Houndhill,Newcastle,4:35,Each Way,7.0,3.5,BensBets_Morning_Master_2026.csv,houndhill,newcastle,2026-05-19,1266,4.74242455,1.0,1,20.58,12.8365162065,-32.25107785714286,2026
2026-05-19,Reidh,Lingfield,4:45,Each Way,8.0,3.5,BensBets_Morning_Master_2026.csv,reidh,lingfield,2026-05-19,1267,6.4,0.0,0,-3.5,-3.5,-19.999999999999996,2026
2026-05-19,Kilmood Susan,Cork,5:42,Each Way,23.0,2.0,BensBets_Morning_Master_2026.csv,kilmoodsusan,cork,2026-05-19,1268,10.58679628,0.0,0,-2.0,-2.0,-53.970450956521745,2026
2026-05-19,Gone With The Tide,Hexham,6:50,Each Way,29.0,1.5,BensBets_Morning_Master_2026.csv,gonewiththetide,hexham,2026-05-19,1269,25.0,0.0,0,-1.5,-1.5,-13.793103448275868,2026
2026-05-19,Callin Baton Rouge,Huntingdon,7:00,Each Way,8.5,3.5,BensBets_Morning_Master_2026.csv,callinbatonrouge,huntingdon,2026-05-19,1270,4.99204709,0.0,0,-3.5,-3.5,-41.27003423529412,2026
2026-05-19,Interchangeable,Hexham,8:50,Each Way,17.0,2.5,BensBets_Morning_Master_2026.csv,interchangeable,hexham,2026-05-19,1271,12.5,0.0,0,-2.5,-2.5,-26.470588235294112,2026
2026-05-20,King Of The Road,Warwick,4:00,Each Way,13.0,2.5,BensBets_Morning_Master_2026.csv,kingoftheroad,warwick,2026-05-20,1272,12.86917927,0.0,0,-2.5,-2.5,-1.006313307692308,2026
2026-05-20,OGradys Hill,Ffos Las,4:50,Each Way,8.0,2.5,BensBets_Morning_Master_2026.csv,ogradyshill,ffoslas,2026-05-20,1273,8.0,0.0,0,-2.5,-2.5,0.0,2026
2026-05-20,Kates Choice,Ffos Las,5:22,Each Way,10.0,3.0,BensBets_Morning_Master_2026.csv,kateschoice,ffoslas,2026-05-20,1274,5.6,1.0,1,26.46,13.524000000000001,-44.00000000000001,2026
2026-05-20,Sea Suite,Kempton,8:00,Each Way,8.0,3.5,BensBets_Morning_Master_2026.csv,seasuite,kempton,2026-05-20,1275,6.26958203,0.0,0,-3.5,-3.5,-21.630224625000004,2026
2026-05-21,Autumn Angel,Chepstow,7:40,Each Way,11.0,3.0,BensBets_Morning_Master_2026.csv,autumnangel,chepstow,2026-05-21,1276,7.14715908,1.0,1,29.400000000000002,18.072647695199997,-35.02582654545455,2026
2026-05-22,Who Is Alice,Bath,4:28,Each Way,23.0,1.5,BensBets_Morning_Master_2026.csv,whoisalice,bath,2026-05-22,1277,8.4,0.0,0,-1.5,-1.5,-63.47826086956522,2026
2026-05-22,Disco Davis,Worcester,5:32,Each Way,19.0,2.0,BensBets_Morning_Master_2026.csv,discodavis,worcester,2026-05-22,1278,26.95110805,0.0,0,-2.0,-2.0,41.847937105263156,2026
2026-05-22,Just Call Me Buzz,Worcester,7:11,Each Way,8.5,3.5,BensBets_Morning_Master_2026.csv,justcallmebuzz,worcester,2026-05-22,1279,9.86108104,0.0,0,-3.5,-3.5,16.01271811764706,2026
2026-05-22,Mister Frostie,Downpatrick,7:30,Each Way,21.0,2.0,BensBets_Morning_Master_2026.csv,misterfrostie,downpatrick,2026-05-22,1280,19.37044399,0.0,0,-2.0,-2.0,-7.759790523809529,2026
2026-05-23,Lord Roxby,York,1:30,Each Way,17.0,2.5,BensBets_Morning_Master_2026.csv,lordroxby,york,2026-05-23,1281,13.5,1.0,1,39.2,30.625,-20.588235294117652,2026
2026-05-23,Almarada Prince,York,1:30,Each Way,17.0,2.5,BensBets_Morning_Master_2026.csv,almaradaprince,york,2026-05-23,1282,6.8,0.0,0,-2.5,-2.5,-60.00000000000001,2026
2026-05-23,Jamess Delight,Curragh,3:05,Each Way,12.0,2.5,BensBets_Morning_Master_2026.csv,jamessdelight,curragh,2026-05-23,1283,9.6,0.0,0,-2.5,-2.5,-20.000000000000007,2026
2026-05-23,Kenkelly,Goodwood,3:45,Each Way,26.0,1.5,BensBets_Morning_Master_2026.csv,kenkelly,goodwood,2026-05-23,1284,14.5,0.0,0,-1.5,-1.5,-44.230769230769226,2026
2026-05-23,Yellow Diamonds,Haydock,4:40,Each Way,29.0,1.5,BensBets_Morning_Master_2026.csv,yellowdiamonds,haydock,2026-05-23,1285,48.0,0.0,0,-1.5,-1.5,65.51724137931035,2026
2026-05-23,Victoria Milano,Bangor,4:45,Win Only,11.0,1.5,BensBets_Morning_Master_2026.csv,victoriamilano,bangor,2026-05-23,1286,5.41586395,0.0,0,-1.5,-1.5,-50.764873181818174,2026
2026-05-24,Newport,Kelso,3:37,Each Way,7.0,3.5,BensBets_Morning_Master_2026.csv,newport,kelso,2026-05-24,1287,7.0,0.0,0,-3.5,-3.5,0.0,2026
2026-05-24,Delta,Curragh,5:40,Each Way,19.0,2.0,BensBets_Morning_Master_2026.csv,delta,curragh,2026-05-24,1288,19.08326236,0.0,0,-2.0,-2.0,0.43822294736841627,2026
2026-05-24,Robbies Rock,Curragh,5:40,Each Way,29.0,1.5,BensBets_Morning_Master_2026.csv,robbiesrock,curragh,2026-05-24,1289,34.0,0.0,0,-1.5,-1.5,17.24137931034482,2026
2026-05-24,Blinded By Grace,Uttoxeter,5:47,Win Only,5.0,2.25,BensBets_Morning_Master_2026.csv,blindedbygrace,uttoxeter,2026-05-24,1290,3.4,1.0,1,8.82,5.292,-32.00000000000001,2026
2026-05-25,El Floridita,Redcar,1:47,Win Only,4.33,2.75,BensBets_Morning_Master_2026.csv,elfloridita,redcar,2026-05-25,1291,3.9,1.0,1,8.97435,7.8155,-9.930715935334877,2026
2026-05-25,Millford Hill,Cartmel,2:13,Each Way,29.0,1.5,BensBets_Morning_Master_2026.csv,millfordhill,cartmel,2026-05-25,1292,24.61141407,0.0,0,-1.5,-1.5,-15.133054931034485,2026
2026-05-25,Blizzard Of Oz,Ballinrobe,4:30,Each Way,7.5,3.5,BensBets_Morning_Master_2026.csv,blizzardofoz,ballinrobe,2026-05-25,1293,6.8,0.0,0,-3.5,-3.5,-9.333333333333337,2026
2026-05-25,Got Grey,Cartmel,4:36,Win Only,8.5,1.75,BensBets_Morning_Master_2026.csv,gotgrey,cartmel,2026-05-25,1294,3.64512166,0.0,0,-1.75,-1.75,-57.11621576470588,2026
2026-05-25,Pour Les Filles,Cartmel,5:11,Win Only,9.0,1.5,BensBets_Morning_Master_2026.csv,pourlesfilles,cartmel,2026-05-25,1295,9.51168908,0.0,0,-1.5,-1.5,5.68543422222223,2026
2026-05-25,Shifter,Redcar,5:18,Each Way,7.0,3.5,BensBets_Morning_Master_2026.csv,shifter,redcar,2026-05-25,1296,9.6,0.0,0,-3.5,-3.5,37.142857142857146,2026
2026-05-26,Escape Magic,Leicester,3:40,Each Way,9.5,3.0,BensBets_Morning_Master_2026.csv,escapemagic,leicester,2026-05-26,1297,10.90796936,1.0,1,24.990000000000002,29.129429918399996,14.820730105263147,2026
2026-05-26,You Make Me Smile,Ballinrobe,7:00,Each Way,15.0,2.5,BensBets_Morning_Master_2026.csv,youmakemesmile,ballinrobe,2026-05-26,1299,16.40848353,0.0,0,-2.5,-2.5,9.389890200000007,2026
2026-05-26,Werifesteria,Dundalk,7:18,Each Way,19.0,2.0,BensBets_Morning_Master_2026.csv,werifesteria,dundalk,2026-05-26,1300,18.5,0.0,0,-2.0,-2.0,-2.631578947368418,2026
2026-05-27,Rbflying,Hamilton,2:05,Each Way,23.0,1.5,BensBets_Morning_Master_2026.csv,rbflying,hamilton,2026-05-27,1301,20.0,0.0,0,-1.5,-1.5,-13.043478260869568,2026
2026-05-27,King Of The Jungle,Beverley,5:20,Each Way,10.0,3.0,BensBets_Morning_Master_2026.csv,kingofthejungle,beverley,2026-05-27,1302,9.8,1.0,1,26.46,25.872,-1.9999999999999907,2026
2026-05-27,Kit Gabriel,Kempton,5:25,Each Way,8.5,3.5,BensBets_Morning_Master_2026.csv,kitgabriel,kempton,2026-05-27,1303,5.5,0.0,0,-3.5,-3.5,-35.29411764705882,2026
2026-05-27,Boatswain,Kempton,8:30,Each Way,17.0,2.5,BensBets_Morning_Master_2026.csv,boatswain,kempton,2026-05-27,1304,11.28445386,0.0,0,-2.5,-2.5,-33.62085964705883,2026
2026-05-27,Moon Chime,Kempton,9:00,Each Way,5.5,4.5,BensBets_Morning_Master_2026.csv,moonchime,kempton,2026-05-27,1305,3.95017312,1.0,1,19.845,13.010263459199999,-28.178670545454544,2026
2026-05-28,Thats Enough,Ripon,2:35,Each Way,15.0,2.5,BensBets_Morning_Master_2026.csv,thatsenough,ripon,2026-05-28,1306,10.06108218,0.0,0,-2.5,-2.5,-32.926118800000005,2026
2026-05-28,Three Sixteen,Fairyhouse,2:42,Win Only,15.0,1.25,BensBets_Morning_Master_2026.csv,threesixteen,fairyhouse,2026-05-28,1307,13.5,0.0,0,-1.25,-1.25,-9.999999999999998,2026
2026-05-28,All Hail,Fairyhouse,3:17,Each Way,6.5,3.5,BensBets_Morning_Master_2026.csv,allhail,fairyhouse,2026-05-28,1308,7.37977152,0.0,0,-3.5,-3.5,13.534946461538455,2026
2026-05-28,Georginas Jet,Limerick,6:20,Each Way,19.0,2.0,BensBets_Morning_Master_2026.csv,georginasjet,limerick,2026-05-28,1309,17.5,0.0,0,-2.0,-2.0,-7.8947368421052655,2026
2026-05-28,Lady Fortune,Market Rasen,7:00,Each Way,8.0,3.0,BensBets_Morning_Master_2026.csv,ladyfortune,marketrasen,2026-05-28,1310,4.28951678,1.0,1,20.58,9.671179333199998,-46.381040250000005,2026
2026-05-28,Luzon Heights,Sandown,8:20,Each Way,9.5,3.0,BensBets_Morning_Master_2026.csv,luzonheights,sandown,2026-05-28,1311,6.8,0.0,0,-3.0,-3.0,-28.421052631578945,2026
2026-05-29,Go For Gold,Chepstow,2:30,Each Way,15.0,2.5,BensBets_Morning_Master_2026.csv,goforgold,chepstow,2026-05-29,1312,8.8,0.0,0,-2.5,-2.5,-41.333333333333336,2026
2026-05-29,Kings Merchant,Carlisle,5:15,Win Only,6.5,2.25,BensBets_Morning_Master_2026.csv,kingsmerchant,carlisle,2026-05-29,1313,5.1,0.0,0,-2.25,-2.25,-21.53846153846154,2026
2026-05-29,Coast,Brighton,5:30,Each Way,9.0,3.0,BensBets_Morning_Master_2026.csv,coast,brighton,2026-05-29,1314,4.62245728,0.0,0,-3.0,-3.0,-48.63936355555556,2026
2026-05-29,Luciole Des Bordes,Tramore,6:30,Win Only,3.0,3.25,BensBets_Morning_Master_2026.csv,lucioledesbordes,tramore,2026-05-29,1315,2.86,0.0,0,-3.25,-3.25,-4.666666666666675,2026
2026-05-29,Mephisto,Down Royal,7:25,Each Way,8.0,3.5,BensBets_Morning_Master_2026.csv,mephisto,downroyal,2026-05-29,1316,5.21228914,0.0,0,-3.5,-3.5,-34.846385749999996,2026
2026-05-30,Moretons,Catterick,2:27,Each Way,11.0,3.0,BensBets_Morning_Master_2026.csv,moretons,catterick,2026-05-30,1317,12.80982,0.0,0,-3.0,-3.0,16.452909090909085,2026
2026-05-30,Redorange,Carlisle,2:33,Win Only,4.5,2.25,BensBets_Morning_Master_2026.csv,redorange,carlisle,2026-05-30,1318,3.38632973,0.0,0,-2.25,-2.25,-24.748228222222224,2026
2026-05-30,Slay Queen,Chester,4:05,Each Way,29.0,1.5,BensBets_Morning_Master_2026.csv,slayqueen,chester,2026-05-30,1319,30.7096683,0.0,0,-1.5,-1.5,5.895407931034491,2026
2026-05-30,Populus,Catterick,4:43,Win Only,15.0,1.5,BensBets_Morning_Master_2026.csv,populus,catterick,2026-05-30,1320,20.0,0.0,0,-1.5,-1.5,33.33333333333333,2026
2026-05-30,Matriarchal,Lingfield,7:12,Each Way,13.0,2.5,BensBets_Morning_Master_2026.csv,matriarchal,lingfield,2026-05-30,1321,5.50229278,0.0,0,-2.5,-2.5,-57.67467092307692,2026
2026-05-30,Sakowin,Lingfield,7:42,Each Way,9.0,3.0,BensBets_Morning_Master_2026.csv,sakowin,lingfield,2026-05-30,1322,9.2769,0.0,0,-3.0,-3.0,3.076666666666661,2026
2026-05-31,Gunnery Sergeant,Kilbeggan,2:26,Win Only,4.5,2.5,BensBets_Morning_Master_2026.csv,gunnerysergeant,kilbeggan,2026-05-31,1323,5.60108664,0.0,0,-2.5,-2.5,24.468592,2026
2026-05-31,Sugar Hill Babe,Nottingham,3:55,Each Way,8.5,3.5,BensBets_Morning_Master_2026.csv,sugarhillbabe,nottingham,2026-05-31,1324,4.77023096,1.0,1,25.724999999999998,12.931892192800001,-43.87963576470588,2026
2026-05-31,Emerald Harmony,Nottingham,3:55,Each Way,19.0,2.0,BensBets_Morning_Master_2026.csv,emeraldharmony,nottingham,2026-05-31,1325,5.43374396,0.0,0,-2.0,-2.0,-71.40134757894737,2026
2026-05-31,Mighty Magnus,Thirsk,4:15,Each Way,21.0,2.0,BensBets_Morning_Master_2026.csv,mightymagnus,thirsk,2026-05-31,1326,12.33229565,0.0,0,-2.0,-2.0,-41.27478261904761,2026
2026-05-31,Kings Call,Thirsk,4:45,Each Way,51.0,1.0,BensBets_Morning_Master_2026.csv,kingscall,thirsk,2026-05-31,1327,47.35006497,0.0,0,-1.0,-1.0,-7.15673535294118,2026
2026-05-31,Bridies Beau,Kilbeggan,5:00,Each Way,11.0,3.0,BensBets_Morning_Master_2026.csv,bridiesbeau,kilbeggan,2026-05-31,1328,10.79365445,0.0,0,-3.0,-3.0,-1.8758686363636312,2026
2026-05-31,Bass Player,Nottingham,5:25,Each Way,29.0,1.5,BensBets_Morning_Master_2026.csv,bassplayer,nottingham,2026-05-31,1329,30.0001763,0.0,0,-1.5,-1.5,3.448883793103441,2026
2026-06-01,Beauparc,Gowran Park,2:34,Each Way,17.0,2.5,BensBets_Morning_Master_2026.csv,beauparc,gowranpark,2026-06-01,1330,7.67844178,0.0,0,-2.5,-2.5,-54.832695411764696,2026
2026-06-01,Star Banner,Lingfield,4:27,Win Only,2.88,3.5,BensBets_Morning_Master_2026.csv,starbanner,lingfield,2026-06-01,1331,2.77848966,0.0,0,-3.5,-3.5,-3.5246645833333257,2026
2026-06-01,Good Karma,Wolverhampton,6:00,Each Way,17.0,2.5,BensBets_Morning_Master_2026.csv,goodkarma,wolverhampton,2026-06-01,1332,15.88529556,1.0,1,39.2,36.468974122,-6.557084941176472,2026
2026-06-01,Beyond Borders,Wolverhampton,9:00,Each Way,13.0,2.5,BensBets_Morning_Master_2026.csv,beyondborders,wolverhampton,2026-06-01,1333,13.5,1.0,1,29.4,30.625,3.8461538461538547,2026
2026-06-02,Mr Mahler,Southwell,3:00,Win Only,4.33,2.5,BensBets_Morning_Master_2026.csv,mrmahler,southwell,2026-06-02,1334,2.42,0.0,0,-2.5,-2.5,-44.1108545034642,2026
2026-06-02,Desert Phantom,Pontefract,3:18,Each Way,15.0,2.5,BensBets_Morning_Master_2026.csv,desertphantom,pontefract,2026-06-02,1335,18.46761131,0.0,0,-2.5,-2.5,23.11740873333332,2026
2026-06-02,Moi Mon Vieux,Southwell,3:30,Each Way,15.0,2.5,BensBets_Morning_Master_2026.csv,moimonvieux,southwell,2026-06-02,1336,6.45848057,0.0,0,-2.5,-2.5,-56.94346286666667,2026
2026-06-02,Guerdale,Southwell,3:30,Each Way,23.0,1.5,BensBets_Morning_Master_2026.csv,guerdale,southwell,2026-06-02,1337,29.0,0.0,0,-1.5,-1.5,26.086956521739136,2026
2026-06-02,Distillation,Wolverhampton,8:00,Each Way,26.0,1.5,BensBets_Morning_Master_2026.csv,distillation,wolverhampton,2026-06-02,1338,18.77696616,0.0,0,-1.5,-1.5,-27.780899384615388,2026
2026-06-03,Bees Kiss,Newton Abbot,3:30,Each Way,41.0,1.5,BensBets_Morning_Master_2026.csv,beeskiss,newtonabbot,2026-06-03,1340,15.96807784,0.0,0,-1.5,-1.5,-61.05346868292683,2026
2026-06-03,Breath Of Paradise,Curragh,5:40,Each Way,17.0,2.5,BensBets_Morning_Master_2026.csv,breathofparadise,curragh,2026-06-03,1341,23.06336345,0.0,0,-2.5,-2.5,35.666843823529426,2026
2026-06-03,Celeron,Curragh,6:10,Each Way,17.0,2.5,BensBets_Morning_Master_2026.csv,celeron,curragh,2026-06-03,1342,19.66044617,1.0,1,39.2,45.7180931165,15.649683352941167,2026
2026-06-03,Shadow Run,Curragh,6:45,Each Way,21.0,2.0,BensBets_Morning_Master_2026.csv,shadowrun,curragh,2026-06-03,1343,15.34413211,0.0,0,-2.0,-2.0,-26.93270423809524,2026
2026-06-03,Focaccia,Curragh,6:45,Each Way,26.0,1.5,BensBets_Morning_Master_2026.csv,focaccia,curragh,2026-06-03,1344,32.0,0.0,0,-1.5,-1.5,23.076923076923084,2026
2026-06-03,Talking In Kode,Ripon,8:42,Each Way,7.0,3.5,BensBets_Morning_Master_2026.csv,talkinginkode,ripon,2026-06-03,1345,8.6,0.0,0,-3.5,-3.5,22.857142857142843,2026
2026-06-04,Classic Bellini,Wetherby,2:12,Each Way,15.0,2.5,BensBets_Morning_Master_2026.csv,classicbellini,wetherby,2026-06-04,1346,9.9599347,0.0,0,-2.5,-2.5,-33.60043533333334,2026
2026-06-04,Heffernan Kingdom,Wetherby,2:42,Each Way,13.0,2.5,BensBets_Morning_Master_2026.csv,heffernankingdom,wetherby,2026-06-04,1347,10.44454711,0.0,0,-2.5,-2.5,-19.657329923076915,2026
2026-06-04,Playin Cool,Leopardstown,6:00,Each Way,8.0,3.5,BensBets_Morning_Master_2026.csv,playincool,leopardstown,2026-06-04,1348,4.6851781,0.0,0,-3.5,-3.5,-41.43527375,2026
2026-06-04,Eze Sur Mer,Ffos Las,7:50,Each Way,51.0,1.0,BensBets_Morning_Master_2026.csv,ezesurmer,ffoslas,2026-06-04,1349,33.19551843,0.0,0,-1.0,-1.0,-34.910748176470584,2026
2026-06-04,No More Porter,Leopardstown,8:00,Each Way,21.0,2.0,BensBets_Morning_Master_2026.csv,nomoreporter,leopardstown,2026-06-04,1350,26.0,0.0,0,-2.0,-2.0,23.809523809523814,2026
2026-06-04,Sail On Sailor,Lingfield,8:40,Win Only,5.5,2.25,BensBets_Morning_Master_2026.csv,sailonsailor,lingfield,2026-06-04,1351,3.6797636,1.0,1,9.9225,5.908878737999999,-33.09520727272728,2026
2026-06-05,Kitaab,Thirsk,3:30,Each Way,26.0,1.5,BensBets_Morning_Master_2026.csv,kitaab,thirsk,2026-06-05,1352,15.0,0.0,0,-1.5,-1.5,-42.307692307692314,2026
2026-06-05,Bye Law,Thirsk,5:20,Each Way,15.0,2.5,BensBets_Morning_Master_2026.csv,byelaw,thirsk,2026-06-05,1353,6.19023995,0.0,0,-2.5,-2.5,-58.73173366666666,2026
2026-06-05,Empress Olivia,Thirsk,5:20,Each Way,9.5,3.0,BensBets_Morning_Master_2026.csv,empressolivia,thirsk,2026-06-05,1354,4.64935211,0.0,0,-3.0,-3.0,-51.05945147368421,2026
2026-06-05,Morehampton,Fairyhouse,5:30,Win Only,13.0,1.25,BensBets_Morning_Master_2026.csv,morehampton,fairyhouse,2026-06-05,1355,9.72833989,0.0,0,-1.25,-1.25,-25.166616230769222,2026
2026-06-05,Gal,Bath,6:05,Each Way,13.0,2.5,BensBets_Morning_Master_2026.csv,gal,bath,2026-06-05,1356,16.0,0.0,0,-2.5,-2.5,23.076923076923084,2026
2026-06-05,Falcon Park,Clonmel,6:10,Each Way,26.0,1.5,BensBets_Morning_Master_2026.csv,falconpark,clonmel,2026-06-05,1357,28.06168712,0.0,0,-1.5,-1.5,7.92956584615383,2026
2026-06-05,Market Ready,Clonmel,6:45,Win Only,3.75,2.75,BensBets_Morning_Master_2026.csv,marketready,clonmel,2026-06-05,1358,2.49809005,0.0,0,-2.75,-2.75,-33.38426533333333,2026
2026-06-05,Rajbello,Bath,8:25,Each Way,21.0,2.0,BensBets_Morning_Master_2026.csv,rajbello,bath,2026-06-05,1359,13.82546852,0.0,0,-2.0,-2.0,-34.164435619047616,2026
2026-06-06,Squealer,Doncaster,2:30,Each Way,8.0,3.5,BensBets_Morning_Master_2026.csv,squealer,doncaster,2026-06-06,1360,9.0,0.0,0,-3.5,-3.5,12.5,2026
2026-06-06,Evening Blues,Musselburgh,4:10,Each Way,17.0,2.0,BensBets_Morning_Master_2026.csv,eveningblues,musselburgh,2026-06-06,1361,9.4,0.0,0,-2.0,-2.0,-44.705882352941174,2026
2026-06-06,Electrical,Chepstow,6:20,Each Way,21.0,2.0,BensBets_Morning_Master_2026.csv,electrical,chepstow,2026-06-06,1362,22.0,0.0,0,-2.0,-2.0,4.761904761904767,2026
2026-06-06,Scarfo,Chepstow,7:25,Each Way,29.0,1.5,BensBets_Morning_Master_2026.csv,scarfo,chepstow,2026-06-06,1363,8.2,1.0,1,41.16,10.584,-71.72413793103449,2026
2026-06-07,Digby,Punchestown,3:07,Each Way,19.0,2.0,BensBets_Morning_Master_2026.csv,digby,punchestown,2026-06-07,1364,10.10059829,0.0,0,-2.0,-2.0,-46.838956368421044,2026
2026-06-07,Fairlander,Punchestown,3:07,Each Way,11.0,3.0,BensBets_Morning_Master_2026.csv,fairlander,punchestown,2026-06-07,1365,5.7,1.0,1,29.400000000000002,13.818,-48.18181818181818,2026
2026-06-07,Maxident,Goodwood,4:10,Win Only,5.5,2.25,BensBets_Morning_Master_2026.csv,maxident,goodwood,2026-06-07,1367,3.0,0.0,0,-2.25,-2.25,-45.45454545454546,2026
2026-06-07,Wobwobwob,Goodwood,5:20,Each Way,13.0,2.5,BensBets_Morning_Master_2026.csv,wobwobwob,goodwood,2026-06-07,1368,18.0,0.0,0,-2.5,-2.5,38.46153846153846,2026
2026-06-07,Dalileo,Perth,5:37,Each Way,21.0,2.0,BensBets_Morning_Master_2026.csv,dalileo,perth,2026-06-07,1369,28.16721287,0.0,0,-2.0,-2.0,34.12958509523809,2026
2026-06-08,Emery Down,Carlisle,4:18,Win Only,8.0,1.75,BensBets_Morning_Master_2026.csv,emerydown,carlisle,2026-06-08,1370,3.6,0.0,0,-1.75,-1.75,-55.00000000000001,2026
2026-06-08,Yermanthere,Carlisle,4:53,Each Way,17.0,2.5,BensBets_Morning_Master_2026.csv,yermanthere,carlisle,2026-06-08,1371,9.6,0.0,0,-2.5,-2.5,-43.529411764705884,2026
2026-06-08,Bridgets Baby,Leicester,5:10,Each Way,9.5,3.0,BensBets_Morning_Master_2026.csv,bridgetsbaby,leicester,2026-06-08,1372,6.0,0.0,0,-3.0,-3.0,-36.8421052631579,2026
2026-06-08,Ambitious Fellow,Roscommon,6:48,Each Way,19.0,2.0,BensBets_Morning_Master_2026.csv,ambitiousfellow,roscommon,2026-06-08,1373,16.87692988,0.0,0,-2.0,-2.0,-11.174053263157901,2026
2026-06-08,My Old Mate,Windsor,8:39,Each Way,12.0,2.5,BensBets_Morning_Master_2026.csv,myoldmate,windsor,2026-06-08,1374,7.44710426,0.0,0,-2.5,-2.5,-37.94079783333334,2026
2026-06-09,Kill The Groove,Southwell,3:00,Each Way,34.0,1.5,BensBets_Morning_Master_2026.csv,killthegroove,southwell,2026-06-09,1375,55.0,0.0,0,-1.5,-1.5,61.76470588235294,2026
2026-06-09,Granite Sands,Southwell,4:00,Each Way,13.0,2.5,BensBets_Morning_Master_2026.csv,granitesands,southwell,2026-06-09,1376,11.0,0.0,0,-2.5,-2.5,-15.384615384615385,2026
2026-06-09,Collanisi,Southwell,4:30,Win Only,3.75,3.25,BensBets_Morning_Master_2026.csv,collanisi,southwell,2026-06-09,1377,2.92,0.0,0,-3.25,-3.25,-22.13333333333334,2026
2026-06-09,Embarked,Brighton,6:21,Each Way,15.0,2.5,BensBets_Morning_Master_2026.csv,embarked,brighton,2026-06-09,1378,6.51699516,0.0,0,-2.5,-2.5,-56.55336560000001,2026
2026-06-09,Hopeful Hero,Sligo,6:30,Each Way,11.0,3.0,BensBets_Morning_Master_2026.csv,hopefulhero,sligo,2026-06-09,1379,7.8,0.0,0,-3.0,-3.0,-29.09090909090909,2026
2026-06-09,Poetic Grace,Brighton,8:21,Win Only,7.0,1.75,BensBets_Morning_Master_2026.csv,poeticgrace,brighton,2026-06-09,1380,3.3,0.0,0,-1.75,-1.75,-52.85714285714286,2026
2026-06-10,Wheres Freddy,Yarmouth,4:50,Each Way,26.0,1.5,BensBets_Morning_Master_2026.csv,wheresfreddy,yarmouth,2026-06-10,1381,28.0,0.0,0,-1.5,-1.5,7.692307692307687,2026
2026-06-10,Fravanco,Fontwell,5:00,Win Only,11.0,1.5,BensBets_Morning_Master_2026.csv,fravanco,fontwell,2026-06-10,1382,10.67675198,0.0,0,-1.5,-1.5,-2.9386183636363583,2026
2026-06-10,Noli Timere,Limerick,6:20,Each Way,11.0,3.0,BensBets_Morning_Master_2026.csv,nolitimere,limerick,2026-06-10,1383,6.3700178,0.0,0,-3.0,-3.0,-42.09074727272727,2026
2026-06-10,Island Hero,Kempton,6:40,Each Way,29.0,1.5,BensBets_Morning_Master_2026.csv,islandhero,kempton,2026-06-10,1384,14.5,0.0,0,-1.5,-1.5,-50.0,2026
2026-06-10,Tatum,Limerick,8:20,Each Way,15.0,2.5,BensBets_Morning_Master_2026.csv,tatum,limerick,2026-06-10,1385,13.30016763,0.0,0,-2.5,-2.5,-11.3322158,2026
2026-06-10,Blackwaterfoot,Kempton,8:40,Each Way,21.0,2.0,BensBets_Morning_Master_2026.csv,blackwaterfoot,kempton,2026-06-10,1386,50.35365108,0.0,0,-2.0,-2.0,139.77929085714288,2026
2026-06-11,Spangled Mac,Newbury,3:30,Each Way,21.0,2.0,BensBets_Morning_Master_2026.csv,spangledmac,newbury,2026-06-11,1387,23.0,0.0,0,-2.0,-2.0,9.523809523809534,2026
2026-06-11,Excello,Worcester,5:40,Win Only,7.0,1.75,BensBets_Morning_Master_2026.csv,excello,worcester,2026-06-11,1388,4.54164764,0.0,0,-1.75,-1.75,-35.11931942857143,2026
2026-06-11,Leave The Bag In,Catterick,6:22,Each Way,23.0,1.5,BensBets_Morning_Master_2026.csv,leavethebagin,catterick,2026-06-11,1389,27.8739047,0.0,0,-1.5,-1.5,21.190890000000007,2026
2026-06-11,Slieve Binnian,Leopardstown,7:30,Each Way,17.0,2.5,BensBets_Morning_Master_2026.csv,slievebinnian,leopardstown,2026-06-11,1390,16.47044063,0.0,0,-2.5,-2.5,-3.1150551176470698,2026
2026-06-11,Katana,Worcester,8:17,Each Way,17.0,2.5,BensBets_Morning_Master_2026.csv,katana,worcester,2026-06-11,1391,25.0,0.0,0,-2.5,-2.5,47.058823529411775,2026
2026-06-12,Our Havana,York,1:50,Each Way,26.0,1.5,BensBets_Morning_Master_2026.csv,ourhavana,york,2026-06-12,1392,30.13454,1.0,1,36.75,42.8277738,15.902076923076924,2026
2026-06-12,Galyx,Sandown,3:23,Each Way,13.0,3.0,BensBets_Morning_Master_2026.csv,galyx,sandown,2026-06-12,1393,12.52166487,0.0,0,-3.0,-3.0,-3.679500999999996,2026
2026-06-12,Dark Moon Rising,York,4:10,Each Way,19.0,2.5,BensBets_Morning_Master_2026.csv,darkmoonrising,york,2026-06-12,1394,21.0,0.0,0,-2.5,-2.5,10.526315789473696,2026
2026-06-12,Heroics,Sandown,5:08,Win Only,8.0,1.75,BensBets_Morning_Master_2026.csv,heroics,sandown,2026-06-12,1395,4.9,1.0,1,12.004999999999999,6.6885,-38.74999999999999,2026
2026-06-12,Linden Lane,Newton Abbot,6:25,Win Only,7.0,1.75,BensBets_Morning_Master_2026.csv,lindenlane,newtonabbot,2026-06-12,1396,4.14612964,0.0,0,-1.75,-1.75,-40.76957657142858,2026
2026-06-12,Imagine That,Goodwood,7:14,Each Way,13.0,2.5,BensBets_Morning_Master_2026.csv,imaginethat,goodwood,2026-06-12,1397,10.5,0.0,0,-2.5,-2.5,-19.23076923076923,2026
2026-06-12,Tassarolo,Fairyhouse,8:30,Each Way,9.5,3.0,BensBets_Morning_Master_2026.csv,tassarolo,fairyhouse,2026-06-12,1398,5.0,0.0,0,-3.0,-3.0,-47.36842105263158,2026
2026-06-13,Hathaways Cottage,Downpatrick,1:25,Each Way,9.5,3.0,BensBets_Morning_Master_2026.csv,hathawayscottage,downpatrick,2026-06-13,1399,8.77002103,0.0,0,-3.0,-3.0,-7.683989157894732,2026
2026-06-13,Dream On Kent,Chester,2:47,Win Only,7.0,1.75,BensBets_Morning_Master_2026.csv,dreamonkent,chester,2026-06-13,1400,5.6,0.0,0,-1.75,-1.75,-20.000000000000007,2026
2026-06-13,Basilette,Bath,3:50,Win Only,5.0,2.25,BensBets_Morning_Master_2026.csv,basilette,bath,2026-06-13,1401,3.90098529,0.0,0,-2.25,-2.25,-21.980294200000007,2026
2026-06-13,Author Dora,Hexham,5:17,Each Way,21.0,2.0,BensBets_Morning_Master_2026.csv,authordora,hexham,2026-06-13,1402,13.29091077,0.0,0,-2.0,-2.0,-36.70994871428571,2026
2026-06-13,Regal Chita,Leicester,6:30,Win Only,3.25,3.25,BensBets_Morning_Master_2026.csv,regalchita,leicester,2026-06-13,1403,2.02719949,1.0,1,7.16625,3.2716303756500005,-37.62463107692307,2026
2026-06-13,Mr Mcwhinny,Uttoxeter,7:12,Win Only,4.5,2.5,BensBets_Morning_Master_2026.csv,mrmcwhinny,uttoxeter,2026-06-13,1404,2.68460429,0.0,0,-2.5,-2.5,-40.3421268888889,2026
2026-06-13,My Lovely Horse,Uttoxeter,8:17,Win Only,26.0,1.0,BensBets_Morning_Master_2026.csv,mylovelyhorse,uttoxeter,2026-06-13,1405,30.0,0.0,0,-1.0,-1.0,15.384615384615374,2026
2026-06-14,Carafinn,Cork,2:07,Each Way,21.0,2.0,BensBets_Morning_Master_2026.csv,carafinn,cork,2026-06-14,1406,23.39910315,0.0,0,-2.0,-2.0,11.424300714285707,2026
2026-06-14,Rahmi,Cork,2:37,Each Way,29.0,1.5,BensBets_Morning_Master_2026.csv,rahmi,cork,2026-06-14,1407,27.05800076,0.0,0,-1.5,-1.5,-6.696549103448279,2026
2026-06-14,Jumeirah Storm,Salisbury,3:14,Each Way,34.0,1.5,BensBets_Morning_Master_2026.csv,jumeirahstorm,salisbury,2026-06-14,1408,12.34276901,0.0,0,-1.5,-1.5,-63.69773820588236,2026
2026-06-14,Darvel,Salisbury,4:57,Each Way,26.0,1.5,BensBets_Morning_Master_2026.csv,darvel,salisbury,2026-06-14,1409,46.0,0.0,0,-1.5,-1.5,76.92307692307692,2026
2026-06-15,Tiger Beetle,Chepstow,1:50,Each Way,19.0,2.0,BensBets_Morning_Master_2026.csv,tigerbeetle,chepstow,2026-06-15,1410,13.5,0.0,0,-2.0,-2.0,-28.947368421052634,2026
2026-06-15,Dark Kestrel,Wetherby,4:15,Each Way,10.0,3.0,BensBets_Morning_Master_2026.csv,darkkestrel,wetherby,2026-06-15,1411,5.48226849,0.0,0,-3.0,-3.0,-45.1773151,2026
2026-06-15,A Wave Of The Sea,Kilbeggan,5:12,Each Way,19.0,2.0,BensBets_Morning_Master_2026.csv,awaveofthesea,kilbeggan,2026-06-15,1412,9.35755434,0.0,0,-2.0,-2.0,-50.749714000000004,2026
2026-06-15,Enemy Lines,Windsor,6:00,Win Only,3.75,3.0,BensBets_Morning_Master_2026.csv,enemylines,windsor,2026-06-15,1413,2.28,1.0,1,8.084999999999999,3.7631999999999994,-39.2,2026
2026-06-15,Charlies Gift,Kilbeggan,7:12,Each Way,21.0,2.0,BensBets_Morning_Master_2026.csv,charliesgift,kilbeggan,2026-06-15,1414,5.18548068,0.0,0,-2.0,-2.0,-75.30723485714286,2026
2026-06-16,Real Dream,Ascot,6:10,Each Way,23.0,1.5,BensBets_Morning_Master_2026.csv,realdream,ascot,2026-06-16,1415,49.51312899,0.0,0,-1.5,-1.5,115.2744738695652,2026
2026-06-16,Risk Averse Rebel,Wolverhampton,7:15,Win Only,5.5,2.25,BensBets_Morning_Master_2026.csv,riskaverserebel,wolverhampton,2026-06-16,1416,5.08733359,0.0,0,-2.25,-2.25,-7.5030256363636365,2026
2026-06-16,Jojo Rabbit,Beverley,8:00,Each Way,11.0,3.0,BensBets_Morning_Master_2026.csv,jojorabbit,beverley,2026-06-16,1417,10.66613902,0.0,0,-3.0,-3.0,-3.03509981818183,2026
2026-06-16,Sassy Glory,Beverley,9:00,Each Way,11.0,3.0,BensBets_Morning_Master_2026.csv,sassyglory,beverley,2026-06-16,1418,6.37624092,0.0,0,-3.0,-3.0,-42.03417345454545,2026
2026-06-17,Catalyse,Hamilton,4:02,Each Way,10.0,3.0,BensBets_Morning_Master_2026.csv,catalyse,hamilton,2026-06-17,1419,19.0,0.0,0,-3.0,-3.0,89.99999999999999,2026
2026-06-17,Cavan Lady,Ffos Las,6:15,Win Only,3.5,3.0,BensBets_Morning_Master_2026.csv,cavanlady,ffoslas,2026-06-17,1420,3.1,0.0,0,-3.0,-3.0,-11.428571428571422,2026
2026-06-17,Senor Campanaro,Ffos Las,6:45,Each Way,10.0,3.0,BensBets_Morning_Master_2026.csv,senorcampanaro,ffoslas,2026-06-17,1421,3.1,0.0,0,-3.0,-3.0,-69.0,2026
2026-06-17,Something,Ripon,7:00,Win Only,3.75,3.0,BensBets_Morning_Master_2026.csv,something,ripon,2026-06-17,1422,5.0,0.0,0,-3.0,-3.0,33.33333333333333,2026
2026-06-17,Poor Relation,Ffos Las,8:15,Win Only,4.0,2.75,BensBets_Morning_Master_2026.csv,poorrelation,ffoslas,2026-06-17,1423,5.05878677,0.0,0,-2.75,-2.75,26.469669250000006,2026
2026-06-18,One Million Dreams,Ripon,1:40,Each Way,21.0,1.5,BensBets_Morning_Master_2026.csv,onemilliondreams,ripon,2026-06-18,1424,40.0,0.0,0,-1.5,-1.5,90.47619047619047,2026
2026-06-18,Michaelas Boy,Yarmouth,2:40,Win Only,15.0,1.25,BensBets_Morning_Master_2026.csv,michaelasboy,yarmouth,2026-06-18,1425,17.5,1.0,1,17.15,20.2125,16.666666666666675,2026
2026-06-18,Strong Warrior,Ripon,3:25,Each Way,15.0,2.5,BensBets_Morning_Master_2026.csv,strongwarrior,ripon,2026-06-18,1426,13.0,0.0,0,-2.5,-2.5,-13.33333333333333,2026
2026-06-18,Reposado,Leopardstown,5:10,Each Way,8.5,3.5,BensBets_Morning_Master_2026.csv,reposado,leopardstown,2026-06-18,1427,16.0,0.0,0,-3.5,-3.5,88.23529411764706,2026
2026-06-18,Qaaeadd,Lingfield,5:20,Each Way,17.0,2.5,BensBets_Morning_Master_2026.csv,qaaeadd,lingfield,2026-06-18,1428,22.0,0.0,0,-2.5,-2.5,29.41176470588236,2026
2026-06-18,Running Point,Leopardstown,5:45,Each Way,11.0,3.0,BensBets_Morning_Master_2026.csv,runningpoint,leopardstown,2026-06-18,1429,7.4,0.0,0,-3.0,-3.0,-32.72727272727273,2026
2026-06-19,Jaijai,Goodwood,5:45,Win Only,3.0,3.25,BensBets_Morning_Master_2026.csv,jaijai,goodwood,2026-06-19,1430,2.5076216,1.0,1,6.37,4.801774795999999,-16.412613333333336,2026
2026-06-19,Treasure Rose,Down Royal,8:00,Win Only,5.0,2.25,BensBets_Morning_Master_2026.csv,treasurerose,downroyal,2026-06-19,1431,4.68829731,1.0,1,8.82,8.13269556855,-6.2340537999999945,2026
2026-06-20,Lope Y Linda,Ayr,3:28,Win Only,5.0,2.25,BensBets_Morning_Master_2026.csv,lopeylinda,ayr,2026-06-20,1432,2.14721734,1.0,1,8.82,2.5296142347,-57.0556532,2026
2026-06-20,Spacewoman,Newmarket,4:27,Each Way,17.0,2.5,BensBets_Morning_Master_2026.csv,spacewoman,newmarket,2026-06-20,1433,15.12054058,1.0,1,39.2,34.595324421,-11.055643647058822,2026
2026-06-20,Good Earth,Newmarket,5:07,Each Way,7.0,3.5,BensBets_Morning_Master_2026.csv,goodearth,newmarket,2026-06-20,1434,3.55,0.0,0,-3.5,-3.5,-49.28571428571429,2026
2026-06-20,Sparkling Pink,Redcar,5:18,Each Way,15.0,2.5,BensBets_Morning_Master_2026.csv,sparklingpink,redcar,2026-06-20,1435,6.98100094,0.0,0,-2.5,-2.5,-53.459993733333334,2026
2026-06-20,Equion,Nottingham,6:35,Win Only,13.0,1.25,BensBets_Morning_Master_2026.csv,equion,nottingham,2026-06-20,1436,13.58057376,0.0,0,-1.25,-1.25,4.465951999999995,2026
2026-06-20,Secret Mistral,Nottingham,7:45,Each Way,17.0,2.5,BensBets_Morning_Master_2026.csv,secretmistral,nottingham,2026-06-20,1437,10.5,0.0,0,-2.5,-2.5,-38.23529411764706,2026
2026-06-21,Diligent Henry,Pontefract,2:05,Each Way,26.0,1.5,BensBets_Morning_Master_2026.csv,diligenthenry,pontefract,2026-06-21,1438,17.5,0.0,0,-1.5,-1.5,-32.692307692307686,2026
2026-06-21,Oj Lifestyle,Brighton,3:56,Win Only,7.5,1.75,BensBets_Morning_Master_2026.csv,ojlifestyle,brighton,2026-06-21,1439,7.6,1.0,1,11.1475,11.318999999999999,1.3333333333333197,2026
2026-06-21,Thats My Boy Luke,Pontefract,4:35,Each Way,23.0,1.5,BensBets_Morning_Master_2026.csv,thatsmyboyluke,pontefract,2026-06-21,1440,20.0,0.0,0,-1.5,-1.5,-13.043478260869568,2026
2026-06-21,Twoplacesatonetime,Hexham,4:43,Each Way,41.0,1.0,BensBets_Morning_Master_2026.csv,twoplacesatonetime,hexham,2026-06-21,1441,41.04013438,0.0,0,-1.0,-1.0,0.09788873170730739,2026
2026-06-22,Liveadream,Musselburgh,2:45,Win Only,4.5,2.75,BensBets_Morning_Master_2026.csv,liveadream,musselburgh,2026-06-22,1442,4.6,0.0,0,-2.75,-2.75,2.2222222222222143,2026
2026-06-22,Beelzebub,Windsor,5:45,Each Way,15.0,2.5,BensBets_Morning_Master_2026.csv,beelzebub,windsor,2026-06-22,1443,3.77052398,1.0,1,34.3,6.787783751000001,-74.86317346666667,2026
2026-06-22,Sultan Darius,Windsor,6:15,Win Only,15.0,1.25,BensBets_Morning_Master_2026.csv,sultandarius,windsor,2026-06-22,1444,11.0,0.0,0,-1.25,-1.25,-26.66666666666667,2026
2026-06-22,Just Jump,Windsor,8:20,Each Way,13.0,3.0,BensBets_Morning_Master_2026.csv,justjump,windsor,2026-06-22,1445,6.78817546,1.0,1,35.28,17.0172358524,-47.783265692307694,2026
2026-06-22,Amathus,Brighton,8:40,Each Way,26.0,1.5,BensBets_Morning_Master_2026.csv,amathus,brighton,2026-06-22,1446,10.37896247,0.0,0,-1.5,-1.5,-60.08091357692308,2026
2026-06-23,Arabian Cobra,Ffos Las,3:00,Each Way,23.0,1.5,BensBets_Morning_Master_2026.csv,arabiancobra,ffoslas,2026-06-23,1447,14.85135646,0.0,0,-1.5,-1.5,-35.42888495652174,2026
2026-06-23,Pureis King,Ffos Las,4:35,Win Only,3.0,3.5,BensBets_Morning_Master_2026.csv,pureisking,ffoslas,2026-06-23,1448,2.06,1.0,1,6.859999999999999,3.6357999999999997,-31.333333333333336,2026
2026-06-23,Chillhi,Newton Abbot,5:35,Each Way,34.0,1.5,BensBets_Morning_Master_2026.csv,chillhi,newtonabbot,2026-06-23,1449,50.0,0.0,0,-1.5,-1.5,47.058823529411775,2026
2026-06-23,Keep Under Wraps,Newton Abbot,6:10,Win Only,11.0,1.5,BensBets_Morning_Master_2026.csv,keepunderwraps,newtonabbot,2026-06-23,1450,3.79511429,0.0,0,-1.5,-1.5,-65.498961,2026
2026-06-24,Harswell Ruby,Carlisle,3:30,Win Only,8.0,1.75,BensBets_Morning_Master_2026.csv,harswellruby,carlisle,2026-06-24,1451,5.71433894,0.0,0,-1.75,-1.75,-28.57076325,2026
2026-06-24,Assaranca,Carlisle,4:02,Each Way,41.0,1.0,BensBets_Morning_Master_2026.csv,assaranca,carlisle,2026-06-24,1452,50.0,0.0,0,-1.0,-1.0,21.95121951219512,2026
2026-06-24,Rajapour,Carlisle,4:35,Each Way,15.0,2.5,BensBets_Morning_Master_2026.csv,rajapour,carlisle,2026-06-24,1453,20.0,0.0,0,-2.5,-2.5,33.33333333333333,2026
2026-06-24,Brazilian Diva,Naas,5:10,Each Way,41.0,1.0,BensBets_Morning_Master_2026.csv,braziliandiva,naas,2026-06-24,1454,32.0,1.0,1,39.2,30.38,-21.95121951219512,2026
2026-06-24,Lady Patrona,Naas,5:10,Each Way,10.0,3.0,BensBets_Morning_Master_2026.csv,ladypatrona,naas,2026-06-24,1455,3.6,0.0,0,-3.0,-3.0,-64.0,2026
2026-06-24,Hero Of The Hour,Naas,5:40,Each Way,11.0,3.0,BensBets_Morning_Master_2026.csv,heroofthehour,naas,2026-06-24,1456,11.24158779,0.0,0,-3.0,-3.0,2.196252636363649,2026
2026-06-25,itSbeenemotional,Leicester,6:15,Each Way,15.0,2.5,BensBets_Morning_Master_2026.csv,itsbeenemotional,leicester,2026-06-25,1457,11.0,0.0,0,-2.5,-2.5,-26.66666666666667,2026
2026-06-25,Fille Imbassee,Leicester,8:15,Win Only,6.5,2.0,BensBets_Morning_Master_2026.csv,filleimbassee,leicester,2026-06-25,1458,2.6,1.0,1,10.78,3.136,-60.0,2026
2026-06-25,One Million Dreams,Hamilton,6:00,Each Way,13.0,2.5,BensBets_Morning_Master_2026.csv,onemilliondreams,hamilton,2026-06-25,1459,19.00548896,0.0,0,-2.5,-2.5,46.19606892307693,2026
2026-06-25,Chan Noir,Nottingham,12:00,Each Way,12.0,2.5,BensBets_Morning_Master_2026.csv,channoir,nottingham,2026-06-25,1460,7.4,1.0,1,26.95,15.68,-38.33333333333333,2026
2026-06-25,Hatta Romance,Nottingham,10:30,Win Only,29.0,1.0,BensBets_Morning_Master_2026.csv,hattaromance,nottingham,2026-06-25,1462,19.5,0.0,0,-1.0,-1.0,-32.758620689655174,2026
2026-06-26,Lamlash Bay,Doncaster,12:45,Each Way,8.0,3.5,BensBets_Morning_Master_2026.csv,lamlashbay,doncaster,2026-06-26,1463,19.33229234,0.0,0,-3.5,-3.5,141.65365425,2026
2026-06-26,Settle Down Jill,Cartmel,3:18,Win Only,6.0,2.0,BensBets_Morning_Master_2026.csv,settledownjill,cartmel,2026-06-26,1464,5.7,0.0,0,-2.0,-2.0,-4.999999999999993,2026
2026-06-26,Rockvale,Bangor,6:33,Each Way,12.0,2.5,BensBets_Morning_Master_2026.csv,rockvale,bangor,2026-06-26,1465,6.70586553,0.0,0,-2.5,-2.5,-44.117787250000006,2026
2026-06-27,Stage Show,Lingfield,6:55,Each Way,26.0,1.5,BensBets_Morning_Master_2026.csv,stageshow,lingfield,2026-06-27,1466,12.0,0.0,0,-1.5,-1.5,-53.84615384615385,2026
2026-06-27,Furhaan,Chester,5:20,Each Way,15.0,2.5,BensBets_Morning_Master_2026.csv,furhaan,chester,2026-06-27,1467,18.0,0.0,0,-2.5,-2.5,19.999999999999996,2026
2026-06-27,Suddenly I See,Lingfield,6:25,Win Only,9.0,1.5,BensBets_Morning_Master_2026.csv,suddenlyisee,lingfield,2026-06-27,1468,8.67112793,0.0,0,-1.5,-1.5,-3.654134111111107,2026
2026-06-27,Nancy J,Curragh,2:45,Each Way,15.0,2.5,BensBets_Morning_Master_2026.csv,nancyj,curragh,2026-06-27,1469,17.0,0.0,0,-2.5,-2.5,13.33333333333333,2026
2026-06-27,Thanks Dad,Chepstow,8:35,Each Way,12.0,2.5,BensBets_Morning_Master_2026.csv,thanksdad,chepstow,2026-06-27,1470,9.6,0.0,0,-2.5,-2.5,-20.000000000000007,2026
2026-06-27,My Old Mate,Windsor,5:15,Win Only,5.0,2.25,BensBets_Morning_Master_2026.csv,myoldmate,windsor,2026-06-27,1471,2.62,1.0,1,8.82,3.5721000000000003,-47.599999999999994,2026
2026-06-29,Citizen Jane,Stratford,3:10,Each Way,21.0,2.0,BensBets_Morning_Master_2026.csv,citizenjane,stratford,2026-06-29,1473,15.86977948,0.0,0,-2.0,-2.0,-24.42962152380952,2026
2026-06-29,Twilight Glow,Ffos Las,3:52,Each Way,15.0,2.5,BensBets_Morning_Master_2026.csv,twilightglow,ffoslas,2026-06-29,1474,6.89309978,0.0,0,-2.5,-2.5,-54.046001466666674,2026
2026-06-29,Ironist,Kempton,6:45,Each Way,10.0,3.0,BensBets_Morning_Master_2026.csv,ironist,kempton,2026-06-29,1475,4.4,0.0,0,-3.0,-3.0,-55.99999999999999,2026
2026-06-29,Chalk Mountain,Kempton,7:45,Each Way,11.0,3.0,BensBets_Morning_Master_2026.csv,chalkmountain,kempton,2026-06-29,1476,8.0,0.0,0,-3.0,-3.0,-27.27272727272727,2026
2026-06-29,Break Point,Kempton,8:45,Win Only,11.0,1.5,BensBets_Morning_Master_2026.csv,breakpoint,kempton,2026-06-29,1477,7.70112843,1.0,1,14.700000000000001,9.850658792099999,-29.98974154545455,2026
2026-06-30,Marsh Benham,Brighton,3:13,Win Only,19.0,1.25,BensBets_Morning_Master_2026.csv,marshbenham,brighton,2026-06-30,1478,23.56040586,0.0,0,-1.25,-1.25,24.002136105263162,2026
2026-06-30,Cartwheel,Brighton,4:13,Each Way,13.0,2.5,BensBets_Morning_Master_2026.csv,cartwheel,brighton,2026-06-30,1479,14.3307708,0.0,0,-2.5,-2.5,10.236698461538452,2026
2026-06-30,Miss Starlet,Brighton,5:15,Win Only,15.0,1.25,BensBets_Morning_Master_2026.csv,missstarlet,brighton,2026-06-30,1480,17.90534893,0.0,0,-1.25,-1.25,19.368992866666666,2026
2026-06-30,Cypriot Diaspora,Ffos Las,7:39,Each Way,10.0,3.0,BensBets_Morning_Master_2026.csv,cypriotdiaspora,ffoslas,2026-06-30,1481,11.5,0.0,0,-3.0,-3.0,14.999999999999991,2026
2026-06-30,Cogital,Ffos Las,8:39,Each Way,9.0,3.0,BensBets_Morning_Master_2026.csv,cogital,ffoslas,2026-06-30,1482,7.8,0.0,0,-3.0,-3.0,-13.33333333333333,2026
2026-07-01,Tattie Bogle,Thirsk,4:40,Each Way,8.0,3.5,BensBets_Morning_Master_2026.csv,tattiebogle,thirsk,2026-07-01,1483,4.79089176,0.0,0,-3.5,-3.5,-40.113853,2026
2026-07-01,Iamyouare,Worcester,4:55,Win Only,5.0,2.25,BensBets_Morning_Master_2026.csv,iamyouare,worcester,2026-07-01,1484,4.4,0.0,0,-2.25,-2.25,-11.99999999999999,2026
2026-07-01,Tabasko,Epsom,6:57,Win Only,19.0,1.0,BensBets_Morning_Master_2026.csv,tabasko,epsom,2026-07-01,1485,7.30783076,0.0,0,-1.0,-1.0,-61.537732842105264,2026
2026-07-01,Neptune Legend,Bath,7:08,Win Only,2.63,3.5,BensBets_Morning_Master_2026.csv,neptunelegend,bath,2026-07-01,1486,1.78225079,1.0,1,5.5908999999999995,2.6831202096999998,-32.23381026615969,2026
2026-07-01,Nakaaha,Bath,8:18,Each Way,8.0,3.5,BensBets_Morning_Master_2026.csv,nakaaha,bath,2026-07-01,1487,5.39806256,1.0,1,24.009999999999998,15.085354580799997,-32.524218000000005,2026
2026-07-01,Northern Empire,Epsom,8:42,Win Only,9.0,1.5,BensBets_Morning_Master_2026.csv,northernempire,epsom,2026-07-01,1488,7.08218665,0.0,0,-1.5,-1.5,-21.309037222222226,2026
2026-07-02,Luckie Devil,Perth,2:18,Each Way,101.0,1.0,BensBets_Morning_Master_2026.csv,luckiedevil,perth,2026-07-02,1489,200.96327556,0.0,0,-1.0,-1.0,98.97354015841584,2026
2026-07-02,Khaleejy,Kempton,4:55,Win Only,5.0,2.25,BensBets_Morning_Master_2026.csv,khaleejy,kempton,2026-07-02,1490,5.1,0.0,0,-2.25,-2.25,2.0000000000000018,2026
2026-07-02,Daddy Long Legs,Limerick,5:20,Win Only,2.38,4.0,BensBets_Morning_Master_2026.csv,daddylonglegs,limerick,2026-07-02,1491,1.75,0.0,0,-4.0,-4.0,-26.470588235294112,2026
2026-07-02,Dancing With Drums,Yarmouth,5:25,Each Way,23.0,1.5,BensBets_Morning_Master_2026.csv,dancingwithdrums,yarmouth,2026-07-02,1492,41.39952109,0.0,0,-1.5,-1.5,79.9979177826087,2026
2026-07-02,Grizedale,Kempton,6:33,Win Only,7.0,2.0,BensBets_Morning_Master_2026.csv,grizedale,kempton,2026-07-02,1493,2.60339581,1.0,1,11.76,3.1426557876,-62.80863128571429,2026
2026-07-02,First Ambition,Kempton,6:33,Each Way,26.0,1.5,BensBets_Morning_Master_2026.csv,firstambition,kempton,2026-07-02,1494,15.5,0.0,0,-1.5,-1.5,-40.38461538461539,2026
2026-07-03,Hawa Jumeirah,Newton Abbot,2:45,Each Way,17.0,2.5,BensBets_Morning_Master_2026.csv,hawajumeirah,newtonabbot,2026-07-03,1495,18.0,0.0,0,-2.5,-2.5,5.882352941176472,2026
2026-07-03,Radharc Na Slaine,Newton Abbot,5:05,Win Only,4.33,3.0,BensBets_Morning_Master_2026.csv,radharcnaslaine,newtonabbot,2026-07-03,1496,3.0,0.0,0,-3.0,-3.0,-30.71593533487298,2026
2026-07-03,Aspull,Chepstow,5:43,Win Only,10.0,1.5,BensBets_Morning_Master_2026.csv,aspull,chepstow,2026-07-03,1497,14.42699386,0.0,0,-1.5,-1.5,44.26993859999999,2026
2026-07-03,Speechman,Beverley,6:00,Each Way,23.0,1.5,BensBets_Morning_Master_2026.csv,speechman,beverley,2026-07-03,1498,13.19722152,0.0,0,-1.5,-1.5,-42.620776000000006,2026
2026-07-03,Profit Surge,Bellewstown,7:10,Each Way,10.0,3.0,BensBets_Morning_Master_2026.csv,profitsurge,bellewstown,2026-07-03,1499,3.26960016,0.0,0,-3.0,-3.0,-67.3039984,2026
2026-07-03,Lisleigh Lad,Wexford,7:25,Each Way,10.0,3.0,BensBets_Morning_Master_2026.csv,lisleighlad,wexford,2026-07-03,1500,8.47948592,1.0,1,26.46,21.989688604799998,-15.205140799999995,2026
2026-07-04,Fly Smartly,Naas,1:22,Each Way,19.0,2.0,BensBets_Morning_Master_2026.csv,flysmartly,naas,2026-07-04,1501,22.32874066,0.0,0,-2.0,-2.0,17.519687684210528,2026
2026-07-04,Aspire To Glory,Leicester,5:05,Each Way,26.0,1.5,BensBets_Morning_Master_2026.csv,aspiretoglory,leicester,2026-07-04,1502,18.82758875,0.0,0,-1.5,-1.5,-27.586197115384614,2026
2026-07-04,Puppet Master,Bellewstown,5:15,Each Way,15.0,2.5,BensBets_Morning_Master_2026.csv,puppetmaster,bellewstown,2026-07-04,1503,8.4,0.0,0,-2.5,-2.5,-43.99999999999999,2026
2026-07-04,Great Success,Leicester,5:35,Each Way,13.0,2.5,BensBets_Morning_Master_2026.csv,greatsuccess,leicester,2026-07-04,1504,23.0,0.0,0,-2.5,-2.5,76.92307692307692,2026
2026-07-04,Book Of Life,Carlisle,6:39,Each Way,10.0,3.0,BensBets_Morning_Master_2026.csv,bookoflife,carlisle,2026-07-04,1505,10.16584771,0.0,0,-3.0,-3.0,1.6584770999999998,2026
2026-07-04,Emperor Caradoc,Nottingham,7:00,Win Only,5.0,2.25,BensBets_Morning_Master_2026.csv,emperorcaradoc,nottingham,2026-07-04,1506,3.19141178,0.0,0,-2.25,-2.25,-36.171764399999994,2026
2026-07-07,Genbu,Uttoxeter,3:30,Win Only,10.0,1.5,BensBets_Morning_Master_2026.csv,genbu,uttoxeter,2026-07-07,1509,5.23959965,0.0,0,-1.5,-1.5,-47.604003500000005,2026
2026-07-07,Kimy,Tramore,6:00,Each Way,26.0,1.5,BensBets_Morning_Master_2026.csv,kimy,tramore,2026-07-07,1510,10.0,0.0,0,-1.5,-1.5,-61.53846153846154,2026
2026-07-07,Serenity Bay,Brighton,6:50,Each Way,13.0,2.5,BensBets_Morning_Master_2026.csv,serenitybay,brighton,2026-07-07,1511,5.45850745,0.0,0,-2.5,-2.5,-58.011481153846155,2026
2026-07-07,Graffiti,Brighton,8:20,Win Only,4.5,2.75,BensBets_Morning_Master_2026.csv,graffiti,brighton,2026-07-07,1512,3.15,1.0,1,9.4325,5.794249999999999,-30.000000000000004,2026
2026-07-08,Kings Fury,Fairyhouse,5:40,Each Way,8.0,3.5,BensBets_Morning_Master_2026.csv,kingsfury,fairyhouse,2026-07-08,1513,9.96726444,0.0,0,-3.5,-3.5,24.59080549999999,2026
2026-07-08,Dreamkeeper,Fairyhouse,6:50,Each Way,26.0,1.5,BensBets_Morning_Master_2026.csv,dreamkeeper,fairyhouse,2026-07-08,1514,36.0,0.0,0,-1.5,-1.5,38.46153846153846,2026
2026-07-08,Who Is Alice,Chepstow,7:01,Win Only,21.0,1.0,BensBets_Morning_Master_2026.csv,whoisalice,chepstow,2026-07-08,1515,16.34668398,0.0,0,-1.0,-1.0,-22.158647714285706,2026
2026-07-08,Rahmi,Fairyhouse,8:00,Each Way,9.0,3.0,BensBets_Morning_Master_2026.csv,rahmi,fairyhouse,2026-07-08,1516,5.93628002,0.0,0,-3.0,-3.0,-34.041333111111115,2026
2026-07-08,Devious Devan,Kempton,8:55,Win Only,6.5,2.0,BensBets_Morning_Master_2026.csv,deviousdevan,kempton,2026-07-08,1517,3.01151076,0.0,0,-2.0,-2.0,-53.66906523076923,2026
2026-07-09,Rogue Passion,Carlisle,2:35,Win Only,6.0,2.0,BensBets_Morning_Master_2026.csv,roguepassion,carlisle,2026-07-09,1518,3.45,0.0,0,-2.0,-2.0,-42.49999999999999,2026
2026-07-09,Bellesque,Leopardstown,4:50,Each Way,6.5,4.0,BensBets_Morning_Master_2026.csv,bellesque,leopardstown,2026-07-09,1519,6.2,0.0,0,-4.0,-4.0,-4.61538461538461,2026
2026-07-09,Black Storm,Carlisle,4:55,Each Way,7.5,3.5,BensBets_Morning_Master_2026.csv,blackstorm,carlisle,2026-07-09,1520,3.3,0.0,0,-3.5,-3.5,-56.00000000000001,2026
2026-07-09,Strike,Newbury,6:52,Each Way,6.5,4.0,BensBets_Morning_Master_2026.csv,strike,newbury,2026-07-09,1521,5.87423016,1.0,1,21.56,19.1069822272,-9.627228307692315,2026
2026-07-09,Murat,Leopardstown,8:13,Each Way,23.0,1.5,BensBets_Morning_Master_2026.csv,murat,leopardstown,2026-07-09,1522,4.6,1.0,1,32.339999999999996,5.292,-80.0,2026
2026-07-10,So Darn Hot,Ascot,4:55,Each Way,17.0,2.5,BensBets_Morning_Master_2026.csv,sodarnhot,ascot,2026-07-10,1523,6.8,0.0,0,-2.5,-2.5,-60.00000000000001,2026
2026-07-10,Doyouknowwhatimean,Worcester,5:35,Win Only,10.0,1.5,BensBets_Morning_Master_2026.csv,doyouknowwhatimean,worcester,2026-07-10,1524,6.2,0.0,0,-1.5,-1.5,-38.0,2026
2026-07-10,Ebony Warrior,Worcester,6:41,Each Way,5.5,4.5,BensBets_Morning_Master_2026.csv,ebonywarrior,worcester,2026-07-10,1525,4.47138878,0.0,0,-4.5,-4.5,-18.70202218181819,2026
2026-07-10,Jeroboam Machin,Cork,7:25,Win Only,2.88,3.75,BensBets_Morning_Master_2026.csv,jeroboammachin,cork,2026-07-10,1526,1.76129702,0.0,0,-3.75,-3.75,-38.84385347222222,2026
2026-07-10,Giant,Chester,8:50,Win Only,6.0,2.0,BensBets_Morning_Master_2026.csv,giant,chester,2026-07-10,1527,3.3567331,0.0,0,-2.0,-2.0,-44.054448333333326,2026
2026-07-11,Intervention,Chester,2:10,Each Way,23.0,1.5,BensBets_Morning_Master_2026.csv,intervention,chester,2026-07-11,1528,46.0,0.0,0,-1.5,-1.5,100.0,2026
2026-07-11,Morehampton,Limerick,5:25,Win Only,13.0,1.25,BensBets_Morning_Master_2026.csv,morehampton,limerick,2026-07-11,1529,11.0,0.0,0,-1.25,-1.25,-15.384615384615385,2026
2026-07-11,Ashen,Hamilton,6:50,Win Only,4.33,2.75,BensBets_Morning_Master_2026.csv,ashen,hamilton,2026-07-11,1530,3.20714589,0.0,0,-2.75,-2.75,-25.93196558891455,2026
2026-07-11,Hostelry,Hamilton,8:20,Each Way,11.0,3.0,BensBets_Morning_Master_2026.csv,hostelry,hamilton,2026-07-11,1531,7.2,0.0,0,-3.0,-3.0,-34.54545454545455,2026
2026-07-13,Thepassingtyphoon,Newton Abbot,5:15,Win Only,4.0,3.0,BensBets_Morning_Master_2026.csv,thepassingtyphoon,newtonabbot,2026-07-13,1533,3.45,0.0,0,-3.0,-3.0,-13.749999999999996,2026
2026-07-13,Magi Melchior,Windsor,6:20,Win Only,5.0,2.25,BensBets_Morning_Master_2026.csv,magimelchior,windsor,2026-07-13,1534,3.89809267,0.0,0,-2.25,-2.25,-22.038146599999997,2026
2026-07-13,Court Drive,Lingfield,7:10,Each Way,7.0,4.0,BensBets_Morning_Master_2026.csv,courtdrive,lingfield,2026-07-13,1535,3.75,0.0,0,-4.0,-4.0,-46.42857142857143,2026
2026-07-13,Celtic John,Lingfield,7:40,Each Way,8.5,3.5,BensBets_Morning_Master_2026.csv,celticjohn,lingfield,2026-07-13,1536,5.1,0.0,0,-3.5,-3.5,-40.0,2026
2026-07-13,Sapphire Dream,Lingfield,8:40,Win Only,5.0,2.25,BensBets_Morning_Master_2026.csv,sapphiredream,lingfield,2026-07-13,1537,4.7,1.0,1,8.82,8.1585,-5.999999999999995,2026
2026-07-14,Magical Life,Leicester,1:54,Each Way,34.0,1.5,BensBets_Morning_Master_2026.csv,magicallife,leicester,2026-07-14,1538,15.69052694,0.0,0,-1.5,-1.5,-53.85139135294117,2026
2026-07-14,Cloud Forest,Leicester,2:24,Win Only,5.5,2.25,BensBets_Morning_Master_2026.csv,cloudforest,leicester,2026-07-14,1539,4.8,0.0,0,-2.25,-2.25,-12.727272727272732,2026
2026-07-14,Guendolen,Wolverhampton,4:53,Each Way,34.0,1.5,BensBets_Morning_Master_2026.csv,guendolen,wolverhampton,2026-07-14,1540,30.0,0.0,0,-1.5,-1.5,-11.764705882352944,2026
2026-07-14,Bullington Bry,Leicester,5:04,Each Way,9.0,3.0,BensBets_Morning_Master_2026.csv,bullingtonbry,leicester,2026-07-14,1541,5.9,0.0,0,-3.0,-3.0,-34.44444444444444,2026
2026-07-14,George Wickham,Wolverhampton,5:25,Win Only,3.5,3.5,BensBets_Morning_Master_2026.csv,georgewickham,wolverhampton,2026-07-14,1542,3.41402076,1.0,1,8.575000000000001,8.2800912068,-2.4565497142857162,2026
2026-07-15,Midnight Pass,Uttoxeter,2:18,Each Way,26.0,1.5,BensBets_Morning_Master_2026.csv,midnightpass,uttoxeter,2026-07-15,1543,9.5556667,0.0,0,-1.5,-1.5,-63.247435769230776,2026
2026-07-15,Symbol Of Hope,Bath,3:31,Win Only,15.0,1.25,BensBets_Morning_Master_2026.csv,symbolofhope,bath,2026-07-15,1544,8.0,0.0,0,-1.25,-1.25,-46.666666666666664,2026
2026-07-15,Ukantango,Uttoxeter,4:18,Win Only,7.5,1.75,BensBets_Morning_Master_2026.csv,ukantango,uttoxeter,2026-07-15,1545,6.50568242,0.0,0,-1.75,-1.75,-13.257567733333332,2026
2026-07-15,Private Peaceful,Killarney,6:30,Each Way,34.0,1.5,BensBets_Morning_Master_2026.csv,privatepeaceful,killarney,2026-07-15,1546,38.0,0.0,0,-1.5,-1.5,11.764705882352944,2026
2026-07-15,Highway Sixty One,Killarney,8:00,Each Way,8.0,3.5,BensBets_Morning_Master_2026.csv,highwaysixtyone,killarney,2026-07-15,1547,7.54753769,0.0,0,-3.5,-3.5,-5.655778874999995,2026
2026-07-16,Electric Bass,Chepstow,5:30,Win Only,5.0,2.25,BensBets_Morning_Master_2026.csv,electricbass,chepstow,2026-07-16,1548,4.3,0.0,0,-2.25,-2.25,-14.000000000000002,2026
2026-07-16,Aviatrice,Leopardstown,6:35,Each Way,5.0,4.5,BensBets_Morning_Master_2026.csv,aviatrice,leopardstown,2026-07-16,1549,4.04260059,0.0,0,-4.5,-4.5,-19.1479882,2026
2026-07-16,Syzygy,Leopardstown,7:10,Win Only,17.0,1.25,BensBets_Morning_Master_2026.csv,syzygy,leopardstown,2026-07-16,1550,30.0,0.0,0,-1.25,-1.25,76.47058823529412,2026
2026-07-16,Kantagua Du Large,Worcester,8:12,Each Way,26.0,1.5,BensBets_Morning_Master_2026.csv,kantaguadularge,worcester,2026-07-16,1551,21.64422,0.0,0,-1.5,-1.5,-16.752999999999997,2026
2026-07-17,Far Too Fizzy,Wolverhampton,2:43,Each Way,12.0,2.5,BensBets_Morning_Master_2026.csv,fartoofizzy,wolverhampton,2026-07-17,1552,23.51085707,0.0,0,-2.5,-2.5,95.92380891666667,2026
2026-07-17,The Banger Doyle,Killarney,3:07,Each Way,17.0,2.5,BensBets_Morning_Master_2026.csv,thebangerdoyle,killarney,2026-07-17,1553,16.5,0.0,0,-2.5,-2.5,-2.941176470588236,2026
2026-07-17,Robert Anstruther,Nottingham,4:02,Win Only,4.5,2.75,BensBets_Morning_Master_2026.csv,robertanstruther,nottingham,2026-07-17,1554,2.9,1.0,1,9.4325,5.1205,-35.555555555555564,2026
2026-07-17,Snowballs,Down Royal,5:42,Each Way,26.0,1.5,BensBets_Morning_Master_2026.csv,snowballs,downroyal,2026-07-17,1555,23.77677789,0.0,0,-1.5,-1.5,-8.550854269230769,2026
2026-07-17,Patrol,Newmarket,6:23,Win Only,6.0,2.0,BensBets_Morning_Master_2026.csv,patrol,newmarket,2026-07-17,1556,6.8,0.0,0,-2.0,-2.0,13.33333333333333,2026
2026-07-17,Maximus Meridius,Pontefract,6:32,Win Only,3.0,3.25,BensBets_Morning_Master_2026.csv,maximusmeridius,pontefract,2026-07-17,1557,3.28563484,0.0,0,-3.25,-3.25,9.521161333333339,2026
2026-07-18,City House,Curragh,2:50,Each Way,17.0,2.5,BensBets_Morning_Master_2026.csv,cityhouse,curragh,2026-07-18,1558,12.93111485,0.0,0,-2.5,-2.5,-23.934618529411765,2026
2026-07-18,Celeron,Curragh,4:00,Win Only,13.0,1.25,BensBets_Morning_Master_2026.csv,celeron,curragh,2026-07-18,1559,4.4,1.0,1,14.7,4.165,-66.15384615384615,2026
2026-07-18,Giovanni Change,Market Rasen,4:40,Each Way,12.0,2.5,BensBets_Morning_Master_2026.csv,giovannichange,marketrasen,2026-07-18,1560,9.26221259,1.0,1,26.95,20.2424208455,-22.81489508333333,2026
2026-07-18,Whiskey Bent,Nottingham,6:30,Each Way,17.0,2.5,BensBets_Morning_Master_2026.csv,whiskeybent,nottingham,2026-07-18,1561,3.34231533,0.0,0,-2.5,-2.5,-80.3393215882353,2026
2026-07-18,Woodstock City,Nottingham,8:43,Each Way,21.0,2.0,BensBets_Morning_Master_2026.csv,woodstockcity,nottingham,2026-07-18,1562,16.90788215,0.0,0,-2.0,-2.0,-19.486275476190485,2026
2026-07-19,Crystal Jet,Newton Abbot,3:05,Win Only,5.5,2.25,BensBets_Morning_Master_2026.csv,crystaljet,newtonabbot,2026-07-19,1563,5.6,0.0,0,-2.25,-2.25,1.8181818181818077,2026
2026-07-19,Pink Oxalis,Curragh,3:50,Win Only,13.0,1.5,BensBets_Morning_Master_2026.csv,pinkoxalis,curragh,2026-07-19,1565,16.86611182,0.0,0,-1.5,-1.5,29.739321692307684,2026
2026-07-19,I Am Spider Man,Newton Abbot,4:50,Each Way,6.5,4.0,BensBets_Morning_Master_2026.csv,iamspiderman,newtonabbot,2026-07-19,1566,5.8,0.0,0,-4.0,-4.0,-10.769230769230775,2026
2026-07-19,Solness,Curragh,5:30,Win Only,9.0,1.75,BensBets_Morning_Master_2026.csv,solness,curragh,2026-07-19,1567,5.78346418,0.0,0,-1.75,-1.75,-35.73928688888889,2026
2026-07-20,Dream Deal,Beverley,7:00,Each Way,5.0,4.5,BensBets_Morning_Master_2026.csv,dreamdeal,beverley,2026-07-20,1568,3.35,0.0,0,-4.5,-4.5,-32.99999999999999,2026
2026-07-21,Hanaan,Nottingham,3:15,Each Way,29.0,1.5,BensBets_Morning_Master_2026.csv,hanaan,nottingham,2026-07-21,1570,17.14577682,0.0,0,-1.5,-1.5,-40.876631655172424,2026
2026-07-21,Whats New,Ballinrobe,5:06,Win Only,4.5,2.75,BensBets_Morning_Master_2026.csv,whatsnew,ballinrobe,2026-07-21,1571,3.45,0.0,0,-2.75,-2.75,-23.33333333333333,2026
2026-07-21,Coppola,Ballinrobe,7:09,Each Way,8.5,3.5,BensBets_Morning_Master_2026.csv,coppola,ballinrobe,2026-07-21,1572,11.12170081,0.0,0,-3.5,-3.5,30.84353894117646,2026
2026-07-21,Strong Contender,Ballinrobe,7:39,Each Way,17.0,2.5,BensBets_Morning_Master_2026.csv,strongcontender,ballinrobe,2026-07-21,1573,27.0,0.0,0,-2.5,-2.5,58.823529411764696,2026
2026-07-21,Seconds Count,Wolverhampton,8:30,Each Way,19.0,2.0,BensBets_Morning_Master_2026.csv,secondscount,wolverhampton,2026-07-21,1574,21.78178042,0.0,0,-2.0,-2.0,14.640949578947371,2026
2026-07-22,Midnight Moonshine,Wexford,5:20,Each Way,34.0,1.5,BensBets_Morning_Master_2026.csv,midnightmoonshine,wexford,2026-07-22,1575,24.14613869,0.0,0,-1.5,-1.5,-28.98194502941176,2026
2026-07-22,Coconut Cove,Naas,7:00,Each Way,7.0,3.5,BensBets_Morning_Master_2026.csv,coconutcove,naas,2026-07-22,1577,11.94890154,0.0,0,-3.5,-3.5,70.69859342857143,2026
2026-07-22,Sable Island,Lingfield,7:10,Win Only,9.5,1.5,BensBets_Morning_Master_2026.csv,sableisland,lingfield,2026-07-22,1578,7.2,0.0,0,-1.5,-1.5,-24.210526315789473,2026
2026-07-22,Cotai Belle,Leicester,8:20,Win Only,6.0,2.0,BensBets_Morning_Master_2026.csv,cotaibelle,leicester,2026-07-22,1579,3.5827537,0.0,0,-2.0,-2.0,-40.287438333333334,2026
2026-07-22,Crafty Blue,Leicester,8:50,Each Way,9.5,3.0,BensBets_Morning_Master_2026.csv,craftyblue,leicester,2026-07-22,1580,8.2,1.0,1,24.990000000000002,21.168,-13.684210526315798,2026
2026-07-23,Mino,Doncaster,2:10,Each Way,81.0,1.0,BensBets_Morning_Master_2026.csv,mino,doncaster,2026-07-23,1581,63.38393433,0.0,0,-1.0,-1.0,-21.748229222222214,2026
2026-07-23,Ay Up Duck,Doncaster,3:45,Win Only,9.0,1.5,BensBets_Morning_Master_2026.csv,ayupduck,doncaster,2026-07-23,1582,15.5,1.0,1,11.76,21.314999999999998,72.22222222222223,2026
2026-07-23,Prodigal Son,Sandown,5:17,Each Way,13.0,2.5,BensBets_Morning_Master_2026.csv,prodigalson,sandown,2026-07-23,1583,10.82670045,0.0,0,-2.5,-2.5,-16.717688846153845,2026
2026-07-23,Liss Eile,Wexford,7:30,Each Way,34.0,1.5,BensBets_Morning_Master_2026.csv,lisseile,wexford,2026-07-23,1584,20.0,0.0,0,-1.5,-1.5,-41.17647058823529,2026
2026-07-23,Arc At Her,Southwell,8:21,Each Way,41.0,1.0,BensBets_Morning_Master_2026.csv,arcather,southwell,2026-07-23,1585,56.71423282,0.0,0,-1.0,-1.0,38.327397121951215,2026
2026-07-23,Henriette Ronner,Southwell,8:56,Each Way,17.0,2.5,BensBets_Morning_Master_2026.csv,henrietteronner,southwell,2026-07-23,1586,17.5,0.0,0,-2.5,-2.5,2.941176470588225,2026
2026-07-24,Billy Boi Blue,Uttoxeter,3:50,Each Way,51.0,1.0,BensBets_Morning_Master_2026.csv,billyboiblue,uttoxeter,2026-07-24,1587,34.72208516,1.0,1,49.0,33.047643456799996,-31.91748007843137,2026
2026-07-24,Harlington,Sandown,5:15,Each Way,6.5,4.0,BensBets_Morning_Master_2026.csv,harlington,sandown,2026-07-24,1588,7.2,0.0,0,-4.0,-4.0,10.769230769230775,2026
2026-07-24,Stratocracy,York,5:32,Each Way,29.0,1.5,BensBets_Morning_Master_2026.csv,stratocracy,york,2026-07-24,1589,11.5,0.0,0,-1.5,-1.5,-60.3448275862069,2026
2026-07-24,Orne,York,5:32,Each Way,13.0,2.5,BensBets_Morning_Master_2026.csv,orne,york,2026-07-24,1590,17.0,0.0,0,-2.5,-2.5,30.76923076923077,2026
2026-07-25,Astralite,Ascot,1:10,Each Way,34.0,1.5,BensBets_Morning_Master_2026.csv,astralite,ascot,2026-07-25,1591,44.0,0.0,0,-1.5,-1.5,29.41176470588236,2026
2026-07-25,Pandemonium,Newcastle,3:15,Each Way,9.5,3.0,BensBets_Morning_Master_2026.csv,pandemonium,newcastle,2026-07-25,1592,5.1,0.0,0,-3.0,-3.0,-46.31578947368421,2026
2026-07-25,Lets Go Hugo,Newcastle,5:10,Each Way,9.0,3.0,BensBets_Morning_Master_2026.csv,letsgohugo,newcastle,2026-07-25,1593,7.09068141,0.0,0,-3.0,-3.0,-21.214650999999996,2026
2026-07-25,I Can Boogy,Newcastle,5:45,Win Only,12.0,1.25,BensBets_Morning_Master_2026.csv,icanboogy,newcastle,2026-07-25,1594,5.2,0.0,0,-1.25,-1.25,-56.666666666666664,2026
2026-07-25,Double Red,Salisbury,7:45,Win Only,10.0,1.5,BensBets_Morning_Master_2026.csv,doublered,salisbury,2026-07-25,1595,3.34399489,0.0,0,-1.5,-1.5,-66.56005110000001,2026
2026-07-25,Outrace,Salisbury,8:45,Each Way,34.0,1.5,BensBets_Morning_Master_2026.csv,outrace,salisbury,2026-07-25,1596,13.0,0.0,0,-1.5,-1.5,-61.76470588235294,2026
2026-07-26,Bradbury,Pontefract,3:30,Each Way,8.0,3.5,BensBets_Morning_Master_2026.csv,bradbury,pontefract,2026-07-26,1597,8.6071507,0.0,0,-3.5,-3.5,7.5893837500000005,2026
2026-07-26,The Flying Poet,Uttoxeter,3:42,Win Only,7.0,1.75,BensBets_Morning_Master_2026.csv,theflyingpoet,uttoxeter,2026-07-26,1598,6.2,0.0,0,-1.75,-1.75,-11.428571428571422,2026
2026-07-26,Jafimgoso,Uttoxeter,5:12,Each Way,4.5,4.5,BensBets_Morning_Master_2026.csv,jafimgoso,uttoxeter,2026-07-26,1599,6.4,0.0,0,-4.5,-4.5,42.22222222222223,2026
2026-07-27,Shaman Champion,Southwell,5:30,Each Way,15.0,2.5,BensBets_Morning_Master_2026.csv,shamanchampion,southwell,2026-07-27,1600,10.22557987,0.0,0,-2.5,-2.5,-31.829467533333332,2026
2026-07-27,Dairy Force,Galway,5:40,Each Way,15.0,2.5,BensBets_Morning_Master_2026.csv,dairyforce,galway,2026-07-27,1601,11.75499631,0.0,0,-2.5,-2.5,-21.633357933333343,2026
2026-07-27,Madman,Windsor,6:53,Win Only,8.0,1.75,BensBets_Morning_Master_2026.csv,madman,windsor,2026-07-27,1602,7.2,1.0,1,12.004999999999999,10.633,-9.999999999999998,2026
2026-07-28,Clear Horizon,Ffos Las,6:00,Each Way,15.0,2.5,BensBets_Morning_Master_2026.csv,clearhorizon,ffoslas,2026-07-28,1603,7.47673107,0.0,0,-2.5,-2.5,-50.1551262,2026
2026-07-28,Summerson,Ffos Las,7:30,Win Only,2.38,4.0,BensBets_Morning_Master_2026.csv,summerson,ffoslas,2026-07-28,1604,2.34,1.0,1,5.409599999999999,5.2528,-1.6806722689075682,2026
2026-07-28,Haworth Star,Ffos Las,8:30,Each Way,51.0,1.0,BensBets_Morning_Master_2026.csv,haworthstar,ffoslas,2026-07-28,1605,28.0,0.0,0,-1.0,-1.0,-45.09803921568627,2026
2026-07-29,Due Respect,Redcar,4:20,Each Way,17.0,2.5,BensBets_Morning_Master_2026.csv,duerespect,redcar,2026-07-29,1606,12.66564362,0.0,0,-2.5,-2.5,-25.496213999999995,2026
2026-07-29,Harbour Highway,Galway,5:35,Each Way,17.0,2.5,BensBets_Morning_Master_2026.csv,harbourhighway,galway,2026-07-29,1607,30.6780309,0.0,0,-2.5,-2.5,80.45900529411765,2026
2026-07-29,Samba Train,Galway,6:05,Each Way,9.0,3.0,BensBets_Morning_Master_2026.csv,sambatrain,galway,2026-07-29,1608,9.0,0.0,0,-3.0,-3.0,0.0,2026
2026-07-29,Barry Lyndon,Galway,6:40,Each Way,26.0,1.5,BensBets_Morning_Master_2026.csv,barrylyndon,galway,2026-07-29,1609,42.0,0.0,0,-1.5,-1.5,61.53846153846154,2026
2026-07-29,Outflank,Sandown,8:30,Win Only,6.5,2.0,BensBets_Morning_Master_2026.csv,outflank,sandown,2026-07-29,1610,5.82674288,0.0,0,-2.0,-2.0,-10.357801846153848,2026
2026-07-30,Great Blasket,Nottingham,2:35,Win Only,2.88,4.0,BensBets_Morning_Master_2026.csv,greatblasket,nottingham,2026-07-30,1611,1.61,1.0,1,7.369599999999999,2.3912000000000004,-44.09722222222222,2026
2026-07-30,Pivotal Attack,Galway,2:45,Each Way,12.0,2.5,BensBets_Morning_Master_2026.csv,pivotalattack,galway,2026-07-30,1612,4.59329843,1.0,1,26.95,8.8035811535,-61.72251308333334,2026
2026-07-30,Henriette Ronner,Nottingham,4:55,Each Way,19.0,2.0,BensBets_Morning_Master_2026.csv,henrietteronner,nottingham,2026-07-30,1613,14.24947949,0.0,0,-2.0,-2.0,-25.002739526315786,2026
2026-07-30,Portman Blue,Wolverhampton,5:10,Each Way,10.0,3.0,BensBets_Morning_Master_2026.csv,portmanblue,wolverhampton,2026-07-30,1614,4.87815925,0.0,0,-3.0,-3.0,-51.2184075,2026
2026-07-30,Location Location,Wolverhampton,6:22,Each Way,6.5,4.0,BensBets_Morning_Master_2026.csv,locationlocation,wolverhampton,2026-07-30,1615,2.70005107,0.0,0,-4.0,-4.0,-58.46075276923077,2026
2026-07-30,Twirler,Epsom,8:25,Each Way,5.0,4.5,BensBets_Morning_Master_2026.csv,twirler,epsom,2026-07-30,1616,3.22341455,0.0,0,-4.5,-4.5,-35.531709,2026
2026-07-31,Rajiba,Wolverhampton,2:00,Win Only,3.25,3.5,BensBets_Morning_Master_2026.csv,rajiba,wolverhampton,2026-07-31,1617,2.93648467,0.0,0,-3.5,-3.5,-9.646625538461539,2026
2026-07-31,Kit Gabriel,Wolverhampton,2:35,Each Way,13.0,2.5,BensBets_Morning_Master_2026.csv,kitgabriel,wolverhampton,2026-07-31,1618,12.0,0.0,0,-2.5,-2.5,-7.692307692307687,2026
2026-07-31,American Style,Wolverhampton,4:55,Win Only,4.33,2.75,BensBets_Morning_Master_2026.csv,americanstyle,wolverhampton,2026-07-31,1619,3.35,1.0,1,8.97435,6.33325,-22.63279445727483,2026
2026-07-31,Happier,Wolverhampton,5:25,Win Only,3.5,3.5,BensBets_Morning_Master_2026.csv,happier,wolverhampton,2026-07-31,1620,3.1,1.0,1,8.575000000000001,7.202999999999999,-11.428571428571422,2026
2026-08-01,Theft,Doncaster,3:05,Each Way,15.0,2.5,BensBets_Morning_Master_2026.csv,theft,doncaster,2026-08-01,1621,14.5,0.0,0,-2.5,-2.5,-3.3333333333333326,2026
2026-08-01,Operation Gimcrack,Doncaster,4:50,Each Way,15.0,2.5,BensBets_Morning_Master_2026.csv,operationgimcrack,doncaster,2026-08-01,1622,6.91832559,0.0,0,-2.5,-2.5,-53.877829399999996,2026
2026-08-01,Starlight Time,Lingfield,5:05,Each Way,7.5,3.5,BensBets_Morning_Master_2026.csv,starlighttime,lingfield,2026-08-01,1623,6.37054278,0.0,0,-3.5,-3.5,-15.059429599999996,2026
2026-08-01,Ay Gee Ell,Doncaster,6:00,Each Way,23.0,1.5,BensBets_Morning_Master_2026.csv,aygeeell,doncaster,2026-08-01,1624,29.68253011,0.0,0,-1.5,-1.5,29.05447873913043,2026
2026-08-01,Brosna Town,Galway,6:05,Each Way,29.0,1.5,BensBets_Morning_Master_2026.csv,brosnatown,galway,2026-08-01,1625,110.0,0.0,0,-1.5,-1.5,279.3103448275862,2026
2026-08-02,Level Look,Chester,2:10,Each Way,6.0,4.0,BensBets_Morning_Master_2026.csv,levellook,chester,2026-08-02,1626,2.91315415,0.0,0,-4.0,-4.0,-51.44743083333334,2026
2026-08-02,Sallap,Galway,2:20,Each Way,12.0,2.5,BensBets_Morning_Master_2026.csv,sallap,galway,2026-08-02,1627,10.092266,0.0,0,-2.5,-2.5,-15.897783333333326,2026
2026-08-02,Jukebox Johnny,Galway,2:55,Each Way,6.5,4.0,BensBets_Morning_Master_2026.csv,jukeboxjohnny,galway,2026-08-02,1628,6.6,1.0,1,21.56,21.951999999999998,1.538461538461533,2026
2026-08-02,Regal Guest,Yarmouth,5:08,Each Way,29.0,1.5,BensBets_Morning_Master_2026.csv,regalguest,yarmouth,2026-08-02,1629,30.0,0.0,0,-1.5,-1.5,3.4482758620689724,2026
2026-08-03,All Good,Ripon,2:54,Each Way,29.0,1.5,BensBets_Morning_Master_2026.csv,allgood,ripon,2026-08-03,1630,47.71216035,1.0,1,41.16,68.6668757145,64.52469086206895,2026
2026-08-03,Platino Bianco,Naas,3:17,Each Way,9.0,3.0,BensBets_Morning_Master_2026.csv,platinobianco,naas,2026-08-03,1631,12.5,0.0,0,-3.0,-3.0,38.888888888888886,2026
2026-08-03,Scarlet Purse,Cork,3:30,Each Way,23.0,1.5,BensBets_Morning_Master_2026.csv,scarletpurse,cork,2026-08-03,1632,32.6477607,0.0,0,-1.5,-1.5,41.946785652173915,2026
2026-08-03,Inches Away,Cork,4:00,Each Way,41.0,1.0,BensBets_Morning_Master_2026.csv,inchesaway,cork,2026-08-03,1633,12.80669078,0.0,0,-1.0,-1.0,-68.76416882926829,2026
2026-08-03,Diamond Tipp,Cork,5:00,Each Way,15.0,2.5,BensBets_Morning_Master_2026.csv,diamondtipp,cork,2026-08-03,1634,22.78725093,0.0,0,-2.5,-2.5,51.9150062,2026
2026-08-04,Diamondinthedark,Ffos Las,2:30,Each Way,23.0,1.5,BensBets_Morning_Master_2026.csv,diamondinthedark,ffoslas,2026-08-04,1635,28.0,0.0,0,-1.5,-1.5,21.739130434782616,2026
2026-08-04,Gwen Tennyson,Catterick,4:45,Each Way,21.0,2.0,BensBets_Morning_Master_2026.csv,gwentennyson,catterick,2026-08-04,1636,9.4,0.0,0,-2.0,-2.0,-55.23809523809524,2026
2026-08-04,Penfolds Grange,Lingfield,5:18,Each Way,21.0,2.0,BensBets_Morning_Master_2026.csv,penfoldsgrange,lingfield,2026-08-04,1637,19.77689766,0.0,0,-2.0,-2.0,-5.824296857142864,2026
2026-08-04,Silent Selector,Roscommon,7:00,Win Only,34.0,0.75,BensBets_Morning_Master_2026.csv,silentselector,roscommon,2026-08-04,1638,11.5,0.0,0,-0.75,-0.75,-66.17647058823529,2026
2026-08-05,Endowed,Yarmouth,5:40,Each Way,13.0,2.5,BensBets_Morning_Master_2026.csv,endowed,yarmouth,2026-08-05,1639,8.8,0.0,0,-2.5,-2.5,-32.30769230769231,2026
2026-08-05,Regally Blonde,Yarmouth,7:40,Each Way,13.0,2.5,BensBets_Morning_Master_2026.csv,regallyblonde,yarmouth,2026-08-05,1640,10.99995015,0.0,0,-2.5,-2.5,-15.384998846153842,2026
2026-08-05,Angel Gabriel,Kempton,8:20,Win Only,9.0,1.5,BensBets_Morning_Master_2026.csv,angelgabriel,kempton,2026-08-05,1641,5.7678231,0.0,0,-1.5,-1.5,-35.91307666666667,2026
2026-08-05,Golden Garden,Kempton,8:50,Each Way,12.0,2.5,BensBets_Morning_Master_2026.csv,goldengarden,kempton,2026-08-05,1642,8.8,0.0,0,-2.5,-2.5,-26.66666666666666,2026
2026-08-06,Epictetus,Sandown,5:00,Each Way,7.0,3.5,BensBets_Morning_Master_2026.csv,epictetus,sandown,2026-08-06,1643,4.5,1.0,1,20.58,12.004999999999999,-35.71428571428571,2026
2026-08-06,Michinaga,Leopardstown,5:25,Each Way,126.0,0.5,BensBets_Morning_Master_2026.csv,michinaga,leopardstown,2026-08-06,1644,527.95025627,0.0,0,-0.5,-0.5,319.00813989682536,2026
2026-08-06,Moulane West,Sligo,6:20,Each Way,17.0,2.5,BensBets_Morning_Master_2026.csv,moulanewest,sligo,2026-08-06,1645,42.0,0.0,0,-2.5,-2.5,147.05882352941177,2026
2026-08-06,Baarberini,Southwell,6:41,Win Only,4.0,3.0,BensBets_Morning_Master_2026.csv,baarberini,southwell,2026-08-06,1646,1.89594495,0.0,0,-3.0,-3.0,-52.60137625,2026
2026-08-06,French Duke,Southwell,8:26,Each Way,10.0,3.0,BensBets_Morning_Master_2026.csv,frenchduke,southwell,2026-08-06,1647,9.06379495,0.0,0,-3.0,-3.0,-9.362050499999997,2026
2026-08-07,Napps Way,Brighton,3:00,Each Way,34.0,1.5,BensBets_Morning_Master_2026.csv,nappsway,brighton,2026-08-07,1648,55.0,0.0,0,-1.5,-1.5,61.76470588235294,2026
2026-08-07,Bated Breeze,Brighton,4:30,Each Way,5.0,4.5,BensBets_Morning_Master_2026.csv,batedbreeze,brighton,2026-08-07,1649,4.6,0.0,0,-4.5,-4.5,-8.000000000000007,2026
2026-08-07,Tassarolo,Wexford,5:51,Each Way,26.0,1.5,BensBets_Morning_Master_2026.csv,tassarolo,wexford,2026-08-07,1650,14.57358028,0.0,0,-1.5,-1.5,-43.947768153846155,2026
2026-08-07,Sea Of Rain,Gowran Park,7:20,Each Way,17.0,2.5,BensBets_Morning_Master_2026.csv,seaofrain,gowranpark,2026-08-07,1651,10.0803398,0.0,0,-2.5,-2.5,-40.703883529411755,2026
2026-08-08,War And Love,Redcar,2:02,Each Way,13.0,2.5,BensBets_Morning_Master_2026.csv,warandlove,redcar,2026-08-08,1652,15.5,0.0,0,-2.5,-2.5,19.23076923076923,2026
2026-08-08,Following Orders,Wexford,4:00,Each Way,31.0,1.5,BensBets_Morning_Master_2026.csv,followingorders,wexford,2026-08-08,1653,10.80384559,0.0,0,-1.5,-1.5,-65.1488851935484,2026
2026-08-08,Black Cuillin,Ayr,5:27,Each Way,21.0,2.0,BensBets_Morning_Master_2026.csv,blackcuillin,ayr,2026-08-08,1654,18.54571778,0.0,0,-2.0,-2.0,-11.687058190476185,2026
2026-08-08,Drumgill,Kilbeggan,6:48,Each Way,11.0,3.0,BensBets_Morning_Master_2026.csv,drumgill,kilbeggan,2026-08-08,1655,7.6,0.0,0,-3.0,-3.0,-30.909090909090907,2026
2026-08-08,Sanafi Zabeel,Ayr,8:00,Each Way,9.5,3.0,BensBets_Morning_Master_2026.csv,sanafizabeel,ayr,2026-08-08,1656,11.0,0.0,0,-3.0,-3.0,15.789473684210531,2026
2026-08-09,Tubberfinn Lassie,Downpatrick,1:58,Each Way,151.0,0.5,BensBets_Morning_Master_2026.csv,tubberfinnlassie,downpatrick,2026-08-09,1657,850.0,0.0,0,-0.5,-0.5,462.9139072847682,2026
2026-08-09,Supreme Lord,Curragh,2:15,Win Only,17.0,1.25,BensBets_Morning_Master_2026.csv,supremelord,curragh,2026-08-09,1658,11.5,0.0,0,-1.25,-1.25,-32.35294117647059,2026
2026-08-09,Windmill,Chepstow,3:16,Each Way,29.0,1.5,BensBets_Morning_Master_2026.csv,windmill,chepstow,2026-08-09,1659,38.0,0.0,0,-1.5,-1.5,31.034482758620683,2026
2026-08-09,Billie Frechette,Downpatrick,3:43,Each Way,17.0,2.5,BensBets_Morning_Master_2026.csv,billiefrechette,downpatrick,2026-08-09,1660,32.0,0.0,0,-2.5,-2.5,88.23529411764706,2026
2026-08-10,Tropez Power,Ayr,2:45,Each Way,23.0,1.5,BensBets_Morning_Master_2026.csv,tropezpower,ayr,2026-08-10,1661,14.0,0.0,0,-1.5,-1.5,-39.13043478260869,2026
2026-08-10,Nod Of Approval,Ballinrobe,5:26,Win Only,5.5,2.25,BensBets_Morning_Master_2026.csv,nodofapproval,ballinrobe,2026-08-10,1662,6.68736318,0.0,0,-2.25,-2.25,21.588421454545447,2026
2026-08-10,Atlantic Gamble,Ballinrobe,6:27,Each Way,21.0,2.0,BensBets_Morning_Master_2026.csv,atlanticgamble,ballinrobe,2026-08-10,1663,10.5,0.0,0,-2.0,-2.0,-50.0,2026
2026-08-11,Never Dark,Hamilton,5:30,Each Way,8.0,3.5,BensBets_Morning_Master_2026.csv,neverdark,hamilton,2026-08-11,1664,6.2,0.0,0,-3.5,-3.5,-22.499999999999996,2026
2026-08-11,Strength Of Spirit,Hamilton,7:00,Each Way,15.0,2.5,BensBets_Morning_Master_2026.csv,strengthofspirit,hamilton,2026-08-11,1665,11.5,1.0,1,34.3,25.724999999999998,-23.33333333333333,2026
2026-08-11,Come On Eibhlin,Nottingham,8:15,Win Only,11.0,1.5,BensBets_Morning_Master_2026.csv,comeoneibhlin,nottingham,2026-08-11,1666,6.2,0.0,0,-1.5,-1.5,-43.63636363636364,2026
2026-08-12,Mubehir,Beverley,2:15,Each Way,101.0,0.5,BensBets_Morning_Master_2026.csv,mubehir,beverley,2026-08-12,1667,471.13851016,0.0,0,-0.5,-0.5,366.4737724356436,2026
2026-08-12,Stay Curious,Gowran Park,2:52,Each Way,67.0,0.5,BensBets_Morning_Master_2026.csv,staycurious,gowranpark,2026-08-12,1668,172.44240434,0.0,0,-0.5,-0.5,157.3767228955224,2026
2026-08-13,Francisco,Lingfield,6:28,Each Way,29.0,1.5,BensBets_Morning_Master_2026.csv,francisco,lingfield,2026-08-13,1670,17.97368363,0.0,0,-1.5,-1.5,-38.0217805862069,2026
2026-08-13,Magical Merlot,Windsor,6:41,Win Only,7.0,1.75,BensBets_Morning_Master_2026.csv,magicalmerlot,windsor,2026-08-13,1671,5.93766954,0.0,0,-1.75,-1.75,-15.176149428571428,2026
2026-08-13,Claude,Tramore,6:48,Each Way,11.0,3.0,BensBets_Morning_Master_2026.csv,claude,tramore,2026-08-13,1672,10.0,0.0,0,-3.0,-3.0,-9.090909090909093,2026
2026-08-13,My Mate Mackley,Lingfield,6:58,Win Only,6.0,2.0,BensBets_Morning_Master_2026.csv,mymatemackley,lingfield,2026-08-13,1673,4.5,1.0,1,9.8,6.859999999999999,-25.0,2026
2026-08-14,Gonna Be Golden,Cork,5:28,Each Way,10.0,3.0,BensBets_Morning_Master_2026.csv,gonnabegolden,cork,2026-08-14,1674,13.60661921,0.0,0,-3.0,-3.0,36.066192099999995,2026
2026-08-14,Nevermindtherain,Cork,6:03,Each Way,13.0,2.5,BensBets_Morning_Master_2026.csv,nevermindtherain,cork,2026-08-14,1675,15.93513915,0.0,0,-2.5,-2.5,22.57799346153846,2026
2026-08-14,National Honour,Thirsk,6:08,Win Only,2.38,4.0,BensBets_Morning_Master_2026.csv,nationalhonour,thirsk,2026-08-14,1676,1.2,1.0,1,5.409599999999999,0.7839999999999998,-49.57983193277311,2026
2026-08-14,Zarvali,Thirsk,7:18,Each Way,10.0,3.5,BensBets_Morning_Master_2026.csv,zarvali,thirsk,2026-08-14,1677,10.5,0.0,0,-3.5,-3.5,5.000000000000004,2026
2026-08-14,Ryans Son,Tramore,7:55,Each Way,17.0,2.5,BensBets_Morning_Master_2026.csv,ryansson,tramore,2026-08-14,1678,9.47834966,0.0,0,-2.5,-2.5,-44.245002,2026
2026-08-15,Optics,Dundalk,1:15,Each Way,51.0,1.0,BensBets_Morning_Master_2026.csv,optics,dundalk,2026-08-15,1679,65.0,0.0,0,-1.0,-1.0,27.450980392156854,2026
2026-08-15,Annie Agnew,Perth,2:50,Each Way,17.0,2.5,BensBets_Morning_Master_2026.csv,annieagnew,perth,2026-08-15,1680,8.4,0.0,0,-2.5,-2.5,-50.588235294117645,2026
2026-08-15,Taradif,Doncaster,4:45,Each Way,23.0,1.5,BensBets_Morning_Master_2026.csv,taradif,doncaster,2026-08-15,1681,36.0,0.0,0,-1.5,-1.5,56.52173913043479,2026
2026-08-15,Hierarchy,Lingfield,6:46,Each Way,11.0,3.0,BensBets_Morning_Master_2026.csv,hierarchy,lingfield,2026-08-15,1682,7.03698087,0.0,0,-3.0,-3.0,-36.027446636363635,2026
2026-08-15,Pure Theory,Lingfield,7:16,Each Way,101.0,0.5,BensBets_Morning_Master_2026.csv,puretheory,lingfield,2026-08-15,1683,150.0,0.0,0,-0.5,-0.5,48.51485148514851,2026
2026-08-15,Ribeye,Market Rasen,7:34,Each Way,10.0,3.0,BensBets_Morning_Master_2026.csv,ribeye,marketrasen,2026-08-15,1684,3.85,0.0,0,-3.0,-3.0,-61.5,2026
2026-08-16,Angels Have Wings,Curragh,3:20,Each Way,21.0,2.0,BensBets_Morning_Master_2026.csv,angelshavewings,curragh,2026-08-16,1685,30.43850878,0.0,0,-2.0,-2.0,44.94527990476189,2026
2026-08-16,Lesleys Boy,Southwell,5:10,Each Way,15.0,2.5,BensBets_Morning_Master_2026.csv,lesleysboy,southwell,2026-08-16,1686,8.6,0.0,0,-2.5,-2.5,-42.666666666666664,2026
2026-08-16,Mr Seagull,Pontefract,5:15,Each Way,13.0,2.5,BensBets_Morning_Master_2026.csv,mrseagull,pontefract,2026-08-16,1687,7.6,0.0,0,-2.5,-2.5,-41.53846153846155,2026
2026-08-16,Ballysax Lil Mick,Curragh,5:25,Each Way,21.0,2.0,BensBets_Morning_Master_2026.csv,ballysaxlilmick,curragh,2026-08-16,1688,10.5,0.0,0,-2.0,-2.0,-50.0,2026
2026-08-17,Spanish Hustle,Catterick,2:15,Each Way,15.0,2.5,BensBets_Morning_Master_2026.csv,spanishhustle,catterick,2026-08-17,1689,15.0,0.0,0,-2.5,-2.5,0.0,2026
2026-08-17,Black Storm,Catterick,4:45,Win Only,5.5,2.25,BensBets_Morning_Master_2026.csv,blackstorm,catterick,2026-08-17,1690,4.11041244,1.0,1,9.9225,6.8584594302,-25.26522836363636,2026
2026-08-17,Eagle Storm,Wolverhampton,5:40,Each Way,11.0,3.0,BensBets_Morning_Master_2026.csv,eaglestorm,wolverhampton,2026-08-17,1691,9.0,0.0,0,-3.0,-3.0,-18.181818181818176,2026
2026-08-17,Blue Force,Wolverhampton,7:10,Each Way,41.0,1.0,BensBets_Morning_Master_2026.csv,blueforce,wolverhampton,2026-08-17,1692,29.23628827,1.0,1,39.2,27.671562504599997,-28.6919798292683,2026
2026-08-18,Churchills Spirit,Lingfield,3:33,Each Way,17.0,2.5,BensBets_Morning_Master_2026.csv,churchillsspirit,lingfield,2026-08-18,1693,16.0,0.0,0,-2.5,-2.5,-5.882352941176472,2026
2026-08-18,Too Much Trevor,Chepstow,4:25,Each Way,13.0,2.5,BensBets_Morning_Master_2026.csv,toomuchtrevor,chepstow,2026-08-18,1694,13.83848693,1.0,1,29.4,31.4542929785,6.449899461538466,2026
2026-08-18,Connies Rose,Chepstow,5:00,Each Way,8.0,3.5,BensBets_Morning_Master_2026.csv,conniesrose,chepstow,2026-08-18,1695,8.03546437,0.0,0,-3.5,-3.5,0.4433046249999961,2026
2026-08-18,Captain James Cook,Roscommon,5:45,Win Only,9.0,1.5,BensBets_Morning_Master_2026.csv,captainjamescook,roscommon,2026-08-18,1696,10.72969471,0.0,0,-1.5,-1.5,19.218830111111117,2026
2026-08-19,Fantasy Force,York,5:20,Each Way,51.0,1.0,BensBets_Morning_Master_2026.csv,fantasyforce,york,2026-08-19,1697,55.0,0.0,0,-1.0,-1.0,7.843137254901955,2026
2026-08-19,Ravishing Beauty,Carlisle,5:30,Each Way,13.0,2.5,BensBets_Morning_Master_2026.csv,ravishingbeauty,carlisle,2026-08-19,1698,15.84440785,0.0,0,-2.5,-2.5,21.880060384615383,2026
2026-08-19,Barley,Carlisle,5:30,Win Only,6.5,2.0,BensBets_Morning_Master_2026.csv,barley,carlisle,2026-08-19,1699,5.65451268,0.0,0,-2.0,-2.0,-13.00749723076924,2026
2026-08-19,Granlahan,Sligo,5:42,Each Way,5.5,4.5,BensBets_Morning_Master_2026.csv,granlahan,sligo,2026-08-19,1700,4.68440897,0.0,0,-4.5,-4.5,-14.828927818181825,2026
2026-08-19,Brooklyn Lullaby,Worcester,7:38,Each Way,9.0,3.0,BensBets_Morning_Master_2026.csv,brooklynlullaby,worcester,2026-08-19,1701,5.85335929,0.0,0,-3.0,-3.0,-34.96267455555555,2026
2026-08-19,Barry Fife,Worcester,8:08,Each Way,19.0,2.0,BensBets_Morning_Master_2026.csv,barryfife,worcester,2026-08-19,1702,15.0,0.0,0,-2.0,-2.0,-21.052631578947366,2026
2026-08-20,Big Alex Walmsley,Newmarket,3:10,Each Way,23.0,2.0,BensBets_Morning_Master_2026.csv,bigalexwalmsley,newmarket,2026-08-20,1703,21.0,0.0,0,-2.0,-2.0,-8.695652173913048,2026
2026-08-20,King Cherry,Lingfield,4:30,Each Way,15.0,2.5,BensBets_Morning_Master_2026.csv,kingcherry,lingfield,2026-08-20,1704,14.0,0.0,0,-2.5,-2.5,-6.666666666666665,2026
2026-08-20,Expressionless,Newmarket,4:51,Each Way,17.0,2.5,BensBets_Morning_Master_2026.csv,expressionless,newmarket,2026-08-20,1705,13.0,0.0,0,-2.5,-2.5,-23.529411764705888,2026
2026-08-20,Newyorkstateofmind,Newcastle,8:54,Each Way,51.0,1.0,BensBets_Morning_Master_2026.csv,newyorkstateofmind,newcastle,2026-08-20,1706,26.59524053,0.0,0,-1.0,-1.0,-47.8524695490196,2026
2026-08-21,Belicoso,Killarney,5:12,Win Only,4.0,3.0,BensBets_Morning_Master_2026.csv,belicoso,killarney,2026-08-21,1707,2.85190971,0.0,0,-3.0,-3.0,-28.702257249999995,2026
2026-08-21,Court Of Stars,Salisbury,6:57,Each Way,12.0,2.5,BensBets_Morning_Master_2026.csv,courtofstars,salisbury,2026-08-21,1708,22.7776404,0.0,0,-2.5,-2.5,89.81367,2026
2026-08-21,Tullabrack Lad,Kilbeggan,7:05,Each Way,34.0,1.5,BensBets_Morning_Master_2026.csv,tullabracklad,kilbeggan,2026-08-21,1709,21.0,0.0,0,-1.5,-1.5,-38.23529411764706,2026
2026-08-21,Moab,Salisbury,7:57,Win Only,4.5,3.0,BensBets_Morning_Master_2026.csv,moab,salisbury,2026-08-21,1710,3.30619814,0.0,0,-3.0,-3.0,-26.528930222222225,2026
2026-08-22,Handani,Curragh,1:40,Win Only,4.5,2.75,BensBets_Morning_Master_2026.csv,handani,curragh,2026-08-22,1711,4.6,0.0,0,-2.75,-2.75,2.2222222222222143,2026
2026-08-22,Gavoo,Curragh,2:15,Each Way,9.0,3.0,BensBets_Morning_Master_2026.csv,gavoo,curragh,2026-08-22,1712,5.63520637,0.0,0,-3.0,-3.0,-37.3865958888889,2026
2026-08-22,Caburn,Newmarket,3:19,Each Way,41.0,1.0,BensBets_Morning_Master_2026.csv,caburn,newmarket,2026-08-22,1713,50.12816726,0.0,0,-1.0,-1.0,22.263822585365855,2026
2026-08-22,Navy Waters,Curragh,4:00,Each Way,8.5,3.5,BensBets_Morning_Master_2026.csv,navywaters,curragh,2026-08-22,1714,7.0,0.0,0,-3.5,-3.5,-17.647058823529417,2026
2026-08-23,Last Dandelion,Brighton,2:50,Win Only,4.5,2.75,BensBets_Morning_Master_2026.csv,lastdandelion,brighton,2026-08-23,1715,3.85,0.0,0,-2.75,-2.75,-14.444444444444438,2026
2026-08-23,Foreseen,Brighton,4:20,Each Way,8.0,3.5,BensBets_Morning_Master_2026.csv,foreseen,brighton,2026-08-23,1716,4.1,0.0,0,-3.5,-3.5,-48.75000000000001,2026
2026-08-23,Tawaazon,Naas,4:30,Each Way,6.5,3.5,BensBets_Morning_Master_2026.csv,tawaazon,naas,2026-08-23,1717,8.0,0.0,0,-3.5,-3.5,23.076923076923084,2026
2026-08-23,Guardian Of Realm,Naas,5:30,Each Way,10.0,3.0,BensBets_Morning_Master_2026.csv,guardianofrealm,naas,2026-08-23,1718,24.0,0.0,0,-3.0,-3.0,140.0,2026
2026-08-24,Serengeti Sunrise,Musselburgh,4:45,Each Way,34.0,1.5,BensBets_Morning_Master_2026.csv,serengetisunrise,musselburgh,2026-08-24,1719,60.36786637,0.0,0,-1.5,-1.5,77.55254814705883,2026
2026-08-24,Cercis,Windsor,5:13,Each Way,11.0,3.0,BensBets_Morning_Master_2026.csv,cercis,windsor,2026-08-24,1720,9.0,0.0,0,-3.0,-3.0,-18.181818181818176,2026
2026-08-24,Just An Hour,Windsor,6:18,Each Way,7.0,3.5,BensBets_Morning_Master_2026.csv,justanhour,windsor,2026-08-24,1721,6.00191585,0.0,0,-3.5,-3.5,-14.258345000000006,2026
2026-08-24,Angel Summer,Windsor,7:18,Each Way,15.0,2.5,BensBets_Morning_Master_2026.csv,angelsummer,windsor,2026-08-24,1722,15.04192084,0.0,0,-2.5,-2.5,0.27947226666666936,2026
2026-08-24,Our Planet,Windsor,7:48,Each Way,23.0,1.5,BensBets_Morning_Master_2026.csv,ourplanet,windsor,2026-08-24,1723,26.0,0.0,0,-1.5,-1.5,13.043478260869556,2026
2026-08-25,Rampage,Bellewstown,4:55,Each Way,13.0,2.5,BensBets_Morning_Master_2026.csv,rampage,bellewstown,2026-08-25,1724,7.81809058,0.0,0,-2.5,-2.5,-39.860841692307694,2026
2026-08-25,Steal A Glance,Stratford,5:10,Each Way,15.0,2.5,BensBets_Morning_Master_2026.csv,stealaglance,stratford,2026-08-25,1725,10.56020861,0.0,0,-2.5,-2.5,-29.598609266666664,2026
2026-08-25,Captain Connor,Stratford,5:40,Each Way,67.0,1.0,BensBets_Morning_Master_2026.csv,captainconnor,stratford,2026-08-25,1726,53.47041598,0.0,0,-1.0,-1.0,-20.193408985074633,2026
2026-08-26,Fancy Dancer,Wolverhampton,2:00,Each Way,5.5,4.0,BensBets_Morning_Master_2026.csv,fancydancer,wolverhampton,2026-08-26,1727,7.02890176,0.0,0,-4.0,-4.0,27.798213818181814,2026
2026-08-26,Canaria Queen,Catterick,4:15,Each Way,10.0,3.0,BensBets_Morning_Master_2026.csv,canariaqueen,catterick,2026-08-26,1728,6.2,0.0,0,-3.0,-3.0,-38.0,2026
2026-08-27,Native Chief,Ffos Las,3:07,Each Way,34.0,1.5,BensBets_Morning_Master_2026.csv,nativechief,ffoslas,2026-08-27,1729,50.0,0.0,0,-1.5,-1.5,47.058823529411775,2026
2026-08-27,Share The Treasure,Navan,5:24,Each Way,34.0,1.5,BensBets_Morning_Master_2026.csv,sharethetreasure,navan,2026-08-27,1730,31.5907944,0.0,0,-1.5,-1.5,-7.085898823529413,2026
2026-08-27,Mereside Madness,Southwell,6:00,Each Way,29.0,1.5,BensBets_Morning_Master_2026.csv,meresidemadness,southwell,2026-08-27,1731,38.0,0.0,0,-1.5,-1.5,31.034482758620683,2026
2026-08-27,Touchwoodexpress,Newton Abbot,6:42,Each Way,8.5,3.5,BensBets_Morning_Master_2026.csv,touchwoodexpress,newtonabbot,2026-08-27,1732,4.50438847,0.0,0,-3.5,-3.5,-47.00719447058823,2026
2026-08-27,Too Many Spirits,Southwell,8:00,Win Only,9.0,1.5,BensBets_Morning_Master_2026.csv,toomanyspirits,southwell,2026-08-27,1733,8.6,0.0,0,-1.5,-1.5,-4.444444444444451,2026
2026-08-28,Breaking Ground,Sedgefield,5:00,Each Way,26.0,1.5,BensBets_Morning_Master_2026.csv,breakingground,sedgefield,2026-08-28,1734,24.25736053,0.0,0,-1.5,-1.5,-6.702459500000002,2026
2026-08-28,Martins Denuo,Fontwell,7:00,Win Only,13.0,1.25,BensBets_Morning_Master_2026.csv,martinsdenuo,fontwell,2026-08-28,1735,12.5,0.0,0,-1.25,-1.25,-3.8461538461538436,2026
2026-08-28,Makinbecon,Sedgefield,7:15,Each Way,7.5,3.5,BensBets_Morning_Master_2026.csv,makinbecon,sedgefield,2026-08-28,1736,8.0,0.0,0,-3.5,-3.5,6.666666666666665,2026
2026-08-28,Astley,Down Royal,7:22,Each Way,21.0,2.0,BensBets_Morning_Master_2026.csv,astley,downroyal,2026-08-28,1737,10.92250376,0.0,0,-2.0,-2.0,-47.98807733333334,2026
2026-08-28,Arc Kunoichi,Sedgefield,7:50,Each Way,21.0,2.0,BensBets_Morning_Master_2026.csv,arckunoichi,sedgefield,2026-08-28,1738,28.94338657,0.0,0,-2.0,-2.0,37.825650333333336,2026
2026-08-29,Regalian,Beverley,4:45,Each Way,9.0,3.0,BensBets_Morning_Master_2026.csv,regalian,beverley,2026-08-29,1739,6.6,0.0,0,-3.0,-3.0,-26.66666666666667,2026
2026-08-29,Scoro,Cartmel,5:05,Win Only,13.0,1.25,BensBets_Morning_Master_2026.csv,scoro,cartmel,2026-08-29,1740,23.0,0.0,0,-1.25,-1.25,76.92307692307692,2026
2026-08-29,Angel Gabriel,Windsor,5:30,Win Only,7.0,1.75,BensBets_Morning_Master_2026.csv,angelgabriel,windsor,2026-08-29,1741,4.70495101,1.0,1,10.29,6.35399098215,-32.78641414285713,2026
2026-08-30,Glamazon,Cork,2:25,Each Way,7.0,3.5,BensBets_Morning_Master_2026.csv,glamazon,cork,2026-08-30,1742,7.54500064,0.0,0,-3.5,-3.5,7.785723428571423,2026
2026-08-30,Highland Olly,Beverley,3:20,Each Way,19.0,2.0,BensBets_Morning_Master_2026.csv,highlandolly,beverley,2026-08-30,1743,23.0,0.0,0,-2.0,-2.0,21.052631578947366,2026
2026-08-30,Triple Double A,Yarmouth,3:25,Each Way,9.0,3.0,BensBets_Morning_Master_2026.csv,tripledoublea,yarmouth,2026-08-30,1744,5.7,0.0,0,-3.0,-3.0,-36.66666666666667,2026
2026-08-30,Dream Deal,Beverley,3:55,Each Way,29.0,1.5,BensBets_Morning_Master_2026.csv,dreamdeal,beverley,2026-08-30,1745,8.89944667,0.0,0,-1.5,-1.5,-69.31225286206897,2026
2026-08-30,Punxsutawney Phil,Beverley,5:05,Each Way,17.0,2.5,BensBets_Morning_Master_2026.csv,punxsutawneyphil,beverley,2026-08-30,1746,15.0,0.0,0,-2.5,-2.5,-11.764705882352944,2026
2026-08-31,Time Twister,Cartmel,2:35,Each Way,15.0,2.5,BensBets_Morning_Master_2026.csv,timetwister,cartmel,2026-08-31,1747,26.0,0.0,0,-2.5,-2.5,73.33333333333334,2026
2026-08-31,Menas Miracle,Downpatrick,2:47,Each Way,11.0,3.0,BensBets_Morning_Master_2026.csv,menasmiracle,downpatrick,2026-08-31,1748,8.0,0.0,0,-3.0,-3.0,-27.27272727272727,2026
2026-08-31,A Rose Adaay,Chepstow,4:00,Each Way,8.5,3.5,BensBets_Morning_Master_2026.csv,aroseadaay,chepstow,2026-08-31,1749,3.6,1.0,1,25.724999999999998,8.918,-57.647058823529406,2026
2026-08-31,Evelyns Phoenix,Ripon,5:20,Win Only,5.5,2.25,BensBets_Morning_Master_2026.csv,evelynsphoenix,ripon,2026-08-31,1750,4.3,0.0,0,-2.25,-2.25,-21.818181818181827,2026
2026-08-31,Kitsune Power,Ripon,5:50,Each Way,7.0,3.5,BensBets_Morning_Master_2026.csv,kitsunepower,ripon,2026-08-31,1751,8.23930246,0.0,0,-3.5,-3.5,17.70432085714284,2026
2026-09-01,Dawnmore,Gowran Park,2:30,Win Only,17.0,1.0,BensBets_Morning_Master_2026.csv,dawnmore,gowranpark,2026-09-01,1752,12.65024675,0.0,0,-1.0,-1.0,-25.5867838235294,2026
2026-09-01,Girl Bear,Gowran Park,3:30,Each Way,19.0,2.0,BensBets_Morning_Master_2026.csv,girlbear,gowranpark,2026-09-01,1753,22.99089413,0.0,0,-2.0,-2.0,21.00470594736843,2026
2026-09-01,Milford Grange,Ripon,4:48,Each Way,8.5,3.5,BensBets_Morning_Master_2026.csv,milfordgrange,ripon,2026-09-01,1754,7.21422185,0.0,0,-3.5,-3.5,-15.126801764705878,2026
2026-09-01,Majestic King,Gowran Park,5:00,Each Way,6.0,4.0,BensBets_Morning_Master_2026.csv,majesticking,gowranpark,2026-09-01,1755,6.8,0.0,0,-4.0,-4.0,13.33333333333333,2026
2026-09-01,Ottoman,Wolverhampton,8:30,Each Way,7.0,3.5,BensBets_Morning_Master_2026.csv,ottoman,wolverhampton,2026-09-01,1756,11.76056674,1.0,1,20.58,36.9087439182,68.00809628571429,2026
2026-09-02,Havanagreattime,Newcastle,3:15,Each Way,8.0,0.5,BensBets_Morning_Master_2026.csv,havanagreattime,newcastle,2026-09-02,1757,140.0,0.0,0,-0.5,-0.5,1650.0,2026
2026-09-02,Liveadream,Newcastle,3:45,Win Only,19.0,1.0,BensBets_Morning_Master_2026.csv,liveadream,newcastle,2026-09-02,1758,11.0,0.0,0,-1.0,-1.0,-42.10526315789473,2026
2026-09-02,Jodhpur Blue,Bath,5:35,Win Only,6.0,2.0,BensBets_Morning_Master_2026.csv,jodhpurblue,bath,2026-09-02,1759,4.1,0.0,0,-2.0,-2.0,-31.666666666666675,2026
2026-09-02,Chapel Lane,Navan,5:40,Each Way,8.5,3.5,BensBets_Morning_Master_2026.csv,chapellane,navan,2026-09-02,1760,5.1,1.0,1,25.724999999999998,14.062999999999999,-40.0,2026
2026-09-02,Whosethebestboy,Navan,6:10,Each Way,26.0,1.5,BensBets_Morning_Master_2026.csv,whosethebestboy,navan,2026-09-02,1761,11.00911668,0.0,0,-1.5,-1.5,-57.657243538461536,2026
2026-09-03,Miss Tonnerre,Haydock,4:25,Each Way,23.0,1.5,BensBets_Morning_Master_2026.csv,misstonnerre,haydock,2026-09-03,1762,15.5,0.0,0,-1.5,-1.5,-32.608695652173914,2026
2026-09-03,Invincible Crown,Southwell,4:30,Each Way,9.0,3.0,BensBets_Morning_Master_2026.csv,invinciblecrown,southwell,2026-09-03,1763,4.8,0.0,0,-3.0,-3.0,-46.666666666666664,2026
2026-09-03,Pearl Eye,Haydock,5:00,Each Way,8.0,3.5,BensBets_Morning_Master_2026.csv,pearleye,haydock,2026-09-03,1764,7.0,0.0,0,-3.5,-3.5,-12.5,2026
2026-09-04,Roger Pol,Bangor,3:25,Each Way,12.0,2.5,BensBets_Morning_Master_2026.csv,rogerpol,bangor,2026-09-04,1765,6.2,0.0,0,-2.5,-2.5,-48.33333333333333,2026
2026-09-04,Toralou,Haydock,4:20,Each Way,21.0,2.0,BensBets_Morning_Master_2026.csv,toralou,haydock,2026-09-04,1766,20.84809718,0.0,0,-2.0,-2.0,-0.723346761904764,2026
2026-09-04,Mr Devlin,Kilbeggan,5:15,Each Way,26.0,1.5,BensBets_Morning_Master_2026.csv,mrdevlin,kilbeggan,2026-09-04,1767,14.0,0.0,0,-1.5,-1.5,-46.15384615384615,2026
2026-09-04,Golden Brown,Ascot,5:25,Each Way,11.0,3.0,BensBets_Morning_Master_2026.csv,goldenbrown,ascot,2026-09-04,1768,10.94611584,0.0,0,-3.0,-3.0,-0.4898560000000107,2026
2026-09-04,Jullou De Grissay,Worcester,7:36,Each Way,8.5,3.5,BensBets_Morning_Master_2026.csv,julloudegrissay,worcester,2026-09-04,1769,6.2870066,1.0,1,25.724999999999998,18.134432638,-26.03521647058824,2026
2026-09-05,Roeillaun,Navan,1:30,Win Only,2.5,4.5,BensBets_Morning_Master_2026.csv,roeillaun,navan,2026-09-05,1770,2.54,1.0,1,6.615,6.7914,1.6000000000000014,2026
2026-09-05,Lars Soldier,Navan,2:00,Win Only,11.0,1.5,BensBets_Morning_Master_2026.csv,larssoldier,navan,2026-09-05,1771,7.4,1.0,1,14.700000000000001,9.408000000000001,-32.72727272727273,2026
2026-09-05,Connemara Joe,Stratford,5:15,Each Way,23.0,1.5,BensBets_Morning_Master_2026.csv,connemarajoe,stratford,2026-09-05,1772,40.3019379,0.0,0,-1.5,-1.5,75.22581695652173,2026
2026-09-05,Celtic Arrow,Newcastle,7:00,Each Way,15.0,2.5,BensBets_Morning_Master_2026.csv,celticarrow,newcastle,2026-09-05,1773,8.94047573,0.0,0,-2.5,-2.5,-40.39682846666667,2026
2026-09-05,Blazing Son,Newcastle,8:00,Each Way,15.0,2.5,BensBets_Morning_Master_2026.csv,blazingson,newcastle,2026-09-05,1774,17.0,0.0,0,-2.5,-2.5,13.33333333333333,2026
2026-09-06,Teumessias Fox,York,3:15,Each Way,34.0,1.5,BensBets_Morning_Master_2026.csv,teumessiasfox,york,2026-09-06,1775,17.0,0.0,0,-1.5,-1.5,-50.0,2026
2026-09-06,Start Again,Fontwell,4:05,Each Way,15.0,2.5,BensBets_Morning_Master_2026.csv,startagain,fontwell,2026-09-06,1776,10.31334949,0.0,0,-2.5,-2.5,-31.244336733333334,2026
2026-09-06,Martins Denuo,Fontwell,4:40,Win Only,4.0,3.0,BensBets_Morning_Master_2026.csv,martinsdenuo,fontwell,2026-09-06,1777,3.89638417,0.0,0,-3.0,-3.0,-2.5903957499999963,2026
2026-09-07,Just Dottie,Perth,3:20,Each Way,11.0,3.0,BensBets_Morning_Master_2026.csv,justdottie,perth,2026-09-07,1778,9.87818681,0.0,0,-3.0,-3.0,-10.198301727272717,2026
2026-09-07,Tigress Lilly,Perth,4:20,Each Way,34.0,1.5,BensBets_Morning_Master_2026.csv,tigresslilly,perth,2026-09-07,1779,24.0,0.0,0,-1.5,-1.5,-29.411764705882348,2026
2026-09-07,Midnight Moonshine,Perth,4:50,Each Way,21.0,2.0,BensBets_Morning_Master_2026.csv,midnightmoonshine,perth,2026-09-07,1780,24.0,0.0,0,-2.0,-2.0,14.28571428571428,2026
2026-09-07,Makinbecon,Newton Abbot,5:02,Each Way,17.0,2.5,BensBets_Morning_Master_2026.csv,makinbecon,newtonabbot,2026-09-07,1781,6.408722,0.0,0,-2.5,-2.5,-62.30163529411765,2026
2026-09-07,John Storey,Galway,5:41,Each Way,15.0,2.5,BensBets_Morning_Master_2026.csv,johnstorey,galway,2026-09-07,1782,7.4,0.0,0,-2.5,-2.5,-50.66666666666666,2026
2026-09-08,Inkjet,Leicester,1:42,Each Way,10.0,3.0,BensBets_Morning_Master_2026.csv,inkjet,leicester,2026-09-08,1783,11.0,0.0,0,-3.0,-3.0,10.000000000000009,2026
2026-09-08,Cites,Leicester,2:17,Each Way,13.0,2.5,BensBets_Morning_Master_2026.csv,cites,leicester,2026-09-08,1784,8.32509504,0.0,0,-2.5,-2.5,-35.96080738461538,2026
2026-09-08,Withoutfurtherado,Leicester,5:07,Each Way,41.0,1.5,BensBets_Morning_Master_2026.csv,withoutfurtherado,leicester,2026-09-08,1785,71.41221847,0.0,0,-1.5,-1.5,74.17614260975608,2026
2026-09-08,Evenly,Bangor,5:42,Each Way,151.0,0.5,BensBets_Morning_Master_2026.csv,evenly,bangor,2026-09-08,1786,683.92967112,0.0,0,-0.5,-0.5,352.9335570331126,2026
2026-09-08,Loingseoir,Galway,6:00,Each Way,5.5,4.5,BensBets_Morning_Master_2026.csv,loingseoir,galway,2026-09-08,1787,5.87537511,0.0,0,-4.5,-4.5,6.825002000000002,2026
2026-09-09,Chesneys Charm,Redcar,3:21,Win Only,4.5,2.5,BensBets_Morning_Master_2026.csv,chesneyscharm,redcar,2026-09-09,1788,3.59772237,0.0,0,-2.5,-2.5,-20.050614,2026
2026-09-09,Skyjack Hijack,Sedgefield,4:00,Each Way,9.0,3.0,BensBets_Morning_Master_2026.csv,skyjackhijack,sedgefield,2026-09-09,1789,7.53896283,0.0,0,-3.0,-3.0,-16.233746333333333,2026
2026-09-09,Weve Got This,Redcar,4:54,Each Way,12.0,2.5,BensBets_Morning_Master_2026.csv,wevegotthis,redcar,2026-09-09,1790,11.0,0.0,0,-2.5,-2.5,-8.333333333333337,2026
2026-09-09,Monsieur Kodi,Carlisle,5:17,Win Only,13.0,1.25,BensBets_Morning_Master_2026.csv,monsieurkodi,carlisle,2026-09-09,1791,15.79729027,0.0,0,-1.25,-1.25,21.517617461538464,2026
2026-09-09,Green Kite,Cork,6:15,Each Way,12.0,2.5,BensBets_Morning_Master_2026.csv,greenkite,cork,2026-09-09,1792,11.98465223,0.0,0,-2.5,-2.5,-0.1278980833333332,2026
2026-09-10,Tenison,Epsom,4:17,Each Way,11.0,3.0,BensBets_Morning_Master_2026.csv,tenison,epsom,2026-09-10,1793,16.0,0.0,0,-3.0,-3.0,45.45454545454546,2026
2026-09-10,South Kensington,Lingfield,4:23,Each Way,13.0,2.5,BensBets_Morning_Master_2026.csv,southkensington,lingfield,2026-09-10,1794,12.5,0.0,0,-2.5,-2.5,-3.8461538461538436,2026
2026-09-10,Distillate,Laytown,4:39,Each Way,13.0,2.5,BensBets_Morning_Master_2026.csv,distillate,laytown,2026-09-10,1795,15.38139264,0.0,0,-2.5,-2.5,18.318404923076926,2026
2026-09-10,I Am Me,Epsom,5:27,Each Way,29.0,3.0,BensBets_Morning_Master_2026.csv,iamme,epsom,2026-09-10,1796,18.0,0.0,0,-3.0,-3.0,-37.93103448275862,2026
2026-09-10,Arlecchinos Rex,Lingfield,6:35,Each Way,17.0,2.5,BensBets_Morning_Master_2026.csv,arlecchinosrex,lingfield,2026-09-10,1797,10.48742679,1.0,1,39.2,23.244195635500002,-38.30925417647059,2026
2026-09-11,Bold Shout,Salisbury,4:16,Win Only,3.0,3.5,BensBets_Morning_Master_2026.csv,boldshout,salisbury,2026-09-11,1798,2.29275812,0.0,0,-3.5,-3.5,-23.574729333333345,2026
2026-09-11,The Little Yank,Ballinrobe,6:10,Each Way,34.0,1.5,BensBets_Morning_Master_2026.csv,thelittleyank,ballinrobe,2026-09-11,1799,14.03707059,0.0,0,-1.5,-1.5,-58.714498264705874,2026
2026-09-12,Piazza San Marco,Leopardstown,3:15,Each Way,34.0,1.5,BensBets_Morning_Master_2026.csv,piazzasanmarco,leopardstown,2026-09-12,1800,28.0,0.0,0,-1.5,-1.5,-17.647058823529417,2026
2026-09-12,Trafalger,Bath,4:20,Win Only,9.0,1.5,BensBets_Morning_Master_2026.csv,trafalger,bath,2026-09-12,1801,11.61387509,0.0,0,-1.5,-1.5,29.04305655555557,2026
2026-09-12,Green Icon,Bath,5:05,Each Way,13.0,2.5,BensBets_Morning_Master_2026.csv,greenicon,bath,2026-09-12,1802,3.1,1.0,1,29.4,5.145,-76.15384615384615,2026
2026-09-12,Sunny South West,Leopardstown,5:35,Each Way,26.0,1.5,BensBets_Morning_Master_2026.csv,sunnysouthwest,leopardstown,2026-09-12,1803,40.34365908,0.0,0,-1.5,-1.5,55.16791953846154,2026
2026-09-12,Night Moon,Leopardstown,5:35,Each Way,12.0,2.5,BensBets_Morning_Master_2026.csv,nightmoon,leopardstown,2026-09-12,1804,15.5,0.0,0,-2.5,-2.5,29.166666666666675,2026
2026-09-12,Mayor Of Maghera,Musselburgh,5:50,Each Way,21.0,2.0,BensBets_Morning_Master_2026.csv,mayorofmaghera,musselburgh,2026-09-12,1805,23.93923964,0.0,0,-2.0,-2.0,13.996379238095248,2026
2026-09-12,Killashee Warrior,Leopardstown,6:10,Each Way,17.0,2.0,BensBets_Morning_Master_2026.csv,killasheewarrior,leopardstown,2026-09-12,1806,9.6,0.0,0,-2.0,-2.0,-43.529411764705884,2026
2026-09-13,Goblet,Bath,2:40,Win Only,9.0,1.5,BensBets_Morning_Master_2026.csv,goblet,bath,2026-09-13,1807,8.0,0.0,0,-1.5,-1.5,-11.111111111111116,2026
2026-09-13,Outer Edge,Bath,5:00,Each Way,8.0,3.5,BensBets_Morning_Master_2026.csv,outeredge,bath,2026-09-13,1808,5.8,0.0,0,-3.5,-3.5,-27.500000000000004,2026
2026-09-13,Archduke Ferdinand,Doncaster,5:20,Each Way,15.0,2.5,BensBets_Morning_Master_2026.csv,archdukeferdinand,doncaster,2026-09-13,1809,11.5,0.0,0,-2.5,-2.5,-23.33333333333333,2026
2026-09-13,Footstepinthewoods,Bath,5:30,Each Way,11.0,3.0,BensBets_Morning_Master_2026.csv,footstepinthewoods,bath,2026-09-13,1810,7.4,1.0,1,29.400000000000002,18.816000000000003,-32.72727272727273,2026
2026-09-13,Kai Lung,Curragh,5:45,Each Way,21.0,2.0,BensBets_Morning_Master_2026.csv,kailung,curragh,2026-09-13,1811,32.27703906,0.0,0,-2.0,-2.0,53.700185999999995,2026
