RaceDate,RaceTime,CourseName,RaceTitle,HorseName,MasterScore,RankWorst,IsLayTarget,DSLR,StrideDecay,BadDiscipline,IsLeader,Reasons,ScannedAt
2026-08-15,17:10,Dundalk,17:10 DUNDALK,Rising Sky,-2,1,True,30,0.0,False,False,Standard Form,2026-08-15 12:58:52.493000
2026-08-15,17:10,Dundalk,17:10 DUNDALK,Shahada Ace,-2,1,True,11,0.0,True,False,Discipline Issue (dwelt/hung),2026-08-15 12:58:52.497000
2026-08-15,17:10,Dundalk,17:10 DUNDALK,Yquem,-1,3,False,16,2.7,False,True,"Stride Decay (2.7m), Front Runner (+3)",2026-08-15 12:58:52.500000
2026-08-15,17:10,Dundalk,17:10 DUNDALK,Dancing Steve,0,4,False,21,0.0,False,False,Standard Form,2026-08-15 12:58:52.500000
2026-08-15,17:10,Dundalk,17:10 DUNDALK,Retro Gal,0,4,False,138,0.0,False,False,Standard Form,2026-08-15 12:58:52.503000
2026-08-15,17:10,Dundalk,17:10 DUNDALK,Threebiggulps,0,4,False,21,0.0,False,False,Standard Form,2026-08-15 12:58:52.507000
2026-08-15,17:10,Dundalk,17:10 DUNDALK,Navajo Point,0,4,False,36,0.0,False,False,Standard Form,2026-08-15 12:58:52.510000
2026-08-15,17:10,Dundalk,17:10 DUNDALK,Tortola,0,4,False,14,0.0,False,False,Standard Form,2026-08-15 12:58:52.510000
2026-08-15,17:10,Dundalk,17:10 DUNDALK,Chloe's Boy,0,4,False,99,0.0,False,False,Standard Form,2026-08-15 12:58:52.513000
2026-08-15,17:10,Dundalk,17:10 DUNDALK,Coul Dore,0,4,False,177,0.0,False,False,Standard Form,2026-08-15 12:58:52.513000
2026-08-15,17:10,Dundalk,17:10 DUNDALK,Anchors Away,3,11,False,16,0.0,False,True,Front Runner (+3),2026-08-15 12:58:52.517000
2026-08-15,17:10,Dundalk,17:10 DUNDALK,Copper Craft,3,11,False,132,0.0,False,True,Front Runner (+3),2026-08-15 12:58:52.517000
2026-08-15,17:10,Dundalk,17:10 DUNDALK,Barretstown,3,11,False,27,0.0,False,True,Front Runner (+3),2026-08-15 12:58:52.520000
2026-08-15,17:10,Dundalk,17:10 DUNDALK,My Vonnie,3,11,False,14,0.0,False,True,Front Runner (+3),2026-08-15 12:58:52.523000
2026-08-15,17:10,Dundalk,17:10 DUNDALK,Wingit,3,11,False,44,0.0,False,True,Front Runner (+3),2026-08-15 12:58:52.527000
2026-08-15,17:10,Dundalk,17:10 DUNDALK,Storm Eric,5,16,False,7,0.0,False,True,"Front Runner (+3), Quick Return (7d)",2026-08-15 12:58:52.530000
2026-08-15,17:10,Dundalk,17:10 DUNDALK,Without Love,5,16,False,7,0.0,False,True,"Front Runner (+3), Quick Return (7d)",2026-08-15 12:58:52.530000
2026-08-15,17:55,Tramore,17:55 TRAMORE,Tanzanite Diamond,-2,1,True,99,0.0,True,False,Discipline Issue (dwelt/hung),2026-08-15 12:58:52.533000
2026-08-15,17:55,Tramore,17:55 TRAMORE,Tickle The Cat,0,2,False,99,0.0,False,False,Standard Form,2026-08-15 12:58:52.537000
2026-08-15,17:55,Tramore,17:55 TRAMORE,Mare Crisium,0,2,False,16,0.0,False,False,Standard Form,2026-08-15 12:58:52.540000
2026-08-15,17:55,Tramore,17:55 TRAMORE,Love Orchid,0,2,False,37,0.0,False,False,Standard Form,2026-08-15 12:58:52.540000
2026-08-15,17:55,Tramore,17:55 TRAMORE,Rodeo Blues,2,5,False,4,0.0,False,False,Quick Return (4d),2026-08-15 12:58:52.540000
2026-08-15,17:55,Tramore,17:55 TRAMORE,Sunrush,3,6,False,229,0.0,False,True,Front Runner (+3),2026-08-15 12:58:52.540000
2026-08-15,17:55,Tramore,17:55 TRAMORE,Maxminelli,3,6,False,39,0.0,False,True,Front Runner (+3),2026-08-15 12:58:52.543000
2026-08-15,17:55,Tramore,17:55 TRAMORE,A Pretty Penny,3,6,False,56,0.0,False,True,Front Runner (+3),2026-08-15 12:58:52.547000
2026-08-15,14:35,Newbury,14:35 NEWBURY,Havana Pusey,-2,1,True,11,0.0,True,False,Discipline Issue (dwelt/hung),2026-08-15 12:58:52.550000
2026-08-15,14:35,Newbury,14:35 NEWBURY,Scoville,-1,2,True,182,0.0,True,True,"Discipline Issue (dwelt/hung), Front Runner (+3)",2026-08-15 12:58:52.553000
2026-08-15,14:35,Newbury,14:35 NEWBURY,Great Acclaim,0,3,False,14,0.0,False,False,Standard Form,2026-08-15 12:58:52.553000
2026-08-15,14:35,Newbury,14:35 NEWBURY,Addison Grey,0,3,False,14,0.0,False,False,Standard Form,2026-08-15 12:58:52.553000
2026-08-15,14:35,Newbury,14:35 NEWBURY,Christian David,0,3,False,25,0.0,False,False,Standard Form,2026-08-15 12:58:52.557000
2026-08-15,14:35,Newbury,14:35 NEWBURY,Witch Hunter,2,6,False,7,0.0,False,False,Quick Return (7d),2026-08-15 12:58:52.557000
2026-08-15,14:35,Newbury,14:35 NEWBURY,Stellar Sunrise,3,7,False,14,0.0,False,True,Front Runner (+3),2026-08-15 12:58:52.560000
2026-08-15,14:35,Newbury,14:35 NEWBURY,Humam,3,7,False,24,0.0,False,True,Front Runner (+3),2026-08-15 12:58:52.563000
2026-08-15,18:04,Market Rasen,18:04 MARKET RASEN,Destination Unkown,0,1,False,75,0.0,False,False,Standard Form,2026-08-15 12:58:52.563000
2026-08-15,18:04,Market Rasen,18:04 MARKET RASEN,Eternal Angel,3,2,False,19,0.0,False,True,Front Runner (+3),2026-08-15 12:58:52.567000
2026-08-15,18:04,Market Rasen,18:04 MARKET RASEN,Loriko,3,2,False,31,0.0,False,True,Front Runner (+3),2026-08-15 12:58:52.570000
2026-08-15,18:04,Market Rasen,18:04 MARKET RASEN,Mayo,3,2,False,249,0.0,False,True,Front Runner (+3),2026-08-15 12:58:52.573000
2026-08-15,16:55,Newbury,16:55 NEWBURY,Dream Camp,-2,1,True,18,0.0,True,False,Discipline Issue (dwelt/hung),2026-08-15 12:58:52.577000
2026-08-15,16:55,Newbury,16:55 NEWBURY,Wild Thoughts,0,2,False,11,0.0,False,False,Standard Form,2026-08-15 12:58:52.577000
2026-08-15,16:55,Newbury,16:55 NEWBURY,Lost Signal,0,2,False,235,0.0,True,True,"Discipline Issue (dwelt/hung), Front Runner (+3)",2026-08-15 12:58:52.580000
2026-08-15,16:55,Newbury,16:55 NEWBURY,Bayaann,3,4,False,176,0.0,False,True,Front Runner (+3),2026-08-15 12:58:52.580000
2026-08-15,16:55,Newbury,16:55 NEWBURY,Runman,3,4,False,21,0.0,False,True,Front Runner (+3),2026-08-15 12:58:52.580000
2026-08-15,16:55,Newbury,16:55 NEWBURY,Golden Knight,6,6,False,25,0.0,False,True,Front Runner (+3),2026-08-15 12:58:52.580000
2026-08-15,15:10,Newbury,15:10 NEWBURY,Northern Champion,-2,1,True,99,0.0,False,False,Standard Form,2026-08-15 12:58:52.583000
2026-08-15,15:10,Newbury,15:10 NEWBURY,Never So Brave,-1,2,True,188,0.0,True,True,"Discipline Issue (dwelt/hung), Front Runner (+3)",2026-08-15 12:58:52.587000
2026-08-15,15:10,Newbury,15:10 NEWBURY,Witness Stand,-1,2,True,63,1.6,False,True,"Stride Decay (1.6m), Front Runner (+3)",2026-08-15 12:58:52.590000
2026-08-15,15:10,Newbury,15:10 NEWBURY,Prince Of India,-1,2,True,9,0.0,False,False,Standard Form,2026-08-15 12:58:52.590000
2026-08-15,15:10,Newbury,15:10 NEWBURY,Sukanya,-1,2,True,204,1.0,True,False,"Discipline Issue (dwelt/hung), Stride Decay (1.0m)",2026-08-15 12:58:52.593000
2026-08-15,15:10,Newbury,15:10 NEWBURY,Symbol Of Honour,1,6,False,49,0.0,False,True,Front Runner (+3),2026-08-15 12:58:52.597000
2026-08-15,15:10,Newbury,15:10 NEWBURY,Extremely Zain,1,6,False,137,0.0,True,True,"Discipline Issue (dwelt/hung), Front Runner (+3)",2026-08-15 12:58:52.597000
2026-08-15,15:10,Newbury,15:10 NEWBURY,Back In Black,1,6,False,21,0.0,True,True,"Discipline Issue (dwelt/hung), Front Runner (+3)",2026-08-15 12:58:52.600000
2026-08-15,15:10,Newbury,15:10 NEWBURY,Coppull,3,9,False,216,0.0,False,True,Front Runner (+3),2026-08-15 12:58:52.600000
2026-08-15,16:25,Newmarket,16:25 NEWMARKET,Lightning Glory,0,1,False,21,0.0,False,False,Standard Form,2026-08-15 12:58:52.603000
2026-08-15,16:25,Newmarket,16:25 NEWMARKET,Stormy Music,1,2,False,260,0.0,True,True,"Discipline Issue (dwelt/hung), Front Runner (+3)",2026-08-15 12:58:52.607000
2026-08-15,16:25,Newmarket,16:25 NEWMARKET,Renesmee,3,3,False,11,0.0,False,True,Front Runner (+3),2026-08-15 12:58:52.610000
2026-08-15,16:25,Newmarket,16:25 NEWMARKET,Hamda's Joy,3,3,False,33,0.0,False,True,Front Runner (+3),2026-08-15 12:58:52.610000
2026-08-15,16:25,Newmarket,16:25 NEWMARKET,Lovers Leap,3,3,False,27,0.0,False,True,Front Runner (+3),2026-08-15 12:58:52.610000
2026-08-15,18:25,Tramore,18:25 TRAMORE,Mullacurry Maid,-2,1,True,24,0.0,True,False,Discipline Issue (dwelt/hung),2026-08-15 12:58:52.617000
2026-08-15,18:25,Tramore,18:25 TRAMORE,Miss Australie,0,2,False,10,0.0,False,False,Standard Form,2026-08-15 12:58:52.617000
2026-08-15,18:25,Tramore,18:25 TRAMORE,Stepdance,0,2,False,191,0.0,False,False,Standard Form,2026-08-15 12:58:52.617000
2026-08-15,18:25,Tramore,18:25 TRAMORE,Tassarolo,0,2,False,40,0.0,False,False,Standard Form,2026-08-15 12:58:52.617000
2026-08-15,18:25,Tramore,18:25 TRAMORE,Spinning Web,0,2,False,20,0.0,False,False,Standard Form,2026-08-15 12:58:52.617000
2026-08-15,18:25,Tramore,18:25 TRAMORE,Nathema,0,2,False,22,0.0,False,False,Standard Form,2026-08-15 12:58:52.617000
2026-08-15,18:25,Tramore,18:25 TRAMORE,Duleek Street,0,2,False,30,0.0,False,False,Standard Form,2026-08-15 12:58:52.617000
2026-08-15,18:25,Tramore,18:25 TRAMORE,Preparations,3,8,False,42,0.0,False,True,Front Runner (+3),2026-08-15 12:58:52.617000
2026-08-15,18:25,Tramore,18:25 TRAMORE,Limestone Red,3,8,False,35,0.0,False,True,Front Runner (+3),2026-08-15 12:58:52.617000
2026-08-15,18:25,Tramore,18:25 TRAMORE,Go Flo Jo,3,8,False,36,0.0,False,True,Front Runner (+3),2026-08-15 12:58:52.620000
2026-08-15,18:25,Tramore,18:25 TRAMORE,Metamorpheus,3,8,False,12,0.0,False,True,Front Runner (+3),2026-08-15 12:58:52.620000
2026-08-15,15:50,Newmarket,15:50 NEWMARKET,Del Corso,-1,1,True,22,0.9,False,True,"Stride Decay (0.9m), Front Runner (+3)",2026-08-15 12:58:52.620000
2026-08-15,15:50,Newmarket,15:50 NEWMARKET,Dont Get Me Wrong,0,2,False,145,0.0,False,False,Standard Form,2026-08-15 12:58:52.623000
2026-08-15,15:50,Newmarket,15:50 NEWMARKET,Pipily,1,3,False,14,0.0,False,True,Front Runner (+3),2026-08-15 12:58:52.627000
2026-08-15,15:50,Newmarket,15:50 NEWMARKET,Femme Beauty,5,4,False,6,0.0,False,True,"Front Runner (+3), Quick Return (6d)",2026-08-15 12:58:52.630000
2026-08-15,15:13,Newmarket,15:13 NEWMARKET,Eabha,0,1,False,99,0.0,False,False,Standard Form,2026-08-15 12:58:52.633000
2026-08-15,15:13,Newmarket,15:13 NEWMARKET,Cash Cove,0,1,False,99,0.0,False,False,Standard Form,2026-08-15 12:58:52.637000
2026-08-15,15:13,Newmarket,15:13 NEWMARKET,Fire Thunder,0,1,False,99,0.0,False,False,Standard Form,2026-08-15 12:58:52.640000
2026-08-15,15:13,Newmarket,15:13 NEWMARKET,Kodi Bear Light,3,5,False,17,0.0,False,True,Front Runner (+3),2026-08-15 12:58:52.640000
2026-08-15,13:50,Dundalk,13:50 DUNDALK,Starlit,-2,1,True,99,0.0,True,False,Discipline Issue (dwelt/hung),2026-08-15 12:58:52.643000
2026-08-15,13:50,Dundalk,13:50 DUNDALK,Crayons In The Sky,0,2,False,99,0.0,False,False,Standard Form,2026-08-15 12:58:52.643000
2026-08-15,13:50,Dundalk,13:50 DUNDALK,Tosca No Candis,0,2,False,99,0.0,False,False,Standard Form,2026-08-15 12:58:52.647000
2026-08-15,13:50,Dundalk,13:50 DUNDALK,Hip Hop Chrissy,0,2,False,99,0.0,False,False,Standard Form,2026-08-15 12:58:52.647000
2026-08-15,13:50,Dundalk,13:50 DUNDALK,Cloughleagh Bridge,0,2,False,99,0.0,False,False,Standard Form,2026-08-15 12:58:52.647000
2026-08-15,13:50,Dundalk,13:50 DUNDALK,Mount Pinatubo,0,2,False,99,0.0,False,False,Standard Form,2026-08-15 12:58:52.647000
2026-08-15,13:50,Dundalk,13:50 DUNDALK,Scarlet Dream,0,2,False,99,0.0,False,False,Standard Form,2026-08-15 12:58:52.647000
2026-08-15,13:50,Dundalk,13:50 DUNDALK,Ana Morello,0,2,False,99,0.0,False,False,Standard Form,2026-08-15 12:58:52.647000
2026-08-15,13:50,Dundalk,13:50 DUNDALK,Step In Style,0,2,False,99,0.0,False,False,Standard Form,2026-08-15 12:58:52.647000
2026-08-15,13:50,Dundalk,13:50 DUNDALK,Lady's Court,0,2,False,99,0.0,False,False,Standard Form,2026-08-15 12:58:52.647000
2026-08-15,13:50,Dundalk,13:50 DUNDALK,Moyanna Castle,0,2,False,99,0.0,False,False,Standard Form,2026-08-15 12:58:52.647000
2026-08-15,13:50,Dundalk,13:50 DUNDALK,Outside Sun,0,2,False,99,0.0,False,False,Standard Form,2026-08-15 12:58:52.647000
2026-08-15,13:50,Dundalk,13:50 DUNDALK,Rathbran Lady,0,2,False,99,0.0,False,False,Standard Form,2026-08-15 12:58:52.647000
2026-08-15,13:50,Dundalk,13:50 DUNDALK,Sadie Rose,0,2,False,99,0.0,False,False,Standard Form,2026-08-15 12:58:52.650000
2026-08-15,19:34,Market Rasen,19:34 MARKET RASEN,Huit Reflets,-4,1,True,27,2.7,False,False,Stride Decay (2.7m),2026-08-15 12:58:52.650000
2026-08-15,19:34,Market Rasen,19:34 MARKET RASEN,La Quarite,-1,2,True,15,1.9,False,True,"Stride Decay (1.9m), Front Runner (+3)",2026-08-15 12:58:52.653000
2026-08-15,19:34,Market Rasen,19:34 MARKET RASEN,Huckleberry Sting,0,3,False,23,0.0,False,False,Standard Form,2026-08-15 12:58:52.657000
2026-08-15,19:34,Market Rasen,19:34 MARKET RASEN,Ribeye,0,3,False,53,0.0,False,False,Standard Form,2026-08-15 12:58:52.660000
2026-08-15,19:34,Market Rasen,19:34 MARKET RASEN,Fast Deal,0,3,False,12,0.0,False,False,Standard Form,2026-08-15 12:58:52.660000
2026-08-15,19:34,Market Rasen,19:34 MARKET RASEN,Uncle Al,0,3,False,12,0.0,False,False,Standard Form,2026-08-15 12:58:52.663000
2026-08-15,19:34,Market Rasen,19:34 MARKET RASEN,The Clonmel Kid,3,7,False,13,0.0,False,True,Front Runner (+3),2026-08-15 12:58:52.667000
2026-08-15,19:34,Market Rasen,19:34 MARKET RASEN,A Dublin Job,3,7,False,32,0.0,False,True,Front Runner (+3),2026-08-15 12:58:52.670000
2026-08-15,17:46,Lingfield Park,17:46 LINGFIELD,He's Readytorumble,0,1,False,99,0.0,False,False,Standard Form,2026-08-15 12:58:52.673000
2026-08-15,17:46,Lingfield Park,17:46 LINGFIELD,Launchpad,0,1,False,20,0.0,False,False,Standard Form,2026-08-15 12:58:52.677000
2026-08-15,17:46,Lingfield Park,17:46 LINGFIELD,Premium Seat,0,1,False,99,0.0,False,False,Standard Form,2026-08-15 12:58:52.680000
2026-08-15,17:46,Lingfield Park,17:46 LINGFIELD,Uncle Frank,0,1,False,99,0.0,False,False,Standard Form,2026-08-15 12:58:52.680000
2026-08-15,17:46,Lingfield Park,17:46 LINGFIELD,Postremo,0,1,False,99,0.0,False,False,Standard Form,2026-08-15 12:58:52.683000
2026-08-15,17:46,Lingfield Park,17:46 LINGFIELD,Honeymoon Bear,0,1,False,99,0.0,False,False,Standard Form,2026-08-15 12:58:52.683000
2026-08-15,17:46,Lingfield Park,17:46 LINGFIELD,Paradise Angel,0,1,False,99,0.0,False,False,Standard Form,2026-08-15 12:58:52.687000
2026-08-15,17:46,Lingfield Park,17:46 LINGFIELD,Pen Lan Icon,0,1,False,99,0.0,False,False,Standard Form,2026-08-15 12:58:52.687000
2026-08-15,17:46,Lingfield Park,17:46 LINGFIELD,Snow On The Beach,0,1,False,99,0.0,False,False,Standard Form,2026-08-15 12:58:52.687000
2026-08-15,17:46,Lingfield Park,17:46 LINGFIELD,West To Rest,0,1,False,99,0.0,False,False,Standard Form,2026-08-15 12:58:52.687000
2026-08-15,17:46,Lingfield Park,17:46 LINGFIELD,Silent Sadhu,0,1,False,99,0.0,False,False,Standard Form,2026-08-15 12:58:52.690000
2026-08-15,18:55,Tramore,18:55 TRAMORE,Rakki,0,1,False,120,0.0,False,False,Standard Form,2026-08-15 12:58:52.690000
2026-08-15,18:55,Tramore,18:55 TRAMORE,Churchwarden,0,1,False,223,0.0,False,False,Standard Form,2026-08-15 12:58:52.690000
2026-08-15,18:55,Tramore,18:55 TRAMORE,Daboya,3,3,False,16,0.0,False,True,Front Runner (+3),2026-08-15 12:58:52.690000
2026-08-15,18:55,Tramore,18:55 TRAMORE,Marmeladova,3,3,False,12,0.0,False,True,Front Runner (+3),2026-08-15 12:58:52.690000
2026-08-15,18:55,Tramore,18:55 TRAMORE,Berto Ramirez,3,3,False,52,0.0,False,True,Front Runner (+3),2026-08-15 12:58:52.690000
2026-08-15,18:55,Tramore,18:55 TRAMORE,Merlin The Wizard,3,3,False,26,0.0,False,True,Front Runner (+3),2026-08-15 12:58:52.693000
2026-08-15,18:55,Tramore,18:55 TRAMORE,Expound,5,7,False,6,0.0,False,True,"Front Runner (+3), Quick Return (6d)",2026-08-15 12:58:52.697000
2026-08-15,17:00,Newmarket,17:00 NEWMARKET,Norcross Brow,-2,1,True,26,-0.1,False,False,Standard Form,2026-08-15 12:58:52.700000
2026-08-15,17:00,Newmarket,17:00 NEWMARKET,Jersey Maverick,-2,1,True,22,1.6,True,True,"Discipline Issue (dwelt/hung), Stride Decay (1.6m), Front Runner (+3)",2026-08-15 12:58:52.703000
2026-08-15,17:00,Newmarket,17:00 NEWMARKET,Bucklow Hill,-1,3,False,85,1.7,False,True,"Stride Decay (1.7m), Front Runner (+3)",2026-08-15 12:58:52.703000
2026-08-15,17:00,Newmarket,17:00 NEWMARKET,Mister Mojito,1,4,False,187,-0.2,False,True,Front Runner (+3),2026-08-15 12:58:52.707000
2026-08-15,17:00,Newmarket,17:00 NEWMARKET,Electrical,1,4,False,183,0.0,False,True,Front Runner (+3),2026-08-15 12:58:52.710000
2026-08-15,17:00,Newmarket,17:00 NEWMARKET,Aspull,1,4,False,22,0.0,False,True,Front Runner (+3),2026-08-15 12:58:52.710000
2026-08-15,17:00,Newmarket,17:00 NEWMARKET,Cherry Cobbler,3,7,False,21,0.0,False,True,Front Runner (+3),2026-08-15 12:58:52.713000
2026-08-15,18:16,Lingfield Park,18:16 LINGFIELD,London Is Blue,-6,1,True,200,1.0,True,False,"Discipline Issue (dwelt/hung), Stride Decay (1.0m)",2026-08-15 12:58:52.717000
2026-08-15,18:16,Lingfield Park,18:16 LINGFIELD,Enter Sandman,1,2,False,10,0.0,True,True,"Discipline Issue (dwelt/hung), Front Runner (+3)",2026-08-15 12:58:52.720000
2026-08-15,18:16,Lingfield Park,18:16 LINGFIELD,Stock Market,2,3,False,7,0.0,False,False,Quick Return (7d),2026-08-15 12:58:52.723000
2026-08-15,18:16,Lingfield Park,18:16 LINGFIELD,Wyle Cop,3,4,False,22,0.0,False,True,Front Runner (+3),2026-08-15 12:58:52.727000
2026-08-15,14:30,Doncaster,14:30 DONCASTER,Hope And Joy,-6,1,True,24,1.2,True,False,"Discipline Issue (dwelt/hung), Stride Decay (1.2m)",2026-08-15 12:58:52.730000
2026-08-15,14:30,Doncaster,14:30 DONCASTER,One Of The Boys,-1,2,True,99,0.0,False,False,Standard Form,2026-08-15 12:58:52.730000
2026-08-15,14:30,Doncaster,14:30 DONCASTER,Wuood,0,3,False,99,1.8,False,True,"Stride Decay (1.8m), Front Runner (+3)",2026-08-15 12:58:52.730000
2026-08-15,14:30,Doncaster,14:30 DONCASTER,Cercis,1,4,False,99,0.0,False,True,Front Runner (+3),2026-08-15 12:58:52.733000
2026-08-15,16:00,Dundalk,16:00 DUNDALK,Never Mind Me,-4,1,True,21,4.1,False,False,Stride Decay (4.1m),2026-08-15 12:58:52.733000
2026-08-15,16:00,Dundalk,16:00 DUNDALK,Famous Enough,0,2,False,12,0.0,False,False,Standard Form,2026-08-15 12:58:52.737000
2026-08-15,16:00,Dundalk,16:00 DUNDALK,Roman Harry,0,2,False,11,0.0,False,False,Standard Form,2026-08-15 12:58:52.737000
2026-08-15,16:00,Dundalk,16:00 DUNDALK,Rampage,0,2,False,27,0.0,False,False,Standard Form,2026-08-15 12:58:52.737000
2026-08-15,16:00,Dundalk,16:00 DUNDALK,Reponse Finale,0,2,False,149,0.0,False,False,Standard Form,2026-08-15 12:58:52.737000
2026-08-15,16:00,Dundalk,16:00 DUNDALK,Misava,0,2,False,269,0.0,False,False,Standard Form,2026-08-15 12:58:52.740000
2026-08-15,15:13,Newmarket,15:13 NEWMARKET,Princess Ivy,0,1,False,99,0.0,False,False,Standard Form,2026-08-15 12:58:52.640000
2026-08-15,16:00,Dundalk,16:00 DUNDALK,Beau Army,0,2,False,12,0.0,False,False,Standard Form,2026-08-15 12:58:52.740000
2026-08-15,16:00,Dundalk,16:00 DUNDALK,Tenacious,0,2,False,10,0.0,False,False,Standard Form,2026-08-15 12:58:52.740000
2026-08-15,16:00,Dundalk,16:00 DUNDALK,Angel Of Promise,0,2,False,274,0.0,False,False,Standard Form,2026-08-15 12:58:52.743000
2026-08-15,16:00,Dundalk,16:00 DUNDALK,Due In June,0,2,False,99,0.0,False,False,Standard Form,2026-08-15 12:58:52.743000
2026-08-15,16:00,Dundalk,16:00 DUNDALK,Six Wings,0,2,False,99,0.0,False,False,Standard Form,2026-08-15 12:58:52.743000
2026-08-15,16:00,Dundalk,16:00 DUNDALK,Movin And Groovin,3,12,False,15,0.0,False,True,Front Runner (+3),2026-08-15 12:58:52.743000
2026-08-15,16:00,Dundalk,16:00 DUNDALK,Bullet Bourbon,3,12,False,24,0.0,False,True,Front Runner (+3),2026-08-15 12:58:52.743000
2026-08-15,16:00,Dundalk,16:00 DUNDALK,Queen Leila,3,12,False,13,0.0,False,True,Front Runner (+3),2026-08-15 12:58:52.743000
2026-08-15,16:00,Dundalk,16:00 DUNDALK,Cause I Like You,3,12,False,12,0.0,False,True,Front Runner (+3),2026-08-15 12:58:52.743000
2026-08-15,16:00,Dundalk,16:00 DUNDALK,Master Garvey,3,12,False,27,0.0,False,True,Front Runner (+3),2026-08-15 12:58:52.747000
2026-08-15,16:00,Dundalk,16:00 DUNDALK,Polanco,3,12,False,233,0.0,False,True,Front Runner (+3),2026-08-15 12:58:52.747000
2026-08-15,13:40,Perth,13:40 PERTH,Biggles,-4,1,True,30,1.3,False,False,Stride Decay (1.3m),2026-08-15 12:58:52.750000
2026-08-15,13:40,Perth,13:40 PERTH,C'Est Pour Moi,-2,2,True,99,0.0,True,False,Discipline Issue (dwelt/hung),2026-08-15 12:58:52.750000
2026-08-15,13:40,Perth,13:40 PERTH,St Just In Time,0,3,False,446,0.0,False,False,Standard Form,2026-08-15 12:58:52.753000
2026-08-15,13:40,Perth,13:40 PERTH,Hawthorn Road,3,4,False,61,0.0,False,True,Front Runner (+3),2026-08-15 12:58:52.753000
2026-08-15,13:40,Perth,13:40 PERTH,Crackalackin,3,4,False,17,0.0,False,True,Front Runner (+3),2026-08-15 12:58:52.757000
2026-08-15,13:40,Perth,13:40 PERTH,Tracker Issue,3,4,False,109,0.0,False,True,Front Runner (+3),2026-08-15 12:58:52.760000
2026-08-15,13:40,Perth,13:40 PERTH,Try Them,3,4,False,27,0.0,False,True,Front Runner (+3),2026-08-15 12:58:52.760000
2026-08-15,16:30,Ripon,16:30 RIPON,Clocker,-1,1,True,166,1.5,False,True,"Stride Decay (1.5m), Front Runner (+3)",2026-08-15 12:58:52.763000
2026-08-15,16:30,Ripon,16:30 RIPON,Talitha Rouge,0,2,False,99,0.0,False,False,Standard Form,2026-08-15 12:58:52.767000
2026-08-15,16:30,Ripon,16:30 RIPON,Blue Tulip,0,2,False,99,0.0,False,False,Standard Form,2026-08-15 12:58:52.770000
2026-08-15,16:30,Ripon,16:30 RIPON,Skirt Around,0,2,False,215,0.0,False,False,Standard Form,2026-08-15 12:58:52.773000
2026-08-15,16:30,Ripon,16:30 RIPON,Musical Accord,0,2,False,24,0.0,False,False,Standard Form,2026-08-15 12:58:52.773000
2026-08-15,17:20,Doncaster,17:20 DONCASTER,Rajendra,-4,1,True,37,0.0,True,False,Discipline Issue (dwelt/hung),2026-08-15 12:58:52.780000
2026-08-15,17:20,Doncaster,17:20 DONCASTER,Just Adair,-2,2,True,29,0.0,False,False,Standard Form,2026-08-15 12:58:52.780000
2026-08-15,17:20,Doncaster,17:20 DONCASTER,Alcanzor,-2,2,True,170,0.0,True,False,Discipline Issue (dwelt/hung),2026-08-15 12:58:52.780000
2026-08-15,17:20,Doncaster,17:20 DONCASTER,Manbearpig,-2,2,True,154,0.0,True,False,Discipline Issue (dwelt/hung),2026-08-15 12:58:52.783000
2026-08-15,17:20,Doncaster,17:20 DONCASTER,Is She Now,0,5,False,82,0.0,False,False,Standard Form,2026-08-15 12:58:52.783000
2026-08-15,17:20,Doncaster,17:20 DONCASTER,Lednikov,0,5,False,13,0.0,False,False,Standard Form,2026-08-15 12:58:52.787000
2026-08-15,17:20,Doncaster,17:20 DONCASTER,Sound Gloria,0,5,False,176,0.0,False,False,Standard Form,2026-08-15 12:58:52.787000
2026-08-15,17:20,Doncaster,17:20 DONCASTER,Character Testing,3,8,False,18,0.0,False,True,Front Runner (+3),2026-08-15 12:58:52.790000
2026-08-15,15:05,Doncaster,15:05 DONCASTER,Mino,-2,1,True,99,0.0,True,False,Discipline Issue (dwelt/hung),2026-08-15 12:58:52.790000
2026-08-15,15:05,Doncaster,15:05 DONCASTER,Iwasjustsaying,0,2,False,99,0.0,False,False,Standard Form,2026-08-15 12:58:52.793000
2026-08-15,15:05,Doncaster,15:05 DONCASTER,Noble Prince,0,2,False,42,0.0,False,False,Standard Form,2026-08-15 12:58:52.793000
2026-08-15,15:05,Doncaster,15:05 DONCASTER,Minzazi,0,2,False,99,0.0,False,False,Standard Form,2026-08-15 12:58:52.797000
2026-08-15,15:05,Doncaster,15:05 DONCASTER,Son Of A Fish,0,2,False,99,0.0,False,False,Standard Form,2026-08-15 12:58:52.800000
2026-08-15,15:05,Doncaster,15:05 DONCASTER,Jessica,0,2,False,41,0.0,False,False,Standard Form,2026-08-15 12:58:52.800000
2026-08-15,19:55,Tramore,19:55 TRAMORE,Kings Gesture,-2,1,True,14,0.0,True,False,Discipline Issue (dwelt/hung),2026-08-15 12:58:52.800000
2026-08-15,19:55,Tramore,19:55 TRAMORE,Vervain,0,2,False,45,0.0,False,False,Standard Form,2026-08-15 12:58:52.803000
2026-08-15,19:55,Tramore,19:55 TRAMORE,Bynx,0,2,False,17,0.0,False,False,Standard Form,2026-08-15 12:58:52.807000
2026-08-15,19:55,Tramore,19:55 TRAMORE,Maxwell Smart,0,2,False,12,0.0,False,False,Standard Form,2026-08-15 12:58:52.807000
2026-08-15,19:55,Tramore,19:55 TRAMORE,Bhean Saibhre,0,2,False,23,0.0,False,False,Standard Form,2026-08-15 12:58:52.807000
2026-08-15,19:55,Tramore,19:55 TRAMORE,Crypto Crash,0,2,False,116,0.0,False,False,Standard Form,2026-08-15 12:58:52.807000
2026-08-15,19:55,Tramore,19:55 TRAMORE,Stone Rulya,0,2,False,97,0.0,False,False,Standard Form,2026-08-15 12:58:52.807000
2026-08-15,19:55,Tramore,19:55 TRAMORE,Synchronize,0,2,False,20,0.0,False,False,Standard Form,2026-08-15 12:58:52.807000
2026-08-15,19:55,Tramore,19:55 TRAMORE,God Of Thunder,2,9,False,7,0.0,False,False,Quick Return (7d),2026-08-15 12:58:52.807000
2026-08-15,19:55,Tramore,19:55 TRAMORE,Highway Sixty One,3,10,False,38,0.0,False,True,Front Runner (+3),2026-08-15 12:58:52.807000
2026-08-15,19:55,Tramore,19:55 TRAMORE,Gallo Dell Cielo,3,10,False,26,0.0,False,True,Front Runner (+3),2026-08-15 12:58:52.807000
2026-08-15,19:55,Tramore,19:55 TRAMORE,Fire Coral,3,10,False,28,0.0,False,True,Front Runner (+3),2026-08-15 12:58:52.807000
2026-08-15,19:55,Tramore,19:55 TRAMORE,Lariat,3,10,False,194,0.0,False,True,Front Runner (+3),2026-08-15 12:58:52.807000
2026-08-15,19:55,Tramore,19:55 TRAMORE,Fine Print,5,14,False,3,0.0,False,True,"Front Runner (+3), Quick Return (3d)",2026-08-15 12:58:52.807000
2026-08-15,15:00,Dundalk,15:00 DUNDALK,Trovao Dourado,0,1,False,99,0.0,False,False,Standard Form,2026-08-15 12:58:52.807000
2026-08-15,15:00,Dundalk,15:00 DUNDALK,Aghadrum Boy,0,1,False,99,0.0,False,False,Standard Form,2026-08-15 12:58:52.807000
2026-08-15,15:00,Dundalk,15:00 DUNDALK,Eldorado Glory,0,1,False,99,0.0,False,False,Standard Form,2026-08-15 12:58:52.810000
2026-08-15,15:00,Dundalk,15:00 DUNDALK,Hurleys Hill,0,1,False,99,0.0,False,False,Standard Form,2026-08-15 12:58:52.810000
2026-08-15,15:00,Dundalk,15:00 DUNDALK,Strike De Vega,0,1,False,22,0.0,False,False,Standard Form,2026-08-15 12:58:52.810000
2026-08-15,15:00,Dundalk,15:00 DUNDALK,Steppinoncats,0,1,False,99,0.0,False,False,Standard Form,2026-08-15 12:58:52.810000
2026-08-15,15:00,Dundalk,15:00 DUNDALK,Trek Home,0,1,False,99,0.0,False,False,Standard Form,2026-08-15 12:58:52.810000
2026-08-15,15:00,Dundalk,15:00 DUNDALK,Brigids Charm,0,1,False,99,0.0,False,False,Standard Form,2026-08-15 12:58:52.810000
2026-08-15,15:00,Dundalk,15:00 DUNDALK,Galavanting,0,1,False,99,0.0,False,False,Standard Form,2026-08-15 12:58:52.810000
2026-08-15,15:00,Dundalk,15:00 DUNDALK,Emiza,0,1,False,99,0.0,False,False,Standard Form,2026-08-15 12:58:52.810000
2026-08-15,15:00,Dundalk,15:00 DUNDALK,Carry The Dream,0,1,False,99,0.0,False,False,Standard Form,2026-08-15 12:58:52.810000
2026-08-15,15:00,Dundalk,15:00 DUNDALK,My Shayla,0,1,False,99,0.0,False,False,Standard Form,2026-08-15 12:58:52.810000
2026-08-15,15:00,Dundalk,15:00 DUNDALK,She's Too Kool,2,13,False,1,0.0,False,False,Quick Return (1d),2026-08-15 12:58:52.810000
2026-08-15,15:00,Dundalk,15:00 DUNDALK,Call The Cavalry,3,14,False,34,0.0,False,True,Front Runner (+3),2026-08-15 12:58:52.810000
2026-08-15,15:00,Dundalk,15:00 DUNDALK,Punica Granatum,3,14,False,45,0.0,False,True,Front Runner (+3),2026-08-15 12:58:52.810000
2026-08-15,15:00,Dundalk,15:00 DUNDALK,Little Sure Shot,3,14,False,191,0.0,False,True,Front Runner (+3),2026-08-15 12:58:52.810000
2026-08-15,15:00,Dundalk,15:00 DUNDALK,Anaverna,3,14,False,17,0.0,False,True,Front Runner (+3),2026-08-15 12:58:52.813000
2026-08-15,14:50,Perth,14:50 PERTH,Summergrounds,0,1,False,75,0.0,False,False,Standard Form,2026-08-15 12:58:52.813000
2026-08-15,14:50,Perth,14:50 PERTH,Garde Des Champs,0,1,False,23,0.0,False,False,Standard Form,2026-08-15 12:58:52.817000
2026-08-15,14:50,Perth,14:50 PERTH,Just Dottie,0,1,False,28,0.0,False,False,Standard Form,2026-08-15 12:58:52.820000
2026-08-15,14:50,Perth,14:50 PERTH,Annie Agnew,0,1,False,8,0.0,False,False,Standard Form,2026-08-15 12:58:52.820000
2026-08-15,14:50,Perth,14:50 PERTH,Harry,0,1,False,21,0.0,False,False,Standard Form,2026-08-15 12:58:52.820000
2026-08-15,14:50,Perth,14:50 PERTH,Dream's Ka,0,1,False,12,0.0,False,False,Standard Form,2026-08-15 12:58:52.820000
2026-08-15,14:50,Perth,14:50 PERTH,O'Faolains Glory,1,7,False,49,0.0,False,True,Front Runner (+3),2026-08-15 12:58:52.823000
2026-08-15,14:50,Perth,14:50 PERTH,Lets Mingle,3,8,False,21,0.0,False,True,Front Runner (+3),2026-08-15 12:58:52.827000
2026-08-15,14:50,Perth,14:50 PERTH,Struth,3,8,False,24,0.0,False,True,Front Runner (+3),2026-08-15 12:58:52.830000
2026-08-15,14:50,Perth,14:50 PERTH,Follow Charlie,3,8,False,22,0.0,False,True,Front Runner (+3),2026-08-15 12:58:52.833000
2026-08-15,14:50,Perth,14:50 PERTH,Cosmic Soul,4,11,False,13,1.0,False,True,"Stride Decay (1.0m), Front Runner (+3)",2026-08-15 12:58:52.837000
2026-08-15,15:32,Perth,15:32 PERTH,Just Oot,-4,1,True,38,2.4,False,False,Stride Decay (2.4m),2026-08-15 12:58:52.840000
2026-08-15,15:32,Perth,15:32 PERTH,Drumlee Myth,-2,2,True,67,0.0,False,False,Standard Form,2026-08-15 12:58:52.840000
2026-08-15,15:32,Perth,15:32 PERTH,Broken Ice,0,3,False,60,0.0,False,False,Standard Form,2026-08-15 12:58:52.840000
2026-08-15,15:32,Perth,15:32 PERTH,Dalileo,0,3,False,182,0.0,False,False,Standard Form,2026-08-15 12:58:52.843000
2026-08-15,15:32,Perth,15:32 PERTH,Ceol Draiochta,0,3,False,41,0.0,False,False,Standard Form,2026-08-15 12:58:52.843000
2026-08-15,15:32,Perth,15:32 PERTH,Fortunes Dawn,0,3,False,99,0.0,False,False,Standard Form,2026-08-15 12:58:52.843000
2026-08-15,15:32,Perth,15:32 PERTH,Quinnfinity,0,3,False,20,0.0,False,False,Standard Form,2026-08-15 12:58:52.843000
2026-08-15,15:32,Perth,15:32 PERTH,Dolly Dior,1,8,False,23,0.0,False,True,Front Runner (+3),2026-08-15 12:58:52.847000
2026-08-15,15:32,Perth,15:32 PERTH,Magic Gloves,1,8,False,67,0.0,False,True,Front Runner (+3),2026-08-15 12:58:52.847000
2026-08-15,15:32,Perth,15:32 PERTH,October Hill,3,10,False,33,0.0,False,True,Front Runner (+3),2026-08-15 12:58:52.847000
2026-08-15,15:32,Perth,15:32 PERTH,Burgundy Man,3,10,False,20,0.0,False,True,Front Runner (+3),2026-08-15 12:58:52.847000
2026-08-15,14:20,Ripon,14:20 RIPON,Classy Jaguar,0,1,False,99,0.0,False,False,Standard Form,2026-08-15 12:58:52.847000
2026-08-15,14:20,Ripon,14:20 RIPON,Does Mary Know,0,1,False,99,0.0,False,False,Standard Form,2026-08-15 12:58:52.850000
2026-08-15,14:20,Ripon,14:20 RIPON,Green Bay Dream,0,1,False,99,0.0,False,False,Standard Form,2026-08-15 12:58:52.850000
2026-08-15,14:20,Ripon,14:20 RIPON,Taj Mahal Palace,0,1,False,99,0.0,False,False,Standard Form,2026-08-15 12:58:52.850000
2026-08-15,14:20,Ripon,14:20 RIPON,Rogue Jewel,0,1,False,99,0.0,False,False,Standard Form,2026-08-15 12:58:52.850000
2026-08-15,14:15,Perth,14:15 PERTH,Tamarind Bay,-4,1,True,31,1.8,False,False,Stride Decay (1.8m),2026-08-15 12:58:52.853000
2026-08-15,14:15,Perth,14:15 PERTH,Glen To Glen,0,2,False,35,0.0,False,False,Standard Form,2026-08-15 12:58:52.853000
2026-08-15,14:15,Perth,14:15 PERTH,Ras Kassar,0,2,False,99,0.0,False,False,Standard Form,2026-08-15 12:58:52.853000
2026-08-15,14:15,Perth,14:15 PERTH,Kinbara Firstdraft,3,4,False,93,0.0,False,True,Front Runner (+3),2026-08-15 12:58:52.857000
2026-08-15,14:15,Perth,14:15 PERTH,Follow Your Luck,4,5,False,15,0.4,False,True,"Stride Decay (0.4m), Front Runner (+3)",2026-08-15 12:58:52.860000
2026-08-15,16:35,Dundalk,16:35 DUNDALK,Apercu,0,1,False,11,0.0,False,False,Standard Form,2026-08-15 12:58:52.860000
2026-08-15,16:35,Dundalk,16:35 DUNDALK,Genoah,0,1,False,100,0.0,False,False,Standard Form,2026-08-15 12:58:52.860000
2026-08-15,16:35,Dundalk,16:35 DUNDALK,Slieve Binnian,0,1,False,46,0.0,False,False,Standard Form,2026-08-15 12:58:52.860000
2026-08-15,16:35,Dundalk,16:35 DUNDALK,Crypto Force,0,1,False,41,0.0,False,False,Standard Form,2026-08-15 12:58:52.860000
2026-08-15,16:35,Dundalk,16:35 DUNDALK,Steel Cut,0,1,False,99,0.0,False,False,Standard Form,2026-08-15 12:58:52.860000
2026-08-15,16:35,Dundalk,16:35 DUNDALK,Quatre Bras,0,1,False,9,0.0,False,False,Standard Form,2026-08-15 12:58:52.860000
2026-08-15,16:35,Dundalk,16:35 DUNDALK,Follow Me,0,1,False,23,0.0,False,False,Standard Form,2026-08-15 12:58:52.860000
2026-08-15,16:35,Dundalk,16:35 DUNDALK,Touch The Moon,1,8,False,180,0.0,True,True,"Discipline Issue (dwelt/hung), Front Runner (+3)",2026-08-15 12:58:52.860000
2026-08-15,16:35,Dundalk,16:35 DUNDALK,Tribal Star,1,8,False,35,0.0,True,True,"Discipline Issue (dwelt/hung), Front Runner (+3)",2026-08-15 12:58:52.860000
2026-08-15,16:35,Dundalk,16:35 DUNDALK,Star Harbour,3,10,False,12,0.0,False,True,Front Runner (+3),2026-08-15 12:58:52.860000
2026-08-15,16:35,Dundalk,16:35 DUNDALK,Iron Fist,3,10,False,21,0.0,False,True,Front Runner (+3),2026-08-15 12:58:52.860000
2026-08-15,16:35,Dundalk,16:35 DUNDALK,Beauparc,3,10,False,10,0.0,False,True,Front Runner (+3),2026-08-15 12:58:52.860000
2026-08-15,16:35,Dundalk,16:35 DUNDALK,Cala Bonita,3,10,False,40,0.0,False,True,Front Runner (+3),2026-08-15 12:58:52.860000
2026-08-15,16:35,Dundalk,16:35 DUNDALK,Nermal,3,10,False,21,0.0,False,True,Front Runner (+3),2026-08-15 12:58:52.863000
2026-08-15,16:20,Newbury,16:20 NEWBURY,Tryfan,-2,1,True,41,0.0,True,False,Discipline Issue (dwelt/hung),2026-08-15 12:58:52.863000
2026-08-15,16:20,Newbury,16:20 NEWBURY,Nicator,-1,2,True,113,0.0,True,True,"Discipline Issue (dwelt/hung), Front Runner (+3)",2026-08-15 12:58:52.867000
2026-08-15,16:20,Newbury,16:20 NEWBURY,Great Bedwyn,0,3,False,40,0.0,False,False,Standard Form,2026-08-15 12:58:52.867000
2026-08-15,16:20,Newbury,16:20 NEWBURY,Pinatique,0,3,False,99,0.0,False,False,Standard Form,2026-08-15 12:58:52.867000
2026-08-15,16:20,Newbury,16:20 NEWBURY,Masterinthewoods,1,5,False,222,0.0,True,True,"Discipline Issue (dwelt/hung), Front Runner (+3)",2026-08-15 12:58:52.870000
2026-08-15,16:20,Newbury,16:20 NEWBURY,Explode,2,6,False,22,0.0,False,True,Front Runner (+3),2026-08-15 12:58:52.870000
2026-08-15,15:30,Dundalk,15:30 DUNDALK,Equus Victor,-2,1,True,99,0.0,True,False,Discipline Issue (dwelt/hung),2026-08-15 12:58:52.870000
2026-08-15,15:30,Dundalk,15:30 DUNDALK,Aachen,0,2,False,108,0.0,False,False,Standard Form,2026-08-15 12:58:52.870000
2026-08-15,15:30,Dundalk,15:30 DUNDALK,Epic Arch,0,2,False,99,0.0,False,False,Standard Form,2026-08-15 12:58:52.870000
2026-08-15,15:30,Dundalk,15:30 DUNDALK,Highest Order,0,2,False,99,0.0,False,False,Standard Form,2026-08-15 12:58:52.873000
2026-08-15,15:30,Dundalk,15:30 DUNDALK,Ile de France,0,2,False,99,0.0,False,False,Standard Form,2026-08-15 12:58:52.873000
2026-08-15,15:30,Dundalk,15:30 DUNDALK,King Paddy,0,2,False,620,0.0,False,False,Standard Form,2026-08-15 12:58:52.873000
2026-08-15,15:30,Dundalk,15:30 DUNDALK,Magna Cum Laude,0,2,False,99,0.0,False,False,Standard Form,2026-08-15 12:58:52.873000
2026-08-15,15:30,Dundalk,15:30 DUNDALK,Moliere,0,2,False,99,0.0,False,False,Standard Form,2026-08-15 12:58:52.873000
2026-08-15,15:30,Dundalk,15:30 DUNDALK,Verona Basilica,0,2,False,99,0.0,False,False,Standard Form,2026-08-15 12:58:52.873000
2026-08-15,15:30,Dundalk,15:30 DUNDALK,Alreem,0,2,False,99,0.0,False,False,Standard Form,2026-08-15 12:58:52.873000
2026-08-15,15:30,Dundalk,15:30 DUNDALK,Bex Noir,0,2,False,99,0.0,False,False,Standard Form,2026-08-15 12:58:52.877000
2026-08-15,15:30,Dundalk,15:30 DUNDALK,Lusted,0,2,False,99,0.0,False,False,Standard Form,2026-08-15 12:58:52.877000
2026-08-15,15:30,Dundalk,15:30 DUNDALK,Youveonlyonemother,0,2,False,99,0.0,False,False,Standard Form,2026-08-15 12:58:52.877000
2026-08-15,19:16,Lingfield Park,19:16 LINGFIELD,Makes Me Wonder,-4,1,True,59,0.4,False,False,Stride Decay (0.4m),2026-08-15 12:58:52.880000
2026-08-15,19:16,Lingfield Park,19:16 LINGFIELD,Equion,-2,2,True,13,0.0,False,False,Standard Form,2026-08-15 12:58:52.883000
2026-08-15,19:16,Lingfield Park,19:16 LINGFIELD,Wrist Art,0,3,False,10,0.0,False,False,Standard Form,2026-08-15 12:58:52.883000
2026-08-15,19:16,Lingfield Park,19:16 LINGFIELD,Borderline Madness,0,3,False,16,0.0,False,False,Standard Form,2026-08-15 12:58:52.883000
2026-08-15,19:16,Lingfield Park,19:16 LINGFIELD,Monks Mead,2,5,False,28,-0.7,False,True,Front Runner (+3),2026-08-15 12:58:52.887000
2026-08-15,19:16,Lingfield Park,19:16 LINGFIELD,Sceptic,3,6,False,18,0.0,False,True,Front Runner (+3),2026-08-15 12:58:52.890000
2026-08-15,19:16,Lingfield Park,19:16 LINGFIELD,Sansanetti,3,6,False,225,0.0,False,True,Front Runner (+3),2026-08-15 12:58:52.890000
2026-08-15,19:16,Lingfield Park,19:16 LINGFIELD,Pure Theory,3,6,False,45,0.0,False,True,Front Runner (+3),2026-08-15 12:58:52.890000
2026-08-15,13:15,Dundalk,13:15 DUNDALK,Nebrook Star,-6,1,True,177,0.3,True,False,"Discipline Issue (dwelt/hung), Stride Decay (0.3m)",2026-08-15 12:58:52.893000
2026-08-15,13:15,Dundalk,13:15 DUNDALK,Famed Again,-2,2,True,219,0.0,True,False,Discipline Issue (dwelt/hung),2026-08-15 12:58:52.893000
2026-08-15,13:15,Dundalk,13:15 DUNDALK,Eager Lad,0,3,False,99,0.0,False,False,Standard Form,2026-08-15 12:58:52.893000
2026-08-15,13:15,Dundalk,13:15 DUNDALK,Optics,0,3,False,99,0.0,False,False,Standard Form,2026-08-15 12:58:52.893000
2026-08-15,13:15,Dundalk,13:15 DUNDALK,McHenry Sunrise,0,3,False,150,0.0,False,False,Standard Form,2026-08-15 12:58:52.893000
2026-08-15,13:15,Dundalk,13:15 DUNDALK,Osterode,0,3,False,99,0.0,False,False,Standard Form,2026-08-15 12:58:52.893000
2026-08-15,13:15,Dundalk,13:15 DUNDALK,Strikepoint,0,3,False,99,0.0,False,False,Standard Form,2026-08-15 12:58:52.897000
2026-08-15,13:15,Dundalk,13:15 DUNDALK,Beach Barbie,0,3,False,13,0.0,False,False,Standard Form,2026-08-15 12:58:52.897000
2026-08-15,13:15,Dundalk,13:15 DUNDALK,Tudor Flame,0,3,False,99,0.0,False,False,Standard Form,2026-08-15 12:58:52.897000
2026-08-15,13:15,Dundalk,13:15 DUNDALK,Off We Go,0,3,False,99,0.0,False,False,Standard Form,2026-08-15 12:58:52.897000
2026-08-15,13:15,Dundalk,13:15 DUNDALK,Forbidden,2,11,False,7,0.0,False,False,Quick Return (7d),2026-08-15 12:58:52.897000
2026-08-15,13:15,Dundalk,13:15 DUNDALK,Grande Cuvee,3,12,False,27,0.0,False,True,Front Runner (+3),2026-08-15 12:58:52.897000
2026-08-15,13:15,Dundalk,13:15 DUNDALK,Institute,3,12,False,22,0.0,False,True,Front Runner (+3),2026-08-15 12:58:52.897000
2026-08-15,13:15,Dundalk,13:15 DUNDALK,White Smoke,3,12,False,35,0.0,False,True,Front Runner (+3),2026-08-15 12:58:52.897000
2026-08-15,13:25,Newbury,13:25 NEWBURY,Rebel Rocker,-1,1,True,160,0.0,False,False,Standard Form,2026-08-15 12:58:52.897000
2026-08-15,13:25,Newbury,13:25 NEWBURY,Mount Atlas,0,2,False,33,0.0,False,False,Standard Form,2026-08-15 12:58:52.897000
2026-08-15,13:25,Newbury,13:25 NEWBURY,Dubai Honour,2,3,False,19,0.0,False,True,Front Runner (+3),2026-08-15 12:58:52.897000
2026-08-15,13:25,Newbury,13:25 NEWBURY,Gamrai,3,4,False,35,0.0,False,True,Front Runner (+3),2026-08-15 12:58:52.897000
2026-08-15,13:25,Newbury,13:25 NEWBURY,Wine Dark Sea,3,4,False,211,0.0,False,True,Front Runner (+3),2026-08-15 12:58:52.897000
2026-08-15,13:25,Newbury,13:25 NEWBURY,Tabletalk,3,4,False,244,0.0,False,True,Front Runner (+3),2026-08-15 12:58:52.900000
2026-08-15,16:40,Perth,16:40 PERTH,Collingham,-1,1,True,19,2.9,False,True,"Stride Decay (2.9m), Front Runner (+3)",2026-08-15 12:58:52.900000
2026-08-15,16:40,Perth,16:40 PERTH,Shantou Show,0,2,False,32,0.0,False,False,Standard Form,2026-08-15 12:58:52.900000
2026-08-15,16:40,Perth,16:40 PERTH,Ballydangan,0,2,False,28,0.0,False,False,Standard Form,2026-08-15 12:58:52.900000
2026-08-15,16:40,Perth,16:40 PERTH,Button Rock,0,2,False,56,0.0,False,False,Standard Form,2026-08-15 12:58:52.903000
2026-08-15,16:40,Perth,16:40 PERTH,McGregors Charge,1,5,False,13,0.0,False,True,Front Runner (+3),2026-08-15 12:58:52.903000
2026-08-15,16:40,Perth,16:40 PERTH,Le Malin,1,5,False,16,0.0,True,True,"Discipline Issue (dwelt/hung), Front Runner (+3)",2026-08-15 12:58:52.903000
2026-08-15,16:40,Perth,16:40 PERTH,Edgewell,3,7,False,15,0.0,False,True,Front Runner (+3),2026-08-15 12:58:52.903000
2026-08-15,19:04,Market Rasen,19:04 MARKET RASEN,Belvedere Blast,-2,1,True,19,0.0,False,False,Standard Form,2026-08-15 12:58:52.907000
2026-08-15,19:04,Market Rasen,19:04 MARKET RASEN,Parikarma,-2,1,True,26,0.1,False,False,Standard Form,2026-08-15 12:58:52.907000
2026-08-15,19:04,Market Rasen,19:04 MARKET RASEN,Kiwi De Cotte,0,3,False,99,0.0,False,False,Standard Form,2026-08-15 12:58:52.910000
2026-08-15,19:04,Market Rasen,19:04 MARKET RASEN,Ernest Gray,1,4,False,105,0.0,False,True,Front Runner (+3),2026-08-15 12:58:52.913000
2026-08-15,19:04,Market Rasen,19:04 MARKET RASEN,Ballintubber Boy,3,5,False,210,0.0,False,True,Front Runner (+3),2026-08-15 12:58:52.917000
2026-08-15,19:04,Market Rasen,19:04 MARKET RASEN,Lowlands,3,5,False,135,0.0,False,True,Front Runner (+3),2026-08-15 12:58:52.920000
2026-08-15,19:46,Lingfield Park,19:46 LINGFIELD,Mbappe,-2,1,True,7,0.0,True,False,"Discipline Issue (dwelt/hung), Quick Return (7d)",2026-08-15 12:58:52.920000
2026-08-15,19:46,Lingfield Park,19:46 LINGFIELD,Chapman's Peak,-2,1,True,19,0.0,True,False,Discipline Issue (dwelt/hung),2026-08-15 12:58:52.923000
2026-08-15,19:46,Lingfield Park,19:46 LINGFIELD,Credit Forgedd It,-1,3,False,23,0.9,False,True,"Stride Decay (0.9m), Front Runner (+3)",2026-08-15 12:58:52.927000
2026-08-15,19:46,Lingfield Park,19:46 LINGFIELD,Dark Rosa,0,4,False,19,0.0,False,False,Standard Form,2026-08-15 12:58:52.927000
2026-08-15,19:46,Lingfield Park,19:46 LINGFIELD,Fallacious Promise,0,4,False,79,0.0,False,False,Standard Form,2026-08-15 12:58:52.927000
2026-08-15,19:46,Lingfield Park,19:46 LINGFIELD,Shamacid,2,6,False,29,0.1,False,True,Front Runner (+3),2026-08-15 12:58:52.927000
2026-08-15,20:04,Market Rasen,20:04 MARKET RASEN,Red Trail,-1,1,True,28,0.9,False,True,"Stride Decay (0.9m), Front Runner (+3)",2026-08-15 12:58:52.930000
2026-08-15,20:04,Market Rasen,20:04 MARKET RASEN,God Of Fire,0,2,False,16,2.5,False,True,"Stride Decay (2.5m), Front Runner (+3)",2026-08-15 12:58:52.933000
2026-08-15,20:04,Market Rasen,20:04 MARKET RASEN,Lone Star,0,2,False,25,0.0,False,False,Standard Form,2026-08-15 12:58:52.933000
2026-08-15,20:04,Market Rasen,20:04 MARKET RASEN,Ballynoe Boy,1,4,False,28,0.0,False,True,Front Runner (+3),2026-08-15 12:58:52.933000
2026-08-15,20:04,Market Rasen,20:04 MARKET RASEN,Four Decades,1,4,False,33,0.0,False,True,Front Runner (+3),2026-08-15 12:58:52.933000
2026-08-15,20:04,Market Rasen,20:04 MARKET RASEN,Fine Point,3,6,False,29,0.0,False,True,Front Runner (+3),2026-08-15 12:58:52.937000
2026-08-15,20:04,Market Rasen,20:04 MARKET RASEN,Ashdown Forest,3,6,False,16,0.0,False,True,Front Runner (+3),2026-08-15 12:58:52.937000
2026-08-15,20:04,Market Rasen,20:04 MARKET RASEN,No More Bolero,3,6,False,22,0.0,False,True,Front Runner (+3),2026-08-15 12:58:52.937000
2026-08-15,20:04,Market Rasen,20:04 MARKET RASEN,Quick Of The Night,3,6,False,5,0.0,False,True,"Front Runner (+3), Quick Return (5d)",2026-08-15 12:58:52.940000
2026-08-15,20:04,Market Rasen,20:04 MARKET RASEN,Papillondelumiere,3,6,False,48,0.0,False,True,Front Runner (+3),2026-08-15 12:58:52.943000
2026-08-15,14:43,Newmarket,14:43 NEWMARKET,Reem Rak,-2,1,True,134,0.0,False,False,Standard Form,2026-08-15 12:58:52.943000
2026-08-15,14:43,Newmarket,14:43 NEWMARKET,Queen Roslyn,-2,1,True,12,0.0,False,False,Standard Form,2026-08-15 12:58:52.943000
2026-08-15,14:43,Newmarket,14:43 NEWMARKET,Hello Friend,0,3,False,99,0.0,False,False,Standard Form,2026-08-15 12:58:52.943000
2026-08-15,14:43,Newmarket,14:43 NEWMARKET,Alma Latina,3,4,False,20,0.0,False,True,Front Runner (+3),2026-08-15 12:58:52.943000
2026-08-15,14:43,Newmarket,14:43 NEWMARKET,Dojin,3,4,False,26,0.0,False,True,Front Runner (+3),2026-08-15 12:58:52.947000
2026-08-15,14:43,Newmarket,14:43 NEWMARKET,Green Sky,3,4,False,5,0.0,False,True,"Front Runner (+3), Quick Return (5d)",2026-08-15 12:58:52.950000
2026-08-15,17:15,Perth,17:15 PERTH,Captain Mainwaring,-1,1,True,99,0.0,True,True,"Discipline Issue (dwelt/hung), Front Runner (+3)",2026-08-15 12:58:52.950000
2026-08-15,17:15,Perth,17:15 PERTH,Dark Tide Rising,0,2,False,99,0.0,False,False,Standard Form,2026-08-15 12:58:52.950000
2026-08-15,17:15,Perth,17:15 PERTH,Downtown Nashville,0,2,False,99,0.0,False,False,Standard Form,2026-08-15 12:58:52.953000
2026-08-15,17:15,Perth,17:15 PERTH,Game Shadow,0,2,False,99,0.0,False,False,Standard Form,2026-08-15 12:58:52.953000
2026-08-15,16:50,Tramore,16:50 TRAMORE,Essential Comedy,0,1,False,99,0.0,False,False,Standard Form,2026-08-15 12:58:52.957000
2026-08-15,16:50,Tramore,16:50 TRAMORE,Express Choise,0,1,False,99,0.0,False,False,Standard Form,2026-08-15 12:58:52.957000
2026-08-15,16:50,Tramore,16:50 TRAMORE,Mawhibah,0,1,False,99,0.0,False,False,Standard Form,2026-08-15 12:58:52.957000
2026-08-15,16:50,Tramore,16:50 TRAMORE,Phlox,0,1,False,99,0.0,False,False,Standard Form,2026-08-15 12:58:52.957000
2026-08-15,16:50,Tramore,16:50 TRAMORE,Sea Of The Celts,0,1,False,99,0.0,False,False,Standard Form,2026-08-15 12:58:52.957000
2026-08-15,16:50,Tramore,16:50 TRAMORE,U S Navy Spearhead,0,1,False,99,0.0,False,False,Standard Form,2026-08-15 12:58:52.957000
2026-08-15,17:05,Ripon,17:05 RIPON,Saxon Grace,-4,1,True,9,0.4,False,False,Stride Decay (0.4m),2026-08-15 12:58:52.960000
2026-08-15,17:05,Ripon,17:05 RIPON,War And Love,-3,2,True,24,1.2,True,True,"Discipline Issue (dwelt/hung), Stride Decay (1.2m), Front Runner (+3)",2026-08-15 12:58:52.963000
2026-08-15,17:05,Ripon,17:05 RIPON,Feliz Navidad,-2,3,False,99,0.0,True,False,Discipline Issue (dwelt/hung),2026-08-15 12:58:52.967000
2026-08-15,17:05,Ripon,17:05 RIPON,Sunny Orange,-2,3,False,10,0.0,True,False,Discipline Issue (dwelt/hung),2026-08-15 12:58:52.967000
2026-08-15,17:05,Ripon,17:05 RIPON,Riddikulus,-2,3,False,83,0.0,True,False,Discipline Issue (dwelt/hung),2026-08-15 12:58:52.970000
2026-08-15,17:05,Ripon,17:05 RIPON,Tiberio Force,-2,3,False,9,0.0,True,False,Discipline Issue (dwelt/hung),2026-08-15 12:58:52.970000
2026-08-15,17:05,Ripon,17:05 RIPON,Casilli,-2,3,False,12,0.0,False,False,Standard Form,2026-08-15 12:58:52.970000
2026-08-15,17:05,Ripon,17:05 RIPON,Woodleigh,0,8,False,13,0.0,False,False,Standard Form,2026-08-15 12:58:52.973000
2026-08-15,17:05,Ripon,17:05 RIPON,Marlena's Prince,0,8,False,99,0.0,False,False,Standard Form,2026-08-15 12:58:52.973000
2026-08-15,17:05,Ripon,17:05 RIPON,Horwich,0,8,False,23,0.0,False,False,Standard Form,2026-08-15 12:58:52.973000
2026-08-15,17:05,Ripon,17:05 RIPON,Magic Runner,1,11,False,17,-0.6,False,True,Front Runner (+3),2026-08-15 12:58:52.973000
2026-08-15,17:05,Ripon,17:05 RIPON,Hijo De La Luna,1,11,False,11,0.0,False,True,Front Runner (+3),2026-08-15 12:58:52.977000
2026-08-15,17:05,Ripon,17:05 RIPON,Little Ted,3,13,False,12,0.0,False,True,Front Runner (+3),2026-08-15 12:58:52.977000
2026-08-15,17:05,Ripon,17:05 RIPON,Kitsune Power,3,13,False,14,0.0,False,True,Front Runner (+3),2026-08-15 12:58:52.980000
2026-08-15,17:05,Ripon,17:05 RIPON,Daring Leader,3,13,False,38,0.0,False,True,Front Runner (+3),2026-08-15 12:58:52.980000
2026-08-15,17:25,Tramore,17:25 TRAMORE,Davy Crockett,0,1,False,24,0.0,False,False,Standard Form,2026-08-15 12:58:52.980000
2026-08-15,17:25,Tramore,17:25 TRAMORE,Nothingbutadream,0,1,False,27,0.0,False,False,Standard Form,2026-08-15 12:58:52.980000
2026-08-15,17:25,Tramore,17:25 TRAMORE,Onlytheriverknows,0,1,False,99,0.0,False,False,Standard Form,2026-08-15 12:58:52.980000
2026-08-15,17:25,Tramore,17:25 TRAMORE,Keep It Together,0,1,False,175,0.0,False,False,Standard Form,2026-08-15 12:58:52.980000
2026-08-15,17:25,Tramore,17:25 TRAMORE,Metallic,0,1,False,99,0.0,False,False,Standard Form,2026-08-15 12:58:52.980000
2026-08-15,17:25,Tramore,17:25 TRAMORE,Aiteall,0,1,False,99,0.0,False,False,Standard Form,2026-08-15 12:58:52.980000
2026-08-15,17:25,Tramore,17:25 TRAMORE,Solness,1,7,False,15,0.0,False,True,Front Runner (+3),2026-08-15 12:58:52.980000
2026-08-15,17:25,Tramore,17:25 TRAMORE,Glittering Gem,3,8,False,22,0.0,False,True,Front Runner (+3),2026-08-15 12:58:52.980000
2026-08-15,17:25,Tramore,17:25 TRAMORE,Shirzan,3,8,False,40,0.0,False,True,Front Runner (+3),2026-08-15 12:58:52.980000
2026-08-15,17:25,Tramore,17:25 TRAMORE,Kaleo Ametsa,3,8,False,136,0.0,False,True,Front Runner (+3),2026-08-15 12:58:52.980000
2026-08-15,18:46,Lingfield Park,18:46 LINGFIELD,Hierarchy,-2,1,True,55,0.0,True,False,Discipline Issue (dwelt/hung),2026-08-15 12:58:52.983000
2026-08-15,18:46,Lingfield Park,18:46 LINGFIELD,Kimbara,-1,2,True,16,1.2,False,True,"Stride Decay (1.2m), Front Runner (+3)",2026-08-15 12:58:52.987000
2026-08-15,18:46,Lingfield Park,18:46 LINGFIELD,Far Too Fizzy,-1,2,True,27,1.3,False,True,"Stride Decay (1.3m), Front Runner (+3)",2026-08-15 12:58:52.987000
2026-08-15,18:46,Lingfield Park,18:46 LINGFIELD,Sir Alfie,0,4,False,21,0.0,False,False,Standard Form,2026-08-15 12:58:52.990000
2026-08-15,18:46,Lingfield Park,18:46 LINGFIELD,Logi Bear,0,4,False,14,0.0,False,False,Standard Form,2026-08-15 12:58:52.990000
2026-08-15,18:46,Lingfield Park,18:46 LINGFIELD,Perdy In Paris,0,4,False,188,0.0,False,False,Standard Form,2026-08-15 12:58:52.990000
2026-08-15,18:46,Lingfield Park,18:46 LINGFIELD,Punchbowl Flyer,0,4,False,26,0.0,False,False,Standard Form,2026-08-15 12:58:52.990000
2026-08-15,18:46,Lingfield Park,18:46 LINGFIELD,Riley Rocks,3,8,False,84,-0.9,False,False,Standard Form,2026-08-15 12:58:52.990000
2026-08-15,15:55,Ripon,15:55 RIPON,Best Rate,-4,1,True,41,1.7,False,False,Stride Decay (1.7m),2026-08-15 12:58:52.993000
2026-08-15,15:55,Ripon,15:55 RIPON,High Point,-1,2,True,14,0.0,True,True,"Discipline Issue (dwelt/hung), Front Runner (+3)",2026-08-15 12:58:52.997000
2026-08-15,15:55,Ripon,15:55 RIPON,Capital Guarantee,0,3,False,23,0.0,False,False,Standard Form,2026-08-15 12:58:53
2026-08-15,15:55,Ripon,15:55 RIPON,Andesite,0,3,False,31,0.0,False,False,Standard Form,2026-08-15 12:58:53
2026-08-15,15:55,Ripon,15:55 RIPON,Advance Twentyfive,0,3,False,25,0.0,False,False,Standard Form,2026-08-15 12:58:53.003000
2026-08-15,15:55,Ripon,15:55 RIPON,Murashah,1,6,False,560,0.0,True,False,Discipline Issue (dwelt/hung),2026-08-15 12:58:53.003000
2026-08-15,15:55,Ripon,15:55 RIPON,His Finest Hour,2,7,False,39,0.0,False,True,Front Runner (+3),2026-08-15 12:58:53.007000
2026-08-15,15:55,Ripon,15:55 RIPON,Swiped,3,8,False,270,0.0,False,True,Front Runner (+3),2026-08-15 12:58:53.007000
2026-08-15,15:55,Ripon,15:55 RIPON,Garden Oasis,3,8,False,12,0.0,False,True,Front Runner (+3),2026-08-15 12:58:53.007000
2026-08-15,15:55,Ripon,15:55 RIPON,Barley,3,8,False,20,0.0,False,True,Front Runner (+3),2026-08-15 12:58:53.007000
2026-08-15,15:55,Ripon,15:55 RIPON,Jungle Ruler,3,8,False,31,0.0,False,True,Front Runner (+3),2026-08-15 12:58:53.007000
2026-08-15,14:10,Newmarket,14:10 NEWMARKET,Maelstrom,-4,1,True,24,2.8,False,False,Stride Decay (2.8m),2026-08-15 12:58:53.010000
2026-08-15,14:10,Newmarket,14:10 NEWMARKET,Archduke Ferdinand,-2,2,True,22,0.0,False,False,Standard Form,2026-08-15 12:58:53.013000
2026-08-15,14:10,Newmarket,14:10 NEWMARKET,Nevasca Cinza,-1,3,False,15,1.1,False,True,"Stride Decay (1.1m), Front Runner (+3)",2026-08-15 12:58:53.013000
2026-08-15,14:10,Newmarket,14:10 NEWMARKET,Act Of Violence,-1,3,False,26,1.1,False,True,"Stride Decay (1.1m), Front Runner (+3)",2026-08-15 12:58:53.017000
2026-08-15,14:10,Newmarket,14:10 NEWMARKET,Strike,0,5,False,10,0.0,False,False,Standard Form,2026-08-15 12:58:53.020000
2026-08-15,14:10,Newmarket,14:10 NEWMARKET,Cayman Tai,0,5,False,10,0.0,False,False,Standard Form,2026-08-15 12:58:53.020000
2026-08-15,14:10,Newmarket,14:10 NEWMARKET,Havana Blue,0,5,False,155,0.0,False,False,Standard Form,2026-08-15 12:58:53.023000
2026-08-15,14:10,Newmarket,14:10 NEWMARKET,First Folio,3,8,False,184,0.0,False,True,Front Runner (+3),2026-08-15 12:58:53.023000
2026-08-15,14:10,Newmarket,14:10 NEWMARKET,Secret Guest,3,8,False,9,0.0,False,True,Front Runner (+3),2026-08-15 12:58:53.027000
2026-08-15,14:10,Newmarket,14:10 NEWMARKET,Fancy Dancer,3,8,False,149,0.0,False,True,Front Runner (+3),2026-08-15 12:58:53.027000
2026-08-15,17:30,Market Rasen,17:30 MARKET RASEN,Credit Union,-1,1,True,86,4.6,False,True,"Stride Decay (4.6m), Front Runner (+3)",2026-08-15 12:58:53.030000
2026-08-15,17:30,Market Rasen,17:30 MARKET RASEN,Eagle One,-1,1,True,91,0.6,False,True,"Stride Decay (0.6m), Front Runner (+3)",2026-08-15 12:58:53.030000
2026-08-15,17:30,Market Rasen,17:30 MARKET RASEN,Arcimboldo,-1,1,True,33,1.2,False,True,"Stride Decay (1.2m), Front Runner (+3)",2026-08-15 12:58:53.030000
2026-08-15,17:30,Market Rasen,17:30 MARKET RASEN,Brosna Town,0,4,False,21,0.0,False,False,Standard Form,2026-08-15 12:58:53.033000
2026-08-15,17:30,Market Rasen,17:30 MARKET RASEN,Ifyouhaveaplan,0,4,False,99,0.0,False,False,Standard Form,2026-08-15 12:58:53.037000
2026-08-15,17:30,Market Rasen,17:30 MARKET RASEN,Just Keeps Rolling,0,4,False,300,0.0,False,False,Standard Form,2026-08-15 12:58:53.037000
2026-08-15,17:30,Market Rasen,17:30 MARKET RASEN,Way Maker,0,4,False,54,0.0,False,False,Standard Form,2026-08-15 12:58:53.037000
2026-08-15,17:30,Market Rasen,17:30 MARKET RASEN,Jentobello,1,8,False,34,0.0,False,True,Front Runner (+3),2026-08-15 12:58:53.037000
2026-08-15,17:30,Market Rasen,17:30 MARKET RASEN,Centurion's Sister,1,8,False,30,0.0,False,True,Front Runner (+3),2026-08-15 12:58:53.040000
2026-08-15,17:30,Market Rasen,17:30 MARKET RASEN,Park Hall,1,8,False,24,0.0,True,True,"Discipline Issue (dwelt/hung), Front Runner (+3)",2026-08-15 12:58:53.040000
2026-08-15,14:55,Ripon,14:55 RIPON,Tolstoy,-4,1,True,14,3.1,False,False,Stride Decay (3.1m),2026-08-15 12:58:53.040000
2026-08-15,14:55,Ripon,14:55 RIPON,Westmorian,-2,2,True,238,0.0,True,False,Discipline Issue (dwelt/hung),2026-08-15 12:58:53.043000
2026-08-15,14:55,Ripon,14:55 RIPON,Vince L'Amour,-2,2,True,9,0.0,True,False,Discipline Issue (dwelt/hung),2026-08-15 12:58:53.043000
2026-08-15,14:55,Ripon,14:55 RIPON,Mythical Composer,-1,4,False,65,0.0,True,True,"Discipline Issue (dwelt/hung), Front Runner (+3)",2026-08-15 12:58:53.047000
2026-08-15,14:55,Ripon,14:55 RIPON,Educating Rita,-1,4,False,12,0.7,False,True,"Stride Decay (0.7m), Front Runner (+3)",2026-08-15 12:58:53.047000
2026-08-15,14:55,Ripon,14:55 RIPON,Who Wants Me,0,6,False,201,0.0,False,False,Standard Form,2026-08-15 12:58:53.047000
2026-08-15,14:55,Ripon,14:55 RIPON,Dorney Lake,0,6,False,4,0.0,False,False,Quick Return (4d),2026-08-15 12:58:53.047000
2026-08-15,14:55,Ripon,14:55 RIPON,Roach Power,0,6,False,15,0.0,False,False,Standard Form,2026-08-15 12:58:53.047000
2026-08-15,14:55,Ripon,14:55 RIPON,Beyond Borders,0,6,False,38,0.0,False,False,Standard Form,2026-08-15 12:58:53.050000
2026-08-15,14:55,Ripon,14:55 RIPON,Roberto Caro,1,10,False,14,0.2,False,True,"Stride Decay (0.2m), Front Runner (+3)",2026-08-15 12:58:53.050000
2026-08-15,14:55,Ripon,14:55 RIPON,Glory Hyde,2,11,False,6,0.0,False,False,Quick Return (6d),2026-08-15 12:58:53.050000
2026-08-15,14:55,Ripon,14:55 RIPON,Woodstock,3,12,False,28,0.0,False,True,Front Runner (+3),2026-08-15 12:58:53.053000
2026-08-15,14:55,Ripon,14:55 RIPON,Anaisa,3,12,False,16,0.0,False,True,Front Runner (+3),2026-08-15 12:58:53.053000
2026-08-15,14:55,Ripon,14:55 RIPON,Grant Wood,3,12,False,25,0.0,False,True,Front Runner (+3),2026-08-15 12:58:53.053000
2026-08-15,14:55,Ripon,14:55 RIPON,Kats Bob,3,12,False,16,0.0,False,True,Front Runner (+3),2026-08-15 12:58:53.053000
2026-08-15,14:55,Ripon,14:55 RIPON,Magic Boy,3,12,False,17,0.0,False,False,Standard Form,2026-08-15 12:58:53.053000
2026-08-15,14:55,Ripon,14:55 RIPON,Go Vince Go,3,12,False,11,0.0,False,True,Front Runner (+3),2026-08-15 12:58:53.057000
2026-08-15,14:55,Ripon,14:55 RIPON,Mister Sox,3,12,False,16,0.0,False,True,Front Runner (+3),2026-08-15 12:58:53.057000
2026-08-15,14:55,Ripon,14:55 RIPON,Mark's Choice,3,12,False,28,0.0,False,True,Front Runner (+3),2026-08-15 12:58:53.057000
2026-08-15,14:55,Ripon,14:55 RIPON,Emperor Caradoc,5,20,False,7,0.0,False,True,"Front Runner (+3), Quick Return (7d)",2026-08-15 12:58:53.060000
2026-08-15,14:25,Dundalk,14:25 DUNDALK,Fox In Flight,-2,1,True,158,0.0,True,False,Discipline Issue (dwelt/hung),2026-08-15 12:58:53.060000
2026-08-15,14:25,Dundalk,14:25 DUNDALK,Black Forza,0,2,False,205,0.0,False,False,Standard Form,2026-08-15 12:58:53.060000
2026-08-15,14:25,Dundalk,14:25 DUNDALK,Collective Power,0,2,False,38,0.0,False,False,Standard Form,2026-08-15 12:58:53.060000
2026-08-15,14:25,Dundalk,14:25 DUNDALK,Dark Ace,0,2,False,43,0.0,False,False,Standard Form,2026-08-15 12:58:53.060000
2026-08-15,14:25,Dundalk,14:25 DUNDALK,Dandyville,0,2,False,16,0.0,False,False,Standard Form,2026-08-15 12:58:53.060000
2026-08-15,14:25,Dundalk,14:25 DUNDALK,Valiant Force,3,6,False,20,0.0,False,True,Front Runner (+3),2026-08-15 12:58:53.060000
2026-08-15,14:25,Dundalk,14:25 DUNDALK,Kerdos,3,6,False,20,0.0,False,True,Front Runner (+3),2026-08-15 12:58:53.060000
2026-08-15,14:25,Dundalk,14:25 DUNDALK,Sir Les Patterson,3,6,False,29,0.0,False,True,Front Runner (+3),2026-08-15 12:58:53.060000
2026-08-15,14:25,Dundalk,14:25 DUNDALK,Cuban Grey,3,6,False,27,0.0,False,True,Front Runner (+3),2026-08-15 12:58:53.060000
2026-08-15,14:25,Dundalk,14:25 DUNDALK,I Bid You Ajou,3,6,False,24,0.0,False,True,Front Runner (+3),2026-08-15 12:58:53.060000
2026-08-15,14:25,Dundalk,14:25 DUNDALK,Allsortz,3,6,False,22,0.0,False,True,Front Runner (+3),2026-08-15 12:58:53.060000
2026-08-15,14:25,Dundalk,14:25 DUNDALK,All The Girls,3,6,False,36,0.0,False,True,Front Runner (+3),2026-08-15 12:58:53.060000
2026-08-15,13:55,Newbury,13:55 NEWBURY,Hypnotised,-4,1,True,215,0.0,True,False,Discipline Issue (dwelt/hung),2026-08-15 12:58:53.060000
2026-08-15,13:55,Newbury,13:55 NEWBURY,Regal Envoy,0,2,False,14,0.0,False,False,Standard Form,2026-08-15 12:58:53.060000
2026-08-15,13:55,Newbury,13:55 NEWBURY,Wheels Of Fire,0,2,False,19,0.0,False,False,Standard Form,2026-08-15 12:58:53.063000
2026-08-15,13:55,Newbury,13:55 NEWBURY,Glamorous Breeze,0,2,False,251,0.0,False,False,Standard Form,2026-08-15 12:58:53.063000
2026-08-15,13:55,Newbury,13:55 NEWBURY,Kanishka,0,2,False,7,0.0,False,False,Quick Return (7d),2026-08-15 12:58:53.063000
2026-08-15,13:55,Newbury,13:55 NEWBURY,Seven Questions,0,2,False,15,0.0,False,False,Standard Form,2026-08-15 12:58:53.063000
2026-08-15,13:55,Newbury,13:55 NEWBURY,Ziggy's Triton,0,2,False,18,0.0,False,False,Standard Form,2026-08-15 12:58:53.063000
2026-08-15,13:55,Newbury,13:55 NEWBURY,Kinswoman,1,8,False,208,0.0,True,True,"Discipline Issue (dwelt/hung), Front Runner (+3)",2026-08-15 12:58:53.063000
2026-08-15,13:55,Newbury,13:55 NEWBURY,Major Neigh Sayer,1,8,False,174,0.0,False,True,Front Runner (+3),2026-08-15 12:58:53.067000
2026-08-15,13:55,Newbury,13:55 NEWBURY,River Spey,1,8,False,146,0.0,False,True,Front Runner (+3),2026-08-15 12:58:53.067000
2026-08-15,13:55,Newbury,13:55 NEWBURY,Hucklesbrook,3,11,False,21,0.0,False,True,Front Runner (+3),2026-08-15 12:58:53.067000
2026-08-15,13:55,Newbury,13:55 NEWBURY,Rhythm N Hooves,3,11,False,17,0.0,False,True,Front Runner (+3),2026-08-15 12:58:53.067000
2026-08-15,13:55,Newbury,13:55 NEWBURY,The Thames Boatman,5,13,False,5,0.0,False,True,"Front Runner (+3), Quick Return (5d)",2026-08-15 12:58:53.070000
2026-08-15,14:00,Doncaster,14:00 DONCASTER,Project Geofin,0,1,False,13,0.0,False,False,Standard Form,2026-08-15 12:58:53.070000
2026-08-15,14:00,Doncaster,14:00 DONCASTER,Amidst The Chaos,0,1,False,17,0.0,False,False,Standard Form,2026-08-15 12:58:53.070000
2026-08-15,14:00,Doncaster,14:00 DONCASTER,Echalar,0,1,False,11,0.0,False,False,Standard Form,2026-08-15 12:58:53.070000
2026-08-15,14:00,Doncaster,14:00 DONCASTER,Moonjid,0,1,False,34,0.0,False,False,Standard Form,2026-08-15 12:58:53.073000
2026-08-15,14:00,Doncaster,14:00 DONCASTER,Poet's Dawn,3,5,False,9,0.0,False,True,Front Runner (+3),2026-08-15 12:58:53.073000
2026-08-15,14:00,Doncaster,14:00 DONCASTER,Canvas,3,5,False,203,0.0,False,True,Front Runner (+3),2026-08-15 12:58:53.073000
2026-08-15,14:00,Doncaster,14:00 DONCASTER,Qitaal,3,5,False,37,0.0,False,True,Front Runner (+3),2026-08-15 12:58:53.073000
2026-08-15,15:37,Doncaster,15:37 DONCASTER,Thapa VC,-2,1,True,15,0.0,True,False,Discipline Issue (dwelt/hung),2026-08-15 12:58:53.073000
2026-08-15,15:37,Doncaster,15:37 DONCASTER,Sunriseontheboyne,-2,1,True,16,0.0,True,False,Discipline Issue (dwelt/hung),2026-08-15 12:58:53.077000
2026-08-15,15:37,Doncaster,15:37 DONCASTER,The Childe Of Hale,-2,1,True,172,0.0,False,False,Standard Form,2026-08-15 12:58:53.077000
2026-08-15,15:37,Doncaster,15:37 DONCASTER,War Howl,-2,1,True,27,0.0,True,False,Discipline Issue (dwelt/hung),2026-08-15 12:58:53.077000
2026-08-15,15:37,Doncaster,15:37 DONCASTER,Documenting,-1,5,False,194,0.5,False,True,"Stride Decay (0.5m), Front Runner (+3)",2026-08-15 12:58:53.080000
2026-08-15,15:37,Doncaster,15:37 DONCASTER,Bright,0,6,False,91,0.0,False,False,Standard Form,2026-08-15 12:58:53.080000
2026-08-15,15:37,Doncaster,15:37 DONCASTER,Imperial Guard,0,6,False,210,0.0,False,False,Standard Form,2026-08-15 12:58:53.080000
2026-08-15,15:37,Doncaster,15:37 DONCASTER,Rock Opera,0,6,False,15,0.0,False,False,Standard Form,2026-08-15 12:58:53.080000
2026-08-15,15:37,Doncaster,15:37 DONCASTER,Nyman,0,6,False,8,0.0,False,False,Standard Form,2026-08-15 12:58:53.080000
2026-08-15,15:37,Doncaster,15:37 DONCASTER,Age Of Baroque,0,6,False,23,0.0,False,False,Standard Form,2026-08-15 12:58:53.080000
2026-08-15,15:37,Doncaster,15:37 DONCASTER,Criminal Shore,1,11,False,20,0.0,True,True,"Discipline Issue (dwelt/hung), Front Runner (+3)",2026-08-15 12:58:53.083000
2026-08-15,15:37,Doncaster,15:37 DONCASTER,Bella Bisbee,3,12,False,12,0.0,False,True,Front Runner (+3),2026-08-15 12:58:53.083000
2026-08-15,15:37,Doncaster,15:37 DONCASTER,Starliner,3,12,False,11,0.0,False,True,Front Runner (+3),2026-08-15 12:58:53.087000
2026-08-15,17:13,Lingfield Park,17:13 LINGFIELD,Beggarman,-2,1,True,194,0.0,True,False,Discipline Issue (dwelt/hung),2026-08-15 12:58:53.087000
2026-08-15,17:13,Lingfield Park,17:13 LINGFIELD,Maywedance,-2,1,True,16,0.0,True,False,Discipline Issue (dwelt/hung),2026-08-15 12:58:53.090000
2026-08-15,17:13,Lingfield Park,17:13 LINGFIELD,Into Combat,-2,1,True,28,0.0,False,False,Standard Form,2026-08-15 12:58:53.090000
2026-08-15,17:13,Lingfield Park,17:13 LINGFIELD,Belle Of Kt,-1,4,False,15,-0.3,True,True,"Discipline Issue (dwelt/hung), Front Runner (+3)",2026-08-15 12:58:53.093000
2026-08-15,17:13,Lingfield Park,17:13 LINGFIELD,Louie's Folly,0,5,False,26,0.0,False,False,Standard Form,2026-08-15 12:58:53.097000
2026-08-15,17:13,Lingfield Park,17:13 LINGFIELD,Sea Of Charm,0,5,False,21,0.0,False,False,Standard Form,2026-08-15 12:58:53.097000
2026-08-15,17:13,Lingfield Park,17:13 LINGFIELD,Pureis King,1,7,False,27,0.0,False,True,Front Runner (+3),2026-08-15 12:58:53.097000
2026-08-15,17:13,Lingfield Park,17:13 LINGFIELD,Tenadaay,2,8,False,51,-0.5,False,True,Front Runner (+3),2026-08-15 12:58:53.097000
2026-08-15,17:13,Lingfield Park,17:13 LINGFIELD,Belle Amie,3,9,False,87,0.0,False,True,Front Runner (+3),2026-08-15 12:58:53.097000
2026-08-15,15:42,Newbury,15:42 NEWBURY,Another Encore,0,1,False,99,0.0,False,False,Standard Form,2026-08-15 12:58:53.097000
2026-08-15,15:42,Newbury,15:42 NEWBURY,Diamondise,0,1,False,99,0.0,False,False,Standard Form,2026-08-15 12:58:53.097000
2026-08-15,15:42,Newbury,15:42 NEWBURY,Gallego,0,1,False,4,0.0,True,False,"Discipline Issue (dwelt/hung), Quick Return (4d)",2026-08-15 12:58:53.100000
2026-08-15,15:42,Newbury,15:42 NEWBURY,Gambling Man,0,1,False,99,0.0,False,False,Standard Form,2026-08-15 12:58:53.100000
2026-08-15,15:42,Newbury,15:42 NEWBURY,Lots Road,0,1,False,99,0.0,False,False,Standard Form,2026-08-15 12:58:53.100000
2026-08-15,15:42,Newbury,15:42 NEWBURY,Maktoo,0,1,False,99,0.0,False,False,Standard Form,2026-08-15 12:58:53.100000
2026-08-15,15:42,Newbury,15:42 NEWBURY,Mister Whippy,0,1,False,99,0.0,False,False,Standard Form,2026-08-15 12:58:53.100000
2026-08-15,15:42,Newbury,15:42 NEWBURY,Mosheer,0,1,False,99,0.0,False,False,Standard Form,2026-08-15 12:58:53.100000
2026-08-15,15:42,Newbury,15:42 NEWBURY,Mr Montgomery,0,1,False,99,0.0,False,False,Standard Form,2026-08-15 12:58:53.100000
2026-08-15,15:42,Newbury,15:42 NEWBURY,Red Tail,0,1,False,99,0.0,False,False,Standard Form,2026-08-15 12:58:53.100000
2026-08-15,15:42,Newbury,15:42 NEWBURY,Saint Mungo,0,1,False,99,0.0,False,False,Standard Form,2026-08-15 12:58:53.100000
2026-08-15,15:42,Newbury,15:42 NEWBURY,San Jose,0,1,False,99,0.0,False,False,Standard Form,2026-08-15 12:58:53.100000
2026-08-15,15:42,Newbury,15:42 NEWBURY,Silent Force,0,1,False,99,0.0,False,False,Standard Form,2026-08-15 12:58:53.100000
2026-08-15,16:10,Doncaster,16:10 DONCASTER,Ancient State,-2,1,True,31,0.8,True,True,"Discipline Issue (dwelt/hung), Stride Decay (0.8m), Front Runner (+3)",2026-08-15 12:58:53.103000
2026-08-15,16:10,Doncaster,16:10 DONCASTER,Papa Cocktail,-2,1,True,22,0.0,True,False,Discipline Issue (dwelt/hung),2026-08-15 12:58:53.107000
2026-08-15,16:10,Doncaster,16:10 DONCASTER,Lion's House,-2,1,True,16,0.0,True,False,Discipline Issue (dwelt/hung),2026-08-15 12:58:53.110000
2026-08-15,16:10,Doncaster,16:10 DONCASTER,Justmyluck,-1,4,False,45,2.4,False,True,"Stride Decay (2.4m), Front Runner (+3)",2026-08-15 12:58:53.110000
2026-08-15,16:10,Doncaster,16:10 DONCASTER,Squealer,0,5,False,17,0.0,False,False,Standard Form,2026-08-15 12:58:53.113000
2026-08-15,16:10,Doncaster,16:10 DONCASTER,Golden Long,0,5,False,23,0.0,False,False,Standard Form,2026-08-15 12:58:53.113000
2026-08-15,16:10,Doncaster,16:10 DONCASTER,Brummell,0,5,False,19,0.0,False,False,Standard Form,2026-08-15 12:58:53.113000
2026-08-15,16:10,Doncaster,16:10 DONCASTER,County Carlow,3,8,False,23,0.0,False,True,Front Runner (+3),2026-08-15 12:58:53.113000
2026-08-15,16:10,Doncaster,16:10 DONCASTER,Flash Rascal,3,8,False,67,0.0,False,False,Standard Form,2026-08-15 12:58:53.113000
2026-08-15,16:10,Doncaster,16:10 DONCASTER,Zubaru,5,10,False,7,0.0,False,True,"Front Runner (+3), Quick Return (7d)",2026-08-15 12:58:53.117000
2026-08-15,16:45,Doncaster,16:45 DONCASTER,Snaafy,-1,1,True,11,0.7,False,True,"Stride Decay (0.7m), Front Runner (+3)",2026-08-15 12:58:53.120000
2026-08-15,16:45,Doncaster,16:45 DONCASTER,Taradif,0,2,False,99,0.0,False,False,Standard Form,2026-08-15 12:58:53.120000
2026-08-15,16:45,Doncaster,16:45 DONCASTER,Lady Hornblower,0,2,False,20,0.0,False,False,Standard Form,2026-08-15 12:58:53.120000
2026-08-15,16:45,Doncaster,16:45 DONCASTER,Vega's Virtue,0,2,False,15,0.0,False,False,Standard Form,2026-08-15 12:58:53.120000
2026-08-15,16:45,Doncaster,16:45 DONCASTER,Napolian,1,5,False,21,0.0,False,True,Front Runner (+3),2026-08-15 12:58:53.120000
2026-08-15,16:45,Doncaster,16:45 DONCASTER,Berlinetta,1,5,False,20,0.0,False,True,Front Runner (+3),2026-08-15 12:58:53.120000
2026-08-15,16:45,Doncaster,16:45 DONCASTER,Celtic Chariot,3,7,False,21,0.0,False,True,Front Runner (+3),2026-08-15 12:58:53.120000
2026-08-15,15:25,Ripon,15:25 RIPON,Eye Of Dubai,-2,1,True,140,0.0,False,False,Standard Form,2026-08-15 12:58:53.120000
2026-08-15,15:25,Ripon,15:25 RIPON,Musical Touch,-2,1,True,36,0.0,True,False,Discipline Issue (dwelt/hung),2026-08-15 12:58:53.120000
2026-08-15,15:25,Ripon,15:25 RIPON,Khafiz,0,3,False,14,0.0,False,False,Standard Form,2026-08-15 12:58:53.123000
2026-08-15,15:25,Ripon,15:25 RIPON,Aramram,0,3,False,27,0.0,False,False,Standard Form,2026-08-15 12:58:53.123000
2026-08-15,15:25,Ripon,15:25 RIPON,Fortification,0,3,False,59,0.0,False,False,Standard Form,2026-08-15 12:58:53.123000
2026-08-15,15:25,Ripon,15:25 RIPON,Flight Control,0,3,False,22,0.0,False,False,Standard Form,2026-08-15 12:58:53.123000
2026-08-15,15:25,Ripon,15:25 RIPON,Manila Scouse,0,3,False,9,0.0,False,False,Standard Form,2026-08-15 12:58:53.123000
2026-08-15,15:25,Ripon,15:25 RIPON,Dark Cloud Rising,0,3,False,18,0.0,False,False,Standard Form,2026-08-15 12:58:53.127000
2026-08-15,15:25,Ripon,15:25 RIPON,I'm Next,3,9,False,18,0.0,False,True,Front Runner (+3),2026-08-15 12:58:53.127000
2026-08-15,15:25,Ripon,15:25 RIPON,Lord Roxby,3,9,False,16,0.0,False,True,Front Runner (+3),2026-08-15 12:58:53.127000
2026-08-15,15:25,Ripon,15:25 RIPON,Royal Zabeel,3,9,False,35,0.0,False,True,Front Runner (+3),2026-08-15 12:58:53.127000
2026-08-15,15:25,Ripon,15:25 RIPON,Fast Track Harry,3,9,False,18,0.0,False,True,Front Runner (+3),2026-08-15 12:58:53.127000
2026-08-15,15:25,Ripon,15:25 RIPON,It Just Takes Time,3,9,False,22,0.0,False,True,Front Runner (+3),2026-08-15 12:58:53.127000
2026-08-15,15:25,Ripon,15:25 RIPON,Kodiac Thriller,3,9,False,22,0.0,False,True,Front Runner (+3),2026-08-15 12:58:53.127000
2026-08-15,15:25,Ripon,15:25 RIPON,Brighton Boy,3,9,False,10,0.0,False,True,Front Runner (+3),2026-08-15 12:58:53.127000
2026-08-15,19:25,Tramore,19:25 TRAMORE,Clear Quartz,0,1,False,35,0.0,False,False,Standard Form,2026-08-15 12:58:53.127000
2026-08-15,19:25,Tramore,19:25 TRAMORE,Spasiba,0,1,False,56,0.0,False,False,Standard Form,2026-08-15 12:58:53.127000
2026-08-15,19:25,Tramore,19:25 TRAMORE,Zoffman,0,1,False,24,0.0,False,False,Standard Form,2026-08-15 12:58:53.127000
2026-08-15,19:25,Tramore,19:25 TRAMORE,Way Down South,1,4,False,24,0.0,True,True,"Discipline Issue (dwelt/hung), Front Runner (+3)",2026-08-15 12:58:53.127000
2026-08-15,19:25,Tramore,19:25 TRAMORE,Dream On Baby,1,4,False,47,0.0,False,True,Front Runner (+3),2026-08-15 12:58:53.127000
2026-08-15,19:25,Tramore,19:25 TRAMORE,Plontier,3,6,False,74,0.0,False,True,Front Runner (+3),2026-08-15 12:58:53.127000
2026-08-15,19:25,Tramore,19:25 TRAMORE,Delta,3,6,False,102,0.0,False,True,Front Runner (+3),2026-08-15 12:58:53.130000
2026-08-15,19:25,Tramore,19:25 TRAMORE,Filey Bay,3,6,False,14,0.0,False,True,Front Runner (+3),2026-08-15 12:58:53.130000
2026-08-15,19:25,Tramore,19:25 TRAMORE,Miss Gitana,3,6,False,25,0.0,False,True,Front Runner (+3),2026-08-15 12:58:53.130000
2026-08-15,13:35,Newmarket,13:35 NEWMARKET,Al Qayed,0,1,False,99,0.0,False,False,Standard Form,2026-08-15 12:58:53.130000
2026-08-15,13:35,Newmarket,13:35 NEWMARKET,Bin Jahwar,0,1,False,99,0.0,False,False,Standard Form,2026-08-15 12:58:53.130000
2026-08-15,13:35,Newmarket,13:35 NEWMARKET,Waaqed,0,1,False,99,0.0,False,False,Standard Form,2026-08-15 12:58:53.130000
2026-08-15,18:34,Market Rasen,18:34 MARKET RASEN,Clean Getaway,-1,1,True,9,1.4,False,True,"Stride Decay (1.4m), Front Runner (+3)",2026-08-15 12:58:53.130000
2026-08-15,18:34,Market Rasen,18:34 MARKET RASEN,Belle Le Grand,0,2,False,46,0.0,False,False,Standard Form,2026-08-15 12:58:53.130000
2026-08-15,18:34,Market Rasen,18:34 MARKET RASEN,Miss Denver,0,2,False,11,0.0,False,False,Standard Form,2026-08-15 12:58:53.130000
2026-08-15,18:34,Market Rasen,18:34 MARKET RASEN,Ghasham,0,2,False,54,0.0,False,False,Standard Form,2026-08-15 12:58:53.133000
2026-08-15,18:34,Market Rasen,18:34 MARKET RASEN,My Friend Sean,1,5,False,30,0.0,False,True,Front Runner (+3),2026-08-15 12:58:53.137000
2026-08-15,18:34,Market Rasen,18:34 MARKET RASEN,Dog Fox,3,6,False,173,0.0,False,True,Front Runner (+3),2026-08-15 12:58:53.140000
2026-08-15,18:34,Market Rasen,18:34 MARKET RASEN,Gower Prince,3,6,False,31,0.0,False,True,Front Runner (+3),2026-08-15 12:58:53.140000
2026-08-15,18:34,Market Rasen,18:34 MARKET RASEN,Genbu,3,6,False,14,0.0,False,True,Front Runner (+3),2026-08-15 12:58:53.140000
2026-08-15,16:05,Perth,16:05 PERTH,The Last Cloud,0,1,False,35,0.0,False,False,Standard Form,2026-08-15 12:58:53.140000
2026-08-15,16:05,Perth,16:05 PERTH,Pure Gold,0,1,False,21,0.0,False,False,Standard Form,2026-08-15 12:58:53.140000
2026-08-15,16:05,Perth,16:05 PERTH,Medieval Gold,3,3,False,21,0.0,False,False,Standard Form,2026-08-15 12:58:53.140000
2026-08-15,16:05,Perth,16:05 PERTH,Filibustering,3,3,False,21,0.0,False,True,Front Runner (+3),2026-08-15 12:58:53.140000
2026-08-15,16:05,Perth,16:05 PERTH,Nap Hand,3,3,False,29,0.0,False,True,Front Runner (+3),2026-08-15 12:58:53.140000
2026-08-15,16:05,Perth,16:05 PERTH,Fidendum,3,3,False,22,0.0,False,True,Front Runner (+3),2026-08-15 12:58:53.143000
2026-08-15,16:05,Perth,16:05 PERTH,Scriabin,3,3,False,21,0.0,False,True,Front Runner (+3),2026-08-15 12:58:53.143000
2026-08-15,16:05,Perth,16:05 PERTH,Squeezebox,6,8,False,24,0.0,False,True,Front Runner (+3),2026-08-15 12:58:53.143000
2026-08-15,13:45,Ripon,13:45 RIPON,The First Drop,-2,1,True,99,0.0,True,False,Discipline Issue (dwelt/hung),2026-08-15 12:58:53.143000
2026-08-15,13:45,Ripon,13:45 RIPON,Special Operations,-2,1,True,99,0.0,True,False,Discipline Issue (dwelt/hung),2026-08-15 12:58:53.147000
2026-08-15,13:45,Ripon,13:45 RIPON,Tommo's Queen,-2,1,True,99,0.0,True,False,Discipline Issue (dwelt/hung),2026-08-15 12:58:53.147000
2026-08-15,13:45,Ripon,13:45 RIPON,Dee's Mochafella,0,4,False,99,0.0,False,False,Standard Form,2026-08-15 12:58:53.147000
2026-08-15,13:45,Ripon,13:45 RIPON,Bedwyr,0,4,False,99,0.0,False,False,Standard Form,2026-08-15 12:58:53.147000
2026-08-16,17:40,Southwell,17:40 SOUTHWELL,Ashj'Aa (A),0,1,False,99,0.0,False,False,Standard Form,2026-08-15 17:25:37.313000
2026-08-16,17:40,Southwell,17:40 SOUTHWELL,Jeewan (A),0,1,False,99,0.0,False,False,Standard Form,2026-08-15 17:25:37.317000
2026-08-16,17:40,Southwell,17:40 SOUTHWELL,Mayfair (A),0,1,False,99,0.0,False,False,Standard Form,2026-08-15 17:25:37.317000
2026-08-16,17:40,Southwell,17:40 SOUTHWELL,Mdawi (A),0,1,False,99,0.0,False,False,Standard Form,2026-08-15 17:25:37.320000
2026-08-16,13:35,Curragh,13:35 CURRAGH,Alrashdeyah,-2,1,True,99,0.0,True,False,Discipline Issue (dwelt/hung),2026-08-15 17:25:37.323000
2026-08-16,13:35,Curragh,13:35 CURRAGH,I Ready,0,2,False,99,0.0,False,False,Standard Form,2026-08-15 17:25:37.327000
2026-08-16,13:35,Curragh,13:35 CURRAGH,Shesthedevil,0,2,False,99,0.0,False,False,Standard Form,2026-08-15 17:25:37.327000
2026-08-16,13:35,Curragh,13:35 CURRAGH,Banks Of The Boyne,0,2,False,99,0.0,False,False,Standard Form,2026-08-15 17:25:37.330000
2026-08-16,13:35,Curragh,13:35 CURRAGH,Away And Gone,0,2,False,99,0.0,False,False,Standard Form,2026-08-15 17:25:37.333000
2026-08-16,13:35,Curragh,13:35 CURRAGH,Celestial Crown,0,2,False,99,0.0,False,False,Standard Form,2026-08-15 17:25:37.337000
2026-08-16,13:35,Curragh,13:35 CURRAGH,Howlin Wolf,0,2,False,99,0.0,False,False,Standard Form,2026-08-15 17:25:37.340000
2026-08-16,13:35,Curragh,13:35 CURRAGH,Mr Montauk,0,2,False,10,0.0,False,False,Standard Form,2026-08-15 17:25:37.340000
2026-08-16,13:35,Curragh,13:35 CURRAGH,High Morals,3,9,False,99,0.0,False,True,Front Runner (+3),2026-08-15 17:25:37.343000
2026-08-16,17:15,Pontefract,17:15 PONTEFRACT,Mr Seagull,-2,1,True,210,0.0,False,False,Standard Form,2026-08-15 17:25:37.347000
2026-08-16,17:15,Pontefract,17:15 PONTEFRACT,Jez Bomb,0,2,False,16,0.0,False,False,Standard Form,2026-08-15 17:25:37.350000
2026-08-16,17:15,Pontefract,17:15 PONTEFRACT,Farasi Lane,0,2,False,14,0.0,False,False,Standard Form,2026-08-15 17:25:37.350000
2026-08-16,17:15,Pontefract,17:15 PONTEFRACT,Shoof Baeed,0,2,False,99,0.0,False,False,Standard Form,2026-08-15 17:25:37.350000
2026-08-16,17:15,Pontefract,17:15 PONTEFRACT,Without Compromise,1,5,False,24,-0.3,False,True,Front Runner (+3),2026-08-15 17:25:37.353000
2026-08-16,17:15,Pontefract,17:15 PONTEFRACT,Financer,1,5,False,29,0.0,True,True,"Discipline Issue (dwelt/hung), Front Runner (+3)",2026-08-15 17:25:37.357000
2026-08-16,17:15,Pontefract,17:15 PONTEFRACT,Ammes,2,7,False,21,-26.8,False,True,Front Runner (+3),2026-08-15 17:25:37.360000
2026-08-16,17:15,Pontefract,17:15 PONTEFRACT,High Degree,3,8,False,202,0.0,False,True,Front Runner (+3),2026-08-15 17:25:37.360000
2026-08-16,14:35,Southwell,14:35 SOUTHWELL,Assiri Heights,-2,1,True,99,0.0,False,False,Standard Form,2026-08-15 17:25:37.363000
2026-08-16,14:35,Southwell,14:35 SOUTHWELL,Cullinan Wolf,0,2,False,99,0.0,False,False,Standard Form,2026-08-15 17:25:37.367000
2026-08-16,14:35,Southwell,14:35 SOUTHWELL,Wats On Tiger,0,2,False,99,0.0,False,False,Standard Form,2026-08-15 17:25:37.367000
2026-08-16,14:35,Southwell,14:35 SOUTHWELL,Blue Boy Junior,0,2,False,30,0.0,False,False,Standard Form,2026-08-15 17:25:37.370000
2026-08-16,14:35,Southwell,14:35 SOUTHWELL,Mercantile,0,2,False,99,0.0,False,False,Standard Form,2026-08-15 17:25:37.370000
2026-08-16,14:35,Southwell,14:35 SOUTHWELL,Jetpack Jimmy,0,2,False,99,0.0,False,False,Standard Form,2026-08-15 17:25:37.370000
2026-08-16,14:35,Southwell,14:35 SOUTHWELL,Salvezza,0,2,False,99,0.0,False,False,Standard Form,2026-08-15 17:25:37.373000
2026-08-16,14:35,Southwell,14:35 SOUTHWELL,Star Of The Desert,0,2,False,11,0.0,False,False,Standard Form,2026-08-15 17:25:37.377000
2026-08-16,14:35,Southwell,14:35 SOUTHWELL,Regal Desire,0,2,False,99,0.0,False,False,Standard Form,2026-08-15 17:25:37.380000
2026-08-16,14:35,Southwell,14:35 SOUTHWELL,Wyvill,0,2,False,99,0.0,False,False,Standard Form,2026-08-15 17:25:37.380000
2026-08-16,14:35,Southwell,14:35 SOUTHWELL,Palladas,6,11,False,99,0.0,False,True,Front Runner (+3),2026-08-15 17:25:37.383000
2026-08-16,14:00,Southwell,14:00 SOUTHWELL,Implied Volatility,-4,1,True,104,0.8,False,False,Stride Decay (0.8m),2026-08-15 17:25:37.387000
2026-08-16,14:00,Southwell,14:00 SOUTHWELL,Muddy Marvellous,-4,1,True,39,1.3,False,False,Stride Decay (1.3m),2026-08-15 17:25:37.387000
2026-08-16,14:00,Southwell,14:00 SOUTHWELL,Splinterwood,-2,3,False,26,0.0,False,False,Standard Form,2026-08-15 17:25:37.387000
2026-08-16,14:00,Southwell,14:00 SOUTHWELL,Have You A Minute,-2,3,False,34,-0.3,False,False,Standard Form,2026-08-15 17:25:37.390000
2026-08-16,14:00,Southwell,14:00 SOUTHWELL,Create,0,5,False,49,0.0,False,False,Standard Form,2026-08-15 17:25:37.390000
2026-08-16,14:00,Southwell,14:00 SOUTHWELL,Tardaff,0,5,False,262,0.0,False,False,Standard Form,2026-08-15 17:25:37.393000
2026-08-16,14:00,Southwell,14:00 SOUTHWELL,Mercurius Power,0,5,False,26,0.0,False,False,Standard Form,2026-08-15 17:25:37.393000
2026-08-16,14:00,Southwell,14:00 SOUTHWELL,Barleybrown,0,5,False,22,0.0,False,False,Standard Form,2026-08-15 17:25:37.393000
2026-08-16,14:00,Southwell,14:00 SOUTHWELL,Evelyn's Phoenix,0,5,False,16,0.0,False,False,Standard Form,2026-08-15 17:25:37.397000
2026-08-16,14:00,Southwell,14:00 SOUTHWELL,Heretic,0,5,False,17,0.0,False,False,Standard Form,2026-08-15 17:25:37.397000
2026-08-16,14:00,Southwell,14:00 SOUTHWELL,Ribston Pippin,3,11,False,21,0.0,False,True,Front Runner (+3),2026-08-15 17:25:37.400000
2026-08-16,14:00,Southwell,14:00 SOUTHWELL,Love You More,3,11,False,23,0.0,False,True,Front Runner (+3),2026-08-15 17:25:37.400000
2026-08-16,14:00,Southwell,14:00 SOUTHWELL,The Spotlight Kid,3,11,False,20,0.0,False,True,Front Runner (+3),2026-08-15 17:25:37.403000
2026-08-16,14:00,Southwell,14:00 SOUTHWELL,Timebar,3,11,False,341,0.0,False,True,Front Runner (+3),2026-08-15 17:25:37.403000
2026-08-16,18:45,Pontefract,18:45 PONTEFRACT,Alfa Whiteburd,-6,1,True,64,0.3,True,False,"Discipline Issue (dwelt/hung), Stride Decay (0.3m)",2026-08-15 17:25:37.407000
2026-08-16,18:45,Pontefract,18:45 PONTEFRACT,Mondammej,-2,2,True,5,1.5,False,False,"Stride Decay (1.5m), Quick Return (5d)",2026-08-15 17:25:37.410000
2026-08-16,18:45,Pontefract,18:45 PONTEFRACT,Russet Gold,0,3,False,18,0.0,False,False,Standard Form,2026-08-15 17:25:37.410000
2026-08-16,18:45,Pontefract,18:45 PONTEFRACT,Rare Change,0,3,False,16,0.0,False,False,Standard Form,2026-08-15 17:25:37.410000
2026-08-16,18:45,Pontefract,18:45 PONTEFRACT,Fiscal Policy,0,3,False,12,0.0,False,False,Standard Form,2026-08-15 17:25:37.413000
2026-08-16,18:45,Pontefract,18:45 PONTEFRACT,Veblen Good,3,6,False,236,-21.4,False,False,Standard Form,2026-08-15 17:25:37.413000
2026-08-16,18:45,Pontefract,18:45 PONTEFRACT,The Good Biscuit,3,6,False,9,0.0,False,True,Front Runner (+3),2026-08-15 17:25:37.417000
2026-08-16,18:45,Pontefract,18:45 PONTEFRACT,Yes I'm Mali,3,6,False,28,0.0,False,True,Front Runner (+3),2026-08-15 17:25:37.417000
2026-08-16,18:45,Pontefract,18:45 PONTEFRACT,Havana Rum,3,6,False,39,0.0,False,True,Front Runner (+3),2026-08-15 17:25:37.420000
2026-08-16,17:10,Southwell,17:10 SOUTHWELL,Massimo Blue,-4,1,True,48,0.0,True,False,Discipline Issue (dwelt/hung),2026-08-15 17:25:37.420000
2026-08-16,17:10,Southwell,17:10 SOUTHWELL,Lesley's Boy,-4,1,True,145,1.4,False,False,Stride Decay (1.4m),2026-08-15 17:25:37.420000
2026-08-16,17:10,Southwell,17:10 SOUTHWELL,Blackjack,-4,1,True,28,0.7,False,False,Stride Decay (0.7m),2026-08-15 17:25:37.420000
2026-08-16,17:10,Southwell,17:10 SOUTHWELL,Orange Emperor,-2,4,False,36,0.0,True,False,Discipline Issue (dwelt/hung),2026-08-15 17:25:37.423000
2026-08-16,17:10,Southwell,17:10 SOUTHWELL,Toptime,-1,5,False,25,2.7,False,True,"Stride Decay (2.7m), Front Runner (+3)",2026-08-15 17:25:37.427000
2026-08-16,17:10,Southwell,17:10 SOUTHWELL,Federal Envoy,-1,5,False,26,0.3,False,True,"Stride Decay (0.3m), Front Runner (+3)",2026-08-15 17:25:37.430000
2026-08-16,17:10,Southwell,17:10 SOUTHWELL,Tough Enough,-1,5,False,116,-0.1,False,False,Standard Form,2026-08-15 17:25:37.430000
2026-08-16,17:10,Southwell,17:10 SOUTHWELL,Big Apple Jack,0,8,False,25,0.0,False,False,Standard Form,2026-08-15 17:25:37.430000
2026-08-16,17:10,Southwell,17:10 SOUTHWELL,Torfrida,1,9,False,46,0.0,False,True,Front Runner (+3),2026-08-15 17:25:37.430000
2026-08-16,17:10,Southwell,17:10 SOUTHWELL,Great Success,1,9,False,127,0.0,False,True,Front Runner (+3),2026-08-15 17:25:37.430000
2026-08-16,17:10,Southwell,17:10 SOUTHWELL,On Key,3,11,False,9,0.0,False,True,Front Runner (+3),2026-08-15 17:25:37.430000
2026-08-16,17:10,Southwell,17:10 SOUTHWELL,Southern Warrior,3,11,False,46,0.0,False,True,Front Runner (+3),2026-08-15 17:25:37.433000
2026-08-16,17:10,Southwell,17:10 SOUTHWELL,Ahead Of Fashion,3,11,False,21,0.0,False,True,Front Runner (+3),2026-08-15 17:25:37.433000
2026-08-16,17:10,Southwell,17:10 SOUTHWELL,Starsong,3,11,False,12,0.0,False,True,Front Runner (+3),2026-08-15 17:25:37.433000
2026-08-15,13:45,Ripon,13:45 RIPON,Scarlet Dynasty,0,4,False,99,0.0,False,False,Standard Form,2026-08-15 12:58:53.147000
2026-08-15,13:45,Ripon,13:45 RIPON,Rule Of The Agency,0,4,False,99,0.0,False,False,Standard Form,2026-08-15 12:58:53.147000
2026-08-15,13:45,Ripon,13:45 RIPON,Old Oak,0,4,False,99,0.0,False,False,Standard Form,2026-08-15 12:58:53.147000
2026-08-15,13:45,Ripon,13:45 RIPON,London Rose,0,4,False,99,0.0,False,False,Standard Form,2026-08-15 12:58:53.147000
2026-08-15,13:45,Ripon,13:45 RIPON,Nosey Book,0,4,False,99,0.0,False,False,Standard Form,2026-08-15 12:58:53.147000
2026-08-15,13:45,Ripon,13:45 RIPON,Temple Court,0,4,False,99,0.0,False,False,Standard Form,2026-08-15 12:58:53.147000
2026-08-15,13:45,Ripon,13:45 RIPON,Coral Cove,3,12,False,15,0.0,False,True,Front Runner (+3),2026-08-15 12:58:53.147000
2026-08-15,13:45,Ripon,13:45 RIPON,Mad Jack,5,13,False,7,0.0,False,True,"Front Runner (+3), Quick Return (7d)",2026-08-15 12:58:53.150000
2026-08-16,15:20,Curragh,15:20 CURRAGH,Albany County,0,1,False,99,0.0,False,False,Standard Form,2026-08-15 17:25:37.433000
2026-08-16,15:20,Curragh,15:20 CURRAGH,Breath Of Paradise,0,1,False,99,0.0,False,False,Standard Form,2026-08-15 17:25:37.433000
2026-08-16,15:20,Curragh,15:20 CURRAGH,Dancinginthecity,0,1,False,99,0.0,False,False,Standard Form,2026-08-15 17:25:37.437000
2026-08-16,15:20,Curragh,15:20 CURRAGH,Grand Cru Classe,0,1,False,99,0.0,False,False,Standard Form,2026-08-15 17:25:37.437000
2026-08-16,15:20,Curragh,15:20 CURRAGH,Moon Sand,0,1,False,99,0.0,False,False,Standard Form,2026-08-15 17:25:37.440000
2026-08-16,15:20,Curragh,15:20 CURRAGH,Palazzo Serristori,0,1,False,99,0.0,False,False,Standard Form,2026-08-15 17:25:37.440000
2026-08-16,15:20,Curragh,15:20 CURRAGH,Play Of Light,0,1,False,99,0.0,False,False,Standard Form,2026-08-15 17:25:37.440000
2026-08-16,15:20,Curragh,15:20 CURRAGH,Thomas Chippendale,0,1,False,42,0.0,False,False,Standard Form,2026-08-15 17:25:37.440000
2026-08-16,15:20,Curragh,15:20 CURRAGH,Tommy Quick,0,1,False,99,0.0,False,False,Standard Form,2026-08-15 17:25:37.440000
2026-08-16,15:20,Curragh,15:20 CURRAGH,Zarak Pasha,0,1,False,99,0.0,False,False,Standard Form,2026-08-15 17:25:37.440000
2026-08-16,15:20,Curragh,15:20 CURRAGH,Angels Have Wings,0,1,False,99,0.0,False,False,Standard Form,2026-08-15 17:25:37.443000
2026-08-16,16:40,Southwell,16:40 SOUTHWELL,Smooth Flight,-2,1,True,99,0.0,True,False,Discipline Issue (dwelt/hung),2026-08-15 17:25:37.447000
2026-08-16,16:40,Southwell,16:40 SOUTHWELL,Cosmic Girl,-2,1,True,22,0.0,True,False,Discipline Issue (dwelt/hung),2026-08-15 17:25:37.450000
2026-08-16,16:40,Southwell,16:40 SOUTHWELL,Mr G Force,0,3,False,99,0.0,False,False,Standard Form,2026-08-15 17:25:37.450000
2026-08-16,16:40,Southwell,16:40 SOUTHWELL,Beautiful Rumour,0,3,False,99,0.0,False,False,Standard Form,2026-08-15 17:25:37.450000
2026-08-16,16:40,Southwell,16:40 SOUTHWELL,Oddjob,0,3,False,14,0.0,False,False,Standard Form,2026-08-15 17:25:37.450000
2026-08-16,16:40,Southwell,16:40 SOUTHWELL,Project Wallace,0,3,False,99,0.0,False,False,Standard Form,2026-08-15 17:25:37.450000
2026-08-16,16:40,Southwell,16:40 SOUTHWELL,Yordan,0,3,False,99,0.0,False,False,Standard Form,2026-08-15 17:25:37.450000
2026-08-16,16:40,Southwell,16:40 SOUTHWELL,El Ghuwah,0,3,False,99,0.0,False,False,Standard Form,2026-08-15 17:25:37.450000
2026-08-16,16:40,Southwell,16:40 SOUTHWELL,Black Orchid,0,3,False,99,0.0,False,False,Standard Form,2026-08-15 17:25:37.450000
2026-08-16,16:45,Pontefract,16:45 PONTEFRACT,Brazilian Rose,-4,1,True,21,2.0,False,False,Stride Decay (2.0m),2026-08-15 17:25:37.453000
2026-08-16,16:45,Pontefract,16:45 PONTEFRACT,Catching The Moon,-4,1,True,210,1.3,False,False,Stride Decay (1.3m),2026-08-15 17:25:37.453000
2026-08-16,16:45,Pontefract,16:45 PONTEFRACT,Arabian Dusk,-2,3,False,19,0.0,False,False,Standard Form,2026-08-15 17:25:37.457000
2026-08-16,16:45,Pontefract,16:45 PONTEFRACT,Magic Basma,0,4,False,20,0.0,False,False,Standard Form,2026-08-15 17:25:37.457000
2026-08-16,16:45,Pontefract,16:45 PONTEFRACT,Miss Nightcap,0,4,False,99,0.0,False,False,Standard Form,2026-08-15 17:25:37.457000
2026-08-16,16:45,Pontefract,16:45 PONTEFRACT,Dash Of Azure,1,6,False,217,0.0,True,True,"Discipline Issue (dwelt/hung), Front Runner (+3)",2026-08-15 17:25:37.460000
2026-08-16,16:45,Pontefract,16:45 PONTEFRACT,Killavia,1,6,False,29,0.0,False,True,Front Runner (+3),2026-08-15 17:25:37.460000
2026-08-16,16:45,Pontefract,16:45 PONTEFRACT,Royal Fixation,1,6,False,231,0.0,True,True,"Discipline Issue (dwelt/hung), Front Runner (+3)",2026-08-15 17:25:37.463000
2026-08-16,16:45,Pontefract,16:45 PONTEFRACT,Sing The Blues,1,6,False,27,0.0,True,True,"Discipline Issue (dwelt/hung), Front Runner (+3)",2026-08-15 17:25:37.463000
2026-08-16,16:45,Pontefract,16:45 PONTEFRACT,Ruby's Angel,3,10,False,242,0.0,False,True,Front Runner (+3),2026-08-15 17:25:37.463000
2026-08-16,16:45,Pontefract,16:45 PONTEFRACT,America Queen,4,11,False,200,0.0,True,True,"Discipline Issue (dwelt/hung), Front Runner (+3)",2026-08-15 17:25:37.463000
2026-08-16,17:45,Pontefract,17:45 PONTEFRACT,Fluorescence,-4,1,True,32,0.1,True,False,Discipline Issue (dwelt/hung),2026-08-15 17:25:37.467000
2026-08-16,17:45,Pontefract,17:45 PONTEFRACT,Badri,0,2,False,45,0.0,False,False,Standard Form,2026-08-15 17:25:37.470000
2026-08-16,17:45,Pontefract,17:45 PONTEFRACT,Rocking Ends,0,2,False,234,0.0,False,False,Standard Form,2026-08-15 17:25:37.470000
2026-08-16,17:45,Pontefract,17:45 PONTEFRACT,Vintage Clarets,0,2,False,33,0.0,False,False,Standard Form,2026-08-15 17:25:37.473000
2026-08-16,17:45,Pontefract,17:45 PONTEFRACT,Reigning Profit,0,2,False,21,0.0,False,False,Standard Form,2026-08-15 17:25:37.473000
2026-08-16,17:45,Pontefract,17:45 PONTEFRACT,Kylian,3,6,False,18,0.0,False,True,Front Runner (+3),2026-08-15 17:25:37.473000
2026-08-16,17:45,Pontefract,17:45 PONTEFRACT,One And Gone,3,6,False,14,0.0,False,True,Front Runner (+3),2026-08-15 17:25:37.473000
2026-08-16,17:45,Pontefract,17:45 PONTEFRACT,Baker Blue,4,8,False,12,0.3,False,True,"Stride Decay (0.3m), Front Runner (+3)",2026-08-15 17:25:37.477000
2026-08-16,17:25,Curragh,17:25 CURRAGH,Bold Optimist,0,1,False,14,0.0,False,False,Standard Form,2026-08-15 17:25:37.477000
2026-08-16,17:25,Curragh,17:25 CURRAGH,Happy Henry,0,1,False,13,0.0,False,False,Standard Form,2026-08-15 17:25:37.477000
2026-08-16,17:25,Curragh,17:25 CURRAGH,Surpass And Shine,0,1,False,19,0.0,False,False,Standard Form,2026-08-15 17:25:37.477000
2026-08-16,17:25,Curragh,17:25 CURRAGH,Heart Of Eternity,0,1,False,30,0.0,False,False,Standard Form,2026-08-15 17:25:37.477000
2026-08-16,17:25,Curragh,17:25 CURRAGH,Arctic Steps,3,5,False,14,0.0,False,True,Front Runner (+3),2026-08-15 17:25:37.480000
2026-08-16,17:25,Curragh,17:25 CURRAGH,Soulful Diva,3,5,False,36,0.0,False,True,Front Runner (+3),2026-08-15 17:25:37.480000
2026-08-16,17:25,Curragh,17:25 CURRAGH,Harry's Hill,3,5,False,217,0.0,False,True,Front Runner (+3),2026-08-15 17:25:37.480000
2026-08-16,17:25,Curragh,17:25 CURRAGH,Mary Shoelaces,3,5,False,212,0.0,False,True,Front Runner (+3),2026-08-15 17:25:37.483000
2026-08-16,17:25,Curragh,17:25 CURRAGH,Kiss Don't Tell,3,5,False,101,0.0,False,True,Front Runner (+3),2026-08-15 17:25:37.487000
2026-08-16,17:25,Curragh,17:25 CURRAGH,Ballysax Lil' Mick,3,5,False,84,0.0,False,True,Front Runner (+3),2026-08-15 17:25:37.487000
2026-08-16,17:25,Curragh,17:25 CURRAGH,Pure Valour,3,5,False,39,0.0,False,True,Front Runner (+3),2026-08-15 17:25:37.487000
2026-08-16,17:25,Curragh,17:25 CURRAGH,Lady Landhort,3,5,False,22,0.0,False,True,Front Runner (+3),2026-08-15 17:25:37.490000
2026-08-16,16:35,Tramore,16:35 TRAMORE,Bossing It,0,1,False,26,0.0,False,False,Standard Form,2026-08-15 17:25:37.490000
2026-08-16,16:35,Tramore,16:35 TRAMORE,Katherine,0,1,False,30,0.0,False,False,Standard Form,2026-08-15 17:25:37.490000
2026-08-16,16:35,Tramore,16:35 TRAMORE,Ray Gun,0,1,False,92,0.0,False,False,Standard Form,2026-08-15 17:25:37.490000
2026-08-16,16:35,Tramore,16:35 TRAMORE,Kingdom Calling,0,1,False,58,0.0,False,False,Standard Form,2026-08-15 17:25:37.490000
2026-08-16,16:35,Tramore,16:35 TRAMORE,Nobody,0,1,False,12,0.0,False,False,Standard Form,2026-08-15 17:25:37.493000
2026-08-16,16:35,Tramore,16:35 TRAMORE,Presenting Lad,3,6,False,189,0.0,False,True,Front Runner (+3),2026-08-15 17:25:37.493000
2026-08-16,16:35,Tramore,16:35 TRAMORE,Itsalonglongroad,3,6,False,14,0.0,False,True,Front Runner (+3),2026-08-15 17:25:37.493000
2026-08-16,16:35,Tramore,16:35 TRAMORE,Polly Poppins,3,6,False,7,0.0,True,True,"Discipline Issue (dwelt/hung), Front Runner (+3), Quick Return (7d)",2026-08-15 17:25:37.497000
2026-08-16,16:35,Tramore,16:35 TRAMORE,Ballinaboola Gold,3,6,False,23,0.0,False,True,Front Runner (+3),2026-08-15 17:25:37.500000
2026-08-16,16:35,Tramore,16:35 TRAMORE,Robin Elite,3,6,False,132,0.0,False,True,Front Runner (+3),2026-08-15 17:25:37.500000
2026-08-16,15:40,Southwell,15:40 SOUTHWELL,Great Dream,-4,1,True,17,1.4,False,False,Stride Decay (1.4m),2026-08-15 17:25:37.500000
2026-08-16,15:40,Southwell,15:40 SOUTHWELL,Willem Twee,-4,1,True,51,-24.5,True,False,Discipline Issue (dwelt/hung),2026-08-15 17:25:37.503000
2026-08-16,15:40,Southwell,15:40 SOUTHWELL,Midnight Thunder,-2,3,False,24,0.0,False,False,Standard Form,2026-08-15 17:25:37.503000
2026-08-16,15:40,Southwell,15:40 SOUTHWELL,Valvano,-2,3,False,154,-0.3,False,False,Standard Form,2026-08-15 17:25:37.503000
2026-08-16,15:40,Southwell,15:40 SOUTHWELL,Shiplake,-2,3,False,13,0.0,True,False,Discipline Issue (dwelt/hung),2026-08-15 17:25:37.507000
2026-08-16,15:40,Southwell,15:40 SOUTHWELL,Skipper,0,6,False,12,0.0,False,False,Standard Form,2026-08-15 17:25:37.507000
2026-08-16,15:40,Southwell,15:40 SOUTHWELL,Divine Libra,0,6,False,21,0.0,False,False,Standard Form,2026-08-15 17:25:37.507000
2026-08-16,15:40,Southwell,15:40 SOUTHWELL,Kisskodi,0,6,False,27,0.0,False,False,Standard Form,2026-08-15 17:25:37.507000
2026-08-16,15:40,Southwell,15:40 SOUTHWELL,Utmost Good Faith,1,9,False,33,0.0,True,True,"Discipline Issue (dwelt/hung), Front Runner (+3)",2026-08-15 17:25:37.510000
2026-08-16,15:40,Southwell,15:40 SOUTHWELL,Aurora Majesty,1,9,False,50,0.0,False,True,Front Runner (+3),2026-08-15 17:25:37.510000
2026-08-16,15:40,Southwell,15:40 SOUTHWELL,Tina's Indian,3,11,False,171,0.0,False,True,Front Runner (+3),2026-08-15 17:25:37.510000
2026-08-16,15:40,Southwell,15:40 SOUTHWELL,Dixieland Blues,3,11,False,18,0.0,False,False,Standard Form,2026-08-15 17:25:37.510000
2026-08-16,15:40,Southwell,15:40 SOUTHWELL,Legal Reform,6,13,False,14,-0.1,False,True,Front Runner (+3),2026-08-15 17:25:37.510000
2026-08-16,15:40,Southwell,15:40 SOUTHWELL,Sovereign Ocean,6,13,False,128,-0.1,False,True,Front Runner (+3),2026-08-15 17:25:37.513000
2026-08-16,16:10,Southwell,16:10 SOUTHWELL,Space Party,-4,1,True,99,1.2,False,False,Stride Decay (1.2m),2026-08-15 17:25:37.513000
2026-08-16,16:10,Southwell,16:10 SOUTHWELL,Cosmic Bond,-2,2,True,99,0.0,True,False,Discipline Issue (dwelt/hung),2026-08-15 17:25:37.513000
2026-08-16,16:10,Southwell,16:10 SOUTHWELL,Poison Arrow,-2,2,True,99,-0.1,False,False,Standard Form,2026-08-15 17:25:37.513000
2026-08-16,16:10,Southwell,16:10 SOUTHWELL,Storm Force,-1,4,False,99,0.0,True,True,"Discipline Issue (dwelt/hung), Front Runner (+3)",2026-08-15 17:25:37.517000
2026-08-16,16:10,Southwell,16:10 SOUTHWELL,Iron Dome,0,5,False,99,0.0,False,False,Standard Form,2026-08-15 17:25:37.517000
2026-08-16,16:10,Southwell,16:10 SOUTHWELL,Extended Credit,0,5,False,99,0.0,False,False,Standard Form,2026-08-15 17:25:37.517000
2026-08-16,16:10,Southwell,16:10 SOUTHWELL,Blazing Gaden,0,5,False,25,0.0,False,False,Standard Form,2026-08-15 17:25:37.517000
2026-08-16,16:10,Southwell,16:10 SOUTHWELL,Persian Gate,0,5,False,99,0.0,False,False,Standard Form,2026-08-15 17:25:37.517000
2026-08-16,16:10,Southwell,16:10 SOUTHWELL,Atomik,0,5,False,13,0.0,False,False,Standard Form,2026-08-15 17:25:37.517000
2026-08-16,16:10,Southwell,16:10 SOUTHWELL,I Can Dream,0,5,False,99,0.0,False,False,Standard Form,2026-08-15 17:25:37.520000
2026-08-16,18:15,Pontefract,18:15 PONTEFRACT,Campeona,-3,1,True,17,0.8,True,True,"Discipline Issue (dwelt/hung), Stride Decay (0.8m), Front Runner (+3)",2026-08-15 17:25:37.520000
2026-08-16,18:15,Pontefract,18:15 PONTEFRACT,Laafy,-2,2,True,20,0.0,False,False,Standard Form,2026-08-15 17:25:37.520000
2026-08-16,18:15,Pontefract,18:15 PONTEFRACT,Treasure Islands,0,3,False,26,0.0,False,False,Standard Form,2026-08-15 17:25:37.523000
2026-08-16,18:15,Pontefract,18:15 PONTEFRACT,Letsbefrank,0,3,False,21,0.0,False,False,Standard Form,2026-08-15 17:25:37.523000
2026-08-16,18:15,Pontefract,18:15 PONTEFRACT,Sixty Plus,3,5,False,16,0.0,False,True,Front Runner (+3),2026-08-15 17:25:37.523000
2026-08-16,18:15,Pontefract,18:15 PONTEFRACT,Pole Star,3,5,False,16,0.0,False,True,Front Runner (+3),2026-08-15 17:25:37.527000
2026-08-16,16:15,Pontefract,16:15 PONTEFRACT,Luna Celeste,-3,1,True,142,0.4,False,False,Stride Decay (0.4m),2026-08-15 17:25:37.530000
2026-08-16,16:15,Pontefract,16:15 PONTEFRACT,Quisana,0,2,False,99,0.0,False,False,Standard Form,2026-08-15 17:25:37.530000
2026-08-16,16:15,Pontefract,16:15 PONTEFRACT,Darzah,3,3,False,28,0.0,False,True,Front Runner (+3),2026-08-15 17:25:37.530000
2026-08-16,16:15,Pontefract,16:15 PONTEFRACT,Two B Tanned,3,3,False,11,0.0,False,True,Front Runner (+3),2026-08-15 17:25:37.530000
2026-08-16,16:15,Pontefract,16:15 PONTEFRACT,Si Grass,6,5,False,22,0.0,False,True,Front Runner (+3),2026-08-15 17:25:37.530000
2026-08-16,13:45,Tramore,13:45 TRAMORE,Cairo King,-2,1,True,252,0.0,False,False,Standard Form,2026-08-15 17:25:37.530000
2026-08-16,13:45,Tramore,13:45 TRAMORE,Ivatt,-2,1,True,29,0.0,False,False,Standard Form,2026-08-15 17:25:37.533000
2026-08-16,13:45,Tramore,13:45 TRAMORE,Captain Hanley,0,3,False,19,0.0,False,False,Standard Form,2026-08-15 17:25:37.537000
2026-08-16,13:45,Tramore,13:45 TRAMORE,Speed For Fun,0,3,False,99,0.0,False,False,Standard Form,2026-08-15 17:25:37.537000
2026-08-16,13:45,Tramore,13:45 TRAMORE,Sankofa,0,3,False,99,0.0,False,False,Standard Form,2026-08-15 17:25:37.537000
2026-08-16,13:45,Tramore,13:45 TRAMORE,Grabat,0,3,False,99,0.0,False,False,Standard Form,2026-08-15 17:25:37.537000
2026-08-16,13:45,Tramore,13:45 TRAMORE,Bobby Kirova,0,3,False,33,0.0,False,False,Standard Form,2026-08-15 17:25:37.537000
2026-08-16,13:45,Tramore,13:45 TRAMORE,Ballybollen,3,8,False,30,0.0,False,True,Front Runner (+3),2026-08-15 17:25:37.540000
2026-08-16,13:45,Tramore,13:45 TRAMORE,Penzance,3,8,False,39,0.0,False,True,Front Runner (+3),2026-08-15 17:25:37.540000
2026-08-16,13:45,Tramore,13:45 TRAMORE,Louiescall,3,8,False,21,0.0,False,True,Front Runner (+3),2026-08-15 17:25:37.543000
2026-08-16,16:55,Curragh,16:55 CURRAGH,Grayrobin,0,1,False,99,0.0,False,False,Standard Form,2026-08-15 17:25:37.543000
2026-08-16,16:55,Curragh,16:55 CURRAGH,Star Prospect,0,1,False,28,0.0,False,False,Standard Form,2026-08-15 17:25:37.543000
2026-08-16,16:55,Curragh,16:55 CURRAGH,April Mist,0,1,False,99,0.0,False,False,Standard Form,2026-08-15 17:25:37.543000
2026-08-16,16:55,Curragh,16:55 CURRAGH,Arrowstock,0,1,False,99,0.0,False,False,Standard Form,2026-08-15 17:25:37.543000
2026-08-16,16:55,Curragh,16:55 CURRAGH,Concorde Landed,0,1,False,99,0.0,False,False,Standard Form,2026-08-15 17:25:37.543000
2026-08-16,16:55,Curragh,16:55 CURRAGH,Brazilian Diva,0,1,False,99,0.0,False,False,Standard Form,2026-08-15 17:25:37.547000
2026-08-16,16:55,Curragh,16:55 CURRAGH,New Bond Street,0,1,False,99,0.0,False,False,Standard Form,2026-08-15 17:25:37.547000
2026-08-16,16:55,Curragh,16:55 CURRAGH,Stellar Path,0,1,False,99,0.0,False,False,Standard Form,2026-08-15 17:25:37.547000
2026-08-16,16:55,Curragh,16:55 CURRAGH,The Baddie,0,1,False,99,0.0,False,False,Standard Form,2026-08-15 17:25:37.547000
2026-08-16,16:55,Curragh,16:55 CURRAGH,Armor Supreme,3,10,False,14,0.0,False,True,Front Runner (+3),2026-08-15 17:25:37.547000
2026-08-16,16:05,Tramore,16:05 TRAMORE,Intense Approach,-2,1,True,12,0.0,False,False,Standard Form,2026-08-15 17:25:37.547000
2026-08-16,16:05,Tramore,16:05 TRAMORE,Watch The Weather,0,2,False,31,0.0,False,False,Standard Form,2026-08-15 17:25:37.547000
2026-08-16,16:05,Tramore,16:05 TRAMORE,Nastya,0,2,False,201,0.0,False,False,Standard Form,2026-08-15 17:25:37.547000
2026-08-16,16:05,Tramore,16:05 TRAMORE,Orkneys Jack,0,2,False,49,0.0,False,False,Standard Form,2026-08-15 17:25:37.547000
2026-08-16,16:05,Tramore,16:05 TRAMORE,A Snow White Park,0,2,False,19,0.0,False,False,Standard Form,2026-08-15 17:25:37.547000
2026-08-16,16:05,Tramore,16:05 TRAMORE,General Clermont,0,2,False,214,0.0,False,False,Standard Form,2026-08-15 17:25:37.550000
2026-08-16,16:05,Tramore,16:05 TRAMORE,Pourquoi Poi,0,2,False,28,0.0,False,False,Standard Form,2026-08-15 17:25:37.550000
2026-08-16,16:05,Tramore,16:05 TRAMORE,That's About Right,0,2,False,32,0.0,False,False,Standard Form,2026-08-15 17:25:37.550000
2026-08-16,16:05,Tramore,16:05 TRAMORE,Tullyveery Lad,3,9,False,15,0.0,False,True,Front Runner (+3),2026-08-15 17:25:37.550000
2026-08-16,16:05,Tramore,16:05 TRAMORE,Marv Michael,3,9,False,230,0.0,False,True,Front Runner (+3),2026-08-15 17:25:37.550000
2026-08-16,14:45,Curragh,14:45 CURRAGH,Bundle Of Interest,-2,1,True,183,0.0,True,False,Discipline Issue (dwelt/hung),2026-08-15 17:25:37.550000
2026-08-16,14:45,Curragh,14:45 CURRAGH,Tofino,-2,1,True,20,0.0,True,False,Discipline Issue (dwelt/hung),2026-08-15 17:25:37.553000
2026-08-16,14:45,Curragh,14:45 CURRAGH,Sancerre Rock,-2,1,True,10,0.0,True,False,Discipline Issue (dwelt/hung),2026-08-15 17:25:37.557000
2026-08-16,14:45,Curragh,14:45 CURRAGH,Pallatine Hills,0,4,False,190,0.0,False,False,Standard Form,2026-08-15 17:25:37.557000
2026-08-16,14:45,Curragh,14:45 CURRAGH,Avec Grand Plaisir,0,4,False,33,0.0,False,False,Standard Form,2026-08-15 17:25:37.557000
2026-08-16,14:45,Curragh,14:45 CURRAGH,Dinamine,0,4,False,263,0.0,False,False,Standard Form,2026-08-15 17:25:37.560000
2026-08-16,14:45,Curragh,14:45 CURRAGH,Lamberella,0,4,False,9,0.0,False,False,Standard Form,2026-08-15 17:25:37.560000
2026-08-16,14:45,Curragh,14:45 CURRAGH,Comfort Line,0,4,False,11,0.0,False,False,Standard Form,2026-08-15 17:25:37.560000
2026-08-16,14:45,Curragh,14:45 CURRAGH,Navajo Point,0,4,False,36,0.0,False,False,Standard Form,2026-08-15 17:25:37.560000
2026-08-16,14:45,Curragh,14:45 CURRAGH,Cannonball Queen,0,4,False,9,0.0,False,False,Standard Form,2026-08-15 17:25:37.560000
2026-08-16,14:45,Curragh,14:45 CURRAGH,Neo Smart,1,11,False,52,0.0,True,True,"Discipline Issue (dwelt/hung), Front Runner (+3)",2026-08-15 17:25:37.563000
2026-08-16,14:45,Curragh,14:45 CURRAGH,Marambo,1,11,False,14,0.0,True,True,"Discipline Issue (dwelt/hung), Front Runner (+3)",2026-08-15 17:25:37.567000
2026-08-16,14:45,Curragh,14:45 CURRAGH,Ella's Gold,3,13,False,32,0.0,False,True,Front Runner (+3),2026-08-15 17:25:37.567000
2026-08-16,14:45,Curragh,14:45 CURRAGH,Sherekiya,3,13,False,16,0.0,False,True,Front Runner (+3),2026-08-15 17:25:37.570000
2026-08-16,14:45,Curragh,14:45 CURRAGH,Alto Sax,3,13,False,38,0.0,False,True,Front Runner (+3),2026-08-15 17:25:37.570000
2026-08-16,14:45,Curragh,14:45 CURRAGH,Kitty Bear,5,16,False,6,0.0,False,True,"Front Runner (+3), Quick Return (6d)",2026-08-15 17:25:37.573000
2026-08-16,13:30,Southwell,13:30 SOUTHWELL,Wonder,-1,1,True,24,0.2,False,True,"Stride Decay (0.2m), Front Runner (+3)",2026-08-15 17:25:37.577000
2026-08-16,13:30,Southwell,13:30 SOUTHWELL,Mehmas Champion,0,2,False,99,0.0,False,False,Standard Form,2026-08-15 17:25:37.577000
2026-08-16,13:30,Southwell,13:30 SOUTHWELL,Naples,0,2,False,26,0.0,False,False,Standard Form,2026-08-15 17:25:37.577000
2026-08-16,13:30,Southwell,13:30 SOUTHWELL,Typical Woman,0,2,False,18,0.0,False,False,Standard Form,2026-08-15 17:25:37.577000
2026-08-16,13:30,Southwell,13:30 SOUTHWELL,Gallant Lion,0,2,False,21,0.0,False,False,Standard Form,2026-08-15 17:25:37.577000
2026-08-16,13:30,Southwell,13:30 SOUTHWELL,Bondi,1,6,False,35,0.0,False,True,Front Runner (+3),2026-08-15 17:25:37.580000
2026-08-16,13:30,Southwell,13:30 SOUTHWELL,Motazzen,3,7,False,48,0.0,False,True,Front Runner (+3),2026-08-15 17:25:37.580000
2026-08-16,13:30,Southwell,13:30 SOUTHWELL,Yaa Min,3,7,False,19,0.0,False,True,Front Runner (+3),2026-08-15 17:25:37.580000
2026-08-16,13:30,Southwell,13:30 SOUTHWELL,Cliff Danger,3,7,False,23,0.0,False,True,Front Runner (+3),2026-08-15 17:25:37.580000
2026-08-16,13:30,Southwell,13:30 SOUTHWELL,Domination,3,7,False,33,0.0,False,True,Front Runner (+3),2026-08-15 17:25:37.583000
2026-08-16,13:30,Southwell,13:30 SOUTHWELL,Jindri,6,11,False,21,0.0,False,True,Front Runner (+3),2026-08-15 17:25:37.583000
2026-08-16,13:30,Southwell,13:30 SOUTHWELL,Astrological,6,11,False,17,-0.3,False,True,Front Runner (+3),2026-08-15 17:25:37.583000
2026-08-16,14:10,Curragh,14:10 CURRAGH,Cromane,-2,1,True,99,0.0,True,False,Discipline Issue (dwelt/hung),2026-08-15 17:25:37.587000
2026-08-16,14:10,Curragh,14:10 CURRAGH,The Pipeman,0,2,False,99,0.0,False,False,Standard Form,2026-08-15 17:25:37.587000
2026-08-16,14:10,Curragh,14:10 CURRAGH,Cat Blade,0,2,False,99,0.0,False,False,Standard Form,2026-08-15 17:25:37.587000
2026-08-16,14:10,Curragh,14:10 CURRAGH,This That,0,2,False,99,0.0,False,False,Standard Form,2026-08-15 17:25:37.587000
2026-08-16,14:10,Curragh,14:10 CURRAGH,Run Johnny Run,0,2,False,99,0.0,False,False,Standard Form,2026-08-15 17:25:37.587000
2026-08-16,14:10,Curragh,14:10 CURRAGH,Williamsburg,0,2,False,99,0.0,False,False,Standard Form,2026-08-15 17:25:37.587000
2026-08-16,14:10,Curragh,14:10 CURRAGH,Kindacan,0,2,False,99,0.0,False,False,Standard Form,2026-08-15 17:25:37.590000
2026-08-16,14:10,Curragh,14:10 CURRAGH,Closed Loop,0,2,False,99,0.0,False,False,Standard Form,2026-08-15 17:25:37.590000
2026-08-16,14:10,Curragh,14:10 CURRAGH,Lion Of Fortune,0,2,False,99,0.0,False,False,Standard Form,2026-08-15 17:25:37.590000
2026-08-16,14:10,Curragh,14:10 CURRAGH,Coincidenza,0,2,False,99,0.0,False,False,Standard Form,2026-08-15 17:25:37.590000
2026-08-16,14:10,Curragh,14:10 CURRAGH,Heart Of You,0,2,False,99,0.0,False,False,Standard Form,2026-08-15 17:25:37.590000
2026-08-16,14:10,Curragh,14:10 CURRAGH,Fighting Tears,0,2,False,99,0.0,False,False,Standard Form,2026-08-15 17:25:37.590000
2026-08-16,14:10,Curragh,14:10 CURRAGH,Killashee Supreme,0,2,False,99,0.0,False,False,Standard Form,2026-08-15 17:25:37.590000
2026-08-16,14:10,Curragh,14:10 CURRAGH,Mickian Thomas,0,2,False,99,0.0,False,False,Standard Form,2026-08-15 17:25:37.590000
2026-08-16,14:10,Curragh,14:10 CURRAGH,Roeillaun,0,2,False,99,0.0,False,False,Standard Form,2026-08-15 17:25:37.590000
2026-08-16,14:10,Curragh,14:10 CURRAGH,Tavernise,0,2,False,99,0.0,False,False,Standard Form,2026-08-15 17:25:37.590000
2026-08-16,14:10,Curragh,14:10 CURRAGH,Savannah Sun,0,2,False,99,0.0,False,False,Standard Form,2026-08-15 17:25:37.590000
2026-08-16,14:10,Curragh,14:10 CURRAGH,Little Diva,0,2,False,99,0.0,False,False,Standard Form,2026-08-15 17:25:37.590000
2026-08-16,14:10,Curragh,14:10 CURRAGH,The Long Haul,3,19,False,38,0.0,False,True,Front Runner (+3),2026-08-15 17:25:37.590000
2026-08-16,16:25,Curragh,16:25 CURRAGH,Omni Man,0,1,False,21,0.0,False,False,Standard Form,2026-08-15 17:25:37.590000
2026-08-16,16:25,Curragh,16:25 CURRAGH,A Boy Named Susie,0,1,False,176,0.0,False,False,Standard Form,2026-08-15 17:25:37.590000
2026-08-16,16:25,Curragh,16:25 CURRAGH,Cowardofthecounty,2,3,False,7,0.0,False,False,Quick Return (7d),2026-08-15 17:25:37.590000
2026-08-16,16:25,Curragh,16:25 CURRAGH,Charles Fort,3,4,False,12,0.0,False,True,Front Runner (+3),2026-08-15 17:25:37.590000
2026-08-16,16:25,Curragh,16:25 CURRAGH,Rebel Ascendant,3,4,False,32,0.0,False,True,Front Runner (+3),2026-08-15 17:25:37.590000
2026-08-16,15:10,Southwell,15:10 SOUTHWELL,Peaceful Spirit,-4,1,True,238,1.0,False,False,Stride Decay (1.0m),2026-08-15 17:25:37.593000
2026-08-16,15:10,Southwell,15:10 SOUTHWELL,Rua Mor,-2,2,True,112,0.0,True,False,Discipline Issue (dwelt/hung),2026-08-15 17:25:37.597000
2026-08-16,15:10,Southwell,15:10 SOUTHWELL,Prosperity,-2,2,True,17,0.0,True,False,Discipline Issue (dwelt/hung),2026-08-15 17:25:37.600000
2026-08-16,15:10,Southwell,15:10 SOUTHWELL,Elite Approach,-2,2,True,99,-1.4,False,False,Standard Form,2026-08-15 17:25:37.600000
2026-08-16,15:10,Southwell,15:10 SOUTHWELL,Majestic Ruler,-2,2,True,99,0.0,True,False,Discipline Issue (dwelt/hung),2026-08-15 17:25:37.600000
2026-08-16,15:10,Southwell,15:10 SOUTHWELL,Ze Gucci Poochie,-2,2,True,99,0.0,True,False,Discipline Issue (dwelt/hung),2026-08-15 17:25:37.600000
2026-08-16,15:10,Southwell,15:10 SOUTHWELL,My Prerogative,-2,2,True,99,0.0,False,False,Standard Form,2026-08-15 17:25:37.600000
2026-08-16,15:10,Southwell,15:10 SOUTHWELL,Al Jolson,0,8,False,99,0.0,False,False,Standard Form,2026-08-15 17:25:37.600000
2026-08-16,15:10,Southwell,15:10 SOUTHWELL,Sotto Il Sasso,0,8,False,99,0.0,False,False,Standard Form,2026-08-15 17:25:37.603000
2026-08-16,15:10,Southwell,15:10 SOUTHWELL,Electric Gambler,0,8,False,99,0.0,False,False,Standard Form,2026-08-15 17:25:37.603000
2026-08-16,15:10,Southwell,15:10 SOUTHWELL,Savile Row,3,11,False,15,0.0,False,True,Front Runner (+3),2026-08-15 17:25:37.603000
2026-08-16,14:20,Tramore,14:20 TRAMORE,Annie's Angel,0,1,False,41,0.0,False,False,Standard Form,2026-08-15 17:25:37.603000
2026-08-16,14:20,Tramore,14:20 TRAMORE,Ina Mina,0,1,False,15,0.0,False,False,Standard Form,2026-08-15 17:25:37.603000
2026-08-16,14:20,Tramore,14:20 TRAMORE,Pahlavi,0,1,False,14,0.0,False,False,Standard Form,2026-08-15 17:25:37.603000
2026-08-16,14:20,Tramore,14:20 TRAMORE,Colesberg,0,1,False,26,0.0,False,False,Standard Form,2026-08-15 17:25:37.603000
2026-08-16,14:20,Tramore,14:20 TRAMORE,Lanzhou,0,1,False,25,0.0,False,False,Standard Form,2026-08-15 17:25:37.603000
2026-08-16,14:20,Tramore,14:20 TRAMORE,Glendower,0,1,False,342,0.0,False,False,Standard Form,2026-08-15 17:25:37.603000
2026-08-16,14:20,Tramore,14:20 TRAMORE,Cinnabar Moth,0,1,False,9,0.0,False,False,Standard Form,2026-08-15 17:25:37.603000
2026-08-16,14:20,Tramore,14:20 TRAMORE,Owl's Delight,0,1,False,23,0.0,False,False,Standard Form,2026-08-15 17:25:37.603000
2026-08-16,14:20,Tramore,14:20 TRAMORE,Maxios Lady,0,1,False,28,0.0,False,False,Standard Form,2026-08-15 17:25:37.603000
2026-08-16,14:20,Tramore,14:20 TRAMORE,Liberated Light,0,1,False,26,0.0,False,False,Standard Form,2026-08-15 17:25:37.603000
2026-08-16,14:20,Tramore,14:20 TRAMORE,Doyen Og,0,1,False,15,0.0,False,False,Standard Form,2026-08-15 17:25:37.607000
2026-08-16,14:20,Tramore,14:20 TRAMORE,Surviving Murmansk,0,1,False,43,0.0,False,False,Standard Form,2026-08-15 17:25:37.607000
2026-08-16,14:20,Tramore,14:20 TRAMORE,Truckers Cruising,3,13,False,129,0.0,False,True,Front Runner (+3),2026-08-15 17:25:37.607000
2026-08-16,14:20,Tramore,14:20 TRAMORE,Doctor Confusion,3,13,False,84,0.0,False,True,Front Runner (+3),2026-08-15 17:25:37.607000
2026-08-16,14:20,Tramore,14:20 TRAMORE,Depeche Mo,3,13,False,18,0.0,False,True,Front Runner (+3),2026-08-15 17:25:37.607000
2026-08-16,14:20,Tramore,14:20 TRAMORE,Vairue,3,13,False,11,0.0,False,True,Front Runner (+3),2026-08-15 17:25:37.610000
2026-08-16,17:05,Tramore,17:05 TRAMORE,Frau Blucher,0,1,False,99,0.0,False,False,Standard Form,2026-08-15 17:25:37.610000
2026-08-16,17:05,Tramore,17:05 TRAMORE,Lockeen Rose,0,1,False,99,0.0,False,False,Standard Form,2026-08-15 17:25:37.610000
2026-08-16,17:05,Tramore,17:05 TRAMORE,Moot Hall,0,1,False,99,0.0,False,False,Standard Form,2026-08-15 17:25:37.610000
2026-08-16,17:05,Tramore,17:05 TRAMORE,Super Freak,0,1,False,99,0.0,False,False,Standard Form,2026-08-15 17:25:37.610000
2026-08-16,17:05,Tramore,17:05 TRAMORE,Winnie Mcgoogan,0,1,False,99,0.0,False,False,Standard Form,2026-08-15 17:25:37.610000
2026-08-16,17:05,Tramore,17:05 TRAMORE,Village Dream,0,1,False,99,0.0,False,False,Standard Form,2026-08-15 17:25:37.610000
2026-08-16,17:05,Tramore,17:05 TRAMORE,Anna Quaintance,0,1,False,99,0.0,False,False,Standard Form,2026-08-15 17:25:37.610000
2026-08-16,17:05,Tramore,17:05 TRAMORE,A Chairde Go Leir,0,1,False,99,0.0,False,False,Standard Form,2026-08-15 17:25:37.610000
2026-08-16,17:05,Tramore,17:05 TRAMORE,Bluebell Breeze,0,1,False,99,0.0,False,False,Standard Form,2026-08-15 17:25:37.610000
2026-08-16,17:05,Tramore,17:05 TRAMORE,The Two Mary's,0,1,False,99,0.0,False,False,Standard Form,2026-08-15 17:25:37.610000
2026-08-16,17:05,Tramore,17:05 TRAMORE,Pamelaisbrass,3,11,False,99,0.0,False,True,Front Runner (+3),2026-08-15 17:25:37.610000
2026-08-16,17:05,Tramore,17:05 TRAMORE,Myluckymaker,3,11,False,28,0.0,False,True,Front Runner (+3),2026-08-15 17:25:37.610000
2026-08-16,15:45,Pontefract,15:45 PONTEFRACT,Magic Harry,0,1,False,99,0.0,False,False,Standard Form,2026-08-15 17:25:37.610000
2026-08-16,15:45,Pontefract,15:45 PONTEFRACT,North Coates,0,1,False,99,0.0,False,False,Standard Form,2026-08-15 17:25:37.613000
2026-08-16,15:45,Pontefract,15:45 PONTEFRACT,Princeland,0,1,False,99,0.0,False,False,Standard Form,2026-08-15 17:25:37.613000
2026-08-16,15:45,Pontefract,15:45 PONTEFRACT,Varzi,0,1,False,99,0.0,False,False,Standard Form,2026-08-15 17:25:37.613000
2026-08-16,15:45,Pontefract,15:45 PONTEFRACT,Diamondsforyou,0,1,False,99,0.0,False,False,Standard Form,2026-08-15 17:25:37.617000
2026-08-16,15:30,Tramore,15:30 TRAMORE,Costanuci,0,1,False,49,0.0,False,False,Standard Form,2026-08-15 17:25:37.617000
2026-08-16,15:30,Tramore,15:30 TRAMORE,Ellens Pride,0,1,False,28,0.0,False,False,Standard Form,2026-08-15 17:25:37.617000
2026-08-16,15:30,Tramore,15:30 TRAMORE,Straight Home,0,1,False,21,0.0,False,False,Standard Form,2026-08-15 17:25:37.617000
2026-08-16,15:30,Tramore,15:30 TRAMORE,Liss Eile,0,1,False,18,0.0,False,False,Standard Form,2026-08-15 17:25:37.617000
2026-08-16,15:30,Tramore,15:30 TRAMORE,Kaylasjet,0,1,False,99,0.0,False,False,Standard Form,2026-08-15 17:25:37.617000
2026-08-16,15:30,Tramore,15:30 TRAMORE,Carry On Heidi,1,6,False,37,0.0,True,True,"Discipline Issue (dwelt/hung), Front Runner (+3)",2026-08-15 17:25:37.620000
2026-08-16,15:30,Tramore,15:30 TRAMORE,La Note Verte,3,7,False,227,0.0,False,True,Front Runner (+3),2026-08-15 17:25:37.620000
2026-08-16,15:30,Tramore,15:30 TRAMORE,Future Prospect,3,7,False,25,0.0,False,True,Front Runner (+3),2026-08-15 17:25:37.620000
2026-08-16,15:30,Tramore,15:30 TRAMORE,Miss Fourie,3,7,False,37,0.0,False,True,Front Runner (+3),2026-08-15 17:25:37.620000
2026-08-16,15:55,Curragh,15:55 CURRAGH,Mighty Danu,-2,1,True,241,0.0,True,False,Discipline Issue (dwelt/hung),2026-08-15 17:25:37.620000
2026-08-16,15:55,Curragh,15:55 CURRAGH,Thyer,0,2,False,20,0.0,False,False,Standard Form,2026-08-15 17:25:37.620000
2026-08-16,15:55,Curragh,15:55 CURRAGH,Liberation Date,0,2,False,77,0.0,False,False,Standard Form,2026-08-15 17:25:37.620000
2026-08-16,15:55,Curragh,15:55 CURRAGH,Youcansaythatagain,0,2,False,99,0.0,False,False,Standard Form,2026-08-15 17:25:37.620000
2026-08-16,15:55,Curragh,15:55 CURRAGH,Blackjack Hills,0,2,False,16,0.0,False,False,Standard Form,2026-08-15 17:25:37.620000
2026-08-16,15:55,Curragh,15:55 CURRAGH,Guinelot,0,2,False,99,0.0,False,False,Standard Form,2026-08-15 17:25:37.620000
2026-08-16,15:55,Curragh,15:55 CURRAGH,Storzando,0,2,False,99,0.0,False,False,Standard Form,2026-08-15 17:25:37.620000
2026-08-16,15:55,Curragh,15:55 CURRAGH,Unterberg,1,8,False,14,-1.1,False,True,Front Runner (+3),2026-08-15 17:25:37.620000
2026-08-16,15:55,Curragh,15:55 CURRAGH,Admiral Will Brown,3,9,False,232,0.0,False,True,Front Runner (+3),2026-08-15 17:25:37.620000
2026-08-16,15:55,Curragh,15:55 CURRAGH,Great Mover,3,9,False,20,0.0,False,True,Front Runner (+3),2026-08-15 17:25:37.620000
2026-08-16,15:55,Curragh,15:55 CURRAGH,Sonoran,3,9,False,28,0.0,False,True,Front Runner (+3),2026-08-15 17:25:37.623000
2026-08-16,15:55,Curragh,15:55 CURRAGH,Nibras Rainbow,3,9,False,18,0.0,False,True,Front Runner (+3),2026-08-15 17:25:37.623000
2026-08-16,14:55,Tramore,14:55 TRAMORE,Something Fabulous,0,1,False,174,0.0,False,False,Standard Form,2026-08-15 17:25:37.623000
2026-08-16,14:55,Tramore,14:55 TRAMORE,Goodmancon,0,1,False,19,0.0,False,False,Standard Form,2026-08-15 17:25:37.623000
2026-08-16,14:55,Tramore,14:55 TRAMORE,L'as De Watt,0,1,False,190,0.0,False,False,Standard Form,2026-08-15 17:25:37.627000
2026-08-16,14:55,Tramore,14:55 TRAMORE,South Of Killerig,0,1,False,76,0.0,False,False,Standard Form,2026-08-15 17:25:37.627000
2026-08-16,14:55,Tramore,14:55 TRAMORE,Flowing Fast,0,1,False,99,0.0,False,False,Standard Form,2026-08-15 17:25:37.627000
2026-08-16,14:55,Tramore,14:55 TRAMORE,Eyecanboogie,0,1,False,106,0.0,False,False,Standard Form,2026-08-15 17:25:37.627000
2026-08-16,14:55,Tramore,14:55 TRAMORE,Bury Your Past,0,1,False,99,0.0,False,False,Standard Form,2026-08-15 17:25:37.627000
2026-08-16,14:55,Tramore,14:55 TRAMORE,Ajp Falco,1,8,False,13,0.0,True,True,"Discipline Issue (dwelt/hung), Front Runner (+3)",2026-08-15 17:25:37.627000
2026-08-16,14:55,Tramore,14:55 TRAMORE,Market Ready,3,9,False,14,0.0,False,True,Front Runner (+3),2026-08-15 17:25:37.627000
2026-08-16,14:55,Tramore,14:55 TRAMORE,Lady Lena,3,9,False,35,0.0,False,True,Front Runner (+3),2026-08-15 17:25:37.627000
2026-08-16,14:55,Tramore,14:55 TRAMORE,Thelittleredfox,3,9,False,170,0.0,False,True,Front Runner (+3),2026-08-15 17:25:37.627000
2026-08-17,17:10,Wolverhampton,17:10 WOLVERHAMPTON,Redredrobin,-1,1,True,293,1.6,False,True,"Stride Decay (1.6m), Front Runner (+3)",2026-08-16 21:17:11.690000
2026-08-17,17:10,Wolverhampton,17:10 WOLVERHAMPTON,So Sassy,0,2,False,32,0.0,False,False,Standard Form,2026-08-16 21:17:11.693000
2026-08-17,17:10,Wolverhampton,17:10 WOLVERHAMPTON,Amelia's Joy,0,2,False,41,0.0,False,False,Standard Form,2026-08-16 21:17:11.697000
2026-08-17,17:10,Wolverhampton,17:10 WOLVERHAMPTON,Ziggy's Queen,0,2,False,43,0.0,False,False,Standard Form,2026-08-16 21:17:11.700000
2026-08-17,17:10,Wolverhampton,17:10 WOLVERHAMPTON,Espanita,0,2,False,15,0.0,False,False,Standard Form,2026-08-16 21:17:11.700000
2026-08-17,17:10,Wolverhampton,17:10 WOLVERHAMPTON,Celtic Arrow,0,2,False,15,1.4,False,True,"Stride Decay (1.4m), Front Runner (+3)",2026-08-16 21:17:11.703000
2026-08-17,17:10,Wolverhampton,17:10 WOLVERHAMPTON,Angels' Share,0,2,False,21,0.0,False,False,Standard Form,2026-08-16 21:17:11.703000
2026-08-17,17:10,Wolverhampton,17:10 WOLVERHAMPTON,Dream Illusion,0,2,False,16,0.0,False,False,Standard Form,2026-08-16 21:17:11.707000
2026-08-17,17:10,Wolverhampton,17:10 WOLVERHAMPTON,South Coast Star,0,2,False,52,0.0,False,False,Standard Form,2026-08-16 21:17:11.710000
2026-08-17,17:10,Wolverhampton,17:10 WOLVERHAMPTON,Hamaleel,3,10,False,40,0.0,False,True,Front Runner (+3),2026-08-16 21:17:11.713000
2026-08-17,15:30,Lingfield Park,15:30 LINGFIELD,Le Rouge Chinois,-2,1,True,15,0.0,False,False,Standard Form,2026-08-16 21:17:11.717000
2026-08-17,15:30,Lingfield Park,15:30 LINGFIELD,Fornido,-2,1,True,14,-2.5,False,False,Standard Form,2026-08-16 21:17:11.720000
2026-08-17,15:30,Lingfield Park,15:30 LINGFIELD,Star Of Jupiter,-2,1,True,19,0.0,True,False,Discipline Issue (dwelt/hung),2026-08-16 21:17:11.723000
2026-08-17,15:30,Lingfield Park,15:30 LINGFIELD,Belle Of Kt,-1,4,False,15,-0.3,True,True,"Discipline Issue (dwelt/hung), Front Runner (+3)",2026-08-16 21:17:11.727000
2026-08-17,15:30,Lingfield Park,15:30 LINGFIELD,Animato,-1,4,False,24,0.9,False,True,"Stride Decay (0.9m), Front Runner (+3)",2026-08-16 21:17:11.730000
2026-08-17,15:30,Lingfield Park,15:30 LINGFIELD,Regally Blonde,3,6,False,21,0.0,False,True,Front Runner (+3),2026-08-16 21:17:11.733000
2026-08-17,19:10,Wolverhampton,19:10 WOLVERHAMPTON,Bill Plumb,-6,1,True,60,1.4,True,False,"Discipline Issue (dwelt/hung), Stride Decay (1.4m)",2026-08-16 21:17:11.737000
2026-08-17,19:10,Wolverhampton,19:10 WOLVERHAMPTON,Blue Force,-4,2,True,9,1.0,False,False,Stride Decay (1.0m),2026-08-16 21:17:11.740000
2026-08-17,19:10,Wolverhampton,19:10 WOLVERHAMPTON,Style King,-1,3,False,13,1.4,False,True,"Stride Decay (1.4m), Front Runner (+3)",2026-08-16 21:17:11.747000
2026-08-17,19:10,Wolverhampton,19:10 WOLVERHAMPTON,Maharajas Express,0,4,False,21,0.0,False,False,Standard Form,2026-08-16 21:17:11.753000
2026-08-17,19:10,Wolverhampton,19:10 WOLVERHAMPTON,Dicko The Legend,0,4,False,10,0.0,False,False,Standard Form,2026-08-16 21:17:11.753000
2026-08-17,19:10,Wolverhampton,19:10 WOLVERHAMPTON,Hectic,0,4,False,18,0.0,False,False,Standard Form,2026-08-16 21:17:11.760000
2026-08-17,19:10,Wolverhampton,19:10 WOLVERHAMPTON,In The City,1,7,False,293,0.0,True,True,"Discipline Issue (dwelt/hung), Front Runner (+3)",2026-08-16 21:17:11.767000
2026-08-17,19:10,Wolverhampton,19:10 WOLVERHAMPTON,Tiger Tulip,2,8,False,2,0.0,False,False,Quick Return (2d),2026-08-16 21:17:11.773000
2026-08-17,19:10,Wolverhampton,19:10 WOLVERHAMPTON,Travel Agent,3,9,False,21,0.0,False,True,Front Runner (+3),2026-08-16 21:17:11.780000
2026-08-17,19:10,Wolverhampton,19:10 WOLVERHAMPTON,Keldeo,3,9,False,19,0.0,False,True,Front Runner (+3),2026-08-16 21:17:11.787000
2026-08-17,17:00,Lingfield Park,17:00 LINGFIELD,Boston Run,-4,1,True,17,0.2,False,False,Stride Decay (0.2m),2026-08-16 21:17:11.790000
2026-08-17,17:00,Lingfield Park,17:00 LINGFIELD,Forca Timao,-2,2,True,52,-1.0,False,False,Standard Form,2026-08-16 21:17:11.797000
2026-08-17,17:00,Lingfield Park,17:00 LINGFIELD,Beta Reader,-2,2,True,36,0.0,True,False,Discipline Issue (dwelt/hung),2026-08-16 21:17:11.800000
2026-08-17,17:00,Lingfield Park,17:00 LINGFIELD,Six Blue,0,4,False,14,0.0,False,False,Standard Form,2026-08-16 21:17:11.807000
2026-08-17,17:00,Lingfield Park,17:00 LINGFIELD,Uzincso,3,5,False,42,0.0,False,True,Front Runner (+3),2026-08-16 21:17:11.810000
2026-08-17,17:00,Lingfield Park,17:00 LINGFIELD,Twilight Glow,3,5,False,37,0.0,False,True,Front Runner (+3),2026-08-16 21:17:11.817000
2026-08-17,17:00,Lingfield Park,17:00 LINGFIELD,Bergamo Gold,3,5,False,18,0.0,False,True,Front Runner (+3),2026-08-16 21:17:11.820000
2026-08-17,17:00,Lingfield Park,17:00 LINGFIELD,Hove Ranger,3,5,False,42,0.0,False,False,Standard Form,2026-08-16 21:17:11.820000
2026-08-17,17:40,Wolverhampton,17:40 WOLVERHAMPTON,Forest Berry,-2,1,True,21,0.0,True,False,Discipline Issue (dwelt/hung),2026-08-16 21:17:11.823000
2026-08-17,17:40,Wolverhampton,17:40 WOLVERHAMPTON,Clear Horizon,0,2,False,99,0.0,False,False,Standard Form,2026-08-16 21:17:11.823000
2026-08-17,17:40,Wolverhampton,17:40 WOLVERHAMPTON,Eagle Storm,0,2,False,8,0.0,False,False,Standard Form,2026-08-16 21:17:11.830000
2026-08-17,17:40,Wolverhampton,17:40 WOLVERHAMPTON,Halcon,0,2,False,99,0.0,False,False,Standard Form,2026-08-16 21:17:11.830000
2026-08-17,17:40,Wolverhampton,17:40 WOLVERHAMPTON,Heavenly Parole,0,2,False,99,0.0,False,False,Standard Form,2026-08-16 21:17:11.833000
2026-08-17,17:40,Wolverhampton,17:40 WOLVERHAMPTON,Pon Pon Dalia,0,2,False,99,0.0,False,False,Standard Form,2026-08-16 21:17:11.833000
2026-08-17,17:40,Wolverhampton,17:40 WOLVERHAMPTON,Steamy Wonder,0,2,False,99,0.0,False,False,Standard Form,2026-08-16 21:17:11.833000
2026-08-17,17:40,Wolverhampton,17:40 WOLVERHAMPTON,Theft,0,2,False,276,0.0,False,False,Standard Form,2026-08-16 21:17:11.840000
2026-08-17,17:40,Wolverhampton,17:40 WOLVERHAMPTON,Velma Dinkley,0,2,False,99,0.0,False,False,Standard Form,2026-08-16 21:17:11.840000
2026-08-17,18:40,Wolverhampton,18:40 WOLVERHAMPTON,Seed Ya Later,-2,1,True,16,0.0,True,False,Discipline Issue (dwelt/hung),2026-08-16 21:17:11.843000
2026-08-17,18:40,Wolverhampton,18:40 WOLVERHAMPTON,Angel Ang,0,2,False,99,0.0,False,False,Standard Form,2026-08-16 21:17:11.847000
2026-08-17,18:40,Wolverhampton,18:40 WOLVERHAMPTON,Rex Regum,0,2,False,99,0.0,False,False,Standard Form,2026-08-16 21:17:11.847000
2026-08-17,18:40,Wolverhampton,18:40 WOLVERHAMPTON,Sea Palace,0,2,False,99,0.0,False,False,Standard Form,2026-08-16 21:17:11.850000
2026-08-17,18:40,Wolverhampton,18:40 WOLVERHAMPTON,Unbeatable Fame,0,2,False,99,0.0,False,False,Standard Form,2026-08-16 21:17:11.850000
2026-08-17,18:40,Wolverhampton,18:40 WOLVERHAMPTON,Zohar,0,2,False,28,0.0,False,False,Standard Form,2026-08-16 21:17:11.850000
2026-08-17,18:40,Wolverhampton,18:40 WOLVERHAMPTON,Trust Yourself,0,2,False,99,0.0,False,False,Standard Form,2026-08-16 21:17:11.850000
2026-08-17,18:40,Wolverhampton,18:40 WOLVERHAMPTON,Invincible Isaac,1,8,False,22,-21.8,False,True,Front Runner (+3),2026-08-16 21:17:11.853000
2026-08-17,18:40,Wolverhampton,18:40 WOLVERHAMPTON,Greek Street,2,9,False,22,0.1,False,True,Front Runner (+3),2026-08-16 21:17:11.853000
2026-08-17,18:40,Wolverhampton,18:40 WOLVERHAMPTON,Cailin Aine,2,9,False,5,0.0,False,False,Quick Return (5d),2026-08-16 21:17:11.853000
2026-08-17,14:15,Catterick Bridge,14:15 CATTERICK BRIDGE,Spanish Hustle,-2,1,True,211,0.0,True,False,Discipline Issue (dwelt/hung),2026-08-16 21:17:11.857000
2026-08-17,14:15,Catterick Bridge,14:15 CATTERICK BRIDGE,Super Hit,0,2,False,13,0.0,False,False,Standard Form,2026-08-16 21:17:11.860000
2026-08-17,14:15,Catterick Bridge,14:15 CATTERICK BRIDGE,Mariner,0,2,False,23,0.0,False,False,Standard Form,2026-08-16 21:17:11.863000
2026-08-17,14:15,Catterick Bridge,14:15 CATTERICK BRIDGE,Shahbaz,1,4,False,12,0.2,False,True,"Stride Decay (0.2m), Front Runner (+3)",2026-08-16 21:17:11.867000
2026-08-17,14:15,Catterick Bridge,14:15 CATTERICK BRIDGE,Austrian Theory,3,5,False,29,0.0,False,True,Front Runner (+3),2026-08-16 21:17:11.870000
2026-08-17,14:15,Catterick Bridge,14:15 CATTERICK BRIDGE,Stellarmasterpiece,3,5,False,19,0.0,False,True,Front Runner (+3),2026-08-16 21:17:11.870000
2026-08-17,14:15,Catterick Bridge,14:15 CATTERICK BRIDGE,Star Start,3,5,False,10,0.0,False,True,Front Runner (+3),2026-08-16 21:17:11.873000
2026-08-17,18:55,Windsor,18:55 WINDSOR,Righthere Rightnow,-4,1,True,22,0.0,True,False,Discipline Issue (dwelt/hung),2026-08-16 21:17:11.877000
2026-08-17,18:55,Windsor,18:55 WINDSOR,Buccabay,-1,2,True,16,0.4,False,True,"Stride Decay (0.4m), Front Runner (+3)",2026-08-16 21:17:11.880000
2026-08-17,18:55,Windsor,18:55 WINDSOR,Under The Twilight,0,3,False,16,0.0,False,False,Standard Form,2026-08-16 21:17:11.883000
2026-08-17,18:55,Windsor,18:55 WINDSOR,Waistcoat,0,3,False,108,0.0,False,False,Standard Form,2026-08-16 21:17:11.887000
2026-08-17,18:55,Windsor,18:55 WINDSOR,Lequinto,0,3,False,20,0.0,False,False,Standard Form,2026-08-16 21:17:11.887000
2026-08-17,18:55,Windsor,18:55 WINDSOR,Ray Mon Dough,1,6,False,18,0.0,True,True,"Discipline Issue (dwelt/hung), Front Runner (+3)",2026-08-16 21:17:11.890000
2026-08-17,18:55,Windsor,18:55 WINDSOR,Cashbox,1,6,False,185,0.0,False,True,Front Runner (+3),2026-08-16 21:17:11.893000
2026-08-17,18:55,Windsor,18:55 WINDSOR,Amazonian Dream,3,8,False,16,0.0,False,True,Front Runner (+3),2026-08-16 21:17:11.897000
2026-08-17,18:55,Windsor,18:55 WINDSOR,Tenbob Tommy,6,9,False,91,0.0,False,True,Front Runner (+3),2026-08-16 21:17:11.900000
2026-08-17,15:15,Catterick Bridge,15:15 CATTERICK BRIDGE,Good Karma,-4,1,True,7,0.7,True,False,"Discipline Issue (dwelt/hung), Stride Decay (0.7m), Quick Return (7d)",2026-08-16 21:17:11.903000
2026-08-17,15:15,Catterick Bridge,15:15 CATTERICK BRIDGE,Quercus,-1,2,True,170,1.3,False,True,"Stride Decay (1.3m), Front Runner (+3)",2026-08-16 21:17:11.903000
2026-08-17,15:15,Catterick Bridge,15:15 CATTERICK BRIDGE,One Of Our Own,0,3,False,11,0.0,False,False,Standard Form,2026-08-16 21:17:11.903000
2026-08-17,15:15,Catterick Bridge,15:15 CATTERICK BRIDGE,Daytona Lady,0,3,False,16,0.0,False,False,Standard Form,2026-08-16 21:17:11.907000
2026-08-17,15:15,Catterick Bridge,15:15 CATTERICK BRIDGE,Papa Don't Preach,0,3,False,21,0.0,False,False,Standard Form,2026-08-16 21:17:11.910000
2026-08-17,15:15,Catterick Bridge,15:15 CATTERICK BRIDGE,Miss Rainbow,3,6,False,11,0.0,False,True,Front Runner (+3),2026-08-16 21:17:11.913000
2026-08-17,15:15,Catterick Bridge,15:15 CATTERICK BRIDGE,Barmyblade,3,6,False,12,0.0,False,True,Front Runner (+3),2026-08-16 21:17:11.913000
2026-08-17,15:15,Catterick Bridge,15:15 CATTERICK BRIDGE,Jm Jhingree,3,6,False,21,0.0,False,True,Front Runner (+3),2026-08-16 21:17:11.917000
2026-08-17,15:15,Catterick Bridge,15:15 CATTERICK BRIDGE,Edmond Halley,3,6,False,24,0.0,False,True,Front Runner (+3),2026-08-16 21:17:11.920000
2026-08-17,20:10,Wolverhampton,20:10 WOLVERHAMPTON,Optician,-4,1,True,200,-0.2,True,False,Discipline Issue (dwelt/hung),2026-08-16 21:17:11.920000
2026-08-17,20:10,Wolverhampton,20:10 WOLVERHAMPTON,Pace Attack,-4,1,True,20,0.3,False,False,Stride Decay (0.3m),2026-08-16 21:17:11.927000
2026-08-17,20:10,Wolverhampton,20:10 WOLVERHAMPTON,Choir Boy,-3,3,False,21,2.2,True,True,"Discipline Issue (dwelt/hung), Stride Decay (2.2m), Front Runner (+3)",2026-08-16 21:17:11.930000
2026-08-17,20:10,Wolverhampton,20:10 WOLVERHAMPTON,Pure Moon,-3,3,False,25,0.5,True,True,"Discipline Issue (dwelt/hung), Stride Decay (0.5m), Front Runner (+3)",2026-08-16 21:17:11.930000
2026-08-17,20:10,Wolverhampton,20:10 WOLVERHAMPTON,James Choice,-2,5,False,14,-0.4,False,False,Standard Form,2026-08-16 21:17:11.930000
2026-08-17,20:10,Wolverhampton,20:10 WOLVERHAMPTON,Serious Look,-1,6,False,28,0.5,False,True,"Stride Decay (0.5m), Front Runner (+3)",2026-08-16 21:17:11.930000
2026-08-17,20:10,Wolverhampton,20:10 WOLVERHAMPTON,Joseph,0,7,False,24,0.0,False,False,Standard Form,2026-08-16 21:17:11.930000
2026-08-17,20:10,Wolverhampton,20:10 WOLVERHAMPTON,Vaguer,0,7,False,99,0.0,False,False,Standard Form,2026-08-16 21:17:11.930000
2026-08-17,20:10,Wolverhampton,20:10 WOLVERHAMPTON,Prince Of Calypso,1,9,False,99,0.0,False,True,Front Runner (+3),2026-08-16 21:17:11.933000
2026-08-17,20:10,Wolverhampton,20:10 WOLVERHAMPTON,Sigliosa,3,10,False,60,0.0,False,True,Front Runner (+3),2026-08-16 21:17:11.933000
2026-08-17,20:10,Wolverhampton,20:10 WOLVERHAMPTON,Clansman,6,11,False,9,-0.3,False,True,Front Runner (+3),2026-08-16 21:17:11.933000
2026-08-17,19:25,Windsor,19:25 WINDSOR,Geemann,-6,1,True,27,1.4,True,False,"Discipline Issue (dwelt/hung), Stride Decay (1.4m)",2026-08-16 21:17:11.937000
2026-08-17,19:25,Windsor,19:25 WINDSOR,Reporter,-4,2,True,16,1.7,False,False,Stride Decay (1.7m),2026-08-16 21:17:11.940000
2026-08-17,19:25,Windsor,19:25 WINDSOR,Symbol of Hope,-4,2,True,29,1.4,False,False,Stride Decay (1.4m),2026-08-16 21:17:11.943000
2026-08-17,19:25,Windsor,19:25 WINDSOR,Sundiata Keita,-3,4,False,21,2.9,True,True,"Discipline Issue (dwelt/hung), Stride Decay (2.9m), Front Runner (+3)",2026-08-16 21:17:11.943000
2026-08-17,19:25,Windsor,19:25 WINDSOR,Rainbow Sorbet,-1,5,False,26,0.5,False,True,"Stride Decay (0.5m), Front Runner (+3)",2026-08-16 21:17:11.947000
2026-08-17,19:25,Windsor,19:25 WINDSOR,Nzuri,0,6,False,14,0.0,False,False,Standard Form,2026-08-16 21:17:11.950000
2026-08-17,19:25,Windsor,19:25 WINDSOR,Manhattan Chute,0,6,False,42,0.0,False,False,Standard Form,2026-08-16 21:17:11.953000
2026-08-17,19:25,Windsor,19:25 WINDSOR,Yes Waliim,0,6,False,14,0.0,False,False,Standard Form,2026-08-16 21:17:11.957000
2026-08-17,19:25,Windsor,19:25 WINDSOR,Sisters In The Sky,0,6,False,60,0.0,False,False,Standard Form,2026-08-16 21:17:11.957000
2026-08-17,19:25,Windsor,19:25 WINDSOR,Caitlin G,0,6,False,306,0.0,False,False,Standard Form,2026-08-16 21:17:11.957000
2026-08-17,19:25,Windsor,19:25 WINDSOR,Just King High,0,6,False,26,0.0,False,False,Standard Form,2026-08-16 21:17:11.960000
2026-08-17,19:25,Windsor,19:25 WINDSOR,Jackie Brown,3,12,False,15,0.0,False,True,Front Runner (+3),2026-08-16 21:17:11.960000
2026-08-17,15:00,Lingfield Park,15:00 LINGFIELD,Itica,-3,1,True,55,0.3,True,True,"Discipline Issue (dwelt/hung), Stride Decay (0.3m), Front Runner (+3)",2026-08-16 21:17:11.963000
2026-08-17,15:00,Lingfield Park,15:00 LINGFIELD,Inspectre,-2,2,True,99,0.0,True,False,Discipline Issue (dwelt/hung),2026-08-16 21:17:11.967000
2026-08-17,15:00,Lingfield Park,15:00 LINGFIELD,Justice Court,-1,3,False,99,0.0,False,False,Standard Form,2026-08-16 21:17:11.970000
2026-08-17,15:00,Lingfield Park,15:00 LINGFIELD,Marchmont,0,4,False,99,0.0,False,False,Standard Form,2026-08-16 21:17:11.973000
2026-08-17,15:00,Lingfield Park,15:00 LINGFIELD,Nascondino,0,4,False,99,0.0,False,False,Standard Form,2026-08-16 21:17:11.973000
2026-08-17,15:00,Lingfield Park,15:00 LINGFIELD,Gallant Pioneer,0,4,False,99,0.0,False,False,Standard Form,2026-08-16 21:17:11.977000
2026-08-17,15:00,Lingfield Park,15:00 LINGFIELD,Lady Blitzle,0,4,False,99,0.0,False,False,Standard Form,2026-08-16 21:17:11.980000
2026-08-17,15:00,Lingfield Park,15:00 LINGFIELD,Au Point,0,4,False,99,0.0,False,False,Standard Form,2026-08-16 21:17:11.980000
2026-08-17,15:00,Lingfield Park,15:00 LINGFIELD,Barbuda Bay,1,9,False,21,-0.5,False,True,Front Runner (+3),2026-08-16 21:17:11.983000
2026-08-17,15:00,Lingfield Park,15:00 LINGFIELD,Rapide Vega,3,10,False,177,0.0,False,True,Front Runner (+3),2026-08-16 21:17:11.983000
2026-08-17,14:30,Lingfield Park,14:30 LINGFIELD,Little Mester,-2,1,True,99,0.0,True,False,Discipline Issue (dwelt/hung),2026-08-16 21:17:11.987000
2026-08-17,14:30,Lingfield Park,14:30 LINGFIELD,Crazy Cubana,-2,1,True,99,0.0,True,False,Discipline Issue (dwelt/hung),2026-08-16 21:17:11.990000
2026-08-17,14:30,Lingfield Park,14:30 LINGFIELD,Magical Life,-1,3,False,11,1.3,False,True,"Stride Decay (1.3m), Front Runner (+3)",2026-08-16 21:17:11.993000
2026-08-17,14:30,Lingfield Park,14:30 LINGFIELD,Poppy Foxy,0,4,False,99,0.0,False,False,Standard Form,2026-08-16 21:17:11.993000
2026-08-17,14:30,Lingfield Park,14:30 LINGFIELD,Parading,0,4,False,16,0.0,False,False,Standard Form,2026-08-16 21:17:11.993000
2026-08-17,14:30,Lingfield Park,14:30 LINGFIELD,Pequenita,1,6,False,17,0.0,True,True,"Discipline Issue (dwelt/hung), Front Runner (+3)",2026-08-16 21:17:11.997000
2026-08-17,14:45,Catterick Bridge,14:45 CATTERICK BRIDGE,Harry's Pop,0,1,False,99,0.0,False,False,Standard Form,2026-08-16 21:17:12
2026-08-17,14:45,Catterick Bridge,14:45 CATTERICK BRIDGE,Aura Of Melania,0,1,False,99,0.0,False,False,Standard Form,2026-08-16 21:17:12.003000
2026-08-17,14:45,Catterick Bridge,14:45 CATTERICK BRIDGE,Eevee Star,0,1,False,99,0.0,False,False,Standard Form,2026-08-16 21:17:12.007000
2026-08-17,14:45,Catterick Bridge,14:45 CATTERICK BRIDGE,Soldier's Echo,0,1,False,99,0.0,False,False,Standard Form,2026-08-16 21:17:12.007000
2026-08-17,14:45,Catterick Bridge,14:45 CATTERICK BRIDGE,Athos,0,1,False,99,0.0,False,False,Standard Form,2026-08-16 21:17:12.010000
2026-08-17,14:45,Catterick Bridge,14:45 CATTERICK BRIDGE,Invicta Rose,0,1,False,99,0.0,False,False,Standard Form,2026-08-16 21:17:12.010000
2026-08-17,14:45,Catterick Bridge,14:45 CATTERICK BRIDGE,Cheeky Chesca,3,7,False,27,0.0,False,True,Front Runner (+3),2026-08-16 21:17:12.010000
2026-08-17,14:45,Catterick Bridge,14:45 CATTERICK BRIDGE,So Tempting,3,7,False,20,0.0,False,True,Front Runner (+3),2026-08-16 21:17:12.010000
2026-08-17,16:45,Catterick Bridge,16:45 CATTERICK BRIDGE,Folkene,-4,1,True,28,0.0,True,False,Discipline Issue (dwelt/hung),2026-08-16 21:17:12.010000
2026-08-17,16:45,Catterick Bridge,16:45 CATTERICK BRIDGE,Evocative Spark,0,2,False,19,0.0,False,False,Standard Form,2026-08-16 21:17:12.013000
2026-08-17,16:45,Catterick Bridge,16:45 CATTERICK BRIDGE,Classy Clarets,0,2,False,1,0.0,True,False,"Discipline Issue (dwelt/hung), Quick Return (1d)",2026-08-16 21:17:12.013000
2026-08-17,16:45,Catterick Bridge,16:45 CATTERICK BRIDGE,Willolarupi,0,2,False,227,0.0,False,False,Standard Form,2026-08-16 21:17:12.013000
2026-08-17,16:45,Catterick Bridge,16:45 CATTERICK BRIDGE,Emerald Army,0,2,False,14,0.0,False,False,Standard Form,2026-08-16 21:17:12.017000
2026-08-17,16:45,Catterick Bridge,16:45 CATTERICK BRIDGE,No Return,1,6,False,26,0.0,True,True,"Discipline Issue (dwelt/hung), Front Runner (+3)",2026-08-16 21:17:12.020000
2026-08-17,16:45,Catterick Bridge,16:45 CATTERICK BRIDGE,Carolus Magnus,2,7,False,134,-22.7,False,True,Front Runner (+3),2026-08-16 21:17:12.023000
2026-08-17,16:45,Catterick Bridge,16:45 CATTERICK BRIDGE,Runninsonofagun,3,8,False,190,0.0,False,True,Front Runner (+3),2026-08-16 21:17:12.023000
2026-08-17,16:45,Catterick Bridge,16:45 CATTERICK BRIDGE,Black Storm,3,8,False,19,0.0,False,True,Front Runner (+3),2026-08-16 21:17:12.023000
2026-08-17,16:45,Catterick Bridge,16:45 CATTERICK BRIDGE,Vince Le Prince,3,8,False,11,0.0,False,True,Front Runner (+3),2026-08-16 21:17:12.023000
2026-08-17,16:00,Lingfield Park,16:00 LINGFIELD,Veil Of Clouds,0,1,False,99,0.0,False,False,Standard Form,2026-08-16 21:17:12.027000
2026-08-17,16:00,Lingfield Park,16:00 LINGFIELD,Dark Brunette,0,1,False,99,0.0,False,False,Standard Form,2026-08-16 21:17:12.027000
2026-08-17,16:00,Lingfield Park,16:00 LINGFIELD,Tronido,3,3,False,21,0.0,False,True,Front Runner (+3),2026-08-16 21:17:12.027000
2026-08-17,16:00,Lingfield Park,16:00 LINGFIELD,Bessie Wallis,3,3,False,18,0.0,False,True,Front Runner (+3),2026-08-16 21:17:12.030000
2026-08-17,16:00,Lingfield Park,16:00 LINGFIELD,Egotistical,6,5,False,12,-22.9,False,True,Front Runner (+3),2026-08-16 21:17:12.030000
2026-08-17,18:25,Windsor,18:25 WINDSOR,Magic Effort,0,1,False,37,0.0,False,False,Standard Form,2026-08-16 21:17:12.030000
2026-08-17,18:25,Windsor,18:25 WINDSOR,Paper View,0,1,False,15,0.0,False,False,Standard Form,2026-08-16 21:17:12.030000
2026-08-17,18:25,Windsor,18:25 WINDSOR,Black Velvet Boy,0,1,False,99,0.0,False,False,Standard Form,2026-08-16 21:17:12.033000
2026-08-17,18:25,Windsor,18:25 WINDSOR,Inca Warrior,1,4,False,22,0.0,True,True,"Discipline Issue (dwelt/hung), Front Runner (+3)",2026-08-16 21:17:12.037000
2026-08-17,18:25,Windsor,18:25 WINDSOR,Envision,2,5,False,7,0.0,False,False,Quick Return (7d),2026-08-16 21:17:12.040000
2026-08-17,18:25,Windsor,18:25 WINDSOR,Sky Secret,3,6,False,14,0.0,False,True,Front Runner (+3),2026-08-16 21:17:12.043000
2026-08-17,16:30,Lingfield Park,16:30 LINGFIELD,Mariselle,-2,1,True,99,0.0,True,False,Discipline Issue (dwelt/hung),2026-08-16 21:17:12.043000
2026-08-17,16:30,Lingfield Park,16:30 LINGFIELD,Pure Passion,-1,2,True,28,1.6,False,True,"Stride Decay (1.6m), Front Runner (+3)",2026-08-16 21:17:12.043000
2026-08-17,16:30,Lingfield Park,16:30 LINGFIELD,Mimime,0,3,False,99,0.0,False,False,Standard Form,2026-08-16 21:17:12.047000
2026-08-17,16:30,Lingfield Park,16:30 LINGFIELD,Saeculamation,1,4,False,2,1.1,False,True,"Stride Decay (1.1m), Front Runner (+3), Quick Return (2d)",2026-08-16 21:17:12.050000
2026-08-17,16:30,Lingfield Park,16:30 LINGFIELD,Dusk Damsel,3,5,False,16,0.0,False,True,Front Runner (+3),2026-08-16 21:17:12.050000
2026-08-17,16:30,Lingfield Park,16:30 LINGFIELD,Star Marian,3,5,False,27,0.0,False,True,Front Runner (+3),2026-08-16 21:17:12.050000
2026-08-17,18:10,Wolverhampton,18:10 WOLVERHAMPTON,Sable Island,-4,1,True,99,1.8,False,False,Stride Decay (1.8m),2026-08-16 21:17:12.053000
2026-08-17,18:10,Wolverhampton,18:10 WOLVERHAMPTON,Wondervision,-2,2,True,99,0.0,True,False,Discipline Issue (dwelt/hung),2026-08-16 21:17:12.053000
2026-08-17,18:10,Wolverhampton,18:10 WOLVERHAMPTON,Lola,-2,2,True,55,0.0,True,False,Discipline Issue (dwelt/hung),2026-08-16 21:17:12.057000
2026-08-17,18:10,Wolverhampton,18:10 WOLVERHAMPTON,Horndean,-2,2,True,99,0.0,True,False,Discipline Issue (dwelt/hung),2026-08-16 21:17:12.057000
2026-08-17,18:10,Wolverhampton,18:10 WOLVERHAMPTON,Sydney Grace,0,5,False,99,0.0,False,False,Standard Form,2026-08-16 21:17:12.057000
2026-08-17,18:10,Wolverhampton,18:10 WOLVERHAMPTON,Green Titan,0,5,False,99,0.0,False,False,Standard Form,2026-08-16 21:17:12.057000
2026-08-17,18:10,Wolverhampton,18:10 WOLVERHAMPTON,Menhaal,0,5,False,99,0.0,False,False,Standard Form,2026-08-16 21:17:12.060000
2026-08-17,18:10,Wolverhampton,18:10 WOLVERHAMPTON,Margaret's Pearl,0,5,False,24,0.0,False,False,Standard Form,2026-08-16 21:17:12.060000
2026-08-17,18:10,Wolverhampton,18:10 WOLVERHAMPTON,Nascent Star,0,5,False,99,0.0,False,False,Standard Form,2026-08-16 21:17:12.060000
2026-08-17,18:10,Wolverhampton,18:10 WOLVERHAMPTON,Royal Titan,0,5,False,99,0.0,False,False,Standard Form,2026-08-16 21:17:12.060000
2026-08-17,15:45,Catterick Bridge,15:45 CATTERICK BRIDGE,Night Shining,-4,1,True,294,0.2,False,False,Stride Decay (0.2m),2026-08-16 21:17:12.063000
2026-08-17,15:45,Catterick Bridge,15:45 CATTERICK BRIDGE,Top Lad,-2,2,True,144,0.0,False,False,Standard Form,2026-08-16 21:17:12.063000
2026-08-17,15:45,Catterick Bridge,15:45 CATTERICK BRIDGE,Preferred,-1,3,False,15,0.8,False,True,"Stride Decay (0.8m), Front Runner (+3)",2026-08-16 21:17:12.067000
2026-08-17,15:45,Catterick Bridge,15:45 CATTERICK BRIDGE,Rocktoun Heart,0,4,False,99,0.0,False,False,Standard Form,2026-08-16 21:17:12.067000
2026-08-17,15:45,Catterick Bridge,15:45 CATTERICK BRIDGE,Miss Tino,0,4,False,99,0.0,False,False,Standard Form,2026-08-16 21:17:12.067000
2026-08-17,15:45,Catterick Bridge,15:45 CATTERICK BRIDGE,Star Noir,3,6,False,163,0.0,False,True,Front Runner (+3),2026-08-16 21:17:12.070000
2026-08-17,19:40,Wolverhampton,19:40 WOLVERHAMPTON,Alafdhal,-3,1,True,14,0.6,True,True,"Discipline Issue (dwelt/hung), Stride Decay (0.6m), Front Runner (+3)",2026-08-16 21:17:12.073000
2026-08-17,19:40,Wolverhampton,19:40 WOLVERHAMPTON,Rajeteriat,-3,1,True,16,0.8,True,True,"Discipline Issue (dwelt/hung), Stride Decay (0.8m), Front Runner (+3)",2026-08-16 21:17:12.073000
2026-08-17,19:40,Wolverhampton,19:40 WOLVERHAMPTON,Battle Point,-1,3,False,36,0.3,False,True,"Stride Decay (0.3m), Front Runner (+3)",2026-08-16 21:17:12.073000
2026-08-17,19:40,Wolverhampton,19:40 WOLVERHAMPTON,Megaphone,0,4,False,14,0.0,False,False,Standard Form,2026-08-16 21:17:12.077000
2026-08-17,19:40,Wolverhampton,19:40 WOLVERHAMPTON,Mister Mcgregor,0,4,False,31,0.0,False,False,Standard Form,2026-08-16 21:17:12.077000
2026-08-17,19:40,Wolverhampton,19:40 WOLVERHAMPTON,She Went Whoosh,0,4,False,15,0.0,False,False,Standard Form,2026-08-16 21:17:12.077000
2026-08-17,19:40,Wolverhampton,19:40 WOLVERHAMPTON,Our Hero Matty,0,4,False,31,0.0,False,False,Standard Form,2026-08-16 21:17:12.077000
2026-08-17,19:40,Wolverhampton,19:40 WOLVERHAMPTON,Jungle Dance,1,8,False,91,0.0,False,True,Front Runner (+3),2026-08-16 21:17:12.077000
2026-08-17,19:40,Wolverhampton,19:40 WOLVERHAMPTON,Let's Go Hugo,3,9,False,15,0.0,False,True,Front Runner (+3),2026-08-16 21:17:12.080000
2026-08-17,19:55,Windsor,19:55 WINDSOR,Risk Averse Rebel,-4,1,True,25,1.4,False,False,Stride Decay (1.4m),2026-08-16 21:17:12.083000
2026-08-17,19:55,Windsor,19:55 WINDSOR,Mix De Gris,-4,1,True,24,2.2,False,False,Stride Decay (2.2m),2026-08-16 21:17:12.087000
2026-08-17,19:55,Windsor,19:55 WINDSOR,Trojan Truth,-2,3,False,201,0.0,True,False,Discipline Issue (dwelt/hung),2026-08-16 21:17:12.090000
2026-08-17,19:55,Windsor,19:55 WINDSOR,Guinness Lad,-1,4,False,14,0.0,True,True,"Discipline Issue (dwelt/hung), Front Runner (+3)",2026-08-16 21:17:12.090000
2026-08-17,19:55,Windsor,19:55 WINDSOR,Judge Frank,-1,4,False,12,2.3,False,True,"Stride Decay (2.3m), Front Runner (+3)",2026-08-16 21:17:12.090000
2026-08-17,19:55,Windsor,19:55 WINDSOR,Saliko,0,6,False,25,0.0,False,False,Standard Form,2026-08-16 21:17:12.093000
2026-08-17,19:55,Windsor,19:55 WINDSOR,Mister Pretentious,0,6,False,216,0.0,False,False,Standard Form,2026-08-16 21:17:12.093000
2026-08-17,19:55,Windsor,19:55 WINDSOR,Highland Harvey,1,8,False,6,0.3,False,True,"Stride Decay (0.3m), Front Runner (+3), Quick Return (6d)",2026-08-16 21:17:12.097000
2026-08-17,19:55,Windsor,19:55 WINDSOR,Pershalla,3,9,False,13,0.0,False,True,Front Runner (+3),2026-08-16 21:17:12.100000
2026-08-17,16:15,Catterick Bridge,16:15 CATTERICK BRIDGE,Emperor's Son,-2,1,True,6,1.1,False,False,"Stride Decay (1.1m), Quick Return (6d)",2026-08-16 21:17:12.103000
2026-08-17,16:15,Catterick Bridge,16:15 CATTERICK BRIDGE,Our Absent Friends,-1,2,True,24,3.2,False,True,"Stride Decay (3.2m), Front Runner (+3)",2026-08-16 21:17:12.107000
2026-08-17,16:15,Catterick Bridge,16:15 CATTERICK BRIDGE,Tees Aggregates,0,3,False,12,0.0,False,False,Standard Form,2026-08-16 21:17:12.107000
2026-08-17,16:15,Catterick Bridge,16:15 CATTERICK BRIDGE,Betweenthesticks,0,3,False,14,0.0,False,False,Standard Form,2026-08-16 21:17:12.110000
2026-08-17,16:15,Catterick Bridge,16:15 CATTERICK BRIDGE,Canaria Queen,0,3,False,16,0.0,False,False,Standard Form,2026-08-16 21:17:12.113000
2026-08-17,16:15,Catterick Bridge,16:15 CATTERICK BRIDGE,Invincible Crown,0,3,False,22,0.0,False,False,Standard Form,2026-08-16 21:17:12.113000
2026-08-17,16:15,Catterick Bridge,16:15 CATTERICK BRIDGE,Cheerleader,1,7,False,14,0.0,False,True,Front Runner (+3),2026-08-16 21:17:12.113000
2026-08-17,16:15,Catterick Bridge,16:15 CATTERICK BRIDGE,Miss Brazen,1,7,False,24,0.0,True,True,"Discipline Issue (dwelt/hung), Front Runner (+3)",2026-08-16 21:17:12.117000
2026-08-17,16:15,Catterick Bridge,16:15 CATTERICK BRIDGE,Staniel Cay,3,9,False,25,0.0,False,True,Front Runner (+3),2026-08-16 21:17:12.117000
2026-08-17,16:15,Catterick Bridge,16:15 CATTERICK BRIDGE,Beaumadier,3,9,False,4,0.1,False,True,"Front Runner (+3), Quick Return (4d)",2026-08-16 21:17:12.120000
2026-08-17,16:15,Catterick Bridge,16:15 CATTERICK BRIDGE,Irish Dancer,3,9,False,16,0.0,False,True,Front Runner (+3),2026-08-16 21:17:12.120000
2026-08-17,17:20,Windsor,17:20 WINDSOR,South Shore,-4,1,True,22,1.1,False,False,Stride Decay (1.1m),2026-08-16 21:17:12.120000
2026-08-17,17:20,Windsor,17:20 WINDSOR,Too Darn Good,-2,2,True,18,0.0,True,False,Discipline Issue (dwelt/hung),2026-08-16 21:17:12.120000
2026-08-17,17:20,Windsor,17:20 WINDSOR,Sunlit Sea,-1,3,False,14,0.6,False,True,"Stride Decay (0.6m), Front Runner (+3)",2026-08-16 21:17:12.127000
2026-08-17,17:20,Windsor,17:20 WINDSOR,Muker,0,4,False,20,0.0,False,False,Standard Form,2026-08-16 21:17:12.127000
2026-08-17,17:20,Windsor,17:20 WINDSOR,So Smart,0,4,False,12,0.0,False,False,Standard Form,2026-08-16 21:17:12.127000
2026-08-17,17:20,Windsor,17:20 WINDSOR,Kiss And Run,3,6,False,17,0.0,False,True,Front Runner (+3),2026-08-16 21:17:12.127000
2026-08-17,17:20,Windsor,17:20 WINDSOR,Thornaby Pearl,3,6,False,47,0.0,False,True,Front Runner (+3),2026-08-16 21:17:12.130000
2026-08-17,17:20,Windsor,17:20 WINDSOR,Bellini Spirit,3,6,False,33,0.0,False,True,Front Runner (+3),2026-08-16 21:17:12.130000
2026-08-17,17:20,Windsor,17:20 WINDSOR,Trust Sergei,3,6,False,43,0.0,False,True,Front Runner (+3),2026-08-16 21:17:12.130000
2026-08-17,17:55,Windsor,17:55 WINDSOR,Hemustbeanangel,-2,1,True,99,0.0,True,False,Discipline Issue (dwelt/hung),2026-08-16 21:17:12.133000
2026-08-17,17:55,Windsor,17:55 WINDSOR,Best Yet,-2,1,True,99,0.0,True,False,Discipline Issue (dwelt/hung),2026-08-16 21:17:12.137000
2026-08-17,17:55,Windsor,17:55 WINDSOR,Trust Havana,-2,1,True,99,0.0,True,False,Discipline Issue (dwelt/hung),2026-08-16 21:17:12.137000
2026-08-17,17:55,Windsor,17:55 WINDSOR,Astralite,0,4,False,99,0.0,False,False,Standard Form,2026-08-16 21:17:12.140000
2026-08-17,17:55,Windsor,17:55 WINDSOR,Lion Of God,0,4,False,99,0.0,False,False,Standard Form,2026-08-16 21:17:12.140000
2026-08-17,17:55,Windsor,17:55 WINDSOR,Mithaaly,0,4,False,99,0.0,False,False,Standard Form,2026-08-16 21:17:12.140000
2026-08-17,17:55,Windsor,17:55 WINDSOR,Motion Carried,0,4,False,99,0.0,False,False,Standard Form,2026-08-16 21:17:12.140000
2026-08-17,17:55,Windsor,17:55 WINDSOR,Arthur Carrot,0,4,False,99,0.0,False,False,Standard Form,2026-08-16 21:17:12.143000
2026-08-17,17:55,Windsor,17:55 WINDSOR,Nobelos,0,4,False,99,0.0,False,False,Standard Form,2026-08-16 21:17:12.147000
2026-08-17,17:55,Windsor,17:55 WINDSOR,Fairy Well,0,4,False,99,0.0,False,False,Standard Form,2026-08-16 21:17:12.147000
2026-08-17,17:55,Windsor,17:55 WINDSOR,Trust In Far,0,4,False,99,0.0,False,False,Standard Form,2026-08-16 21:17:12.150000
2026-08-18,18:00,Wolverhampton,18:00 WOLVERHAMPTON,Arlecchino's Moon,-2,1,True,99,0.0,True,False,Discipline Issue (dwelt/hung),2026-08-18 14:46:12.900000
2026-08-18,18:00,Wolverhampton,18:00 WOLVERHAMPTON,Without Fail,-2,2,True,99,0.0,True,False,Discipline Issue (dwelt/hung),2026-08-18 14:46:12.903000
2026-08-18,18:00,Wolverhampton,18:00 WOLVERHAMPTON,April's Luck,0,3,False,99,0.0,False,False,Standard Form,2026-08-18 14:46:12.907000
2026-08-18,18:00,Wolverhampton,18:00 WOLVERHAMPTON,Backmeifyoucan,0,4,False,99,0.0,False,False,Standard Form,2026-08-18 14:46:12.910000
2026-08-18,18:00,Wolverhampton,18:00 WOLVERHAMPTON,Brazilian Blitz,0,5,False,99,0.0,False,False,Standard Form,2026-08-18 14:46:12.910000
2026-08-18,18:00,Wolverhampton,18:00 WOLVERHAMPTON,Chaise Longue,0,6,False,99,0.0,False,False,Standard Form,2026-08-18 14:46:12.910000
2026-08-18,18:00,Wolverhampton,18:00 WOLVERHAMPTON,Dark Detective,0,7,False,99,0.0,False,False,Standard Form,2026-08-18 14:46:12.913000
2026-08-18,18:00,Wolverhampton,18:00 WOLVERHAMPTON,Javelot,0,8,False,99,0.0,False,False,Standard Form,2026-08-18 14:46:12.913000
2026-08-18,18:00,Wolverhampton,18:00 WOLVERHAMPTON,L B Double U,0,9,False,99,0.0,False,False,Standard Form,2026-08-18 14:46:12.913000
2026-08-18,18:00,Wolverhampton,18:00 WOLVERHAMPTON,Maliqui,0,10,False,99,0.0,False,False,Standard Form,2026-08-18 14:46:12.913000
2026-08-18,18:00,Wolverhampton,18:00 WOLVERHAMPTON,Peaberry,0,11,False,99,0.0,False,False,Standard Form,2026-08-18 14:46:12.917000
2026-08-18,18:00,Wolverhampton,18:00 WOLVERHAMPTON,Spes Durat Avorum,0,12,False,99,0.0,False,False,Standard Form,2026-08-18 14:46:12.917000
2026-08-18,16:08,Lingfield Park,16:08 LINGFIELD,Ten Cuidado,-6,1,True,16,0.4,True,False,"Discipline Issue (dwelt/hung), Stride Decay (0.4m)",2026-08-18 14:46:12.920000
2026-08-18,16:08,Lingfield Park,16:08 LINGFIELD,My Old Mate,-2,2,True,207,-0.6,False,False,Standard Form,2026-08-18 14:46:12.923000
2026-08-18,16:08,Lingfield Park,16:08 LINGFIELD,Henfield,-1,3,False,76,3.3,False,True,"Stride Decay (3.3m), Front Runner (+3)",2026-08-18 14:46:12.923000
2026-08-18,16:08,Lingfield Park,16:08 LINGFIELD,Venturing,0,4,False,118,0.0,False,False,Standard Form,2026-08-18 14:46:12.927000
2026-08-18,16:08,Lingfield Park,16:08 LINGFIELD,Grey Sands,3,5,False,34,0.0,False,True,Front Runner (+3),2026-08-18 14:46:12.930000
2026-08-18,16:08,Lingfield Park,16:08 LINGFIELD,Ernie Mccrew,3,6,False,22,0.0,False,True,Front Runner (+3),2026-08-18 14:46:12.930000
2026-08-18,16:08,Lingfield Park,16:08 LINGFIELD,Perfect Ruler,3,7,False,16,0.0,False,True,Front Runner (+3),2026-08-18 14:46:12.933000
2026-08-18,17:30,Wolverhampton,17:30 WOLVERHAMPTON,Astrid,-4,1,True,99,0.7,False,False,Stride Decay (0.7m),2026-08-18 14:46:12.940000
2026-08-18,17:30,Wolverhampton,17:30 WOLVERHAMPTON,Why Not Me,-3,2,True,99,0.0,True,False,Discipline Issue (dwelt/hung),2026-08-18 14:46:12.940000
2026-08-18,17:30,Wolverhampton,17:30 WOLVERHAMPTON,Franschhoek,-2,3,False,99,0.0,False,False,Standard Form,2026-08-18 14:46:12.943000
2026-08-18,17:30,Wolverhampton,17:30 WOLVERHAMPTON,Saifo,0,4,False,99,0.0,False,False,Standard Form,2026-08-18 14:46:12.943000
2026-08-18,17:30,Wolverhampton,17:30 WOLVERHAMPTON,Sueshine,3,5,False,35,-0.4,False,True,Front Runner (+3),2026-08-18 14:46:12.943000
2026-08-18,17:30,Wolverhampton,17:30 WOLVERHAMPTON,State Express,5,6,False,99,0.0,False,True,Front Runner (+3),2026-08-18 14:46:12.947000
2026-08-18,15:00,Lingfield Park,15:00 LINGFIELD,Romotoso,-2,1,True,99,0.0,True,False,Discipline Issue (dwelt/hung),2026-08-18 14:46:12.947000
2026-08-18,15:00,Lingfield Park,15:00 LINGFIELD,Enriched,0,2,False,99,0.0,False,False,Standard Form,2026-08-18 14:46:12.950000
2026-08-18,15:00,Lingfield Park,15:00 LINGFIELD,It'sbeenemotional,0,3,False,99,0.0,False,False,Standard Form,2026-08-18 14:46:12.953000
2026-08-18,15:00,Lingfield Park,15:00 LINGFIELD,Musical Force,0,4,False,99,0.0,False,False,Standard Form,2026-08-18 14:46:12.957000
2026-08-18,15:00,Lingfield Park,15:00 LINGFIELD,Mystic Unicorn,0,5,False,99,0.0,False,False,Standard Form,2026-08-18 14:46:12.957000
2026-08-18,15:00,Lingfield Park,15:00 LINGFIELD,Nightspell,0,6,False,99,0.0,False,False,Standard Form,2026-08-18 14:46:12.960000
2026-08-18,15:00,Lingfield Park,15:00 LINGFIELD,Polly The Sniper,0,7,False,99,0.0,False,False,Standard Form,2026-08-18 14:46:12.960000
2026-08-18,15:00,Lingfield Park,15:00 LINGFIELD,Past Passion,3,8,False,21,0.0,False,True,Front Runner (+3),2026-08-18 14:46:12.963000
2026-08-18,15:00,Lingfield Park,15:00 LINGFIELD,Last Dandelion,3,9,False,15,0.0,False,True,Front Runner (+3),2026-08-18 14:46:12.963000
2026-08-18,15:00,Lingfield Park,15:00 LINGFIELD,Pertinent,5,10,False,18,0.0,False,True,Front Runner (+3),2026-08-18 14:46:12.967000
2026-08-18,18:22,Lingfield Park,18:22 LINGFIELD,Henry Tudor,-4,1,True,13,1.3,True,False,"Discipline Issue (dwelt/hung), Stride Decay (1.3m)",2026-08-18 14:46:12.967000
2026-08-18,18:22,Lingfield Park,18:22 LINGFIELD,Twilight Madness,-1,2,True,9,1.6,False,True,"Stride Decay (1.6m), Front Runner (+3)",2026-08-18 14:46:12.970000
2026-08-18,18:22,Lingfield Park,18:22 LINGFIELD,Walking On Clouds,-1,3,False,37,0.0,True,True,"Discipline Issue (dwelt/hung), Front Runner (+3)",2026-08-18 14:46:12.973000
2026-08-18,18:22,Lingfield Park,18:22 LINGFIELD,Chasing Gold,0,4,False,153,0.0,False,False,Standard Form,2026-08-18 14:46:12.977000
2026-08-18,18:22,Lingfield Park,18:22 LINGFIELD,Unico,2,5,False,137,0.0,False,False,Standard Form,2026-08-18 14:46:12.977000
2026-08-18,18:22,Lingfield Park,18:22 LINGFIELD,Court Of Session,2,6,False,26,0.0,False,False,Standard Form,2026-08-18 14:46:12.977000
2026-08-18,18:22,Lingfield Park,18:22 LINGFIELD,Von Krolock,3,7,False,19,0.0,False,True,Front Runner (+3),2026-08-18 14:46:12.980000
2026-08-18,18:22,Lingfield Park,18:22 LINGFIELD,My Mate Kev,3,8,False,12,0.0,False,True,Front Runner (+3),2026-08-18 14:46:12.980000
2026-08-18,18:22,Lingfield Park,18:22 LINGFIELD,Woolridge,5,9,False,52,0.0,False,True,Front Runner (+3),2026-08-18 14:46:12.980000
2026-08-18,17:00,Chepstow,17:00 CHEPSTOW,Savannah Smiles,-4,1,True,16,1.5,False,False,Stride Decay (1.5m),2026-08-18 14:46:12.980000
2026-08-18,17:00,Chepstow,17:00 CHEPSTOW,Marisitta,-4,2,True,22,1.0,False,False,Stride Decay (1.0m),2026-08-18 14:46:12.983000
2026-08-18,17:00,Chepstow,17:00 CHEPSTOW,Zoulu Warrior,-4,3,False,32,-1.1,True,False,Discipline Issue (dwelt/hung),2026-08-18 14:46:12.987000
2026-08-18,17:00,Chepstow,17:00 CHEPSTOW,Calafrio,-1,4,False,37,1.2,False,True,"Stride Decay (1.2m), Front Runner (+3)",2026-08-18 14:46:12.990000
2026-08-18,17:00,Chepstow,17:00 CHEPSTOW,Arnaz,0,5,False,41,0.0,False,False,Standard Form,2026-08-18 14:46:12.990000
2026-08-18,17:00,Chepstow,17:00 CHEPSTOW,Connie's Rose,0,6,False,22,0.0,False,False,Standard Form,2026-08-18 14:46:12.993000
2026-08-18,17:00,Chepstow,17:00 CHEPSTOW,Vape,1,7,False,18,1.1,False,True,"Stride Decay (1.1m), Front Runner (+3)",2026-08-18 14:46:12.997000
2026-08-18,17:00,Chepstow,17:00 CHEPSTOW,Le Beau Garcon,2,8,False,221,0.0,False,False,Standard Form,2026-08-18 14:46:13
2026-08-18,17:00,Chepstow,17:00 CHEPSTOW,Benavente,2,9,False,7,0.0,False,False,Quick Return (7d),2026-08-18 14:46:13
2026-08-18,17:00,Chepstow,17:00 CHEPSTOW,Some Nightmare,3,10,False,13,0.0,False,True,Front Runner (+3),2026-08-18 14:46:13.003000
2026-08-18,14:45,Chepstow,14:45 CHEPSTOW,Sioux Moon,-2,1,True,99,0.0,True,False,Discipline Issue (dwelt/hung),2026-08-18 14:46:13.007000
2026-08-18,14:45,Chepstow,14:45 CHEPSTOW,Delighfully Hot,0,2,False,99,0.0,False,False,Standard Form,2026-08-18 14:46:13.010000
2026-08-18,14:45,Chepstow,14:45 CHEPSTOW,Happy Enough,0,3,False,99,0.0,False,False,Standard Form,2026-08-18 14:46:13.010000
2026-08-18,14:45,Chepstow,14:45 CHEPSTOW,Impulsive Spirit,0,4,False,99,0.0,False,False,Standard Form,2026-08-18 14:46:13.013000
2026-08-18,14:45,Chepstow,14:45 CHEPSTOW,Kokumi,0,5,False,99,0.0,False,False,Standard Form,2026-08-18 14:46:13.013000
2026-08-18,20:00,Wolverhampton,20:00 WOLVERHAMPTON,Flash Kozo,0,4,False,16,0.0,False,False,Standard Form,2026-08-18 14:46:13.023000
2026-08-18,20:00,Wolverhampton,20:00 WOLVERHAMPTON,Heroics,0,5,False,14,0.0,False,False,Standard Form,2026-08-18 14:46:13.023000
2026-08-18,20:00,Wolverhampton,20:00 WOLVERHAMPTON,Dance Time,2,6,False,35,0.0,False,False,Standard Form,2026-08-18 14:46:13.023000
2026-08-18,20:00,Wolverhampton,20:00 WOLVERHAMPTON,Percy Jones,3,7,False,171,0.0,False,True,Front Runner (+3),2026-08-18 14:46:13.027000
2026-08-18,20:00,Wolverhampton,20:00 WOLVERHAMPTON,Kakirra,5,9,False,5,0.0,False,True,"Front Runner (+3), Quick Return (5d)",2026-08-18 14:46:13.030000
2026-08-18,17:52,Lingfield Park,17:52 LINGFIELD,Dashing Donkey,-1,1,True,38,1.8,False,True,"Stride Decay (1.8m), Front Runner (+3)",2026-08-18 14:46:13.030000
2026-08-18,17:52,Lingfield Park,17:52 LINGFIELD,Express Train,-1,2,True,14,1.0,False,True,"Stride Decay (1.0m), Front Runner (+3)",2026-08-18 14:46:13.030000
2026-08-18,17:52,Lingfield Park,17:52 LINGFIELD,Balon D'or,0,3,False,86,0.2,False,False,Stride Decay (0.2m),2026-08-18 14:46:13.033000
2026-08-18,17:52,Lingfield Park,17:52 LINGFIELD,Big Bard,0,4,False,37,0.0,False,False,Standard Form,2026-08-18 14:46:13.033000
2026-08-18,17:52,Lingfield Park,17:52 LINGFIELD,Diamond Dreamer,0,5,False,14,0.0,False,False,Standard Form,2026-08-18 14:46:13.037000
2026-08-18,17:52,Lingfield Park,17:52 LINGFIELD,Porfin,0,6,False,64,-1.0,False,False,Standard Form,2026-08-18 14:46:13.040000
2026-08-18,17:52,Lingfield Park,17:52 LINGFIELD,Peregrine Falcon,2,7,False,96,0.0,False,False,Standard Form,2026-08-18 14:46:13.040000
2026-08-18,17:52,Lingfield Park,17:52 LINGFIELD,Due Date,3,8,False,19,0.0,False,True,Front Runner (+3),2026-08-18 14:46:13.040000
2026-08-18,17:52,Lingfield Park,17:52 LINGFIELD,Happier,3,9,False,12,-0.5,False,True,Front Runner (+3),2026-08-18 14:46:13.043000
2026-08-18,17:52,Lingfield Park,17:52 LINGFIELD,Alashos,6,10,False,36,-0.9,False,True,Front Runner (+3),2026-08-18 14:46:13.043000
2026-08-18,19:30,Wolverhampton,19:30 WOLVERHAMPTON,Arishka's Dream,-1,1,True,51,2.7,False,True,"Stride Decay (2.7m), Front Runner (+3)",2026-08-18 14:46:13.047000
2026-08-18,19:30,Wolverhampton,19:30 WOLVERHAMPTON,Acclaimed Freedom,-1,2,True,10,0.9,False,True,"Stride Decay (0.9m), Front Runner (+3)",2026-08-18 14:46:13.047000
2026-08-18,19:30,Wolverhampton,19:30 WOLVERHAMPTON,Escape Plan,0,3,False,18,0.0,False,False,Standard Form,2026-08-18 14:46:13.047000
2026-08-18,19:30,Wolverhampton,19:30 WOLVERHAMPTON,Soca Star,2,4,False,193,0.0,False,True,Front Runner (+3),2026-08-18 14:46:13.050000
2026-08-18,19:30,Wolverhampton,19:30 WOLVERHAMPTON,Percy's Star,3,5,False,28,0.0,False,True,Front Runner (+3),2026-08-18 14:46:13.050000
2026-08-18,19:30,Wolverhampton,19:30 WOLVERHAMPTON,Fizzy Cristal,5,6,False,41,0.0,False,True,Front Runner (+3),2026-08-18 14:46:13.053000
2026-08-18,19:30,Wolverhampton,19:30 WOLVERHAMPTON,Sargent Dennis,5,7,False,7,0.0,False,True,"Front Runner (+3), Quick Return (7d)",2026-08-18 14:46:13.053000
2026-08-18,19:30,Wolverhampton,19:30 WOLVERHAMPTON,Up The Agenda,6,8,False,19,0.0,False,True,Front Runner (+3),2026-08-18 14:46:13.053000
2026-08-18,16:45,Lingfield Park,16:45 LINGFIELD,Dora Vita,-4,1,True,13,1.5,False,False,Stride Decay (1.5m),2026-08-18 14:46:13.057000
2026-08-18,16:45,Lingfield Park,16:45 LINGFIELD,Hold The Press,-2,2,True,142,0.4,False,False,Stride Decay (0.4m),2026-08-18 14:46:13.057000
2026-08-18,16:45,Lingfield Park,16:45 LINGFIELD,Victory Sound,-2,3,False,13,-0.1,False,False,Standard Form,2026-08-18 14:46:13.060000
2026-08-18,16:45,Lingfield Park,16:45 LINGFIELD,Zaltalla,-1,4,False,19,0.4,False,True,"Stride Decay (0.4m), Front Runner (+3)",2026-08-18 14:46:13.060000
2026-08-18,16:45,Lingfield Park,16:45 LINGFIELD,Raqraaq,0,5,False,55,0.0,False,False,Standard Form,2026-08-18 14:46:13.060000
2026-08-18,16:45,Lingfield Park,16:45 LINGFIELD,Turpin,0,6,False,19,0.0,False,False,Standard Form,2026-08-18 14:46:13.060000
2026-08-18,16:45,Lingfield Park,16:45 LINGFIELD,Coiled,1,7,False,9,2.4,False,True,"Stride Decay (2.4m), Front Runner (+3)",2026-08-18 14:46:13.063000
2026-08-18,16:45,Lingfield Park,16:45 LINGFIELD,Edergole's Gift,1,8,False,14,1.6,False,True,"Stride Decay (1.6m), Front Runner (+3)",2026-08-18 14:46:13.063000
2026-08-18,16:45,Lingfield Park,16:45 LINGFIELD,She's Crafty,2,9,False,28,0.0,False,False,Standard Form,2026-08-18 14:46:13.063000
2026-08-18,16:45,Lingfield Park,16:45 LINGFIELD,Mademoiselle Belle,3,10,False,13,0.0,False,True,Front Runner (+3),2026-08-18 14:46:13.067000
2026-08-18,16:45,Lingfield Park,16:45 LINGFIELD,Maury,3,11,False,11,0.0,False,True,Front Runner (+3),2026-08-18 14:46:13.070000
2026-08-18,16:45,Lingfield Park,16:45 LINGFIELD,Miraflores,3,12,False,13,-0.3,False,True,Front Runner (+3),2026-08-18 14:46:13.070000
2026-08-18,15:33,Lingfield Park,15:33 LINGFIELD,Foinix,-4,1,True,9,0.4,False,False,Stride Decay (0.4m),2026-08-18 14:46:13.073000
2026-08-18,15:33,Lingfield Park,15:33 LINGFIELD,Churchill's Spirit,-4,2,True,35,-0.5,True,False,Discipline Issue (dwelt/hung),2026-08-18 14:46:13.077000
2026-08-18,15:33,Lingfield Park,15:33 LINGFIELD,Summer Evening,-2,3,False,7,1.2,False,False,"Stride Decay (1.2m), Quick Return (7d)",2026-08-18 14:46:13.077000
2026-08-18,15:33,Lingfield Park,15:33 LINGFIELD,Pride Eye,-2,4,False,41,-24.4,False,False,Standard Form,2026-08-18 14:46:13.077000
2026-08-18,15:33,Lingfield Park,15:33 LINGFIELD,Star Suepreme,-1,5,False,14,2.2,False,True,"Stride Decay (2.2m), Front Runner (+3)",2026-08-18 14:46:13.077000
2026-08-18,15:33,Lingfield Park,15:33 LINGFIELD,Fighting Poet,0,6,False,192,0.0,False,False,Standard Form,2026-08-18 14:46:13.077000
2026-08-18,15:33,Lingfield Park,15:33 LINGFIELD,Someone's Wish,0,7,False,33,0.0,False,False,Standard Form,2026-08-18 14:46:13.077000
2026-08-18,15:33,Lingfield Park,15:33 LINGFIELD,Snooker McCrew,1,8,False,5,0.7,False,True,"Stride Decay (0.7m), Front Runner (+3), Quick Return (5d)",2026-08-18 14:46:13.080000
2026-08-18,15:33,Lingfield Park,15:33 LINGFIELD,Douglas Dc,2,9,False,182,0.0,False,False,Standard Form,2026-08-18 14:46:13.080000
2026-08-18,15:33,Lingfield Park,15:33 LINGFIELD,Charles Morin,2,10,False,21,0.0,False,False,Standard Form,2026-08-18 14:46:13.080000
2026-08-18,16:25,Chepstow,16:25 CHEPSTOW,Rogue Exile,-2,1,True,99,0.0,True,False,Discipline Issue (dwelt/hung),2026-08-18 14:46:13.080000
2026-08-18,16:25,Chepstow,16:25 CHEPSTOW,Evie Ross,0,2,False,250,0.0,False,False,Standard Form,2026-08-18 14:46:13.083000
2026-08-18,16:25,Chepstow,16:25 CHEPSTOW,Honky Tonk Girl,0,3,False,99,0.0,False,False,Standard Form,2026-08-18 14:46:13.083000
2026-08-18,16:25,Chepstow,16:25 CHEPSTOW,Name The Day,0,4,False,99,0.0,False,False,Standard Form,2026-08-18 14:46:13.083000
2026-08-18,16:25,Chepstow,16:25 CHEPSTOW,Too Much Trevor,0,5,False,34,0.0,True,False,Discipline Issue (dwelt/hung),2026-08-18 14:46:13.087000
2026-08-18,16:25,Chepstow,16:25 CHEPSTOW,Von Trotter,1,6,False,63,0.0,True,True,"Discipline Issue (dwelt/hung), Front Runner (+3)",2026-08-18 14:46:13.090000
2026-08-18,16:25,Chepstow,16:25 CHEPSTOW,Espona Bay,3,7,False,58,0.0,False,True,Front Runner (+3),2026-08-18 14:46:13.090000
2026-08-18,19:15,Roscommon,19:15 ROSCOMMON,Sagasti,-2,1,True,91,0.0,True,False,Discipline Issue (dwelt/hung),2026-08-18 14:46:13.093000
2026-08-18,19:15,Roscommon,19:15 ROSCOMMON,Contrary To Law,0,2,False,230,0.0,False,False,Standard Form,2026-08-18 14:46:13.093000
2026-08-18,19:15,Roscommon,19:15 ROSCOMMON,Red Hugh O'Donnell,0,3,False,214,0.0,False,False,Standard Form,2026-08-18 14:46:13.097000
2026-08-18,19:15,Roscommon,19:15 ROSCOMMON,Flaming Rib,0,4,False,26,0.0,False,False,Standard Form,2026-08-18 14:46:13.097000
2026-08-18,19:15,Roscommon,19:15 ROSCOMMON,Summer Island,0,5,False,23,0.0,False,False,Standard Form,2026-08-18 14:46:13.100000
2026-08-18,19:15,Roscommon,19:15 ROSCOMMON,Dolly Hello,1,6,False,16,0.0,True,True,"Discipline Issue (dwelt/hung), Front Runner (+3)",2026-08-18 14:46:13.103000
2026-08-18,19:15,Roscommon,19:15 ROSCOMMON,Java Wood,2,7,False,11,0.0,False,False,Standard Form,2026-08-18 14:46:13.103000
2026-08-18,19:15,Roscommon,19:15 ROSCOMMON,Perfect Base,3,8,False,41,0.0,False,True,Front Runner (+3),2026-08-18 14:46:13.107000
2026-08-18,19:15,Roscommon,19:15 ROSCOMMON,Spodo Komodo,3,9,False,38,0.0,False,True,Front Runner (+3),2026-08-18 14:46:13.107000
2026-08-18,19:15,Roscommon,19:15 ROSCOMMON,Mehman,3,10,False,28,0.0,False,True,Front Runner (+3),2026-08-18 14:46:13.110000
2026-08-18,19:15,Roscommon,19:15 ROSCOMMON,Earls,3,11,False,22,0.0,False,True,Front Runner (+3),2026-08-18 14:46:13.110000
2026-08-18,19:15,Roscommon,19:15 ROSCOMMON,Engines On,3,12,False,19,0.0,False,True,Front Runner (+3),2026-08-18 14:46:13.113000
2026-08-18,19:15,Roscommon,19:15 ROSCOMMON,Cool Azul,3,13,False,14,0.0,False,True,Front Runner (+3),2026-08-18 14:46:13.113000
2026-08-18,20:00,Wolverhampton,20:00 WOLVERHAMPTON,Velvet Whisper,3,8,False,26,0.0,False,True,Front Runner (+3),2026-08-18 14:46:13.027000
2026-08-18,19:15,Roscommon,19:15 ROSCOMMON,Thenandnow,3,14,False,14,0.0,False,True,Front Runner (+3),2026-08-18 14:46:13.113000
2026-08-18,19:15,Roscommon,19:15 ROSCOMMON,Venetian Star,3,15,False,14,0.0,False,True,Front Runner (+3),2026-08-18 14:46:13.117000
2026-08-18,19:15,Roscommon,19:15 ROSCOMMON,Tokyo Treasure,3,16,False,12,0.0,False,True,Front Runner (+3),2026-08-18 14:46:13.120000
2026-08-18,19:15,Roscommon,19:15 ROSCOMMON,Mercurial,5,17,False,197,0.0,False,True,Front Runner (+3),2026-08-18 14:46:13.120000
2026-08-18,19:15,Roscommon,19:15 ROSCOMMON,Dragon Of Malta,5,18,False,192,0.0,False,True,Front Runner (+3),2026-08-18 14:46:13.120000
2026-08-18,18:45,Roscommon,18:45 ROSCOMMON,Stooked,-2,1,True,99,0.0,True,False,Discipline Issue (dwelt/hung),2026-08-18 14:46:13.120000
2026-08-18,18:45,Roscommon,18:45 ROSCOMMON,Andaman Fifty,0,2,False,99,0.0,False,False,Standard Form,2026-08-18 14:46:13.120000
2026-08-18,18:45,Roscommon,18:45 ROSCOMMON,Banish Misfortune,0,3,False,99,0.0,False,False,Standard Form,2026-08-18 14:46:13.123000
2026-08-18,18:45,Roscommon,18:45 ROSCOMMON,Brise Fraiche,0,4,False,99,0.0,False,False,Standard Form,2026-08-18 14:46:13.123000
2026-08-18,18:45,Roscommon,18:45 ROSCOMMON,C'est Comme Ca,0,5,False,99,0.0,False,False,Standard Form,2026-08-18 14:46:13.127000
2026-08-18,18:45,Roscommon,18:45 ROSCOMMON,Capall Cuain,0,6,False,99,0.0,False,False,Standard Form,2026-08-18 14:46:13.130000
2026-08-18,18:45,Roscommon,18:45 ROSCOMMON,Capolinea,0,7,False,99,0.0,False,False,Standard Form,2026-08-18 14:46:13.130000
2026-08-18,18:45,Roscommon,18:45 ROSCOMMON,Dandymaria,0,8,False,99,0.0,False,False,Standard Form,2026-08-18 14:46:13.130000
2026-08-18,18:45,Roscommon,18:45 ROSCOMMON,Flower Forest,0,9,False,99,0.0,False,False,Standard Form,2026-08-18 14:46:13.130000
2026-08-18,18:45,Roscommon,18:45 ROSCOMMON,Gentle Soda,0,10,False,99,0.0,False,False,Standard Form,2026-08-18 14:46:13.133000
2026-08-18,18:45,Roscommon,18:45 ROSCOMMON,River Trieux,0,11,False,99,0.0,False,False,Standard Form,2026-08-18 14:46:13.133000
2026-08-18,18:45,Roscommon,18:45 ROSCOMMON,Save The Sixes,0,12,False,99,0.0,False,False,Standard Form,2026-08-18 14:46:13.133000
2026-08-18,18:45,Roscommon,18:45 ROSCOMMON,Susie's Angel,0,13,False,99,0.0,False,False,Standard Form,2026-08-18 14:46:13.133000
2026-08-18,18:45,Roscommon,18:45 ROSCOMMON,Ballysax Boo,1,14,False,36,0.0,True,True,"Discipline Issue (dwelt/hung), Front Runner (+3)",2026-08-18 14:46:13.137000
2026-08-18,18:45,Roscommon,18:45 ROSCOMMON,Quinta Girl,2,15,False,29,0.0,False,False,Standard Form,2026-08-18 14:46:13.137000
2026-08-18,18:45,Roscommon,18:45 ROSCOMMON,Divine Legend,2,16,False,21,0.0,False,False,Standard Form,2026-08-18 14:46:13.137000
2026-08-18,18:45,Roscommon,18:45 ROSCOMMON,Almeiyda,3,17,False,199,0.0,False,True,Front Runner (+3),2026-08-18 14:46:13.140000
2026-08-18,18:45,Roscommon,18:45 ROSCOMMON,Beatific,3,18,False,28,0.0,False,True,Front Runner (+3),2026-08-18 14:46:13.140000
2026-08-18,19:45,Roscommon,19:45 ROSCOMMON,One Cool County,-2,1,True,99,0.0,True,False,Discipline Issue (dwelt/hung),2026-08-18 14:46:13.140000
2026-08-18,19:45,Roscommon,19:45 ROSCOMMON,Possum,-2,2,True,99,0.0,True,False,Discipline Issue (dwelt/hung),2026-08-18 14:46:13.143000
2026-08-18,19:45,Roscommon,19:45 ROSCOMMON,Salamina,-2,3,False,99,0.0,True,False,Discipline Issue (dwelt/hung),2026-08-18 14:46:13.147000
2026-08-18,19:45,Roscommon,19:45 ROSCOMMON,Daily Wonder,0,4,False,99,0.0,False,False,Standard Form,2026-08-18 14:46:13.147000
2026-08-18,19:45,Roscommon,19:45 ROSCOMMON,Magnum Cor,0,5,False,99,0.0,False,False,Standard Form,2026-08-18 14:46:13.147000
2026-08-18,19:45,Roscommon,19:45 ROSCOMMON,Michinaga,0,6,False,99,0.0,False,False,Standard Form,2026-08-18 14:46:13.147000
2026-08-18,19:45,Roscommon,19:45 ROSCOMMON,Purple Bandit,0,7,False,99,0.0,False,False,Standard Form,2026-08-18 14:46:13.147000
2026-08-18,19:45,Roscommon,19:45 ROSCOMMON,Sea Celia's Star,0,8,False,99,0.0,False,False,Standard Form,2026-08-18 14:46:13.150000
2026-08-18,19:45,Roscommon,19:45 ROSCOMMON,Swing Street,0,9,False,99,0.0,False,False,Standard Form,2026-08-18 14:46:13.150000
2026-08-18,19:45,Roscommon,19:45 ROSCOMMON,Teoest,0,10,False,99,0.0,False,False,Standard Form,2026-08-18 14:46:13.153000
2026-08-18,19:45,Roscommon,19:45 ROSCOMMON,De Vega Queen,0,11,False,40,0.0,False,False,Standard Form,2026-08-18 14:46:13.153000
2026-08-18,19:45,Roscommon,19:45 ROSCOMMON,Sunny South West,0,12,False,38,0.0,False,False,Standard Form,2026-08-18 14:46:13.153000
2026-08-18,19:45,Roscommon,19:45 ROSCOMMON,Ben Lomond,0,13,False,25,0.0,False,False,Standard Form,2026-08-18 14:46:13.153000
2026-08-18,19:45,Roscommon,19:45 ROSCOMMON,Venerini,2,14,False,20,0.0,False,False,Standard Form,2026-08-18 14:46:13.153000
2026-08-18,19:45,Roscommon,19:45 ROSCOMMON,Almazann,3,15,False,16,0.0,False,True,Front Runner (+3),2026-08-18 14:46:13.153000
2026-08-18,19:45,Roscommon,19:45 ROSCOMMON,My Girl Jersie,5,16,False,7,0.0,False,True,"Front Runner (+3), Quick Return (7d)",2026-08-18 14:46:13.157000
2026-08-18,20:15,Roscommon,20:15 ROSCOMMON,Lily Parr,-2,1,True,180,0.0,True,False,Discipline Issue (dwelt/hung),2026-08-18 14:46:13.160000
2026-08-18,20:15,Roscommon,20:15 ROSCOMMON,Catherine Magennis,-2,2,True,99,0.0,True,False,Discipline Issue (dwelt/hung),2026-08-18 14:46:13.160000
2026-08-18,20:15,Roscommon,20:15 ROSCOMMON,Yquem,-1,3,False,16,2.7,False,True,"Stride Decay (2.7m), Front Runner (+3)",2026-08-18 14:46:13.160000
2026-08-18,20:15,Roscommon,20:15 ROSCOMMON,Fianna,0,4,False,278,0.0,False,False,Standard Form,2026-08-18 14:46:13.163000
2026-08-18,20:15,Roscommon,20:15 ROSCOMMON,Summer Snow,0,5,False,189,0.0,False,False,Standard Form,2026-08-18 14:46:13.163000
2026-08-18,20:15,Roscommon,20:15 ROSCOMMON,Spy,0,6,False,142,0.0,False,False,Standard Form,2026-08-18 14:46:13.163000
2026-08-18,20:15,Roscommon,20:15 ROSCOMMON,Lady Plimsoll,0,7,False,101,0.0,False,False,Standard Form,2026-08-18 14:46:13.163000
2026-08-18,20:15,Roscommon,20:15 ROSCOMMON,Deralo Ir,0,8,False,99,0.0,False,False,Standard Form,2026-08-18 14:46:13.167000
2026-08-18,20:15,Roscommon,20:15 ROSCOMMON,Chopsticks,0,9,False,14,0.0,False,False,Standard Form,2026-08-18 14:46:13.167000
2026-08-18,20:15,Roscommon,20:15 ROSCOMMON,Master Sydney,0,10,False,9,0.0,False,False,Standard Form,2026-08-18 14:46:13.167000
2026-08-18,20:15,Roscommon,20:15 ROSCOMMON,Daonethatgotaway,2,11,False,14,0.0,False,False,Standard Form,2026-08-18 14:46:13.167000
2026-08-18,20:15,Roscommon,20:15 ROSCOMMON,Piatra Neamt,2,12,False,10,0.0,False,False,Standard Form,2026-08-18 14:46:13.167000
2026-08-18,20:15,Roscommon,20:15 ROSCOMMON,Double Indian,3,13,False,99,0.0,False,True,Front Runner (+3),2026-08-18 14:46:13.167000
2026-08-18,20:15,Roscommon,20:15 ROSCOMMON,Coulstys Way,3,14,False,55,0.0,False,True,Front Runner (+3),2026-08-18 14:46:13.167000
2026-08-18,20:15,Roscommon,20:15 ROSCOMMON,Enchanted Lady,3,15,False,16,0.0,False,True,Front Runner (+3),2026-08-18 14:46:13.167000
2026-08-18,20:15,Roscommon,20:15 ROSCOMMON,Autocrat,3,16,False,12,0.0,False,True,Front Runner (+3),2026-08-18 14:46:13.167000
2026-08-18,20:15,Roscommon,20:15 ROSCOMMON,Out On Friday,5,17,False,240,0.0,False,True,Front Runner (+3),2026-08-18 14:46:13.167000
2026-08-18,20:15,Roscommon,20:15 ROSCOMMON,Duke Of Leggagh,5,18,False,7,0.0,False,True,"Front Runner (+3), Quick Return (7d)",2026-08-18 14:46:13.170000
2026-08-18,15:50,Chepstow,15:50 CHEPSTOW,Look Back Smiling,-4,1,True,134,1.7,False,False,Stride Decay (1.7m),2026-08-18 14:46:13.170000
2026-08-18,15:50,Chepstow,15:50 CHEPSTOW,Law Of Design,-4,2,True,54,0.7,False,False,Stride Decay (0.7m),2026-08-18 14:46:13.173000
2026-08-18,15:50,Chepstow,15:50 CHEPSTOW,Risen Again,0,3,False,32,0.0,False,False,Standard Form,2026-08-18 14:46:13.177000
2026-08-18,15:50,Chepstow,15:50 CHEPSTOW,Rating,0,4,False,25,0.0,False,False,Standard Form,2026-08-18 14:46:13.177000
2026-08-18,15:50,Chepstow,15:50 CHEPSTOW,Ajrad,0,5,False,19,0.0,False,False,Standard Form,2026-08-18 14:46:13.177000
2026-08-18,15:50,Chepstow,15:50 CHEPSTOW,Counting Cards,1,6,False,19,0.0,True,True,"Discipline Issue (dwelt/hung), Front Runner (+3)",2026-08-18 14:46:13.180000
2026-08-18,15:50,Chepstow,15:50 CHEPSTOW,Scarfo,2,7,False,7,0.0,False,False,Quick Return (7d),2026-08-18 14:46:13.180000
2026-08-18,15:50,Chepstow,15:50 CHEPSTOW,Bobby Dassler,5,8,False,8,0.0,False,True,Front Runner (+3),2026-08-18 14:46:13.183000
2026-08-18,17:45,Roscommon,17:45 ROSCOMMON,Pints Of Glory,-2,1,True,99,0.0,True,False,Discipline Issue (dwelt/hung),2026-08-18 14:46:13.187000
2026-08-18,17:45,Roscommon,17:45 ROSCOMMON,Green Sparkle,0,2,False,99,0.0,False,False,Standard Form,2026-08-18 14:46:13.187000
2026-08-18,17:45,Roscommon,17:45 ROSCOMMON,Honey Deuce,0,3,False,99,0.0,False,False,Standard Form,2026-08-18 14:46:13.187000
2026-08-18,17:45,Roscommon,17:45 ROSCOMMON,Hypiradon,0,4,False,99,0.0,False,False,Standard Form,2026-08-18 14:46:13.187000
2026-08-18,17:45,Roscommon,17:45 ROSCOMMON,Luca Brillante,0,5,False,99,0.0,False,False,Standard Form,2026-08-18 14:46:13.187000
2026-08-18,17:45,Roscommon,17:45 ROSCOMMON,Matavai Bay,0,6,False,99,0.0,False,False,Standard Form,2026-08-18 14:46:13.187000
2026-08-18,17:45,Roscommon,17:45 ROSCOMMON,Nando Royale,0,7,False,99,0.0,False,False,Standard Form,2026-08-18 14:46:13.187000
2026-08-18,17:45,Roscommon,17:45 ROSCOMMON,Prince Of Peppard,0,8,False,99,0.0,False,False,Standard Form,2026-08-18 14:46:13.187000
2026-08-18,17:45,Roscommon,17:45 ROSCOMMON,Someday Somewhere,0,9,False,99,0.0,False,False,Standard Form,2026-08-18 14:46:13.187000
2026-08-18,17:45,Roscommon,17:45 ROSCOMMON,Captain James Cook,0,10,False,22,0.0,False,False,Standard Form,2026-08-18 14:46:13.187000
2026-08-18,17:45,Roscommon,17:45 ROSCOMMON,Eighteenth Smiles,0,11,False,15,0.0,False,False,Standard Form,2026-08-18 14:46:13.187000
2026-08-18,17:45,Roscommon,17:45 ROSCOMMON,Cashel Queen,1,12,False,25,0.0,True,True,"Discipline Issue (dwelt/hung), Front Runner (+3)",2026-08-18 14:46:13.190000
2026-08-18,18:15,Roscommon,18:15 ROSCOMMON,Emotional Hedging,0,1,False,99,0.0,False,False,Standard Form,2026-08-18 14:46:13.190000
2026-08-18,18:15,Roscommon,18:15 ROSCOMMON,Green Dreamer,0,2,False,99,0.0,False,False,Standard Form,2026-08-18 14:46:13.190000
2026-08-18,18:15,Roscommon,18:15 ROSCOMMON,Grit And Glory,0,3,False,99,0.0,False,False,Standard Form,2026-08-18 14:46:13.190000
2026-08-18,18:15,Roscommon,18:15 ROSCOMMON,Noble Agenda,0,4,False,99,0.0,False,False,Standard Form,2026-08-18 14:46:13.190000
2026-08-18,18:15,Roscommon,18:15 ROSCOMMON,Oristown Boy,0,5,False,99,0.0,False,False,Standard Form,2026-08-18 14:46:13.190000
2026-08-18,18:15,Roscommon,18:15 ROSCOMMON,Sword Of State,0,6,False,99,0.0,False,False,Standard Form,2026-08-18 14:46:13.190000
2026-08-18,18:15,Roscommon,18:15 ROSCOMMON,Gabby Hayes,0,7,False,31,0.0,False,False,Standard Form,2026-08-18 14:46:13.190000
2026-08-18,18:15,Roscommon,18:15 ROSCOMMON,Lars Soldier,3,8,False,19,0.0,True,True,"Discipline Issue (dwelt/hung), Front Runner (+3)",2026-08-18 14:46:13.190000
2026-08-18,18:15,Roscommon,18:15 ROSCOMMON,Seven Nation Army,5,9,False,41,0.0,False,True,Front Runner (+3),2026-08-18 14:46:13.190000
2026-08-18,17:10,Roscommon,17:10 ROSCOMMON,Darkdeserthighway,0,1,False,56,0.0,False,False,Standard Form,2026-08-18 14:46:13.190000
2026-08-18,17:10,Roscommon,17:10 ROSCOMMON,Kashel Spring,0,2,False,24,0.0,False,False,Standard Form,2026-08-18 14:46:13.190000
2026-08-18,17:10,Roscommon,17:10 ROSCOMMON,Forlio,0,3,False,16,0.0,False,False,Standard Form,2026-08-18 14:46:13.190000
2026-08-18,17:10,Roscommon,17:10 ROSCOMMON,Kakori,0,4,False,14,0.0,False,False,Standard Form,2026-08-18 14:46:13.190000
2026-08-18,17:10,Roscommon,17:10 ROSCOMMON,Phidias Ovation,1,5,False,17,0.0,True,True,"Discipline Issue (dwelt/hung), Front Runner (+3)",2026-08-18 14:46:13.193000
2026-08-18,17:10,Roscommon,17:10 ROSCOMMON,Loingseoir,2,6,False,6,0.0,False,False,Quick Return (6d),2026-08-18 14:46:13.193000
2026-08-18,17:10,Roscommon,17:10 ROSCOMMON,Hexagonal,3,7,False,19,0.0,False,True,Front Runner (+3),2026-08-18 14:46:13.193000
2026-08-18,17:10,Roscommon,17:10 ROSCOMMON,Concert Party,3,8,False,16,0.0,False,True,Front Runner (+3),2026-08-18 14:46:13.193000
2026-08-18,17:10,Roscommon,17:10 ROSCOMMON,She's Ideal,3,9,False,16,0.0,False,True,Front Runner (+3),2026-08-18 14:46:13.197000
2026-08-18,17:10,Roscommon,17:10 ROSCOMMON,Moyassr,5,10,False,11,0.0,False,True,Front Runner (+3),2026-08-18 14:46:13.200000
2026-08-18,17:10,Roscommon,17:10 ROSCOMMON,Bucaneer's Spirit,5,11,False,3,0.0,False,True,"Front Runner (+3), Quick Return (3d)",2026-08-18 14:46:13.200000
2026-08-18,15:15,Chepstow,15:15 CHEPSTOW,It's A Dream,0,1,False,794,0.0,False,False,Standard Form,2026-08-18 14:46:13.200000
2026-08-18,15:15,Chepstow,15:15 CHEPSTOW,Avionics,0,2,False,99,0.0,False,False,Standard Form,2026-08-18 14:46:13.203000
2026-08-18,15:15,Chepstow,15:15 CHEPSTOW,Grove Street,0,3,False,99,0.0,False,False,Standard Form,2026-08-18 14:46:13.203000
2026-08-18,15:15,Chepstow,15:15 CHEPSTOW,Highland Frost,0,4,False,99,0.0,False,False,Standard Form,2026-08-18 14:46:13.203000
2026-08-18,15:15,Chepstow,15:15 CHEPSTOW,La Bassette,0,5,False,99,0.0,False,False,Standard Form,2026-08-18 14:46:13.203000
2026-08-18,15:15,Chepstow,15:15 CHEPSTOW,Talamon,0,6,False,99,0.0,False,False,Standard Form,2026-08-18 14:46:13.207000
2026-08-18,17:20,Lingfield Park,17:20 LINGFIELD,Horus,-4,1,True,36,0.6,False,False,Stride Decay (0.6m),2026-08-18 14:46:13.207000
2026-08-18,17:20,Lingfield Park,17:20 LINGFIELD,Vitalline,-4,2,True,19,-23.9,True,False,Discipline Issue (dwelt/hung),2026-08-18 14:46:13.210000
2026-08-18,17:20,Lingfield Park,17:20 LINGFIELD,Chloe's Courage,-3,3,False,10,0.8,True,True,"Discipline Issue (dwelt/hung), Stride Decay (0.8m), Front Runner (+3)",2026-08-18 14:46:13.210000
2026-08-18,17:20,Lingfield Park,17:20 LINGFIELD,Ruiz,-2,4,False,241,0.0,True,False,Discipline Issue (dwelt/hung),2026-08-18 14:46:13.213000
2026-08-18,17:20,Lingfield Park,17:20 LINGFIELD,Power Cut,-2,5,False,56,-0.3,False,False,Standard Form,2026-08-18 14:46:13.213000
2026-08-18,17:20,Lingfield Park,17:20 LINGFIELD,No News,0,6,False,227,0.0,False,False,Standard Form,2026-08-18 14:46:13.213000
2026-08-18,17:20,Lingfield Park,17:20 LINGFIELD,Dupont Circle,0,7,False,152,0.0,False,False,Standard Form,2026-08-18 14:46:13.213000
2026-08-18,17:20,Lingfield Park,17:20 LINGFIELD,Rovinia,0,8,False,9,0.0,False,False,Standard Form,2026-08-18 14:46:13.213000
2026-08-18,17:20,Lingfield Park,17:20 LINGFIELD,Crown The Future,1,9,False,32,-0.3,False,True,Front Runner (+3),2026-08-18 14:46:13.217000
2026-08-18,17:20,Lingfield Park,17:20 LINGFIELD,Megaphone,2,10,False,14,0.0,False,False,Standard Form,2026-08-18 14:46:13.217000
2026-08-18,17:20,Lingfield Park,17:20 LINGFIELD,Regal Guest,3,11,False,77,0.0,False,True,Front Runner (+3),2026-08-18 14:46:13.217000
2026-08-18,19:00,Wolverhampton,19:00 WOLVERHAMPTON,Albertini Star,-4,1,True,50,1.6,False,False,Stride Decay (1.6m),2026-08-18 14:46:13.220000
2026-08-18,19:00,Wolverhampton,19:00 WOLVERHAMPTON,Khepri,0,2,False,99,0.0,False,False,Standard Form,2026-08-18 14:46:13.223000
2026-08-18,19:00,Wolverhampton,19:00 WOLVERHAMPTON,Sailor's Return,0,3,False,99,0.0,False,False,Standard Form,2026-08-18 14:46:13.223000
2026-08-18,19:00,Wolverhampton,19:00 WOLVERHAMPTON,Samra Star,0,4,False,25,0.0,False,False,Standard Form,2026-08-18 14:46:13.223000
2026-08-18,19:00,Wolverhampton,19:00 WOLVERHAMPTON,Blue Celestial,0,5,False,20,0.0,False,False,Standard Form,2026-08-18 14:46:13.223000
2026-08-18,19:00,Wolverhampton,19:00 WOLVERHAMPTON,Sunshine And Roses,0,6,False,7,-0.3,False,False,Quick Return (7d),2026-08-18 14:46:13.227000
2026-08-18,19:00,Wolverhampton,19:00 WOLVERHAMPTON,Delevingne Dream,1,7,False,42,0.0,False,True,Front Runner (+3),2026-08-18 14:46:13.230000
2026-08-18,19:00,Wolverhampton,19:00 WOLVERHAMPTON,Goldie Trickett,3,8,False,25,0.0,False,True,Front Runner (+3),2026-08-18 14:46:13.230000
2026-08-18,19:00,Wolverhampton,19:00 WOLVERHAMPTON,Gladiadora,3,9,False,16,0.0,False,True,Front Runner (+3),2026-08-18 14:46:13.240000
2026-08-18,19:00,Wolverhampton,19:00 WOLVERHAMPTON,Mimi's Magic,3,10,False,15,0.0,False,True,Front Runner (+3),2026-08-18 14:46:13.240000
2026-08-18,18:30,Wolverhampton,18:30 WOLVERHAMPTON,Shaw Park,-4,1,True,11,0.8,False,False,Stride Decay (0.8m),2026-08-18 14:46:13.243000
2026-08-18,18:30,Wolverhampton,18:30 WOLVERHAMPTON,Inside Story,-2,2,True,69,0.0,True,False,Discipline Issue (dwelt/hung),2026-08-18 14:46:13.243000
2026-08-18,18:30,Wolverhampton,18:30 WOLVERHAMPTON,Packetofbiscuits,-1,3,False,12,1.4,False,True,"Stride Decay (1.4m), Front Runner (+3)",2026-08-18 14:46:13.247000
2026-08-18,18:30,Wolverhampton,18:30 WOLVERHAMPTON,Havanagreattime,-1,4,False,25,0.0,True,True,"Discipline Issue (dwelt/hung), Front Runner (+3)",2026-08-18 14:46:13.250000
2026-08-18,18:30,Wolverhampton,18:30 WOLVERHAMPTON,Percy's Lad,0,5,False,15,0.0,False,False,Standard Form,2026-08-18 14:46:13.250000
2026-08-18,18:30,Wolverhampton,18:30 WOLVERHAMPTON,Naepoint,1,6,False,23,0.0,False,True,Front Runner (+3),2026-08-18 14:46:13.250000
2026-08-18,18:30,Wolverhampton,18:30 WOLVERHAMPTON,Padua,1,7,False,19,0.0,False,True,Front Runner (+3),2026-08-18 14:46:13.250000
2026-08-18,18:30,Wolverhampton,18:30 WOLVERHAMPTON,Haaderr,2,8,False,53,0.3,True,True,"Discipline Issue (dwelt/hung), Stride Decay (0.3m), Front Runner (+3)",2026-08-18 14:46:13.253000
2026-08-18,18:30,Wolverhampton,18:30 WOLVERHAMPTON,He's A Gentleman,2,9,False,29,-0.4,False,True,Front Runner (+3),2026-08-18 14:46:13.253000
2026-08-18,18:30,Wolverhampton,18:30 WOLVERHAMPTON,Spaceman,3,10,False,196,0.0,False,True,Front Runner (+3),2026-08-18 14:46:13.253000
2026-08-20,16:45,York,16:45 YORK,High Hazard,-2,1,True,99,0.0,True,False,Discipline Issue (dwelt/hung),2026-08-19 09:29:17.640000
2026-08-20,16:45,York,16:45 YORK,Koodini,-2,2,True,99,0.0,True,False,Discipline Issue (dwelt/hung),2026-08-19 09:29:17.643000
2026-08-20,16:45,York,16:45 YORK,Mirzimaan,-2,3,False,99,0.0,True,False,Discipline Issue (dwelt/hung),2026-08-19 09:29:17.647000
2026-08-20,16:45,York,16:45 YORK,Revels,-2,4,False,99,0.0,True,False,Discipline Issue (dwelt/hung),2026-08-19 09:29:17.650000
2026-08-19,18:38,Worcester,18:38 WORCESTER,Not Now,-4,1,True,38,0.7,False,False,Stride Decay (0.7m),2026-08-18 11:53:52.427000
2026-08-19,18:38,Worcester,18:38 WORCESTER,Delgany Headline,-2,2,True,99,0.0,False,False,Standard Form,2026-08-18 11:53:52.430000
2026-08-19,18:38,Worcester,18:38 WORCESTER,Shesonnet,0,3,False,134,0.0,False,False,Standard Form,2026-08-18 11:53:52.430000
2026-08-19,18:38,Worcester,18:38 WORCESTER,Cadillac Ranch,0,4,False,99,0.0,False,False,Standard Form,2026-08-18 11:53:52.437000
2026-08-19,18:38,Worcester,18:38 WORCESTER,Bright Legend,0,5,False,27,0.0,False,False,Standard Form,2026-08-18 11:53:52.440000
2026-08-19,18:38,Worcester,18:38 WORCESTER,Phantom Gold,0,6,False,27,0.0,False,False,Standard Form,2026-08-18 11:53:52.440000
2026-08-19,18:38,Worcester,18:38 WORCESTER,Likewhatyousee,0,7,False,20,0.0,False,False,Standard Form,2026-08-18 11:53:52.440000
2026-08-19,18:38,Worcester,18:38 WORCESTER,Oneinthewell,1,8,False,22,0.0,False,True,Front Runner (+3),2026-08-18 11:53:52.443000
2026-08-19,18:38,Worcester,18:38 WORCESTER,Newbrook Diamond,1,9,False,17,0.0,False,True,Front Runner (+3),2026-08-18 11:53:52.447000
2026-08-19,18:38,Worcester,18:38 WORCESTER,Square D'alboni,1,10,False,16,0.0,False,True,Front Runner (+3),2026-08-18 11:53:52.450000
2026-08-19,18:38,Worcester,18:38 WORCESTER,Road To Wembley,3,11,False,44,0.0,False,True,Front Runner (+3),2026-08-18 11:53:52.450000
2026-08-19,18:38,Worcester,18:38 WORCESTER,Handmedownastar,4,12,False,21,0.0,False,True,Front Runner (+3),2026-08-18 11:53:52.450000
2026-08-19,16:55,Carlisle,16:55 CARLISLE,Yellow Diamonds,-2,1,True,215,0.0,True,False,Discipline Issue (dwelt/hung),2026-08-18 11:53:52.453000
2026-08-19,16:55,Carlisle,16:55 CARLISLE,Northern Tempest,-2,2,True,24,0.0,True,False,Discipline Issue (dwelt/hung),2026-08-18 11:53:52.457000
2026-08-19,16:55,Carlisle,16:55 CARLISLE,Dream Forever,2,3,False,14,0.0,False,False,Standard Form,2026-08-18 11:53:52.460000
2026-08-19,16:55,Carlisle,16:55 CARLISLE,Kilmac Air,3,4,False,16,0.0,False,True,Front Runner (+3),2026-08-18 11:53:52.460000
2026-08-19,16:55,Carlisle,16:55 CARLISLE,Hares Bredth,3,5,False,10,0.0,False,True,Front Runner (+3),2026-08-18 11:53:52.463000
2026-08-19,16:55,Carlisle,16:55 CARLISLE,Oasis Cover,3,6,False,10,0.0,False,True,Front Runner (+3),2026-08-18 11:53:52.470000
2026-08-19,16:55,Carlisle,16:55 CARLISLE,Heathers Feather,3,7,False,7,0.0,False,True,"Front Runner (+3), Quick Return (7d)",2026-08-18 11:53:52.470000
2026-08-19,16:55,Carlisle,16:55 CARLISLE,Maximum Velocity,5,8,False,23,0.0,False,True,Front Runner (+3),2026-08-18 11:53:52.473000
2026-08-19,17:02,Worcester,17:02 WORCESTER,Harrys Hope,0,1,False,49,0.0,False,False,Standard Form,2026-08-18 11:53:52.477000
2026-08-19,17:02,Worcester,17:02 WORCESTER,King Roly,0,2,False,25,0.0,False,False,Standard Form,2026-08-18 11:53:52.480000
2026-08-19,17:02,Worcester,17:02 WORCESTER,Yes Day,0,3,False,20,0.0,False,False,Standard Form,2026-08-18 11:53:52.480000
2026-08-19,17:02,Worcester,17:02 WORCESTER,Palamon,1,4,False,16,0.0,False,True,Front Runner (+3),2026-08-18 11:53:52.487000
2026-08-19,17:02,Worcester,17:02 WORCESTER,Smugglers Haven,2,5,False,48,0.0,False,False,Standard Form,2026-08-18 11:53:52.490000
2026-08-19,17:02,Worcester,17:02 WORCESTER,Muskerry Rock,5,6,False,17,0.0,False,True,Front Runner (+3),2026-08-18 11:53:52.490000
2026-08-19,18:48,Sligo,18:48 SLIGO,Gortmore Lady,0,1,False,178,0.0,False,False,Standard Form,2026-08-18 11:53:52.493000
2026-08-19,18:48,Sligo,18:48 SLIGO,Clever Court,0,2,False,115,0.0,False,False,Standard Form,2026-08-18 11:53:52.497000
2026-08-19,18:48,Sligo,18:48 SLIGO,El Arco,0,3,False,33,0.0,False,False,Standard Form,2026-08-18 11:53:52.500000
2026-08-19,18:48,Sligo,18:48 SLIGO,Move It On Over,1,4,False,266,0.0,True,True,"Discipline Issue (dwelt/hung), Front Runner (+3)",2026-08-18 11:53:52.503000
2026-08-19,18:48,Sligo,18:48 SLIGO,Georginas Jet,2,5,False,197,0.0,False,False,Standard Form,2026-08-18 11:53:52.503000
2026-08-19,18:48,Sligo,18:48 SLIGO,Sekakarma,2,6,False,162,0.0,False,False,Standard Form,2026-08-18 11:53:52.507000
2026-08-19,18:48,Sligo,18:48 SLIGO,Katie's Casper,2,7,False,139,0.0,False,False,Standard Form,2026-08-18 11:53:52.510000
2026-08-19,18:48,Sligo,18:48 SLIGO,Phoenix Arizona,2,8,False,21,0.0,False,False,Standard Form,2026-08-18 11:53:52.513000
2026-08-19,18:48,Sligo,18:48 SLIGO,Love Like This,2,9,False,9,0.0,False,False,Standard Form,2026-08-18 11:53:52.513000
2026-08-19,18:48,Sligo,18:48 SLIGO,Glaoinn An Airgead,2,10,False,8,0.0,False,False,Standard Form,2026-08-18 11:53:52.520000
2026-08-19,18:48,Sligo,18:48 SLIGO,Max Time,2,11,False,8,0.0,False,False,Standard Form,2026-08-18 11:53:52.520000
2026-08-19,18:48,Sligo,18:48 SLIGO,Beacon Bypass,2,12,False,7,0.0,False,False,Quick Return (7d),2026-08-18 11:53:52.527000
2026-08-19,18:48,Sligo,18:48 SLIGO,Mother Ship,3,13,False,208,0.0,False,True,Front Runner (+3),2026-08-18 11:53:52.530000
2026-08-19,18:48,Sligo,18:48 SLIGO,Laska Du Breuil,3,14,False,65,0.0,False,True,Front Runner (+3),2026-08-18 11:53:52.530000
2026-08-19,18:48,Sligo,18:48 SLIGO,Wild Mandate,3,15,False,59,0.0,False,True,Front Runner (+3),2026-08-18 11:53:52.533000
2026-08-19,18:48,Sligo,18:48 SLIGO,Ranting And Raven,3,16,False,37,0.0,False,True,Front Runner (+3),2026-08-18 11:53:52.537000
2026-08-19,18:48,Sligo,18:48 SLIGO,Firstupbestdressed,3,17,False,15,0.0,False,True,Front Runner (+3),2026-08-18 11:53:52.540000
2026-08-19,18:48,Sligo,18:48 SLIGO,Hob's Angel,5,18,False,25,0.0,False,True,Front Runner (+3),2026-08-18 11:53:52.540000
2026-08-19,19:30,Kempton Park,19:30 KEMPTON PARK,Chapter,-2,1,True,206,0.0,True,False,Discipline Issue (dwelt/hung),2026-08-18 11:53:52.543000
2026-08-19,19:30,Kempton Park,19:30 KEMPTON PARK,Lili Marleen,0,2,False,99,0.0,False,False,Standard Form,2026-08-18 11:53:52.547000
2026-08-19,19:30,Kempton Park,19:30 KEMPTON PARK,Lucky Camino,0,3,False,99,0.0,False,False,Standard Form,2026-08-18 11:53:52.547000
2026-08-19,19:30,Kempton Park,19:30 KEMPTON PARK,Victory Ace,0,4,False,22,0.0,False,False,Standard Form,2026-08-18 11:53:52.550000
2026-08-19,19:30,Kempton Park,19:30 KEMPTON PARK,Darn Hot Gallop,0,5,False,19,0.0,False,False,Standard Form,2026-08-18 11:53:52.553000
2026-08-19,19:30,Kempton Park,19:30 KEMPTON PARK,Lake Como,0,6,False,15,0.0,False,False,Standard Form,2026-08-18 11:53:52.557000
2026-08-19,19:30,Kempton Park,19:30 KEMPTON PARK,Percy's Lad,0,7,False,15,0.0,False,False,Standard Form,2026-08-18 11:53:52.557000
2026-08-19,19:30,Kempton Park,19:30 KEMPTON PARK,Night Wolf,1,8,False,184,-20.6,False,True,Front Runner (+3),2026-08-18 11:53:52.563000
2026-08-19,19:30,Kempton Park,19:30 KEMPTON PARK,Mr Professor,3,9,False,324,0.0,False,True,Front Runner (+3),2026-08-18 11:53:52.567000
2026-08-19,19:30,Kempton Park,19:30 KEMPTON PARK,Breakdancer,4,10,False,19,0.9,False,True,"Stride Decay (0.9m), Front Runner (+3)",2026-08-18 11:53:52.570000
2026-08-19,18:17,Sligo,18:17 SLIGO,Discrete,0,1,False,99,0.0,False,False,Standard Form,2026-08-18 11:53:52.570000
2026-08-19,18:17,Sligo,18:17 SLIGO,Go To The Moon,0,2,False,99,0.0,False,False,Standard Form,2026-08-18 11:53:52.570000
2026-08-19,18:17,Sligo,18:17 SLIGO,Hadahi,0,3,False,99,0.0,False,False,Standard Form,2026-08-18 11:53:52.573000
2026-08-19,18:17,Sligo,18:17 SLIGO,Lengaruka,0,4,False,99,0.0,False,False,Standard Form,2026-08-18 11:53:52.577000
2026-08-19,18:17,Sligo,18:17 SLIGO,Godsend,1,5,False,39,-0.3,False,True,Front Runner (+3),2026-08-18 11:53:52.580000
2026-08-19,18:17,Sligo,18:17 SLIGO,Kisuton Enki,3,6,False,22,0.0,False,True,Front Runner (+3),2026-08-18 11:53:52.580000
2026-08-19,18:17,Sligo,18:17 SLIGO,Seven Towers,3,7,False,18,0.0,False,True,Front Runner (+3),2026-08-18 11:53:52.580000
2026-08-19,18:17,Sligo,18:17 SLIGO,Mindyourheadmike,5,8,False,26,0.0,False,True,Front Runner (+3),2026-08-18 11:53:52.580000
2026-08-19,18:30,Kempton Park,18:30 KEMPTON PARK,Algaihabane,0,1,False,99,0.0,False,False,Standard Form,2026-08-18 11:53:52.580000
2026-08-19,18:30,Kempton Park,18:30 KEMPTON PARK,Carrow Road,0,2,False,99,0.0,False,False,Standard Form,2026-08-18 11:53:52.580000
2026-08-19,18:30,Kempton Park,18:30 KEMPTON PARK,Give Hand,0,3,False,99,0.0,False,False,Standard Form,2026-08-18 11:53:52.583000
2026-08-19,18:30,Kempton Park,18:30 KEMPTON PARK,Hoshi,0,4,False,99,0.0,False,False,Standard Form,2026-08-18 11:53:52.583000
2026-08-19,18:30,Kempton Park,18:30 KEMPTON PARK,Lady Nenaz,0,5,False,99,0.0,False,False,Standard Form,2026-08-18 11:53:52.587000
2026-08-19,18:30,Kempton Park,18:30 KEMPTON PARK,Liberty's Hall,0,6,False,99,0.0,False,False,Standard Form,2026-08-18 11:53:52.590000
2026-08-19,18:30,Kempton Park,18:30 KEMPTON PARK,Perfect Heir,0,7,False,99,0.0,False,False,Standard Form,2026-08-18 11:53:52.590000
2026-08-19,18:30,Kempton Park,18:30 KEMPTON PARK,Shaddock,0,8,False,99,0.0,False,False,Standard Form,2026-08-18 11:53:52.597000
2026-08-19,18:30,Kempton Park,18:30 KEMPTON PARK,Sonic Angel,0,9,False,99,0.0,False,False,Standard Form,2026-08-18 11:53:52.597000
2026-08-19,18:30,Kempton Park,18:30 KEMPTON PARK,Stytch,0,10,False,99,0.0,False,False,Standard Form,2026-08-18 11:53:52.600000
2026-08-19,18:30,Kempton Park,18:30 KEMPTON PARK,Thunder Home,0,11,False,99,0.0,False,False,Standard Form,2026-08-18 11:53:52.600000
2026-08-19,18:30,Kempton Park,18:30 KEMPTON PARK,Time To Climb,0,12,False,99,0.0,False,False,Standard Form,2026-08-18 11:53:52.600000
2026-08-19,18:30,Kempton Park,18:30 KEMPTON PARK,Uncle Zello,0,13,False,99,0.0,False,False,Standard Form,2026-08-18 11:53:52.603000
2026-08-19,20:08,Worcester,20:08 WORCESTER,Farhh Echo,-2,1,True,22,0.0,False,False,Standard Form,2026-08-18 11:53:52.603000
2026-08-19,20:08,Worcester,20:08 WORCESTER,Betty's Tiara,0,2,False,160,0.0,False,False,Standard Form,2026-08-18 11:53:52.607000
2026-08-19,20:08,Worcester,20:08 WORCESTER,The Great Escape,0,3,False,56,0.0,False,False,Standard Form,2026-08-18 11:53:52.607000
2026-08-19,20:08,Worcester,20:08 WORCESTER,Kenzo Des Bruyeres,0,4,False,42,0.0,False,False,Standard Form,2026-08-18 11:53:52.610000
2026-08-19,20:08,Worcester,20:08 WORCESTER,Stiletto,0,5,False,31,0.0,False,False,Standard Form,2026-08-18 11:53:52.610000
2026-08-19,20:08,Worcester,20:08 WORCESTER,Cinnodin,1,6,False,193,0.0,True,True,"Discipline Issue (dwelt/hung), Front Runner (+3)",2026-08-18 11:53:52.613000
2026-08-19,20:08,Worcester,20:08 WORCESTER,Final Entry,1,7,False,44,0.0,False,True,Front Runner (+3),2026-08-18 11:53:52.617000
2026-08-19,20:08,Worcester,20:08 WORCESTER,Mistral Blue,2,8,False,148,0.0,False,False,Standard Form,2026-08-18 11:53:52.617000
2026-08-19,20:08,Worcester,20:08 WORCESTER,Atreides,2,9,False,113,0.0,False,False,Standard Form,2026-08-18 11:53:52.617000
2026-08-19,20:08,Worcester,20:08 WORCESTER,Back In The Bay,3,10,False,89,0.0,False,True,Front Runner (+3),2026-08-18 11:53:52.617000
2026-08-19,20:08,Worcester,20:08 WORCESTER,Ikigai Star,3,11,False,34,0.0,False,True,Front Runner (+3),2026-08-18 11:53:52.617000
2026-08-19,20:08,Worcester,20:08 WORCESTER,Sims' Law,3,12,False,31,0.0,False,True,Front Runner (+3),2026-08-18 11:53:52.623000
2026-08-19,20:08,Worcester,20:08 WORCESTER,Redbridge Rambler,3,13,False,27,0.0,False,True,Front Runner (+3),2026-08-18 11:53:52.627000
2026-08-19,20:08,Worcester,20:08 WORCESTER,Barry Fife,3,14,False,14,0.0,False,True,Front Runner (+3),2026-08-18 11:53:52.630000
2026-08-19,20:08,Worcester,20:08 WORCESTER,Mancero,3,15,False,14,0.0,False,True,Front Runner (+3),2026-08-18 11:53:52.630000
2026-08-19,20:08,Worcester,20:08 WORCESTER,October Hill,5,16,False,33,0.0,False,True,Front Runner (+3),2026-08-18 11:53:52.630000
2026-08-19,20:08,Worcester,20:08 WORCESTER,Fiskardo,5,17,False,26,0.0,False,True,Front Runner (+3),2026-08-18 11:53:52.630000
2026-08-19,20:18,Sligo,20:18 SLIGO,Bairdin,0,1,False,99,0.0,False,False,Standard Form,2026-08-18 11:53:52.630000
2026-08-19,20:18,Sligo,20:18 SLIGO,Conor'salwaysright,0,2,False,99,0.0,False,False,Standard Form,2026-08-18 11:53:52.630000
2026-08-19,20:18,Sligo,20:18 SLIGO,Dancing Symbol,0,3,False,99,0.0,False,False,Standard Form,2026-08-18 11:53:52.630000
2026-08-19,20:18,Sligo,20:18 SLIGO,Gruncle,0,4,False,99,0.0,False,False,Standard Form,2026-08-18 11:53:52.633000
2026-08-19,20:18,Sligo,20:18 SLIGO,Hetty Parker,0,5,False,99,0.0,False,False,Standard Form,2026-08-18 11:53:52.633000
2026-08-19,20:18,Sligo,20:18 SLIGO,Kippersandcustard,0,6,False,99,0.0,False,False,Standard Form,2026-08-18 11:53:52.633000
2026-08-19,20:18,Sligo,20:18 SLIGO,Orderly Conduct,0,7,False,99,0.0,False,False,Standard Form,2026-08-18 11:53:52.633000
2026-08-19,20:18,Sligo,20:18 SLIGO,Run For Fun,2,8,False,99,0.0,False,False,Standard Form,2026-08-18 11:53:52.637000
2026-08-19,17:25,Kempton Park,17:25 KEMPTON PARK,Dream Of Albion,0,1,False,99,0.0,False,False,Standard Form,2026-08-18 11:53:52.640000
2026-08-19,17:25,Kempton Park,17:25 KEMPTON PARK,Graniteville,0,2,False,99,0.0,False,False,Standard Form,2026-08-18 11:53:52.640000
2026-08-19,17:25,Kempton Park,17:25 KEMPTON PARK,Mile End Road,0,3,False,99,0.0,False,False,Standard Form,2026-08-18 11:53:52.640000
2026-08-19,17:25,Kempton Park,17:25 KEMPTON PARK,Palliser,0,4,False,99,0.0,False,False,Standard Form,2026-08-18 11:53:52.640000
2026-08-19,17:25,Kempton Park,17:25 KEMPTON PARK,Spareapenny,0,5,False,99,0.0,False,False,Standard Form,2026-08-18 11:53:52.640000
2026-08-19,17:25,Kempton Park,17:25 KEMPTON PARK,Vincenzo Bellini,0,6,False,99,0.0,False,False,Standard Form,2026-08-18 11:53:52.643000
2026-08-19,17:25,Kempton Park,17:25 KEMPTON PARK,River Nile,1,7,False,99,0.0,False,True,Front Runner (+3),2026-08-18 11:53:52.643000
2026-08-19,17:25,Kempton Park,17:25 KEMPTON PARK,Withtearsinmyeyes,1,8,False,10,0.0,True,True,"Discipline Issue (dwelt/hung), Front Runner (+3)",2026-08-18 11:53:52.647000
2026-08-19,17:25,Kempton Park,17:25 KEMPTON PARK,Merry,3,9,False,23,0.0,False,True,Front Runner (+3),2026-08-18 11:53:52.650000
2026-08-19,17:30,Carlisle,17:30 CARLISLE,Beckon,-4,1,True,88,0.7,False,False,Stride Decay (0.7m),2026-08-18 11:53:52.650000
2026-08-19,17:30,Carlisle,17:30 CARLISLE,Captain Corelli,-4,2,True,65,0.3,False,False,Stride Decay (0.3m),2026-08-18 11:53:52.653000
2026-08-19,17:30,Carlisle,17:30 CARLISLE,Ephron,0,3,False,22,0.0,False,False,Standard Form,2026-08-18 11:53:52.657000
2026-08-19,17:30,Carlisle,17:30 CARLISLE,Hostility,0,4,False,16,0.0,True,False,Discipline Issue (dwelt/hung),2026-08-18 11:53:52.660000
2026-08-19,17:30,Carlisle,17:30 CARLISLE,Blufferonthebus,0,5,False,9,0.0,False,False,Standard Form,2026-08-18 11:53:52.663000
2026-08-19,17:30,Carlisle,17:30 CARLISLE,Keep An Eye On It,1,6,False,10,0.0,False,True,Front Runner (+3),2026-08-18 11:53:52.667000
2026-08-19,17:30,Carlisle,17:30 CARLISLE,Princess Niyla,2,7,False,6,0.0,False,False,Quick Return (6d),2026-08-18 11:53:52.667000
2026-08-19,17:30,Carlisle,17:30 CARLISLE,Between Me And U,3,8,False,284,0.0,False,True,Front Runner (+3),2026-08-18 11:53:52.670000
2026-08-19,17:30,Carlisle,17:30 CARLISLE,Ravishing Beauty,3,9,False,21,0.0,False,True,Front Runner (+3),2026-08-18 11:53:52.670000
2026-08-19,17:30,Carlisle,17:30 CARLISLE,Barley,3,10,False,20,0.0,False,True,Front Runner (+3),2026-08-18 11:53:52.670000
2026-08-19,17:30,Carlisle,17:30 CARLISLE,Avatar Jet,5,11,False,12,0.0,False,True,Front Runner (+3),2026-08-18 11:53:52.670000
2026-08-19,19:48,Sligo,19:48 SLIGO,Sallap,0,1,False,206,0.0,False,False,Standard Form,2026-08-18 11:53:52.670000
2026-08-19,19:48,Sligo,19:48 SLIGO,Ilbdare,0,2,False,131,0.0,False,False,Standard Form,2026-08-18 11:53:52.673000
2026-08-19,19:48,Sligo,19:48 SLIGO,Keep Em Quite,0,3,False,44,0.0,False,False,Standard Form,2026-08-18 11:53:52.673000
2026-08-19,19:48,Sligo,19:48 SLIGO,Dorans Law,0,4,False,21,0.0,False,False,Standard Form,2026-08-18 11:53:52.673000
2026-08-19,19:48,Sligo,19:48 SLIGO,Strong Contender,0,5,False,15,0.0,False,False,Standard Form,2026-08-18 11:53:52.677000
2026-08-19,19:48,Sligo,19:48 SLIGO,Cornmarket,2,6,False,111,0.0,False,False,Standard Form,2026-08-18 11:53:52.680000
2026-08-19,19:48,Sligo,19:48 SLIGO,Hey Babbs,2,7,False,32,0.0,False,False,Standard Form,2026-08-18 11:53:52.680000
2026-08-19,19:48,Sligo,19:48 SLIGO,Luck Between Us,2,8,False,21,0.0,False,False,Standard Form,2026-08-18 11:53:52.680000
2026-08-19,19:48,Sligo,19:48 SLIGO,Ringdufferin,3,9,False,26,0.0,False,True,Front Runner (+3),2026-08-18 11:53:52.680000
2026-08-19,19:48,Sligo,19:48 SLIGO,Tango Theatre,5,10,False,35,0.0,False,True,Front Runner (+3),2026-08-18 11:53:52.680000
2026-08-19,19:48,Sligo,19:48 SLIGO,The Little Yank,5,11,False,35,0.0,False,True,Front Runner (+3),2026-08-18 11:53:52.680000
2026-08-19,19:48,Sligo,19:48 SLIGO,Mr Dibbs,5,12,False,18,0.0,False,True,Front Runner (+3),2026-08-18 11:53:52.683000
2026-08-19,14:38,Carlisle,14:38 CARLISLE,Peace Belle,-2,1,True,37,0.0,False,False,Standard Form,2026-08-18 11:53:52.687000
2026-08-19,14:38,Carlisle,14:38 CARLISLE,Aleatrix,0,2,False,99,0.0,False,False,Standard Form,2026-08-18 11:53:52.687000
2026-08-19,14:38,Carlisle,14:38 CARLISLE,Green Area,0,3,False,99,0.0,False,False,Standard Form,2026-08-18 11:53:52.690000
2026-08-19,14:38,Carlisle,14:38 CARLISLE,Lazy In Red,0,4,False,99,0.0,False,False,Standard Form,2026-08-18 11:53:52.690000
2026-08-19,14:05,Carlisle,14:05 CARLISLE,Angelic Melody,0,1,False,99,0.0,False,False,Standard Form,2026-08-18 11:53:52.693000
2026-08-19,14:05,Carlisle,14:05 CARLISLE,Diamond New Bay,0,2,False,99,0.0,False,False,Standard Form,2026-08-18 11:53:52.693000
2026-08-19,14:05,Carlisle,14:05 CARLISLE,Guadalevin,0,3,False,99,0.0,False,False,Standard Form,2026-08-18 11:53:52.693000
2026-08-19,14:05,Carlisle,14:05 CARLISLE,Ma Blushin Rosie,0,4,False,99,0.0,False,False,Standard Form,2026-08-18 11:53:52.700000
2026-08-19,14:05,Carlisle,14:05 CARLISLE,Oh So Slow Sloth,0,5,False,99,0.0,False,False,Standard Form,2026-08-18 11:53:52.700000
2026-08-19,14:05,Carlisle,14:05 CARLISLE,Sara's Silver Girl,0,6,False,99,0.0,False,False,Standard Form,2026-08-18 11:53:52.703000
2026-08-19,14:05,Carlisle,14:05 CARLISLE,Sayidah Bahra,0,7,False,99,0.0,False,False,Standard Form,2026-08-18 11:53:52.703000
2026-08-19,15:00,York,15:00 YORK,Christmas Day,3,1,False,32,0.0,False,True,Front Runner (+3),2026-08-18 11:53:52.707000
2026-08-19,15:00,York,15:00 YORK,Pierre Bonnard,3,2,False,28,0.0,False,True,Front Runner (+3),2026-08-18 11:53:52.710000
2026-08-19,15:00,York,15:00 YORK,Antigua,3,3,False,25,0.0,False,True,Front Runner (+3),2026-08-18 11:53:52.710000
2026-08-19,15:00,York,15:00 YORK,Galiyan,3,4,False,22,0.0,False,True,Front Runner (+3),2026-08-18 11:53:52.710000
2026-08-19,15:00,York,15:00 YORK,Maltese Cross,3,5,False,22,0.0,False,True,Front Runner (+3),2026-08-18 11:53:52.710000
2026-08-19,15:00,York,15:00 YORK,Superior Choice,4,6,False,185,0.0,True,True,"Discipline Issue (dwelt/hung), Front Runner (+3)",2026-08-18 11:53:52.713000
2026-08-19,16:45,York,16:45 YORK,Poatan,-4,1,True,19,0.9,False,False,Stride Decay (0.9m),2026-08-18 11:53:52.720000
2026-08-19,16:45,York,16:45 YORK,Underwriter,-4,2,True,267,0.0,True,False,Discipline Issue (dwelt/hung),2026-08-18 11:53:52.720000
2026-08-19,16:45,York,16:45 YORK,Old Is Gold,-4,3,False,247,0.0,True,False,Discipline Issue (dwelt/hung),2026-08-18 11:53:52.720000
2026-08-19,16:45,York,16:45 YORK,Miss Yechance,-2,4,False,39,0.0,True,False,Discipline Issue (dwelt/hung),2026-08-18 11:53:52.727000
2026-08-19,16:45,York,16:45 YORK,Call Margot,-2,5,False,36,0.0,True,False,Discipline Issue (dwelt/hung),2026-08-18 11:53:52.727000
2026-08-19,16:45,York,16:45 YORK,Dolos Dream,-1,6,False,17,0.8,False,True,"Stride Decay (0.8m), Front Runner (+3)",2026-08-18 11:53:52.730000
2026-08-19,16:45,York,16:45 YORK,Black Star Boy,0,7,False,20,0.0,False,False,Standard Form,2026-08-18 11:53:52.737000
2026-08-19,16:45,York,16:45 YORK,Schrodinger's Cat,2,8,False,7,0.0,False,False,Quick Return (7d),2026-08-18 11:53:52.740000
2026-08-19,16:45,York,16:45 YORK,Stargazed,3,9,False,300,0.0,False,True,Front Runner (+3),2026-08-18 11:53:52.743000
2026-08-19,16:45,York,16:45 YORK,Tricky Tel,3,10,False,223,0.0,False,True,Front Runner (+3),2026-08-18 11:53:52.747000
2026-08-19,16:45,York,16:45 YORK,Revival Power,3,11,False,216,0.0,False,True,Front Runner (+3),2026-08-18 11:53:52.747000
2026-08-19,16:45,York,16:45 YORK,Zain Primus,3,12,False,43,0.0,False,True,Front Runner (+3),2026-08-18 11:53:52.750000
2026-08-19,16:45,York,16:45 YORK,Mighty Magnus,3,13,False,31,0.0,False,True,Front Runner (+3),2026-08-18 11:53:52.750000
2026-08-19,16:45,York,16:45 YORK,Boston Dan,3,14,False,28,0.0,False,True,Front Runner (+3),2026-08-18 11:53:52.750000
2026-08-19,16:45,York,16:45 YORK,Naana's Shadow,3,15,False,23,0.0,False,True,Front Runner (+3),2026-08-18 11:53:52.750000
2026-08-19,16:45,York,16:45 YORK,Manatee Mehmas,3,16,False,19,0.0,False,True,Front Runner (+3),2026-08-18 11:53:52.750000
2026-08-19,16:45,York,16:45 YORK,Shes Got A Brother,3,17,False,17,0.0,False,True,Front Runner (+3),2026-08-18 11:53:52.753000
2026-08-19,16:45,York,16:45 YORK,One And Gone,3,18,False,14,0.0,True,True,"Discipline Issue (dwelt/hung), Front Runner (+3)",2026-08-18 11:53:52.753000
2026-08-19,16:45,York,16:45 YORK,Baker Blue,4,19,False,12,0.3,False,True,"Stride Decay (0.3m), Front Runner (+3)",2026-08-18 11:53:52.757000
2026-08-19,19:08,Worcester,19:08 WORCESTER,Could Be You,-4,1,True,91,2.3,False,False,Stride Decay (2.3m),2026-08-18 11:53:52.760000
2026-08-19,19:08,Worcester,19:08 WORCESTER,Gone In Sixty,0,2,False,172,0.0,False,False,Standard Form,2026-08-18 11:53:52.760000
2026-08-19,19:08,Worcester,19:08 WORCESTER,Dynamite Defense,0,3,False,57,0.0,False,False,Standard Form,2026-08-18 11:53:52.760000
2026-08-19,19:08,Worcester,19:08 WORCESTER,Starshine Legend,0,4,False,34,0.0,False,False,Standard Form,2026-08-18 11:53:52.760000
2026-08-19,19:08,Worcester,19:08 WORCESTER,Iamcelestialgift,0,5,False,29,0.0,False,False,Standard Form,2026-08-18 11:53:52.763000
2026-08-19,19:08,Worcester,19:08 WORCESTER,Warner's Cross,0,6,False,9,0.0,False,False,Standard Form,2026-08-18 11:53:52.763000
2026-08-19,19:08,Worcester,19:08 WORCESTER,Lucky In Taipan,1,7,False,15,2.4,False,True,"Stride Decay (2.4m), Front Runner (+3)",2026-08-18 11:53:52.767000
2026-08-19,19:08,Worcester,19:08 WORCESTER,Babychino,2,8,False,14,0.0,False,False,Standard Form,2026-08-18 11:53:52.767000
2026-08-19,19:08,Worcester,19:08 WORCESTER,Midnight Jewel,3,9,False,11,0.0,False,True,Front Runner (+3),2026-08-18 11:53:52.767000
2026-08-19,19:08,Worcester,19:08 WORCESTER,Mrs Biddle,5,10,False,15,0.0,False,True,Front Runner (+3),2026-08-18 11:53:52.770000
2026-08-19,15:48,Carlisle,15:48 CARLISLE,Uniter,-2,1,True,33,0.0,True,False,Discipline Issue (dwelt/hung),2026-08-18 11:53:52.770000
2026-08-19,15:48,Carlisle,15:48 CARLISLE,Stoneywell,-2,2,True,23,0.0,True,False,Discipline Issue (dwelt/hung),2026-08-18 11:53:52.773000
2026-08-19,15:48,Carlisle,15:48 CARLISLE,Agric Ranger,-2,3,False,13,-0.3,False,False,Standard Form,2026-08-18 11:53:52.777000
2026-08-19,15:48,Carlisle,15:48 CARLISLE,Tago Mago,-2,4,False,99,-1.5,False,False,Standard Form,2026-08-18 11:53:52.780000
2026-08-19,15:48,Carlisle,15:48 CARLISLE,Hey Havana,0,5,False,192,0.0,False,False,Standard Form,2026-08-18 11:53:52.780000
2026-08-19,15:48,Carlisle,15:48 CARLISLE,Supreme Dancer,0,6,False,180,0.0,False,False,Standard Form,2026-08-18 11:53:52.780000
2026-08-19,15:48,Carlisle,15:48 CARLISLE,Our Nicola,1,7,False,4,0.6,False,True,"Stride Decay (0.6m), Front Runner (+3), Quick Return (4d)",2026-08-18 11:53:52.783000
2026-08-19,15:48,Carlisle,15:48 CARLISLE,Big Apple Jack,2,8,False,25,0.0,False,False,Standard Form,2026-08-18 11:53:52.783000
2026-08-19,15:48,Carlisle,15:48 CARLISLE,Danrana,3,9,False,32,0.0,False,True,Front Runner (+3),2026-08-18 11:53:52.787000
2026-08-19,18:03,Worcester,18:03 WORCESTER,Sweet Honey B,-4,1,True,34,1.2,False,False,Stride Decay (1.2m),2026-08-18 11:53:52.787000
2026-08-19,18:03,Worcester,18:03 WORCESTER,Nala The Lioness,-1,2,True,21,3.4,False,True,"Stride Decay (3.4m), Front Runner (+3)",2026-08-18 11:53:52.790000
2026-08-19,18:03,Worcester,18:03 WORCESTER,Sparkling Water,-1,3,False,22,0.0,False,False,Standard Form,2026-08-18 11:53:52.790000
2026-08-19,18:03,Worcester,18:03 WORCESTER,Blue Topaz,0,4,False,190,0.0,False,False,Standard Form,2026-08-18 11:53:52.790000
2026-08-19,18:03,Worcester,18:03 WORCESTER,Dreaming Of The Dr,0,5,False,99,0.0,False,False,Standard Form,2026-08-18 11:53:52.790000
2026-08-19,18:03,Worcester,18:03 WORCESTER,Evenly,0,6,False,99,0.0,False,False,Standard Form,2026-08-18 11:53:52.793000
2026-08-19,18:03,Worcester,18:03 WORCESTER,Matilda Maid,0,7,False,99,0.0,False,False,Standard Form,2026-08-18 11:53:52.793000
2026-08-19,18:03,Worcester,18:03 WORCESTER,Pearl Knot,0,8,False,99,0.0,False,False,Standard Form,2026-08-18 11:53:52.793000
2026-08-19,18:03,Worcester,18:03 WORCESTER,Whinny Houston,1,9,False,13,4.7,False,True,"Stride Decay (4.7m), Front Runner (+3)",2026-08-18 11:53:52.797000
2026-08-19,18:03,Worcester,18:03 WORCESTER,Do Wah Diddy,1,10,False,18,3.5,False,True,"Stride Decay (3.5m), Front Runner (+3)",2026-08-18 11:53:52.800000
2026-08-19,18:03,Worcester,18:03 WORCESTER,Adba,1,11,False,16,0.0,False,True,Front Runner (+3),2026-08-18 11:53:52.803000
2026-08-19,18:03,Worcester,18:03 WORCESTER,Lady Bee Great,2,12,False,41,0.0,False,False,Standard Form,2026-08-18 11:53:52.803000
2026-08-19,18:03,Worcester,18:03 WORCESTER,Elated,3,13,False,23,0.0,False,True,Front Runner (+3),2026-08-18 11:53:52.810000
2026-08-19,18:03,Worcester,18:03 WORCESTER,Take The Boat,3,14,False,8,0.0,True,True,"Discipline Issue (dwelt/hung), Front Runner (+3)",2026-08-18 11:53:52.813000
2026-08-19,18:03,Worcester,18:03 WORCESTER,Datstheholyallofit,5,15,False,35,0.0,False,True,Front Runner (+3),2026-08-18 11:53:52.813000
2026-08-19,19:00,Kempton Park,19:00 KEMPTON PARK,Tide Lines,-2,1,True,99,0.0,False,False,Standard Form,2026-08-18 11:53:52.817000
2026-08-19,19:00,Kempton Park,19:00 KEMPTON PARK,Lucy The Wire,-2,2,True,15,0.0,False,False,Standard Form,2026-08-18 11:53:52.817000
2026-08-19,19:00,Kempton Park,19:00 KEMPTON PARK,Eshowe,-2,3,False,99,-0.4,False,False,Standard Form,2026-08-18 11:53:52.817000
2026-08-19,19:00,Kempton Park,19:00 KEMPTON PARK,Gold Hill,-1,4,False,99,2.7,False,True,"Stride Decay (2.7m), Front Runner (+3)",2026-08-18 11:53:52.817000
2026-08-19,19:00,Kempton Park,19:00 KEMPTON PARK,Bankatary,-1,5,False,30,0.0,True,True,"Discipline Issue (dwelt/hung), Front Runner (+3)",2026-08-18 11:53:52.820000
2026-08-19,19:00,Kempton Park,19:00 KEMPTON PARK,Arklan,0,6,False,99,0.0,False,False,Standard Form,2026-08-18 11:53:52.820000
2026-08-19,19:00,Kempton Park,19:00 KEMPTON PARK,Feelin' Free,0,7,False,99,0.0,False,False,Standard Form,2026-08-18 11:53:52.820000
2026-08-19,19:00,Kempton Park,19:00 KEMPTON PARK,Westender,0,8,False,99,0.0,False,False,Standard Form,2026-08-18 11:53:52.820000
2026-08-19,19:00,Kempton Park,19:00 KEMPTON PARK,Wreck It Ronnie,0,9,False,99,0.0,False,False,Standard Form,2026-08-18 11:53:52.820000
2026-08-19,19:00,Kempton Park,19:00 KEMPTON PARK,Quiet Summer,1,10,False,99,0.0,False,True,Front Runner (+3),2026-08-18 11:53:52.823000
2026-08-19,19:00,Kempton Park,19:00 KEMPTON PARK,St Hilda,1,11,False,158,-0.7,False,True,Front Runner (+3),2026-08-18 11:53:52.827000
2026-08-19,19:00,Kempton Park,19:00 KEMPTON PARK,Liberate,2,12,False,15,0.0,False,False,Standard Form,2026-08-18 11:53:52.827000
2026-08-19,17:42,Sligo,17:42 SLIGO,Urban War,0,1,False,68,0.0,False,False,Standard Form,2026-08-18 11:53:52.827000
2026-08-19,17:42,Sligo,17:42 SLIGO,Wings Of Africa,0,2,False,39,0.0,False,False,Standard Form,2026-08-18 11:53:52.827000
2026-08-19,17:42,Sligo,17:42 SLIGO,Invincible Oscar,0,3,False,23,0.0,False,False,Standard Form,2026-08-18 11:53:52.827000
2026-08-19,17:42,Sligo,17:42 SLIGO,Granlahan,0,4,False,16,0.0,False,False,Standard Form,2026-08-18 11:53:52.827000
2026-08-19,17:42,Sligo,17:42 SLIGO,Tasmanian Girl,2,5,False,257,0.0,False,False,Standard Form,2026-08-18 11:53:52.827000
2026-08-19,17:42,Sligo,17:42 SLIGO,Tomas O Maille,2,6,False,173,0.0,False,False,Standard Form,2026-08-18 11:53:52.827000
2026-08-19,17:42,Sligo,17:42 SLIGO,Calm Flight Ahead,2,7,False,20,0.0,False,False,Standard Form,2026-08-18 11:53:52.827000
2026-08-19,17:42,Sligo,17:42 SLIGO,High Honour,2,8,False,16,0.0,False,False,Standard Form,2026-08-18 11:53:52.827000
2026-08-19,17:42,Sligo,17:42 SLIGO,Fremantle Doctor,3,9,False,116,0.0,False,True,Front Runner (+3),2026-08-18 11:53:52.827000
2026-08-19,17:42,Sligo,17:42 SLIGO,Tradonthebay,5,10,False,26,0.0,False,True,Front Runner (+3),2026-08-18 11:53:52.827000
2026-08-19,17:42,Sligo,17:42 SLIGO,William F Browne,5,11,False,23,0.0,False,True,Front Runner (+3),2026-08-18 11:53:52.827000
2026-08-19,17:42,Sligo,17:42 SLIGO,Bowgate Street,5,12,False,18,0.0,False,True,Front Runner (+3),2026-08-18 11:53:52.830000
2026-08-19,17:42,Sligo,17:42 SLIGO,Alentejo,6,13,False,69,0.0,False,True,Front Runner (+3),2026-08-18 11:53:52.830000
2026-08-19,20:00,Kempton Park,20:00 KEMPTON PARK,Double Eagle,-3,1,True,21,0.9,False,False,Stride Decay (0.9m),2026-08-18 11:53:52.833000
2026-08-19,20:00,Kempton Park,20:00 KEMPTON PARK,Racingbreaks Ryder,-2,2,True,25,0.0,False,False,Standard Form,2026-08-18 11:53:52.833000
2026-08-19,20:00,Kempton Park,20:00 KEMPTON PARK,Captain Fox,-1,3,False,38,0.3,False,True,"Stride Decay (0.3m), Front Runner (+3)",2026-08-18 11:53:52.833000
2026-08-19,20:00,Kempton Park,20:00 KEMPTON PARK,Elan D'or,0,4,False,149,0.0,False,False,Standard Form,2026-08-18 11:53:52.837000
2026-08-19,20:00,Kempton Park,20:00 KEMPTON PARK,Exposure,0,5,False,99,0.0,False,False,Standard Form,2026-08-18 11:53:52.837000
2026-08-19,20:00,Kempton Park,20:00 KEMPTON PARK,Luzon Heights,0,6,False,24,0.0,False,False,Standard Form,2026-08-18 11:53:52.837000
2026-08-19,20:00,Kempton Park,20:00 KEMPTON PARK,Distinct Spirit,1,7,False,16,0.0,True,True,"Discipline Issue (dwelt/hung), Front Runner (+3)",2026-08-18 11:53:52.840000
2026-08-19,20:00,Kempton Park,20:00 KEMPTON PARK,Herculeus,3,8,False,191,0.0,False,True,Front Runner (+3),2026-08-18 11:53:52.840000
2026-08-19,20:00,Kempton Park,20:00 KEMPTON PARK,Fight Your Corner,3,9,False,24,0.0,False,False,Standard Form,2026-08-18 11:53:52.843000
2026-08-19,20:00,Kempton Park,20:00 KEMPTON PARK,Starlight Time,6,10,False,33,0.0,False,True,Front Runner (+3),2026-08-18 11:53:52.847000
2026-08-19,17:20,York,17:20 YORK,Sovereign Glory,-2,1,True,15,0.0,True,False,Discipline Issue (dwelt/hung),2026-08-18 11:53:52.847000
2026-08-19,17:20,York,17:20 YORK,Bear Lee,0,2,False,99,0.0,False,False,Standard Form,2026-08-18 11:53:52.850000
2026-08-19,17:20,York,17:20 YORK,Crystal Queen,0,3,False,99,0.0,False,False,Standard Form,2026-08-18 11:53:52.853000
2026-08-19,17:20,York,17:20 YORK,Dubai Champion,0,4,False,99,0.0,False,False,Standard Form,2026-08-18 11:53:52.853000
2026-08-19,17:20,York,17:20 YORK,Elevating,0,5,False,99,0.0,False,False,Standard Form,2026-08-18 11:53:52.857000
2026-08-19,17:20,York,17:20 YORK,Fantasy Force,0,6,False,99,0.0,False,False,Standard Form,2026-08-18 11:53:52.857000
2026-08-19,17:20,York,17:20 YORK,God Given Talent,0,7,False,99,0.0,False,False,Standard Form,2026-08-18 11:53:52.860000
2026-08-19,17:20,York,17:20 YORK,Henley On Thames,0,8,False,99,0.0,False,False,Standard Form,2026-08-18 11:53:52.860000
2026-08-19,17:20,York,17:20 YORK,Jumeirah Storm,0,9,False,99,0.0,False,False,Standard Form,2026-08-18 11:53:52.860000
2026-08-19,17:20,York,17:20 YORK,Note To Self,0,10,False,99,0.0,False,False,Standard Form,2026-08-18 11:53:52.863000
2026-08-19,17:20,York,17:20 YORK,Peaceful Warrior,0,11,False,99,0.0,False,False,Standard Form,2026-08-18 11:53:52.863000
2026-08-19,17:20,York,17:20 YORK,Ruler's Pride,0,12,False,99,0.0,False,False,Standard Form,2026-08-18 11:53:52.863000
2026-08-19,17:20,York,17:20 YORK,Savage Mariner,0,13,False,99,0.0,False,False,Standard Form,2026-08-18 11:53:52.863000
2026-08-19,17:20,York,17:20 YORK,Sue's Last Chance,0,14,False,99,0.0,False,False,Standard Form,2026-08-18 11:53:52.867000
2026-08-19,17:20,York,17:20 YORK,Towelontheterrace,0,15,False,99,0.0,False,False,Standard Form,2026-08-18 11:53:52.867000
2026-08-19,17:20,York,17:20 YORK,Underdog,0,16,False,99,0.0,False,False,Standard Form,2026-08-18 11:53:52.867000
2026-08-19,17:20,York,17:20 YORK,Rlasthope,0,17,False,32,0.0,False,False,Standard Form,2026-08-18 11:53:52.867000
2026-08-19,17:20,York,17:20 YORK,Persian Spring,1,18,False,11,0.0,True,True,"Discipline Issue (dwelt/hung), Front Runner (+3)",2026-08-18 11:53:52.870000
2026-08-19,17:20,York,17:20 YORK,The Dancing Pirate,3,19,False,99,0.0,False,True,Front Runner (+3),2026-08-18 11:53:52.870000
2026-08-19,17:20,York,17:20 YORK,Brandenburg,3,20,False,37,0.0,False,True,Front Runner (+3),2026-08-18 11:53:52.870000
2026-08-19,17:20,York,17:20 YORK,Havana Sprite,3,21,False,17,0.0,False,True,Front Runner (+3),2026-08-18 11:53:52.870000
2026-08-19,17:20,York,17:20 YORK,Super Tuscan,3,22,False,11,0.0,False,True,Front Runner (+3),2026-08-18 11:53:52.873000
2026-08-19,17:07,Sligo,17:07 SLIGO,Carleys Lilly,0,1,False,99,0.0,False,False,Standard Form,2026-08-18 11:53:52.873000
2026-08-19,17:07,Sligo,17:07 SLIGO,Cotswold Blue,0,2,False,99,0.0,False,False,Standard Form,2026-08-18 11:53:52.873000
2026-08-19,17:07,Sligo,17:07 SLIGO,Granny For Sport,0,3,False,99,0.0,False,False,Standard Form,2026-08-18 11:53:52.873000
2026-08-19,17:07,Sligo,17:07 SLIGO,Jolly D'olivate,0,4,False,99,0.0,False,False,Standard Form,2026-08-18 11:53:52.873000
2026-08-19,17:07,Sligo,17:07 SLIGO,Moonwing,0,5,False,99,0.0,False,False,Standard Form,2026-08-18 11:53:52.873000
2026-08-19,17:07,Sligo,17:07 SLIGO,Tubberfinn Lassie,0,6,False,99,0.0,False,False,Standard Form,2026-08-18 11:53:52.873000
2026-08-19,17:07,Sligo,17:07 SLIGO,Belladaball,0,7,False,25,0.0,False,False,Standard Form,2026-08-18 11:53:52.873000
2026-08-19,17:07,Sligo,17:07 SLIGO,Searcog,3,8,False,13,0.0,False,True,Front Runner (+3),2026-08-18 11:53:52.877000
2026-08-19,17:07,Sligo,17:07 SLIGO,Nelliestar,5,9,False,42,0.0,False,True,Front Runner (+3),2026-08-18 11:53:52.877000
2026-08-19,17:33,Worcester,17:33 WORCESTER,Alshadhian,-2,1,True,20,0.0,False,False,Standard Form,2026-08-18 11:53:52.877000
2026-08-19,17:33,Worcester,17:33 WORCESTER,Dexter,-2,2,True,18,0.0,False,False,Standard Form,2026-08-18 11:53:52.880000
2026-08-19,17:33,Worcester,17:33 WORCESTER,Definite Dream,0,3,False,314,0.0,False,False,Standard Form,2026-08-18 11:53:52.880000
2026-08-19,17:33,Worcester,17:33 WORCESTER,Turpin Gold,1,4,False,39,0.0,True,True,"Discipline Issue (dwelt/hung), Front Runner (+3)",2026-08-18 11:53:52.880000
2026-08-19,17:33,Worcester,17:33 WORCESTER,Getaway Jewel,1,5,False,18,0.0,False,True,Front Runner (+3),2026-08-18 11:53:52.880000
2026-08-19,17:33,Worcester,17:33 WORCESTER,Iolaos Du Mou,3,6,False,327,0.0,False,True,Front Runner (+3),2026-08-18 11:53:52.880000
2026-08-19,17:33,Worcester,17:33 WORCESTER,Greer Hill,3,7,False,46,0.0,False,True,Front Runner (+3),2026-08-18 11:53:52.880000
2026-08-19,17:33,Worcester,17:33 WORCESTER,Mr Mcwhinny,3,8,False,2,0.0,False,True,"Front Runner (+3), Quick Return (2d)",2026-08-18 11:53:52.883000
2026-08-19,17:33,Worcester,17:33 WORCESTER,Hiero Sport,4,9,False,20,0.4,False,True,"Stride Decay (0.4m), Front Runner (+3)",2026-08-18 11:53:52.887000
2026-08-19,17:33,Worcester,17:33 WORCESTER,Keep Me Posted,5,10,False,24,0.0,False,True,Front Runner (+3),2026-08-18 11:53:52.887000
2026-08-19,20:30,Kempton Park,20:30 KEMPTON PARK,Royale Goodnight,-6,1,True,381,1.4,True,False,"Discipline Issue (dwelt/hung), Stride Decay (1.4m)",2026-08-18 11:53:52.890000
2026-08-14,20:10,Newmarket,Newmarket Handicap,Tarbat Ness,0,1,False,13,0.0,False,False,Standard Form,2026-08-14 19:24:26.880000
2026-08-14,20:10,Newmarket,Newmarket Handicap,Rogue Empire,0,1,False,14,0.0,False,False,Standard Form,2026-08-14 19:24:26.880000
2026-08-14,20:10,Newmarket,Newmarket Handicap,Mio Amico,3,3,False,27,0.0,False,True,Front Runner (+3),2026-08-14 19:24:26.883000
2026-08-14,20:10,Newmarket,Newmarket Handicap,An Bradan Feasa,3,3,False,166,0.0,False,True,Front Runner (+3),2026-08-14 19:24:26.883000
2026-08-14,20:10,Newmarket,Newmarket Handicap,Laravie,3,3,False,8,0.0,False,True,Front Runner (+3),2026-08-14 19:24:26.883000
2026-08-14,20:10,Newmarket,Newmarket Handicap,Free World,3,3,False,66,0.0,False,True,Front Runner (+3),2026-08-14 19:24:26.887000
2026-08-14,20:10,Newmarket,Newmarket Handicap,The Craftymaster,3,3,False,15,0.0,False,True,Front Runner (+3),2026-08-14 19:24:26.887000
2026-08-14,19:50,Thirsk,19:50 THIRSK,Jesmond Dawn,-4,1,True,39,2.1,False,False,Stride Decay (2.1m),2026-08-14 19:24:26.890000
2026-08-14,19:50,Thirsk,19:50 THIRSK,Roaring Ralph,0,2,False,13,0.0,False,False,Standard Form,2026-08-14 19:24:26.890000
2026-08-14,19:50,Thirsk,19:50 THIRSK,Up The Jazz,0,2,False,9,0.0,False,False,Standard Form,2026-08-14 19:24:26.890000
2026-08-14,19:50,Thirsk,19:50 THIRSK,Green Pursuit,0,2,False,30,0.0,False,False,Standard Form,2026-08-14 19:24:26.890000
2026-08-14,19:50,Thirsk,19:50 THIRSK,Palmarian,0,2,False,12,0.0,False,False,Standard Form,2026-08-14 19:24:26.890000
2026-08-14,19:50,Thirsk,19:50 THIRSK,Mount King,0,2,False,26,0.0,False,False,Standard Form,2026-08-14 19:24:26.893000
2026-08-14,19:50,Thirsk,19:50 THIRSK,Military Leader,1,7,False,9,0.0,True,True,"Discipline Issue (dwelt/hung), Front Runner (+3)",2026-08-14 19:24:26.893000
2026-08-14,19:50,Thirsk,19:50 THIRSK,Miss Willows,1,7,False,198,0.0,False,True,Front Runner (+3),2026-08-14 19:24:26.897000
2026-08-14,19:50,Thirsk,19:50 THIRSK,Style Of Life,3,9,False,293,0.0,False,True,Front Runner (+3),2026-08-14 19:24:26.900000
2026-08-14,19:50,Thirsk,19:50 THIRSK,Degale,3,9,False,11,0.0,False,True,Front Runner (+3),2026-08-14 19:24:26.900000
2026-08-14,19:50,Thirsk,19:50 THIRSK,Harswell Ruby,3,9,False,20,0.0,False,True,Front Runner (+3),2026-08-14 19:24:26.903000
2026-08-14,19:50,Thirsk,19:50 THIRSK,Donna Nook,3,9,False,7,0.0,True,True,"Discipline Issue (dwelt/hung), Front Runner (+3), Quick Return (7d)",2026-08-14 19:24:26.903000
2026-08-14,19:50,Thirsk,19:50 THIRSK,Travis,3,9,False,38,0.0,False,True,Front Runner (+3),2026-08-14 19:24:26.903000
2026-08-14,19:50,Thirsk,19:50 THIRSK,Bloodsweatandtyres,4,14,False,51,1.3,False,True,"Stride Decay (1.3m), Front Runner (+3)",2026-08-14 19:24:26.907000
2026-08-14,19:50,Thirsk,19:50 THIRSK,Alessia Fernanda,6,15,False,188,0.1,False,True,Front Runner (+3),2026-08-14 19:24:26.907000
2026-08-14,20:20,Thirsk,20:20 THIRSK,Prince Achille,-2,1,True,19,-0.3,False,False,Standard Form,2026-08-14 19:24:26.910000
2026-08-14,20:20,Thirsk,20:20 THIRSK,Halimede,0,2,False,99,0.0,False,False,Standard Form,2026-08-14 19:24:26.910000
2026-08-14,20:20,Thirsk,20:20 THIRSK,Recobella,0,2,False,16,0.0,False,False,Standard Form,2026-08-14 19:24:26.910000
2026-08-14,19:25,Tramore,19:25 TRAMORE,Banphrionsa Alainn,0,1,False,99,0.0,False,False,Standard Form,2026-08-14 19:24:26.910000
2026-08-14,19:25,Tramore,19:25 TRAMORE,Fervida,0,1,False,19,0.0,False,False,Standard Form,2026-08-14 19:24:26.913000
2026-08-14,19:25,Tramore,19:25 TRAMORE,Hello Below,0,1,False,99,0.0,False,False,Standard Form,2026-08-14 19:24:26.913000
2026-08-14,19:25,Tramore,19:25 TRAMORE,Hunskelper,0,1,False,154,0.0,False,False,Standard Form,2026-08-14 19:24:26.917000
2026-08-14,19:25,Tramore,19:25 TRAMORE,Mila Ballerina,0,1,False,99,0.0,False,False,Standard Form,2026-08-14 19:24:26.917000
2026-08-14,19:25,Tramore,19:25 TRAMORE,Nancy Wheeler,0,1,False,99,0.0,False,False,Standard Form,2026-08-14 19:24:26.920000
2026-08-14,19:25,Tramore,19:25 TRAMORE,Quiet In Bresil,0,1,False,25,0.0,False,False,Standard Form,2026-08-14 19:24:26.920000
2026-08-14,19:25,Tramore,19:25 TRAMORE,Road To The Sea,0,1,False,164,0.0,False,False,Standard Form,2026-08-14 19:24:26.920000
2026-08-14,19:25,Tramore,19:25 TRAMORE,Lady Aquarelle,0,1,False,49,0.0,False,False,Standard Form,2026-08-14 19:24:26.920000
2026-08-14,19:25,Tramore,19:25 TRAMORE,Treacys Ella,0,1,False,99,0.0,False,False,Standard Form,2026-08-14 19:24:26.920000
2026-08-14,19:25,Tramore,19:25 TRAMORE,I'm Gold,0,1,False,99,0.0,False,False,Standard Form,2026-08-14 19:24:26.923000
2026-08-14,19:25,Tramore,19:25 TRAMORE,Kenny's Jewel,0,1,False,23,0.0,False,False,Standard Form,2026-08-14 19:24:26.923000
2026-08-14,19:25,Tramore,19:25 TRAMORE,Gratitudeforgrace,0,1,False,99,0.0,False,False,Standard Form,2026-08-14 19:24:26.923000
2026-08-14,19:25,Tramore,19:25 TRAMORE,Thedreamistilalive,0,1,False,99,0.0,False,False,Standard Form,2026-08-14 19:24:26.923000
2026-08-14,19:25,Tramore,19:25 TRAMORE,Queenofqueenstreet,3,15,False,99,0.0,False,True,Front Runner (+3),2026-08-14 19:24:26.927000
2026-08-14,19:25,Tramore,19:25 TRAMORE,Room For One More,3,15,False,99,0.0,False,True,Front Runner (+3),2026-08-14 19:24:26.927000
2026-08-14,19:55,Tramore,19:55 TRAMORE,Mighty Berkshire,0,1,False,35,0.0,False,False,Standard Form,2026-08-14 19:24:26.927000
2026-08-14,19:55,Tramore,19:55 TRAMORE,Ryan's Son,0,1,False,58,0.0,False,False,Standard Form,2026-08-14 19:24:26.927000
2026-08-14,19:55,Tramore,19:55 TRAMORE,Tolka Row,0,1,False,99,0.0,False,False,Standard Form,2026-08-14 19:24:26.930000
2026-08-14,19:55,Tramore,19:55 TRAMORE,Good World,0,1,False,171,0.0,False,False,Standard Form,2026-08-14 19:24:26.930000
2026-08-14,19:55,Tramore,19:55 TRAMORE,Boston Beach,0,1,False,79,0.0,False,False,Standard Form,2026-08-14 19:24:26.930000
2026-08-14,19:55,Tramore,19:55 TRAMORE,Jacko Star,0,1,False,40,0.0,False,False,Standard Form,2026-08-14 19:24:26.930000
2026-08-14,19:55,Tramore,19:55 TRAMORE,Diamond Secret,0,1,False,27,0.0,False,False,Standard Form,2026-08-14 19:24:26.930000
2026-08-14,19:55,Tramore,19:55 TRAMORE,Ray Gun,0,1,False,92,0.0,False,False,Standard Form,2026-08-14 19:24:26.930000
2026-08-14,19:55,Tramore,19:55 TRAMORE,Hillstar Blues,3,9,False,56,0.0,False,True,Front Runner (+3),2026-08-14 19:24:26.930000
2026-08-14,19:55,Tramore,19:55 TRAMORE,Tullyveery Lad,3,9,False,15,0.0,False,True,Front Runner (+3),2026-08-14 19:24:26.930000
2026-08-14,19:55,Tramore,19:55 TRAMORE,Latopix,3,9,False,28,0.0,False,True,Front Runner (+3),2026-08-14 19:24:26.933000
2026-08-14,19:55,Tramore,19:55 TRAMORE,Moonlight Paradise,3,9,False,141,0.0,False,True,Front Runner (+3),2026-08-14 19:24:26.933000
2026-08-14,20:25,Tramore,20:25 TRAMORE,Cloneen To The Max,0,1,False,183,0.0,False,False,Standard Form,2026-08-14 19:24:26.933000
2026-08-14,20:25,Tramore,20:25 TRAMORE,Tale Of Intrigue,0,1,False,11,0.0,False,False,Standard Form,2026-08-14 19:24:26.933000
2026-08-14,20:25,Tramore,20:25 TRAMORE,Call My Name,0,1,False,99,0.0,False,False,Standard Form,2026-08-14 19:24:26.933000
2026-08-14,20:25,Tramore,20:25 TRAMORE,Mountain Sky,0,1,False,99,0.0,False,False,Standard Form,2026-08-14 19:24:26.933000
2026-08-14,20:25,Tramore,20:25 TRAMORE,No Pass Port,0,1,False,99,0.0,False,False,Standard Form,2026-08-14 19:24:26.933000
2026-08-14,20:25,Tramore,20:25 TRAMORE,Long'way,0,1,False,99,0.0,False,False,Standard Form,2026-08-14 19:24:26.933000
2026-08-14,20:25,Tramore,20:25 TRAMORE,Moonhall Lad,0,1,False,99,0.0,False,False,Standard Form,2026-08-14 19:24:26.933000
2026-08-14,20:25,Tramore,20:25 TRAMORE,Charles Kickham,3,8,False,99,0.0,False,True,Front Runner (+3),2026-08-14 19:24:26.933000
2026-08-19,20:30,Kempton Park,20:30 KEMPTON PARK,White Crown Star,-3,2,True,22,1.1,True,True,"Discipline Issue (dwelt/hung), Stride Decay (1.1m), Front Runner (+3)",2026-08-18 11:53:52.893000
2026-08-19,20:30,Kempton Park,20:30 KEMPTON PARK,Cavolo Nero,-2,3,False,17,0.0,False,False,Standard Form,2026-08-18 11:53:52.893000
2026-08-19,20:30,Kempton Park,20:30 KEMPTON PARK,Malachy's Wish,1,4,False,15,0.0,False,True,Front Runner (+3),2026-08-18 11:53:52.893000
2026-08-19,20:30,Kempton Park,20:30 KEMPTON PARK,Talis Evolvere,3,5,False,43,0.0,False,True,Front Runner (+3),2026-08-18 11:53:52.893000
2026-08-19,20:30,Kempton Park,20:30 KEMPTON PARK,Port Road,3,6,False,23,0.0,False,True,Front Runner (+3),2026-08-18 11:53:52.893000
2026-08-19,20:30,Kempton Park,20:30 KEMPTON PARK,Port Erin,5,7,False,184,0.0,False,True,Front Runner (+3),2026-08-18 11:53:52.897000
2026-08-19,20:30,Kempton Park,20:30 KEMPTON PARK,Helm Rock,5,8,False,7,0.0,False,True,"Front Runner (+3), Quick Return (7d)",2026-08-18 11:53:52.897000
2026-08-19,20:30,Kempton Park,20:30 KEMPTON PARK,Rogue Defence,6,9,False,99,-0.2,False,True,Front Runner (+3),2026-08-18 11:53:52.900000
2026-08-19,14:25,York,14:25 YORK,Alfred Wallace,0,1,False,99,0.0,False,False,Standard Form,2026-08-18 11:53:52.900000
2026-08-19,14:25,York,14:25 YORK,Big Cigar,0,2,False,99,0.0,False,False,Standard Form,2026-08-18 11:53:52.900000
2026-08-19,14:25,York,14:25 YORK,Clash Of Hearts,0,3,False,99,0.0,False,False,Standard Form,2026-08-18 11:53:52.903000
2026-08-19,14:25,York,14:25 YORK,Fuel The Jet,0,4,False,99,0.0,False,False,Standard Form,2026-08-18 11:53:52.903000
2026-08-19,14:25,York,14:25 YORK,Gentle Hurricane,0,5,False,99,0.0,False,False,Standard Form,2026-08-18 11:53:52.903000
2026-08-19,14:25,York,14:25 YORK,Haffner,0,6,False,99,0.0,False,False,Standard Form,2026-08-18 11:53:52.907000
2026-08-19,14:25,York,14:25 YORK,Stardom Glory,0,7,False,99,0.0,False,False,Standard Form,2026-08-18 11:53:52.907000
2026-08-19,14:25,York,14:25 YORK,Trean,0,8,False,99,0.0,False,False,Standard Form,2026-08-18 11:53:52.910000
2026-08-19,14:25,York,14:25 YORK,Vega King,0,9,False,99,0.0,False,False,Standard Form,2026-08-18 11:53:52.910000
2026-08-19,14:25,York,14:25 YORK,Confucius,3,10,False,36,0.0,False,True,Front Runner (+3),2026-08-18 11:53:52.910000
2026-08-19,14:25,York,14:25 YORK,Siouxperb,6,11,False,99,-0.5,False,True,Front Runner (+3),2026-08-18 11:53:52.910000
2026-08-19,19:18,Sligo,19:18 SLIGO,In The Minus,0,1,False,57,0.0,False,False,Standard Form,2026-08-18 11:53:52.910000
2026-08-19,19:18,Sligo,19:18 SLIGO,Bossy Bird,0,2,False,31,0.0,False,False,Standard Form,2026-08-18 11:53:52.910000
2026-08-19,19:18,Sligo,19:18 SLIGO,Midnight Eagle,0,3,False,28,0.0,False,False,Standard Form,2026-08-18 11:53:52.913000
2026-08-19,19:18,Sligo,19:18 SLIGO,Coolboy Christy,0,4,False,12,0.0,False,False,Standard Form,2026-08-18 11:53:52.913000
2026-08-19,19:18,Sligo,19:18 SLIGO,Dream Shaper,2,5,False,105,0.0,False,False,Standard Form,2026-08-18 11:53:52.913000
2026-08-19,19:18,Sligo,19:18 SLIGO,In For The Night,2,6,False,21,0.0,False,False,Standard Form,2026-08-18 11:53:52.913000
2026-08-19,19:18,Sligo,19:18 SLIGO,Crystabel,3,7,False,200,0.0,False,True,Front Runner (+3),2026-08-18 11:53:52.913000
2026-08-19,19:18,Sligo,19:18 SLIGO,Ladiam,5,8,False,194,0.0,False,True,Front Runner (+3),2026-08-18 11:53:52.917000
2026-08-19,19:18,Sligo,19:18 SLIGO,Tangara Bay,5,9,False,56,0.0,False,True,Front Runner (+3),2026-08-18 11:53:52.917000
2026-08-19,19:18,Sligo,19:18 SLIGO,Harpy Eagle,5,10,False,26,0.0,False,True,Front Runner (+3),2026-08-18 11:53:52.917000
2026-08-19,19:18,Sligo,19:18 SLIGO,Drombane,5,11,False,17,0.0,False,True,Front Runner (+3),2026-08-18 11:53:52.917000
2026-08-19,21:00,Kempton Park,21:00 KEMPTON PARK,Piazza,-4,1,True,23,0.0,True,False,Discipline Issue (dwelt/hung),2026-08-18 11:53:52.920000
2026-08-19,21:00,Kempton Park,21:00 KEMPTON PARK,Unionville,-2,2,True,55,0.0,False,False,Standard Form,2026-08-18 11:53:52.920000
2026-08-19,21:00,Kempton Park,21:00 KEMPTON PARK,Station Bar,-2,3,False,19,-23.9,False,False,Standard Form,2026-08-18 11:53:52.920000
2026-08-19,21:00,Kempton Park,21:00 KEMPTON PARK,Generous Rascal,-1,4,False,105,2.1,False,True,"Stride Decay (2.1m), Front Runner (+3)",2026-08-18 11:53:52.923000
2026-08-19,21:00,Kempton Park,21:00 KEMPTON PARK,Strong Voice,-1,5,False,163,0.6,False,True,"Stride Decay (0.6m), Front Runner (+3)",2026-08-18 11:53:52.927000
2026-08-19,21:00,Kempton Park,21:00 KEMPTON PARK,Slack Bob,0,6,False,31,0.0,False,False,Standard Form,2026-08-18 11:53:52.927000
2026-08-19,21:00,Kempton Park,21:00 KEMPTON PARK,Eduardo Calderon,0,7,False,26,0.0,False,False,Standard Form,2026-08-18 11:53:52.927000
2026-08-19,21:00,Kempton Park,21:00 KEMPTON PARK,Santiago Boy,0,8,False,23,0.0,False,False,Standard Form,2026-08-18 11:53:52.927000
2026-08-19,21:00,Kempton Park,21:00 KEMPTON PARK,Obsidian Verse,0,9,False,21,0.0,False,False,Standard Form,2026-08-18 11:53:52.927000
2026-08-19,21:00,Kempton Park,21:00 KEMPTON PARK,G'Emmethegreenlite,1,10,False,274,0.0,False,True,Front Runner (+3),2026-08-18 11:53:52.930000
2026-08-19,21:00,Kempton Park,21:00 KEMPTON PARK,Viviana,5,11,False,13,0.0,False,True,Front Runner (+3),2026-08-18 11:53:52.930000
2026-08-19,15:13,Carlisle,15:13 CARLISLE,Zous Juice,-4,1,True,314,3.4,False,False,Stride Decay (3.4m),2026-08-18 11:53:52.933000
2026-08-19,15:13,Carlisle,15:13 CARLISLE,Reenie's Dream,-4,2,True,31,0.7,False,False,Stride Decay (0.7m),2026-08-18 11:53:52.937000
2026-08-19,15:13,Carlisle,15:13 CARLISLE,Blairtum Night,-2,3,False,99,0.3,False,False,Stride Decay (0.3m),2026-08-18 11:53:52.937000
2026-08-19,15:13,Carlisle,15:13 CARLISLE,Runninman,-1,4,False,8,2.3,True,True,"Discipline Issue (dwelt/hung), Stride Decay (2.3m), Front Runner (+3)",2026-08-18 11:53:52.940000
2026-08-19,15:13,Carlisle,15:13 CARLISLE,Renewable Dream,-1,5,False,28,1.0,True,True,"Discipline Issue (dwelt/hung), Stride Decay (1.0m), Front Runner (+3)",2026-08-18 11:53:52.940000
2026-08-19,15:13,Carlisle,15:13 CARLISLE,Why Because,0,6,False,21,0.0,False,False,Standard Form,2026-08-18 11:53:52.940000
2026-08-19,15:13,Carlisle,15:13 CARLISLE,April Diamond,0,7,False,14,0.0,False,False,Standard Form,2026-08-18 11:53:52.940000
2026-08-19,15:13,Carlisle,15:13 CARLISLE,Fate's Gambit,3,8,False,29,0.0,False,True,Front Runner (+3),2026-08-18 11:53:52.943000
2026-08-19,15:13,Carlisle,15:13 CARLISLE,Long Shot,3,9,False,11,0.0,False,True,Front Runner (+3),2026-08-18 11:53:52.947000
2026-08-19,15:13,Carlisle,15:13 CARLISLE,Rajawail,5,10,False,5,0.0,False,True,"Front Runner (+3), Quick Return (5d)",2026-08-18 11:53:52.950000
2026-08-19,16:20,Carlisle,16:20 CARLISLE,Vince Lombardi,-1,1,True,23,1.3,False,True,"Stride Decay (1.3m), Front Runner (+3)",2026-08-18 11:53:52.957000
2026-08-19,16:20,Carlisle,16:20 CARLISLE,Golden Strike,-1,2,True,23,1.1,False,True,"Stride Decay (1.1m), Front Runner (+3)",2026-08-18 11:53:52.960000
2026-08-19,16:20,Carlisle,16:20 CARLISLE,Havana Prince,0,3,False,49,0.0,False,False,Standard Form,2026-08-18 11:53:52.960000
2026-08-19,16:20,Carlisle,16:20 CARLISLE,Lord Bertie,0,4,False,48,0.0,True,False,Discipline Issue (dwelt/hung),2026-08-18 11:53:52.960000
2026-08-19,16:20,Carlisle,16:20 CARLISLE,Count Palatine,0,5,False,28,0.0,False,False,Standard Form,2026-08-18 11:53:52.960000
2026-08-19,16:20,Carlisle,16:20 CARLISLE,Misunderstood,0,6,False,20,0.0,False,False,Standard Form,2026-08-18 11:53:52.960000
2026-08-19,16:20,Carlisle,16:20 CARLISLE,Commander Of Life,1,7,False,12,0.2,False,True,"Stride Decay (0.2m), Front Runner (+3)",2026-08-18 11:53:52.963000
2026-08-19,16:20,Carlisle,16:20 CARLISLE,King Of Fury,1,8,False,72,0.0,True,True,"Discipline Issue (dwelt/hung), Front Runner (+3)",2026-08-18 11:53:52.967000
2026-08-19,16:20,Carlisle,16:20 CARLISLE,Hunky Dory,3,9,False,33,0.0,False,True,Front Runner (+3),2026-08-18 11:53:52.967000
2026-08-19,16:20,Carlisle,16:20 CARLISLE,Native Instinct,3,10,False,15,0.0,False,True,Front Runner (+3),2026-08-18 11:53:52.970000
2026-08-19,16:20,Carlisle,16:20 CARLISLE,Lord Capulet,5,11,False,12,0.0,False,True,Front Runner (+3),2026-08-18 11:53:52.970000
2026-08-19,16:20,Carlisle,16:20 CARLISLE,Son,5,12,False,7,0.0,False,True,"Front Runner (+3), Quick Return (7d)",2026-08-18 11:53:52.973000
2026-08-19,13:50,York,13:50 YORK,The Man,-4,1,True,32,1.9,False,False,Stride Decay (1.9m),2026-08-18 11:53:52.973000
2026-08-19,13:50,York,13:50 YORK,Dapper Valley,-2,2,True,8,0.0,True,False,Discipline Issue (dwelt/hung),2026-08-18 11:53:52.977000
2026-08-19,13:50,York,13:50 YORK,West Acre,-1,3,False,28,1.9,False,True,"Stride Decay (1.9m), Front Runner (+3)",2026-08-18 11:53:52.977000
2026-08-19,13:50,York,13:50 YORK,Candy,-1,4,False,14,1.6,False,True,"Stride Decay (1.6m), Front Runner (+3)",2026-08-18 11:53:52.980000
2026-08-19,13:50,York,13:50 YORK,Another Baar,-1,5,False,55,0.9,False,True,"Stride Decay (0.9m), Front Runner (+3)",2026-08-18 11:53:52.983000
2026-08-19,13:50,York,13:50 YORK,Trefor,0,6,False,230,0.0,False,False,Standard Form,2026-08-18 11:53:52.983000
2026-08-19,13:50,York,13:50 YORK,Erosandpsyche,0,7,False,30,0.0,False,False,Standard Form,2026-08-18 11:53:52.983000
2026-08-19,13:50,York,13:50 YORK,Air Force One,0,8,False,29,0.0,False,False,Standard Form,2026-08-18 11:53:52.983000
2026-08-19,13:50,York,13:50 YORK,Corolla Point,0,9,False,29,0.0,False,False,Standard Form,2026-08-18 11:53:52.987000
2026-08-19,13:50,York,13:50 YORK,Toyotomi,0,10,False,25,0.0,False,False,Standard Form,2026-08-18 11:53:52.987000
2026-08-19,13:50,York,13:50 YORK,Ziggy's Triton,0,11,False,18,0.0,False,False,Standard Form,2026-08-18 11:53:52.987000
2026-08-19,13:50,York,13:50 YORK,Apollo One,1,12,False,155,0.0,True,True,"Discipline Issue (dwelt/hung), Front Runner (+3)",2026-08-18 11:53:52.987000
2026-08-19,13:50,York,13:50 YORK,Dubai Bling,1,13,False,150,0.0,True,True,"Discipline Issue (dwelt/hung), Front Runner (+3)",2026-08-18 11:53:52.990000
2026-08-19,13:50,York,13:50 YORK,Toca Madera,1,14,False,12,0.0,True,True,"Discipline Issue (dwelt/hung), Front Runner (+3)",2026-08-18 11:53:52.990000
2026-08-19,13:50,York,13:50 YORK,Stormy Impact,2,15,False,187,0.0,False,False,Standard Form,2026-08-18 11:53:52.990000
2026-08-19,13:50,York,13:50 YORK,Naana's Sparkle,3,16,False,208,0.0,False,True,Front Runner (+3),2026-08-18 11:53:52.993000
2026-08-19,13:50,York,13:50 YORK,Stratusnine,3,17,False,49,0.0,False,True,Front Runner (+3),2026-08-18 11:53:52.993000
2026-08-19,13:50,York,13:50 YORK,Dark Thirty,3,18,False,28,0.0,False,True,Front Runner (+3),2026-08-18 11:53:52.993000
2026-08-19,13:50,York,13:50 YORK,Lexington Blitz,3,19,False,27,0.0,False,True,Front Runner (+3),2026-08-18 11:53:52.993000
2026-08-19,13:50,York,13:50 YORK,Spartan Arrow,3,20,False,24,0.0,False,True,Front Runner (+3),2026-08-18 11:53:52.993000
2026-08-19,13:50,York,13:50 YORK,Against The Wind,5,21,False,40,0.0,False,True,Front Runner (+3),2026-08-18 11:53:52.997000
2026-08-19,13:50,York,13:50 YORK,Gold Star Hero,6,22,False,8,-0.5,False,True,Front Runner (+3),2026-08-18 11:53:52.997000
2026-08-19,16:10,York,16:10 YORK,Duke Of Oxford,-4,1,True,77,1.6,False,False,Stride Decay (1.6m),2026-08-18 11:53:53
2026-08-19,16:10,York,16:10 YORK,Valedictory,-2,2,True,21,0.0,True,False,Discipline Issue (dwelt/hung),2026-08-18 11:53:53
2026-08-19,16:10,York,16:10 YORK,Mountain Road,-2,3,False,14,0.0,True,False,Discipline Issue (dwelt/hung),2026-08-18 11:53:53
2026-08-19,16:10,York,16:10 YORK,Fireblade,-1,4,False,192,0.0,True,True,"Discipline Issue (dwelt/hung), Front Runner (+3)",2026-08-18 11:53:53
2026-08-19,16:10,York,16:10 YORK,Ride The Thunder,0,5,False,253,0.0,False,False,Standard Form,2026-08-18 11:53:53.003000
2026-08-19,16:10,York,16:10 YORK,Boatswain,0,6,False,231,0.0,False,False,Standard Form,2026-08-18 11:53:53.003000
2026-08-19,16:10,York,16:10 YORK,Kirchner,0,7,False,99,0.0,False,False,Standard Form,2026-08-18 11:53:53.003000
2026-08-19,16:10,York,16:10 YORK,Kilmeaden,0,8,False,52,0.0,False,False,Standard Form,2026-08-18 11:53:53.003000
2026-08-19,16:10,York,16:10 YORK,Team Player,0,9,False,34,0.0,False,False,Standard Form,2026-08-18 11:53:53.007000
2026-08-19,16:10,York,16:10 YORK,In The Breeze,0,10,False,29,0.0,False,False,Standard Form,2026-08-18 11:53:53.007000
2026-08-19,16:10,York,16:10 YORK,Westminster Moon,0,11,False,21,0.0,False,False,Standard Form,2026-08-18 11:53:53.007000
2026-08-19,16:10,York,16:10 YORK,Manxman,1,12,False,66,0.0,False,True,Front Runner (+3),2026-08-18 11:53:53.007000
2026-08-19,16:10,York,16:10 YORK,Shrimp Shady,3,13,False,35,0.0,False,True,Front Runner (+3),2026-08-18 11:53:53.007000
2026-08-19,16:10,York,16:10 YORK,Ghaiyya,3,14,False,22,0.0,False,True,Front Runner (+3),2026-08-18 11:53:53.007000
2026-08-19,16:10,York,16:10 YORK,Small Fry,5,15,False,185,0.0,False,True,Front Runner (+3),2026-08-18 11:53:53.007000
2026-08-19,16:10,York,16:10 YORK,Mordor,5,16,False,46,0.0,False,True,Front Runner (+3),2026-08-18 11:53:53.010000
2026-08-19,16:10,York,16:10 YORK,Prydwen,6,17,False,22,-1.2,False,True,Front Runner (+3),2026-08-18 11:53:53.010000
2026-08-19,15:35,York,15:35 YORK,Almaqam,-1,1,True,84,1.2,False,True,"Stride Decay (1.2m), Front Runner (+3)",2026-08-18 11:53:53.010000
2026-08-19,15:35,York,15:35 YORK,Pride Of Arras,-1,2,True,52,0.0,False,False,Standard Form,2026-08-18 11:53:53.010000
2026-08-19,15:35,York,15:35 YORK,Ombudsman,0,3,False,59,0.6,False,True,"Stride Decay (0.6m), Front Runner (+3)",2026-08-18 11:53:53.010000
2026-08-19,15:35,York,15:35 YORK,Item,0,4,False,226,0.0,False,False,Standard Form,2026-08-18 11:53:53.013000
2026-08-19,15:35,York,15:35 YORK,Zaydann,0,5,False,99,0.0,False,False,Standard Form,2026-08-18 11:53:53.013000
2026-08-19,15:35,York,15:35 YORK,Devil's Advocate,1,6,False,18,0.0,False,True,Front Runner (+3),2026-08-18 11:53:53.013000
2026-08-19,15:35,York,15:35 YORK,Constitution River,3,7,False,257,0.0,False,True,Front Runner (+3),2026-08-18 11:53:53.013000
2026-08-19,15:35,York,15:35 YORK,Action,3,8,False,20,0.0,False,True,Front Runner (+3),2026-08-18 11:53:53.013000
2026-08-19,15:35,York,15:35 YORK,Hawk Mountain,4,9,False,28,0.8,False,True,"Stride Decay (0.8m), Front Runner (+3)",2026-08-18 11:53:53.017000
2026-08-19,19:38,Worcester,19:38 WORCESTER,Ghost Jury,-2,1,True,51,0.0,False,False,Standard Form,2026-08-18 11:53:53.017000
2026-08-19,19:38,Worcester,19:38 WORCESTER,Bannister,-2,2,True,13,0.0,False,False,Standard Form,2026-08-18 11:53:53.017000
2026-08-19,19:38,Worcester,19:38 WORCESTER,Brooklyn Lullaby,-2,3,False,12,0.0,False,False,Standard Form,2026-08-18 11:53:53.017000
2026-08-19,19:38,Worcester,19:38 WORCESTER,Usyk,-1,4,False,61,1.4,False,True,"Stride Decay (1.4m), Front Runner (+3)",2026-08-18 11:53:53.020000
2026-08-19,19:38,Worcester,19:38 WORCESTER,Onehundredneighty,0,5,False,80,0.0,False,False,Standard Form,2026-08-18 11:53:53.023000
2026-08-19,19:38,Worcester,19:38 WORCESTER,Boskill Borden,0,6,False,26,-19.2,False,False,Standard Form,2026-08-18 11:53:53.023000
2026-08-19,19:38,Worcester,19:38 WORCESTER,Royal Rhythm,3,7,False,178,0.0,False,True,Front Runner (+3),2026-08-18 11:53:53.023000
2026-08-19,19:38,Worcester,19:38 WORCESTER,Cosmic Spirit,3,8,False,35,0.0,False,True,Front Runner (+3),2026-08-18 11:53:53.023000
2026-08-19,19:38,Worcester,19:38 WORCESTER,Bound For Glory,3,9,False,31,0.0,False,True,Front Runner (+3),2026-08-18 11:53:53.023000
2026-08-19,19:38,Worcester,19:38 WORCESTER,Crafty Gael,5,10,False,8,0.0,False,True,Front Runner (+3),2026-08-18 11:53:53.023000
2026-08-19,17:58,Kempton Park,17:58 KEMPTON PARK,The Kalonji Man,-4,1,True,25,0.9,False,False,Stride Decay (0.9m),2026-08-18 11:53:53.027000
2026-08-19,17:58,Kempton Park,17:58 KEMPTON PARK,Alpaca's Bullet,0,2,False,99,0.0,False,False,Standard Form,2026-08-18 11:53:53.027000
2026-08-19,17:58,Kempton Park,17:58 KEMPTON PARK,Aminaty,0,3,False,99,0.0,False,False,Standard Form,2026-08-18 11:53:53.030000
2026-08-19,17:58,Kempton Park,17:58 KEMPTON PARK,Beach Ahead,0,4,False,99,0.0,False,False,Standard Form,2026-08-18 11:53:53.030000
2026-08-19,17:58,Kempton Park,17:58 KEMPTON PARK,Dream On Kent,0,5,False,99,0.0,False,False,Standard Form,2026-08-18 11:53:53.030000
2026-08-19,17:58,Kempton Park,17:58 KEMPTON PARK,Havana Court,0,6,False,99,0.0,False,False,Standard Form,2026-08-18 11:53:53.030000
2026-08-19,17:58,Kempton Park,17:58 KEMPTON PARK,Kochella,0,7,False,99,0.0,False,False,Standard Form,2026-08-18 11:53:53.030000
2026-08-19,17:58,Kempton Park,17:58 KEMPTON PARK,No More Pino,0,8,False,99,0.0,False,False,Standard Form,2026-08-18 11:53:53.030000
2026-08-19,17:58,Kempton Park,17:58 KEMPTON PARK,Perfect Hope,0,9,False,99,0.0,False,False,Standard Form,2026-08-18 11:53:53.030000
2026-08-19,17:58,Kempton Park,17:58 KEMPTON PARK,Printing Money,0,10,False,99,0.0,False,False,Standard Form,2026-08-18 11:53:53.030000
2026-08-19,17:58,Kempton Park,17:58 KEMPTON PARK,Sakowin,0,11,False,99,0.0,False,False,Standard Form,2026-08-18 11:53:53.030000
2026-08-19,17:58,Kempton Park,17:58 KEMPTON PARK,Ten Year Stretch,0,12,False,99,0.0,False,False,Standard Form,2026-08-18 11:53:53.033000
2026-08-19,17:58,Kempton Park,17:58 KEMPTON PARK,Chilli,2,13,False,5,0.0,False,False,Quick Return (5d),2026-08-18 11:53:53.033000
2026-08-18,14:45,Chepstow,14:45 CHEPSTOW,Marzad,0,6,False,99,0.0,False,False,Standard Form,2026-08-18 14:46:13.013000
2026-08-18,14:45,Chepstow,14:45 CHEPSTOW,Rogue Dakota,0,7,False,99,0.0,False,False,Standard Form,2026-08-18 14:46:13.013000
2026-08-18,14:45,Chepstow,14:45 CHEPSTOW,Soeur De Flash,0,8,False,99,0.0,False,False,Standard Form,2026-08-18 14:46:13.017000
2026-08-18,20:00,Wolverhampton,20:00 WOLVERHAMPTON,So Alex,-1,1,True,14,1.8,False,True,"Stride Decay (1.8m), Front Runner (+3)",2026-08-18 14:46:13.020000
2026-08-18,20:00,Wolverhampton,20:00 WOLVERHAMPTON,White Storm,0,2,False,99,0.0,False,False,Standard Form,2026-08-18 14:46:13.020000
2026-08-18,20:00,Wolverhampton,20:00 WOLVERHAMPTON,Kingdom Of Stars,0,3,False,40,0.0,False,False,Standard Form,2026-08-18 14:46:13.020000
2026-08-20,16:45,York,16:45 YORK,The Ginger Kid,-2,5,False,99,0.0,True,False,Discipline Issue (dwelt/hung),2026-08-19 09:29:17.650000
2026-08-20,16:45,York,16:45 YORK,Big Cigar,0,6,False,99,0.0,False,False,Standard Form,2026-08-19 09:29:17.653000
2026-08-20,16:45,York,16:45 YORK,Caeruleus,0,7,False,99,0.0,False,False,Standard Form,2026-08-19 09:29:17.653000
2026-08-20,16:45,York,16:45 YORK,Fasthope,0,8,False,99,0.0,False,False,Standard Form,2026-08-19 09:29:17.657000
2026-08-20,16:45,York,16:45 YORK,Mia Fantasia,0,9,False,99,0.0,False,False,Standard Form,2026-08-19 09:29:17.660000
2026-08-20,16:45,York,16:45 YORK,My A'ali Baba,0,10,False,99,0.0,False,False,Standard Form,2026-08-19 09:29:17.660000
2026-08-20,16:45,York,16:45 YORK,Perfect Nation,0,11,False,99,0.0,False,False,Standard Form,2026-08-19 09:29:17.663000
2026-08-20,16:45,York,16:45 YORK,Regal Tiger,0,12,False,99,0.0,False,False,Standard Form,2026-08-19 09:29:17.667000
2026-08-20,16:45,York,16:45 YORK,Rising Tiger,0,13,False,99,0.0,False,False,Standard Form,2026-08-19 09:29:17.670000
2026-08-20,16:45,York,16:45 YORK,Roosike,0,14,False,99,0.0,False,False,Standard Form,2026-08-19 09:29:17.670000
2026-08-20,16:45,York,16:45 YORK,Soldier Of The Sea,0,15,False,99,0.0,False,False,Standard Form,2026-08-19 09:29:17.673000
2026-08-20,16:45,York,16:45 YORK,Telegraphic,0,16,False,99,0.0,False,False,Standard Form,2026-08-19 09:29:17.680000
2026-08-20,16:45,York,16:45 YORK,Weleyff,0,17,False,99,0.0,False,False,Standard Form,2026-08-19 09:29:17.683000
2026-08-20,16:45,York,16:45 YORK,Shadow King,0,18,False,18,0.0,False,False,Standard Form,2026-08-19 09:29:17.687000
2026-08-20,16:45,York,16:45 YORK,High Calibre,0,19,False,17,0.0,False,False,Standard Form,2026-08-19 09:29:17.690000
2026-08-20,16:45,York,16:45 YORK,Theheatison,0,20,False,13,0.0,False,False,Standard Form,2026-08-19 09:29:17.693000
2026-08-20,16:45,York,16:45 YORK,Rbflying,1,21,False,99,0.0,False,True,Front Runner (+3),2026-08-19 09:29:17.697000
2026-08-20,16:45,York,16:45 YORK,Bymiddaytomorrow,3,22,False,99,0.0,False,True,Front Runner (+3),2026-08-19 09:29:17.700000
2026-08-20,15:55,Lingfield Park,15:55 LINGFIELD,Bold Suitor,-5,1,True,16,0.8,True,False,"Discipline Issue (dwelt/hung), Stride Decay (0.8m)",2026-08-19 09:29:17.700000
2026-08-20,15:55,Lingfield Park,15:55 LINGFIELD,Starlight Sami,-2,2,True,125,0.0,False,False,Standard Form,2026-08-19 09:29:17.703000
2026-08-20,15:55,Lingfield Park,15:55 LINGFIELD,Paranjape,-2,3,False,18,0.0,False,False,Standard Form,2026-08-19 09:29:17.707000
2026-08-20,15:55,Lingfield Park,15:55 LINGFIELD,Gunfighter,-2,4,False,14,0.0,False,False,Standard Form,2026-08-19 09:29:17.707000
2026-08-20,15:55,Lingfield Park,15:55 LINGFIELD,Double Time,-1,5,False,30,1.0,False,True,"Stride Decay (1.0m), Front Runner (+3)",2026-08-19 09:29:17.710000
2026-08-20,15:55,Lingfield Park,15:55 LINGFIELD,Red Hat Eagle,-1,6,False,20,-0.4,True,True,"Discipline Issue (dwelt/hung), Front Runner (+3)",2026-08-19 09:29:17.713000
2026-08-20,15:55,Lingfield Park,15:55 LINGFIELD,Dancing Rinca,0,7,False,99,0.0,False,False,Standard Form,2026-08-19 09:29:17.717000
2026-08-20,15:55,Lingfield Park,15:55 LINGFIELD,The Bitter Moose,0,8,False,31,0.0,False,False,Standard Form,2026-08-19 09:29:17.717000
2026-08-20,15:55,Lingfield Park,15:55 LINGFIELD,Powder Monkey,0,9,False,19,0.0,False,False,Standard Form,2026-08-19 09:29:17.717000
2026-08-20,15:55,Lingfield Park,15:55 LINGFIELD,Split Elevens,2,10,False,10,0.0,False,False,Standard Form,2026-08-19 09:29:17.720000
2026-08-20,15:55,Lingfield Park,15:55 LINGFIELD,Yachtsman,2,11,False,3,0.0,False,False,Quick Return (3d),2026-08-19 09:29:17.720000
2026-08-20,15:55,Lingfield Park,15:55 LINGFIELD,Sant Alessio,3,12,False,197,0.0,False,True,Front Runner (+3),2026-08-19 09:29:17.720000
2026-08-20,15:55,Lingfield Park,15:55 LINGFIELD,State Of Madness,3,13,False,16,0.0,False,True,Front Runner (+3),2026-08-19 09:29:17.723000
2026-08-20,15:55,Lingfield Park,15:55 LINGFIELD,Dontspoilasale,5,14,False,5,0.0,False,True,"Front Runner (+3), Quick Return (5d)",2026-08-19 09:29:17.727000
2026-08-20,17:08,Killarney,17:08 KILLARNEY,Fiveonefive,-2,1,True,47,0.0,False,False,Standard Form,2026-08-19 09:29:17.730000
2026-08-20,17:08,Killarney,17:08 KILLARNEY,Lord Ffrench,0,2,False,207,0.0,False,False,Standard Form,2026-08-19 09:29:17.730000
2026-08-20,17:08,Killarney,17:08 KILLARNEY,Black Bamboo,0,3,False,35,0.0,False,False,Standard Form,2026-08-19 09:29:17.733000
2026-08-20,17:08,Killarney,17:08 KILLARNEY,Feud,0,4,False,22,0.0,False,False,Standard Form,2026-08-19 09:29:17.733000
2026-08-20,17:08,Killarney,17:08 KILLARNEY,Eye Contact,0,5,False,18,0.0,False,False,Standard Form,2026-08-19 09:29:17.733000
2026-08-20,17:08,Killarney,17:08 KILLARNEY,Fast Felix,2,6,False,140,0.0,False,False,Standard Form,2026-08-19 09:29:17.737000
2026-08-20,17:08,Killarney,17:08 KILLARNEY,Moylussa,2,7,False,40,0.0,False,False,Standard Form,2026-08-19 09:29:17.740000
2026-08-20,17:08,Killarney,17:08 KILLARNEY,Hi Ho Idaho,3,8,False,27,0.0,False,True,Front Runner (+3),2026-08-19 09:29:17.740000
2026-08-20,17:08,Killarney,17:08 KILLARNEY,Gino Bella,5,9,False,22,0.0,False,True,Front Runner (+3),2026-08-19 09:29:17.743000
2026-08-20,17:08,Killarney,17:08 KILLARNEY,Autumn Twist,5,10,False,17,0.0,False,True,Front Runner (+3),2026-08-19 09:29:17.743000
2026-08-20,15:45,Newmarket,15:45 NEWMARKET,Round The Table,0,1,False,99,0.0,False,False,Standard Form,2026-08-19 09:29:17.747000
2026-08-20,15:45,Newmarket,15:45 NEWMARKET,Be Patient,1,2,False,35,0.6,False,False,Stride Decay (0.6m),2026-08-19 09:29:17.750000
2026-08-20,15:45,Newmarket,15:45 NEWMARKET,Astro King,1,3,False,658,0.0,True,True,"Discipline Issue (dwelt/hung), Front Runner (+3)",2026-08-19 09:29:17.753000
2026-08-20,15:45,Newmarket,15:45 NEWMARKET,First Officer,1,4,False,33,0.0,False,False,Standard Form,2026-08-19 09:29:17.757000
2026-08-20,15:45,Newmarket,15:45 NEWMARKET,Tycoon,3,5,False,18,0.0,False,True,Front Runner (+3),2026-08-19 09:29:17.757000
2026-08-20,15:45,Newmarket,15:45 NEWMARKET,Race To The Stars,4,6,False,55,0.0,True,True,"Discipline Issue (dwelt/hung), Front Runner (+3)",2026-08-19 09:29:17.760000
2026-08-20,20:24,Newcastle,20:24 NEWCASTLE,Too Much,-3,1,True,241,2.8,True,True,"Discipline Issue (dwelt/hung), Stride Decay (2.8m), Front Runner (+3)",2026-08-19 09:29:17.763000
2026-08-20,20:24,Newcastle,20:24 NEWCASTLE,Smart Vision,-2,2,True,11,0.0,True,False,Discipline Issue (dwelt/hung),2026-08-19 09:29:17.767000
2026-08-20,20:24,Newcastle,20:24 NEWCASTLE,Buzz Box,-1,3,False,324,1.4,False,True,"Stride Decay (1.4m), Front Runner (+3)",2026-08-19 09:29:17.767000
2026-08-20,20:24,Newcastle,20:24 NEWCASTLE,Castan,0,4,False,21,0.0,False,False,Standard Form,2026-08-19 09:29:17.770000
2026-08-20,20:24,Newcastle,20:24 NEWCASTLE,Star Material,0,5,False,18,0.0,False,False,Standard Form,2026-08-19 09:29:17.770000
2026-08-20,20:24,Newcastle,20:24 NEWCASTLE,Duran,0,6,False,16,0.0,False,False,Standard Form,2026-08-19 09:29:17.773000
2026-08-20,20:24,Newcastle,20:24 NEWCASTLE,Lethal Nymph,0,7,False,13,0.0,False,False,Standard Form,2026-08-19 09:29:17.773000
2026-08-20,20:24,Newcastle,20:24 NEWCASTLE,True Promise,0,8,False,13,0.0,False,False,Standard Form,2026-08-19 09:29:17.777000
2026-08-20,20:24,Newcastle,20:24 NEWCASTLE,Azuinthejungle,1,9,False,21,0.0,True,True,"Discipline Issue (dwelt/hung), Front Runner (+3)",2026-08-19 09:29:17.780000
2026-08-20,20:24,Newcastle,20:24 NEWCASTLE,Changeofmind,2,10,False,6,0.0,False,False,Quick Return (6d),2026-08-19 09:29:17.780000
2026-08-20,20:24,Newcastle,20:24 NEWCASTLE,Ice Cold Alex,3,11,False,23,0.0,False,True,Front Runner (+3),2026-08-19 09:29:17.783000
2026-08-20,20:24,Newcastle,20:24 NEWCASTLE,Little Mi Mi,3,12,False,12,0.0,False,True,Front Runner (+3),2026-08-19 09:29:17.783000
2026-08-20,20:24,Newcastle,20:24 NEWCASTLE,Copper Knight,3,13,False,10,0.0,False,True,Front Runner (+3),2026-08-19 09:29:17.790000
2026-08-20,15:10,Newmarket,15:10 NEWMARKET,Venetian Lion,-2,1,True,99,0.2,False,False,Stride Decay (0.2m),2026-08-19 09:29:17.797000
2026-08-20,15:10,Newmarket,15:10 NEWMARKET,Mertoun,-2,2,True,171,0.0,False,False,Standard Form,2026-08-19 09:29:17.800000
2026-08-20,15:10,Newmarket,15:10 NEWMARKET,Big Alex Walmsley,-2,3,False,22,0.0,False,False,Standard Form,2026-08-19 09:29:17.807000
2026-08-20,15:10,Newmarket,15:10 NEWMARKET,Calyxoh,-1,4,False,24,0.0,False,False,Standard Form,2026-08-19 09:29:17.817000
2026-08-20,15:10,Newmarket,15:10 NEWMARKET,Glen Nevis,2,5,False,99,0.1,False,True,Front Runner (+3),2026-08-19 09:29:17.827000
2026-08-20,15:10,Newmarket,15:10 NEWMARKET,Potomac River,3,6,False,236,0.0,False,True,Front Runner (+3),2026-08-19 09:29:17.830000
2026-08-20,15:10,Newmarket,15:10 NEWMARKET,Wield,3,7,False,31,0.0,False,True,Front Runner (+3),2026-08-19 09:29:17.833000
2026-08-20,15:10,Newmarket,15:10 NEWMARKET,Legacy Rock,3,8,False,20,0.0,False,True,Front Runner (+3),2026-08-19 09:29:17.837000
2026-08-20,20:00,Leopardstown,20:00 LEOPARDSTOWN,Tachos,0,1,False,30,0.0,False,False,Standard Form,2026-08-19 09:29:17.840000
2026-08-20,20:00,Leopardstown,20:00 LEOPARDSTOWN,Bella Colombia,0,2,False,23,0.0,False,False,Standard Form,2026-08-19 09:29:17.840000
2026-08-20,20:00,Leopardstown,20:00 LEOPARDSTOWN,Pink Oxalis,2,3,False,38,0.0,False,False,Standard Form,2026-08-19 09:29:17.843000
2026-08-20,20:00,Leopardstown,20:00 LEOPARDSTOWN,Mallavelly,3,4,False,239,0.0,False,True,Front Runner (+3),2026-08-19 09:29:17.847000
2026-08-20,20:00,Leopardstown,20:00 LEOPARDSTOWN,Duchess Of Kenli,3,5,False,99,0.0,False,True,Front Runner (+3),2026-08-19 09:29:17.850000
2026-08-20,20:00,Leopardstown,20:00 LEOPARDSTOWN,Glory To Be,3,6,False,25,0.0,False,True,Front Runner (+3),2026-08-19 09:29:17.853000
2026-08-20,20:00,Leopardstown,20:00 LEOPARDSTOWN,Thrifty Of Digby,3,7,False,15,0.0,False,True,Front Runner (+3),2026-08-19 09:29:17.853000
2026-08-20,20:00,Leopardstown,20:00 LEOPARDSTOWN,Marmeladova,3,8,False,12,0.0,False,True,Front Runner (+3),2026-08-19 09:29:17.857000
2026-08-20,18:45,Killarney,18:45 KILLARNEY,Je Suis,0,1,False,37,0.0,False,False,Standard Form,2026-08-19 09:29:17.860000
2026-08-20,18:45,Killarney,18:45 KILLARNEY,Mount Shenshan,0,2,False,30,0.0,False,False,Standard Form,2026-08-19 09:29:17.860000
2026-08-20,18:45,Killarney,18:45 KILLARNEY,Wakey Wakey Man,0,3,False,29,0.0,False,False,Standard Form,2026-08-19 09:29:17.863000
2026-08-20,18:45,Killarney,18:45 KILLARNEY,Ladies Well,0,4,False,15,0.0,False,False,Standard Form,2026-08-19 09:29:17.867000
2026-08-20,18:45,Killarney,18:45 KILLARNEY,Smallcraftwarning,0,5,False,12,0.0,False,False,Standard Form,2026-08-19 09:29:17.870000
2026-08-20,18:45,Killarney,18:45 KILLARNEY,Kilkee Bay,0,6,False,10,0.0,False,False,Standard Form,2026-08-19 09:29:17.870000
2026-08-20,18:45,Killarney,18:45 KILLARNEY,Oneforgonzo,0,7,False,10,0.0,False,False,Standard Form,2026-08-19 09:29:17.873000
2026-08-20,18:45,Killarney,18:45 KILLARNEY,Tropical Image,2,8,False,133,0.0,False,False,Standard Form,2026-08-19 09:29:17.873000
2026-08-20,18:45,Killarney,18:45 KILLARNEY,Malton Groove,2,9,False,41,0.0,False,False,Standard Form,2026-08-19 09:29:17.877000
2026-08-20,18:45,Killarney,18:45 KILLARNEY,Western Model,2,10,False,33,0.0,False,False,Standard Form,2026-08-19 09:29:17.877000
2026-08-20,18:45,Killarney,18:45 KILLARNEY,Cullenwaine,2,11,False,31,0.0,False,False,Standard Form,2026-08-19 09:29:17.880000
2026-08-20,18:45,Killarney,18:45 KILLARNEY,Walk Away Harry,3,12,False,93,0.0,False,True,Front Runner (+3),2026-08-19 09:29:17.880000
2026-08-20,18:45,Killarney,18:45 KILLARNEY,King Ferdinand,3,13,False,19,0.0,False,True,Front Runner (+3),2026-08-19 09:29:17.883000
2026-08-20,15:35,York,15:35 YORK,Kalpana,0,1,False,210,0.0,False,False,Standard Form,2026-08-19 09:29:17.887000
2026-08-20,15:35,York,15:35 YORK,Sparan Nua,0,2,False,99,0.0,False,False,Standard Form,2026-08-19 09:29:17.887000
2026-08-20,15:35,York,15:35 YORK,Legacy Link,1,3,False,215,0.0,True,True,"Discipline Issue (dwelt/hung), Front Runner (+3)",2026-08-19 09:29:17.890000
2026-08-20,15:35,York,15:35 YORK,Earth Shot,1,4,False,188,0.0,True,True,"Discipline Issue (dwelt/hung), Front Runner (+3)",2026-08-19 09:29:17.893000
2026-08-20,15:35,York,15:35 YORK,Tattycoram,3,5,False,258,0.0,False,True,Front Runner (+3),2026-08-19 09:29:17.897000
2026-08-20,15:35,York,15:35 YORK,Minnie Hauk,3,6,False,256,0.0,False,True,Front Runner (+3),2026-08-19 09:29:17.900000
2026-08-20,15:35,York,15:35 YORK,Sugar Island,3,7,False,197,0.0,False,True,Front Runner (+3),2026-08-19 09:29:17.900000
2026-08-20,15:35,York,15:35 YORK,Johanna Walsh,3,8,False,31,0.0,False,True,Front Runner (+3),2026-08-19 09:29:17.903000
2026-08-20,15:35,York,15:35 YORK,Inis Mor,3,9,False,18,0.0,False,True,Front Runner (+3),2026-08-19 09:29:17.903000
2026-08-20,13:50,York,13:50 YORK,Jolivette,-2,1,True,99,0.0,True,False,Discipline Issue (dwelt/hung),2026-08-19 09:29:17.910000
2026-08-20,13:50,York,13:50 YORK,Libertango,-2,2,True,99,0.0,True,False,Discipline Issue (dwelt/hung),2026-08-19 09:29:17.910000
2026-08-20,13:50,York,13:50 YORK,Sexy Chick,-2,3,False,99,0.0,True,False,Discipline Issue (dwelt/hung),2026-08-19 09:29:17.910000
2026-08-20,13:50,York,13:50 YORK,Wild Blossom,-2,4,False,99,0.0,True,False,Discipline Issue (dwelt/hung),2026-08-19 09:29:17.913000
2026-08-20,13:50,York,13:50 YORK,Alta Regina,0,5,False,99,0.0,False,False,Standard Form,2026-08-19 09:29:17.917000
2026-08-20,13:50,York,13:50 YORK,Angels Passing,0,6,False,99,0.0,False,False,Standard Form,2026-08-19 09:29:17.920000
2026-08-20,13:50,York,13:50 YORK,Big Negotiator,0,7,False,99,0.0,False,False,Standard Form,2026-08-19 09:29:17.920000
2026-08-20,13:50,York,13:50 YORK,Crystal Queen,0,8,False,99,0.0,False,False,Standard Form,2026-08-19 09:29:17.920000
2026-08-20,13:50,York,13:50 YORK,In The Black,0,9,False,99,0.0,False,False,Standard Form,2026-08-19 09:29:17.927000
2026-08-20,13:50,York,13:50 YORK,Livenka,0,10,False,99,0.0,False,False,Standard Form,2026-08-19 09:29:17.930000
2026-08-20,13:50,York,13:50 YORK,Miss Kodi,0,11,False,99,0.0,False,False,Standard Form,2026-08-19 09:29:17.930000
2026-08-20,13:50,York,13:50 YORK,Moonrise,0,12,False,99,0.0,False,False,Standard Form,2026-08-19 09:29:17.933000
2026-08-20,13:50,York,13:50 YORK,Ruby Moon,0,13,False,99,0.0,False,False,Standard Form,2026-08-19 09:29:17.933000
2026-08-20,13:50,York,13:50 YORK,Shimmering Sun,0,14,False,99,0.0,False,False,Standard Form,2026-08-19 09:29:17.937000
2026-08-20,13:50,York,13:50 YORK,Star Of State,0,15,False,99,0.0,False,False,Standard Form,2026-08-19 09:29:17.940000
2026-08-20,13:50,York,13:50 YORK,Love A Giggle,0,16,False,30,0.0,False,False,Standard Form,2026-08-19 09:29:17.940000
2026-08-20,13:50,York,13:50 YORK,Bint Archange,3,17,False,23,0.0,False,True,Front Runner (+3),2026-08-19 09:29:17.943000
2026-08-20,13:50,York,13:50 YORK,Crownbreaker,3,18,False,15,0.0,False,True,Front Runner (+3),2026-08-19 09:29:17.943000
2026-08-20,13:50,York,13:50 YORK,Desert Sands,5,19,False,33,0.0,False,True,Front Runner (+3),2026-08-19 09:29:17.947000
2026-08-20,16:10,York,16:10 YORK,A La Prochaine,-2,1,True,193,0.0,True,False,Discipline Issue (dwelt/hung),2026-08-19 09:29:17.947000
2026-08-20,16:10,York,16:10 YORK,Perfect Your Craft,-1,2,True,35,1.9,False,True,"Stride Decay (1.9m), Front Runner (+3)",2026-08-19 09:29:17.950000
2026-08-20,16:10,York,16:10 YORK,Summerson,0,3,False,143,0.0,False,False,Standard Form,2026-08-19 09:29:17.953000
2026-08-20,16:10,York,16:10 YORK,Merveilleux Lapin,0,4,False,99,0.0,False,False,Standard Form,2026-08-19 09:29:17.957000
2026-08-20,16:10,York,16:10 YORK,K Sarra,0,5,False,25,0.0,False,False,Standard Form,2026-08-19 09:29:17.960000
2026-08-20,16:10,York,16:10 YORK,Prizeland,0,6,False,25,0.0,False,False,Standard Form,2026-08-19 09:29:17.960000
2026-08-20,16:10,York,16:10 YORK,Sunshine Star,1,7,False,196,0.0,False,True,Front Runner (+3),2026-08-19 09:29:17.960000
2026-08-20,16:10,York,16:10 YORK,Ashariba,1,8,False,34,0.0,False,True,Front Runner (+3),2026-08-19 09:29:17.963000
2026-08-20,16:10,York,16:10 YORK,Morrophore,2,9,False,45,-1.2,False,True,Front Runner (+3),2026-08-19 09:29:17.967000
2026-08-20,16:10,York,16:10 YORK,Ryka,3,10,False,231,0.0,False,True,Front Runner (+3),2026-08-19 09:29:17.970000
2026-08-20,16:10,York,16:10 YORK,Capichera,3,11,False,34,0.0,False,True,Front Runner (+3),2026-08-19 09:29:17.970000
2026-08-20,16:10,York,16:10 YORK,Club Class,3,12,False,26,0.0,False,True,Front Runner (+3),2026-08-19 09:29:17.970000
2026-08-20,16:10,York,16:10 YORK,Rhapsody,3,13,False,18,0.0,False,False,Standard Form,2026-08-19 09:29:17.973000
2026-08-20,16:10,York,16:10 YORK,Vauntingly,3,14,False,15,0.0,False,True,Front Runner (+3),2026-08-19 09:29:17.973000
2026-08-20,16:10,York,16:10 YORK,Without Prejudice,5,15,False,3,0.0,False,True,"Front Runner (+3), Quick Return (3d)",2026-08-19 09:29:17.973000
2026-08-20,18:00,Leopardstown,18:00 LEOPARDSTOWN,Altimara,0,1,False,166,0.0,False,False,Standard Form,2026-08-19 09:29:17.977000
2026-08-20,18:00,Leopardstown,18:00 LEOPARDSTOWN,Hazrama,0,2,False,99,0.0,False,False,Standard Form,2026-08-19 09:29:17.980000
2026-08-20,18:00,Leopardstown,18:00 LEOPARDSTOWN,Kc Bear,0,3,False,93,0.0,False,False,Standard Form,2026-08-19 09:29:17.980000
2026-08-20,18:00,Leopardstown,18:00 LEOPARDSTOWN,Naoi,0,4,False,45,0.0,False,False,Standard Form,2026-08-19 09:29:17.980000
2026-08-20,18:00,Leopardstown,18:00 LEOPARDSTOWN,Mr Perth,0,5,False,37,0.0,False,False,Standard Form,2026-08-19 09:29:17.980000
2026-08-20,18:00,Leopardstown,18:00 LEOPARDSTOWN,Gordon Bennett,0,6,False,28,0.0,False,False,Standard Form,2026-08-19 09:29:17.983000
2026-08-20,18:00,Leopardstown,18:00 LEOPARDSTOWN,Ninth Crusade,0,7,False,28,0.0,False,False,Standard Form,2026-08-19 09:29:17.987000
2026-08-20,18:00,Leopardstown,18:00 LEOPARDSTOWN,Oppenheimer,0,8,False,15,0.0,False,False,Standard Form,2026-08-19 09:29:17.987000
2026-08-20,18:00,Leopardstown,18:00 LEOPARDSTOWN,Rappell,0,9,False,11,0.0,False,False,Standard Form,2026-08-19 09:29:17.990000
2026-08-20,18:00,Leopardstown,18:00 LEOPARDSTOWN,Free Solo,2,10,False,14,0.0,False,False,Standard Form,2026-08-19 09:29:17.990000
2026-08-20,18:00,Leopardstown,18:00 LEOPARDSTOWN,Phoenix Pairc,3,11,False,35,0.0,False,True,Front Runner (+3),2026-08-19 09:29:17.990000
2026-08-20,18:00,Leopardstown,18:00 LEOPARDSTOWN,Brains,3,12,False,26,0.0,False,True,Front Runner (+3),2026-08-19 09:29:17.993000
2026-08-20,18:00,Leopardstown,18:00 LEOPARDSTOWN,Zheleznaya Dama,3,13,False,23,0.0,False,True,Front Runner (+3),2026-08-19 09:29:17.997000
2026-08-20,18:00,Leopardstown,18:00 LEOPARDSTOWN,All Hail,3,14,False,15,0.0,False,True,Front Runner (+3),2026-08-19 09:29:18
2026-08-20,18:00,Leopardstown,18:00 LEOPARDSTOWN,Ballymagreehan,3,15,False,15,0.0,False,True,Front Runner (+3),2026-08-19 09:29:18
2026-08-20,18:00,Leopardstown,18:00 LEOPARDSTOWN,La La Lucrative,3,16,False,14,0.0,False,True,Front Runner (+3),2026-08-19 09:29:18
2026-08-20,18:00,Leopardstown,18:00 LEOPARDSTOWN,Shamanka,3,17,False,9,0.0,False,True,Front Runner (+3),2026-08-19 09:29:18.003000
2026-08-20,18:00,Leopardstown,18:00 LEOPARDSTOWN,Bear Right,3,18,False,8,0.0,False,True,Front Runner (+3),2026-08-19 09:29:18.003000
2026-08-20,18:00,Leopardstown,18:00 LEOPARDSTOWN,Jazzit,5,19,False,35,0.0,False,True,Front Runner (+3),2026-08-19 09:29:18.003000
2026-08-20,18:00,Leopardstown,18:00 LEOPARDSTOWN,Faoladh,5,20,False,20,0.0,False,True,Front Runner (+3),2026-08-19 09:29:18.007000
2026-08-20,18:00,Leopardstown,18:00 LEOPARDSTOWN,Sporting Hero,5,21,False,14,0.0,False,True,Front Runner (+3),2026-08-19 09:29:18.007000
2026-08-20,14:25,York,14:25 YORK,Blake's Monarch,-2,1,True,99,0.0,True,False,Discipline Issue (dwelt/hung),2026-08-19 09:29:18.010000
2026-08-20,14:25,York,14:25 YORK,Pride Of Toledo,-2,2,True,99,0.0,True,False,Discipline Issue (dwelt/hung),2026-08-19 09:29:18.010000
2026-08-20,14:25,York,14:25 YORK,Battle Fever,0,3,False,99,0.0,False,False,Standard Form,2026-08-19 09:29:18.013000
2026-08-20,14:25,York,14:25 YORK,Glorious Game,0,4,False,99,0.0,False,False,Standard Form,2026-08-19 09:29:18.013000
2026-08-20,14:25,York,14:25 YORK,It Dunt Marra,0,5,False,99,0.0,False,False,Standard Form,2026-08-19 09:29:18.013000
2026-08-20,14:25,York,14:25 YORK,Quillan,0,6,False,99,0.0,False,False,Standard Form,2026-08-19 09:29:18.013000
2026-08-20,14:25,York,14:25 YORK,Satellite Of Love,0,7,False,99,0.0,False,False,Standard Form,2026-08-19 09:29:18.013000
2026-08-20,14:25,York,14:25 YORK,Sun Goddess,0,8,False,99,0.0,False,False,Standard Form,2026-08-19 09:29:18.017000
2026-08-20,14:25,York,14:25 YORK,The Bookkeeper,0,9,False,99,0.0,False,False,Standard Form,2026-08-19 09:29:18.020000
2026-08-20,14:25,York,14:25 YORK,Tokaido,0,10,False,99,0.0,False,False,Standard Form,2026-08-19 09:29:18.020000
2026-08-20,14:25,York,14:25 YORK,Weekend Roar,0,11,False,99,0.0,False,False,Standard Form,2026-08-19 09:29:18.020000
2026-08-20,14:25,York,14:25 YORK,Niewiadoma,0,12,False,27,0.0,False,False,Standard Form,2026-08-19 09:29:18.020000
2026-08-20,14:25,York,14:25 YORK,Secret Society,0,13,False,27,0.0,False,False,Standard Form,2026-08-19 09:29:18.023000
2026-08-20,14:25,York,14:25 YORK,Speed of Sound,0,14,False,24,0.0,False,False,Standard Form,2026-08-19 09:29:18.023000
2026-08-20,14:25,York,14:25 YORK,Furturra,0,15,False,14,0.0,False,False,Standard Form,2026-08-19 09:29:18.023000
2026-08-20,14:25,York,14:25 YORK,Thebesthasyetocome,1,16,False,99,0.0,False,True,Front Runner (+3),2026-08-19 09:29:18.030000
2026-08-20,14:25,York,14:25 YORK,Rollthedicebaby,3,17,False,99,0.0,False,True,Front Runner (+3),2026-08-19 09:29:18.033000
2026-08-20,14:25,York,14:25 YORK,Vollering,3,18,False,27,0.0,False,True,Front Runner (+3),2026-08-19 09:29:18.043000
2026-08-20,14:25,York,14:25 YORK,Mind Those Steps,3,19,False,22,0.0,False,True,Front Runner (+3),2026-08-19 09:29:18.050000
2026-08-20,14:25,York,14:25 YORK,Kodiak Breeze,3,20,False,16,0.0,False,True,Front Runner (+3),2026-08-19 09:29:18.060000
2026-08-20,14:25,York,14:25 YORK,Where Love Lives,6,21,False,99,0.0,False,True,Front Runner (+3),2026-08-19 09:29:18.070000
2026-08-20,14:25,York,14:25 YORK,Innichen,6,22,False,15,-21.6,False,True,Front Runner (+3),2026-08-19 09:29:18.077000
2026-08-20,15:00,York,15:00 YORK,Blue Brother,-4,1,True,99,0.6,False,False,Stride Decay (0.6m),2026-08-19 09:29:18.080000
2026-08-20,15:00,York,15:00 YORK,Nizam,-4,2,True,99,0.5,False,False,Stride Decay (0.5m),2026-08-19 09:29:18.083000
2026-08-20,15:00,York,15:00 YORK,Aalto,-2,3,False,163,0.0,True,False,Discipline Issue (dwelt/hung),2026-08-19 09:29:18.090000
2026-08-20,15:00,York,15:00 YORK,The Lost King,-2,4,False,29,0.0,True,False,Discipline Issue (dwelt/hung),2026-08-19 09:29:18.090000
2026-08-20,15:00,York,15:00 YORK,Checkandchallenge,-2,5,False,28,0.0,True,False,Discipline Issue (dwelt/hung),2026-08-19 09:29:18.093000
2026-08-20,15:00,York,15:00 YORK,Hawksbill,-1,6,False,14,-20.6,True,True,"Discipline Issue (dwelt/hung), Front Runner (+3)",2026-08-19 09:29:18.100000
2026-08-20,15:00,York,15:00 YORK,Arctic Dawn,0,7,False,164,0.0,False,False,Standard Form,2026-08-19 09:29:18.100000
2026-08-20,15:00,York,15:00 YORK,Mezcala,0,8,False,49,0.0,False,False,Standard Form,2026-08-19 09:29:18.107000
2026-08-20,15:00,York,15:00 YORK,Cerulean Bay,0,9,False,19,0.0,False,False,Standard Form,2026-08-19 09:29:18.110000
2026-08-20,15:00,York,15:00 YORK,The Angel King,0,10,False,11,0.0,False,False,Standard Form,2026-08-19 09:29:18.110000
2026-08-20,15:00,York,15:00 YORK,Eternal Force,1,11,False,162,-0.2,False,True,Front Runner (+3),2026-08-19 09:29:18.113000
2026-08-20,15:00,York,15:00 YORK,Spell Master,2,12,False,20,1.8,True,True,"Discipline Issue (dwelt/hung), Stride Decay (1.8m), Front Runner (+3)",2026-08-19 09:29:18.117000
2026-08-20,15:00,York,15:00 YORK,Centigrade,2,13,False,56,1.2,True,True,"Discipline Issue (dwelt/hung), Stride Decay (1.2m), Front Runner (+3)",2026-08-19 09:29:18.120000
2026-08-20,15:00,York,15:00 YORK,Point Lynas,3,14,False,291,0.0,False,True,Front Runner (+3),2026-08-19 09:29:18.123000
2026-08-20,15:00,York,15:00 YORK,Yorkshire,3,15,False,287,0.0,False,True,Front Runner (+3),2026-08-19 09:29:18.127000
2026-08-20,15:00,York,15:00 YORK,Bullet Point,3,16,False,14,0.0,False,True,Front Runner (+3),2026-08-19 09:29:18.130000
2026-08-20,15:00,York,15:00 YORK,Mirsky,3,17,False,12,0.0,False,True,Front Runner (+3),2026-08-19 09:29:18.133000
2026-08-20,18:54,Newcastle,18:54 NEWCASTLE,Star Of Commala,-2,1,True,99,0.1,False,False,Standard Form,2026-08-19 09:29:18.137000
2026-08-20,18:54,Newcastle,18:54 NEWCASTLE,Navertity,-2,2,True,99,0.0,True,False,Discipline Issue (dwelt/hung),2026-08-19 09:29:18.140000
2026-08-20,18:54,Newcastle,18:54 NEWCASTLE,Queen's Hame,-2,3,False,99,0.0,True,False,Discipline Issue (dwelt/hung),2026-08-19 09:29:18.143000
2026-08-20,18:54,Newcastle,18:54 NEWCASTLE,Miss Veronika,-1,4,False,38,-0.7,True,True,"Discipline Issue (dwelt/hung), Front Runner (+3)",2026-08-19 09:29:18.147000
2026-08-20,18:54,Newcastle,18:54 NEWCASTLE,Bowie Lass,0,5,False,99,0.0,False,False,Standard Form,2026-08-19 09:29:18.150000
2026-08-20,18:54,Newcastle,18:54 NEWCASTLE,Janora,0,6,False,99,0.0,False,False,Standard Form,2026-08-19 09:29:18.153000
2026-08-20,18:54,Newcastle,18:54 NEWCASTLE,Mystic Wave,0,7,False,99,0.0,False,False,Standard Form,2026-08-19 09:29:18.157000
2026-08-20,18:54,Newcastle,18:54 NEWCASTLE,Roccapina,0,8,False,99,0.0,False,False,Standard Form,2026-08-19 09:29:18.160000
2026-08-20,18:54,Newcastle,18:54 NEWCASTLE,Suntino Lady,0,9,False,99,0.0,False,False,Standard Form,2026-08-19 09:29:18.163000
2026-08-20,20:54,Newcastle,20:54 NEWCASTLE,Wait For It,-6,1,True,23,4.4,True,False,"Discipline Issue (dwelt/hung), Stride Decay (4.4m)",2026-08-19 09:29:18.167000
2026-08-20,20:54,Newcastle,20:54 NEWCASTLE,Multaneighttothree,-4,2,True,20,1.8,False,False,Stride Decay (1.8m),2026-08-19 09:29:18.167000
2026-08-20,20:54,Newcastle,20:54 NEWCASTLE,Secret Road,-4,3,False,34,0.3,False,False,Stride Decay (0.3m),2026-08-19 09:29:18.170000
2026-08-20,20:54,Newcastle,20:54 NEWCASTLE,Operation Gimcrack,-2,4,False,29,0.0,False,False,Standard Form,2026-08-19 09:29:18.173000
2026-08-20,20:54,Newcastle,20:54 NEWCASTLE,Ottawa,-2,5,False,19,0.0,False,False,Standard Form,2026-08-19 09:29:18.173000
2026-08-20,20:54,Newcastle,20:54 NEWCASTLE,Desert Master,-1,6,False,34,2.7,False,False,Stride Decay (2.7m),2026-08-19 09:29:18.177000
2026-08-20,20:54,Newcastle,20:54 NEWCASTLE,Gemini Star,0,7,False,208,0.0,False,False,Standard Form,2026-08-19 09:29:18.180000
2026-08-20,20:54,Newcastle,20:54 NEWCASTLE,Asadjumeirah,0,8,False,15,0.0,True,False,Discipline Issue (dwelt/hung),2026-08-19 09:29:18.180000
2026-08-20,20:54,Newcastle,20:54 NEWCASTLE,Newyorkstateofmind,0,9,False,11,0.0,False,False,Standard Form,2026-08-19 09:29:18.183000
2026-08-20,20:54,Newcastle,20:54 NEWCASTLE,Mart,1,10,False,33,-22.8,False,True,Front Runner (+3),2026-08-19 09:29:18.187000
2026-08-20,20:54,Newcastle,20:54 NEWCASTLE,Mount Ruapehu,2,11,False,7,0.0,False,False,Quick Return (7d),2026-08-19 09:29:18.187000
2026-08-20,20:54,Newcastle,20:54 NEWCASTLE,Get Up Everybody,3,12,False,41,0.0,False,True,Front Runner (+3),2026-08-19 09:29:18.190000
2026-08-20,20:54,Newcastle,20:54 NEWCASTLE,White Umbrella,3,13,False,24,0.0,False,True,Front Runner (+3),2026-08-19 09:29:18.190000
2026-08-20,20:54,Newcastle,20:54 NEWCASTLE,Donald,3,14,False,11,0.0,False,True,Front Runner (+3),2026-08-19 09:29:18.193000
2026-08-20,19:00,Leopardstown,19:00 LEOPARDSTOWN,Party Dress,-2,1,True,157,0.0,True,False,Discipline Issue (dwelt/hung),2026-08-19 09:29:18.197000
2026-08-20,19:00,Leopardstown,19:00 LEOPARDSTOWN,Cooley's Mist,0,2,False,240,0.0,False,False,Standard Form,2026-08-19 09:29:18.197000
2026-08-20,19:00,Leopardstown,19:00 LEOPARDSTOWN,Lauderdale King,0,3,False,24,0.0,False,False,Standard Form,2026-08-19 09:29:18.200000
2026-08-20,19:00,Leopardstown,19:00 LEOPARDSTOWN,Gaelic Drills,1,4,False,15,0.0,True,True,"Discipline Issue (dwelt/hung), Front Runner (+3)",2026-08-19 09:29:18.200000
2026-08-20,19:00,Leopardstown,19:00 LEOPARDSTOWN,Sea Coral,2,5,False,184,0.0,False,False,Standard Form,2026-08-19 09:29:18.203000
2026-08-20,19:00,Leopardstown,19:00 LEOPARDSTOWN,Celtic Druid,2,6,False,25,0.0,False,False,Standard Form,2026-08-19 09:29:18.207000
2026-08-20,19:00,Leopardstown,19:00 LEOPARDSTOWN,Pavilion End,3,7,False,36,0.0,False,True,Front Runner (+3),2026-08-19 09:29:18.210000
2026-08-20,19:00,Leopardstown,19:00 LEOPARDSTOWN,Harry's Legacy,3,8,False,34,0.0,False,True,Front Runner (+3),2026-08-19 09:29:18.210000
2026-08-20,19:00,Leopardstown,19:00 LEOPARDSTOWN,Darius Dark,3,9,False,16,0.0,False,True,Front Runner (+3),2026-08-19 09:29:18.213000
2026-08-20,19:00,Leopardstown,19:00 LEOPARDSTOWN,Ben Hur,3,10,False,13,0.0,False,True,Front Runner (+3),2026-08-19 09:29:18.217000
2026-08-20,19:00,Leopardstown,19:00 LEOPARDSTOWN,Satono Chevalier,5,11,False,39,0.0,False,True,Front Runner (+3),2026-08-19 09:29:18.217000
2026-08-20,19:00,Leopardstown,19:00 LEOPARDSTOWN,Ehteyat,5,12,False,24,0.0,False,True,Front Runner (+3),2026-08-19 09:29:18.217000
2026-08-20,19:54,Newcastle,19:54 NEWCASTLE,Social Spirit,-2,1,True,21,0.0,True,False,Discipline Issue (dwelt/hung),2026-08-19 09:29:18.220000
2026-08-20,19:54,Newcastle,19:54 NEWCASTLE,Influencer Man,0,2,False,99,0.0,False,False,Standard Form,2026-08-19 09:29:18.220000
2026-08-20,19:54,Newcastle,19:54 NEWCASTLE,Star People,0,3,False,99,0.0,False,False,Standard Form,2026-08-19 09:29:18.223000
2026-08-20,19:54,Newcastle,19:54 NEWCASTLE,This Moment,0,4,False,99,0.0,False,False,Standard Form,2026-08-19 09:29:18.223000
2026-08-20,19:54,Newcastle,19:54 NEWCASTLE,Casino Star,2,5,False,99,0.0,False,False,Standard Form,2026-08-19 09:29:18.223000
2026-08-20,19:54,Newcastle,19:54 NEWCASTLE,May Bee In Profit,3,6,False,14,0.0,False,True,Front Runner (+3),2026-08-19 09:29:18.227000
2026-08-20,16:51,Newmarket,16:51 NEWMARKET,Society Girl,-2,1,True,24,0.0,True,False,Discipline Issue (dwelt/hung),2026-08-19 09:29:18.227000
2026-08-20,16:51,Newmarket,16:51 NEWMARKET,Jack Langley,-2,2,True,62,-2.6,False,False,Standard Form,2026-08-19 09:29:18.230000
2026-08-20,16:51,Newmarket,16:51 NEWMARKET,Traveling Man,0,3,False,20,0.0,False,False,Standard Form,2026-08-19 09:29:18.230000
2026-08-20,16:51,Newmarket,16:51 NEWMARKET,Sibling Rivelry,0,4,False,11,0.0,False,False,Standard Form,2026-08-19 09:29:18.233000
2026-08-20,16:51,Newmarket,16:51 NEWMARKET,Expressionless,0,5,False,7,0.0,True,False,"Discipline Issue (dwelt/hung), Quick Return (7d)",2026-08-19 09:29:18.237000
2026-08-20,15:20,Lingfield Park,15:20 LINGFIELD,Warrnambool,-4,1,True,9,1.4,False,False,Stride Decay (1.4m),2026-08-19 09:29:18.240000
2026-08-20,15:20,Lingfield Park,15:20 LINGFIELD,Muy Muy Loco,-4,2,True,19,0.0,True,False,Discipline Issue (dwelt/hung),2026-08-19 09:29:18.240000
2026-08-20,15:20,Lingfield Park,15:20 LINGFIELD,Nubough,-2,3,False,43,0.0,True,False,Discipline Issue (dwelt/hung),2026-08-19 09:29:18.240000
2026-08-20,15:20,Lingfield Park,15:20 LINGFIELD,Bajan Bandit,-1,4,False,16,2.2,False,True,"Stride Decay (2.2m), Front Runner (+3)",2026-08-19 09:29:18.243000
2026-08-20,15:20,Lingfield Park,15:20 LINGFIELD,Manton Road,-1,5,False,35,1.9,False,True,"Stride Decay (1.9m), Front Runner (+3)",2026-08-19 09:29:18.243000
2026-08-20,15:20,Lingfield Park,15:20 LINGFIELD,Onslow Gardens,-1,6,False,206,1.6,False,True,"Stride Decay (1.6m), Front Runner (+3)",2026-08-19 09:29:18.247000
2026-08-20,15:20,Lingfield Park,15:20 LINGFIELD,Dandy Khan,0,7,False,7,0.1,False,False,Quick Return (7d),2026-08-19 09:29:18.250000
2026-08-20,15:20,Lingfield Park,15:20 LINGFIELD,Whitesnake,0,8,False,245,0.0,False,False,Standard Form,2026-08-19 09:29:18.250000
2026-08-20,15:20,Lingfield Park,15:20 LINGFIELD,Withoutfurtherado,0,9,False,239,0.0,False,False,Standard Form,2026-08-19 09:29:18.253000
2026-08-20,15:20,Lingfield Park,15:20 LINGFIELD,Ocean Force,0,10,False,32,0.0,False,False,Standard Form,2026-08-19 09:29:18.260000
2026-08-20,15:20,Lingfield Park,15:20 LINGFIELD,Francisco,3,11,False,22,0.0,True,True,"Discipline Issue (dwelt/hung), Front Runner (+3)",2026-08-19 09:29:18.263000
2026-08-20,15:20,Lingfield Park,15:20 LINGFIELD,Mount Mogan,6,12,False,44,-1.4,False,True,Front Runner (+3),2026-08-19 09:29:18.267000
2026-08-20,16:35,Killarney,16:35 KILLARNEY,Camp Verde,0,1,False,99,0.0,False,False,Standard Form,2026-08-19 09:29:18.270000
2026-08-20,16:35,Killarney,16:35 KILLARNEY,Connor Of Mali,0,2,False,99,0.0,False,False,Standard Form,2026-08-19 09:29:18.270000
2026-08-20,16:35,Killarney,16:35 KILLARNEY,Manntari,0,3,False,99,0.0,False,False,Standard Form,2026-08-19 09:29:18.273000
2026-08-20,16:35,Killarney,16:35 KILLARNEY,Harmani,0,4,False,25,0.0,False,False,Standard Form,2026-08-19 09:29:18.277000
2026-08-20,16:35,Killarney,16:35 KILLARNEY,Sea Of Dubka,0,5,False,24,0.0,False,False,Standard Form,2026-08-19 09:29:18.277000
2026-08-20,16:35,Killarney,16:35 KILLARNEY,Another Day Done,1,6,False,79,0.0,True,True,"Discipline Issue (dwelt/hung), Front Runner (+3)",2026-08-19 09:29:18.280000
2026-08-20,16:35,Killarney,16:35 KILLARNEY,Guildhall Graduate,3,7,False,115,0.0,False,True,Front Runner (+3),2026-08-19 09:29:18.280000
2026-08-20,16:35,Killarney,16:35 KILLARNEY,Misty Cove,3,8,False,104,0.0,False,True,Front Runner (+3),2026-08-19 09:29:18.283000
2026-08-20,16:35,Killarney,16:35 KILLARNEY,Divelment,3,9,False,77,0.0,False,True,Front Runner (+3),2026-08-19 09:29:18.290000
2026-08-20,16:35,Killarney,16:35 KILLARNEY,Chairmanforlife,3,10,False,23,0.0,False,True,Front Runner (+3),2026-08-19 09:29:18.293000
2026-08-20,16:35,Killarney,16:35 KILLARNEY,Minella Buoy,3,11,False,12,0.0,False,True,Front Runner (+3),2026-08-19 09:29:18.297000
2026-08-20,16:30,Lingfield Park,16:30 LINGFIELD,Reality Queen,-4,1,True,52,1.0,False,False,Stride Decay (1.0m),2026-08-19 09:29:18.300000
2026-08-20,16:30,Lingfield Park,16:30 LINGFIELD,Dark Mandate,-4,2,True,16,0.0,True,False,Discipline Issue (dwelt/hung),2026-08-19 09:29:18.303000
2026-08-20,16:30,Lingfield Park,16:30 LINGFIELD,Lieutenant Sir,-2,3,False,4,0.4,False,False,"Stride Decay (0.4m), Quick Return (4d)",2026-08-19 09:29:18.307000
2026-08-20,16:30,Lingfield Park,16:30 LINGFIELD,Love Alive,-2,4,False,13,0.2,False,False,Stride Decay (0.2m),2026-08-19 09:29:18.310000
2026-08-20,16:30,Lingfield Park,16:30 LINGFIELD,Mister Moet,-2,5,False,7,0.0,True,False,"Discipline Issue (dwelt/hung), Quick Return (7d)",2026-08-19 09:29:18.310000
2026-08-20,16:30,Lingfield Park,16:30 LINGFIELD,Solar Phoenix,-2,6,False,21,-0.7,False,False,Standard Form,2026-08-19 09:29:18.313000
2026-08-20,16:30,Lingfield Park,16:30 LINGFIELD,Mayfair Market,0,7,False,217,0.0,False,False,Standard Form,2026-08-19 09:29:18.320000
2026-08-20,16:30,Lingfield Park,16:30 LINGFIELD,Pennine Way,1,8,False,189,0.0,True,True,"Discipline Issue (dwelt/hung), Front Runner (+3)",2026-08-19 09:29:18.323000
2026-08-20,16:30,Lingfield Park,16:30 LINGFIELD,Fuseboard,1,9,False,113,0.0,True,True,"Discipline Issue (dwelt/hung), Front Runner (+3)",2026-08-19 09:29:18.327000
2026-08-20,16:30,Lingfield Park,16:30 LINGFIELD,King Cherry,1,10,False,18,0.0,True,True,"Discipline Issue (dwelt/hung), Front Runner (+3)",2026-08-19 09:29:18.327000
2026-08-20,16:30,Lingfield Park,16:30 LINGFIELD,Apex Star,3,11,False,9,0.0,False,True,Front Runner (+3),2026-08-19 09:29:18.330000
2026-08-20,16:30,Lingfield Park,16:30 LINGFIELD,Royal County Glory,5,12,False,9,0.0,False,True,Front Runner (+3),2026-08-19 09:29:18.333000
2026-08-20,16:20,Newmarket,16:20 NEWMARKET,Cancan In The Rain,-1,1,True,49,2.1,False,True,"Stride Decay (2.1m), Front Runner (+3)",2026-08-19 09:29:18.337000
2026-08-20,16:20,Newmarket,16:20 NEWMARKET,Sunny Smile,-1,2,True,19,0.0,False,False,Standard Form,2026-08-19 09:29:18.340000
2026-08-20,16:20,Newmarket,16:20 NEWMARKET,Where's Freddy,0,3,False,196,0.0,False,False,Standard Form,2026-08-19 09:29:18.343000
2026-08-20,16:20,Newmarket,16:20 NEWMARKET,Sun Of Dolly,0,4,False,17,0.0,False,False,Standard Form,2026-08-19 09:29:18.347000
2026-08-20,16:20,Newmarket,16:20 NEWMARKET,Mr Writer,3,5,False,22,0.0,False,True,Front Runner (+3),2026-08-19 09:29:18.350000
2026-08-20,16:20,Newmarket,16:20 NEWMARKET,Dashing Dick,3,6,False,21,0.0,False,True,Front Runner (+3),2026-08-19 09:29:18.353000
2026-08-20,16:20,Newmarket,16:20 NEWMARKET,Here I Bow,3,7,False,11,0.0,False,True,Front Runner (+3),2026-08-19 09:29:18.357000
2026-08-20,16:20,Newmarket,16:20 NEWMARKET,Paladin,3,8,False,91,-0.2,False,False,Standard Form,2026-08-19 09:29:18.357000
2026-08-20,16:20,Newmarket,16:20 NEWMARKET,Piscean Star,4,9,False,26,0.0,False,True,Front Runner (+3),2026-08-19 09:29:18.360000
2026-08-20,16:20,Newmarket,16:20 NEWMARKET,Cherry Cobbler,5,10,False,21,0.0,False,True,Front Runner (+3),2026-08-19 09:29:18.363000
2026-08-20,19:30,Leopardstown,19:30 LEOPARDSTOWN,Aghadrum Boy,0,1,False,99,0.0,False,False,Standard Form,2026-08-19 09:29:18.367000
2026-08-20,19:30,Leopardstown,19:30 LEOPARDSTOWN,Aiteall,0,2,False,99,0.0,False,False,Standard Form,2026-08-19 09:29:18.370000
2026-08-20,19:30,Leopardstown,19:30 LEOPARDSTOWN,Eldorado Glory,0,3,False,99,0.0,False,False,Standard Form,2026-08-19 09:29:18.373000
2026-08-20,19:30,Leopardstown,19:30 LEOPARDSTOWN,Goddess Of War,0,4,False,99,0.0,False,False,Standard Form,2026-08-19 09:29:18.377000
2026-08-20,19:30,Leopardstown,19:30 LEOPARDSTOWN,Holy Lettuce,0,5,False,99,0.0,False,False,Standard Form,2026-08-19 09:29:18.380000
2026-08-20,19:30,Leopardstown,19:30 LEOPARDSTOWN,King Of Eze,0,6,False,99,0.0,False,False,Standard Form,2026-08-19 09:29:18.383000
2026-08-20,19:30,Leopardstown,19:30 LEOPARDSTOWN,Lonelyharbourwall,0,7,False,99,0.0,False,False,Standard Form,2026-08-19 09:29:18.387000
2026-08-20,19:30,Leopardstown,19:30 LEOPARDSTOWN,Mothel Abbey,0,8,False,99,0.0,False,False,Standard Form,2026-08-19 09:29:18.387000
2026-08-20,19:30,Leopardstown,19:30 LEOPARDSTOWN,My Shayla,0,9,False,99,0.0,False,False,Standard Form,2026-08-19 09:29:18.390000
2026-08-20,19:30,Leopardstown,19:30 LEOPARDSTOWN,Scorcher's Son,0,10,False,99,0.0,False,False,Standard Form,2026-08-19 09:29:18.393000
2026-08-20,19:30,Leopardstown,19:30 LEOPARDSTOWN,Time Whisperer,0,11,False,99,0.0,False,False,Standard Form,2026-08-19 09:29:18.393000
2026-08-20,19:30,Leopardstown,19:30 LEOPARDSTOWN,Uncle Goalie,0,12,False,99,0.0,False,False,Standard Form,2026-08-19 09:29:18.397000
2026-08-20,19:30,Leopardstown,19:30 LEOPARDSTOWN,Nottooshabby,0,13,False,31,0.0,False,False,Standard Form,2026-08-19 09:29:18.397000
2026-08-20,19:30,Leopardstown,19:30 LEOPARDSTOWN,Port Arthur,3,14,False,28,0.0,False,True,Front Runner (+3),2026-08-19 09:29:18.400000
2026-08-20,20:15,Killarney,20:15 KILLARNEY,Con Did It,0,1,False,99,0.0,False,False,Standard Form,2026-08-19 09:29:18.410000
2026-08-20,20:15,Killarney,20:15 KILLARNEY,Iron Sword,0,2,False,99,0.0,False,False,Standard Form,2026-08-19 09:29:18.413000
2026-08-20,20:15,Killarney,20:15 KILLARNEY,Killeedy,0,3,False,99,0.0,False,False,Standard Form,2026-08-19 09:29:18.427000
2026-08-20,20:15,Killarney,20:15 KILLARNEY,Rocky Alfonso,0,4,False,99,0.0,False,False,Standard Form,2026-08-19 09:29:18.430000
2026-08-20,20:15,Killarney,20:15 KILLARNEY,Stary Notions,0,5,False,99,0.0,False,False,Standard Form,2026-08-19 09:29:18.430000
2026-08-20,20:15,Killarney,20:15 KILLARNEY,The Last Line,0,6,False,99,0.0,False,False,Standard Form,2026-08-19 09:29:18.430000
2026-08-20,20:15,Killarney,20:15 KILLARNEY,Walkineezy,0,7,False,99,0.0,False,False,Standard Form,2026-08-19 09:29:18.433000
2026-08-20,20:15,Killarney,20:15 KILLARNEY,Streamhill,2,8,False,36,0.0,False,False,Standard Form,2026-08-19 09:29:18.437000
2026-08-20,20:15,Killarney,20:15 KILLARNEY,Suresuresure,5,9,False,29,0.0,False,True,Front Runner (+3),2026-08-19 09:29:18.447000
2026-08-20,18:13,Killarney,18:13 KILLARNEY,Where's My Jet,-2,1,True,48,0.0,True,False,Discipline Issue (dwelt/hung),2026-08-19 09:29:18.460000
2026-08-20,18:13,Killarney,18:13 KILLARNEY,Ballystone,0,2,False,270,0.0,False,False,Standard Form,2026-08-19 09:29:18.460000
2026-08-20,18:13,Killarney,18:13 KILLARNEY,Affinity Rock,0,3,False,12,0.0,False,False,Standard Form,2026-08-19 09:29:18.460000
2026-08-20,18:13,Killarney,18:13 KILLARNEY,Happy Me,2,4,False,81,0.0,False,False,Standard Form,2026-08-19 09:29:18.470000
2026-08-20,18:13,Killarney,18:13 KILLARNEY,Fort Dino,3,5,False,99,0.0,False,True,Front Runner (+3),2026-08-19 09:29:18.477000
2026-08-20,18:13,Killarney,18:13 KILLARNEY,Lemmy Caution,3,6,False,38,0.0,False,True,Front Runner (+3),2026-08-19 09:29:18.487000
2026-08-20,18:13,Killarney,18:13 KILLARNEY,Heroes Rise,3,7,False,21,0.0,False,True,Front Runner (+3),2026-08-19 09:29:18.490000
2026-08-20,18:13,Killarney,18:13 KILLARNEY,Themanintheanorak,5,8,False,36,0.0,False,True,Front Runner (+3),2026-08-19 09:29:18.493000
2026-08-20,19:15,Killarney,19:15 KILLARNEY,Shannon Bank,0,1,False,195,0.0,False,False,Standard Form,2026-08-19 09:29:18.493000
2026-08-20,19:15,Killarney,19:15 KILLARNEY,Kings Jet,0,2,False,112,0.0,False,False,Standard Form,2026-08-19 09:29:18.497000
2026-08-20,19:15,Killarney,19:15 KILLARNEY,Ollie La Ba Ba,0,3,False,65,0.0,False,False,Standard Form,2026-08-19 09:29:18.500000
2026-08-20,19:15,Killarney,19:15 KILLARNEY,Seeitoldya,0,4,False,33,0.0,False,False,Standard Form,2026-08-19 09:29:18.500000
2026-08-20,19:15,Killarney,19:15 KILLARNEY,Tippin And Tappin,2,5,False,299,0.0,False,False,Standard Form,2026-08-19 09:29:18.503000
2026-08-20,19:15,Killarney,19:15 KILLARNEY,Gaelic Des Chastys,2,6,False,32,0.0,False,False,Standard Form,2026-08-19 09:29:18.510000
2026-08-20,19:15,Killarney,19:15 KILLARNEY,Ferdia,2,7,False,27,0.0,False,False,Standard Form,2026-08-19 09:29:18.517000
2026-08-20,19:15,Killarney,19:15 KILLARNEY,Toon Town,2,8,False,10,0.0,False,False,Standard Form,2026-08-19 09:29:18.517000
2026-08-20,19:15,Killarney,19:15 KILLARNEY,Miners Bridge,3,9,False,31,0.0,False,True,Front Runner (+3),2026-08-19 09:29:18.520000
2026-08-20,19:15,Killarney,19:15 KILLARNEY,Burru,5,10,False,190,0.0,False,True,Front Runner (+3),2026-08-19 09:29:18.520000
2026-08-20,19:15,Killarney,19:15 KILLARNEY,Illtakehimmyself,5,11,False,135,0.0,False,True,Front Runner (+3),2026-08-19 09:29:18.527000
2026-08-20,14:35,Newmarket,14:35 NEWMARKET,Mandolin Rain,-2,1,True,99,0.0,True,False,Discipline Issue (dwelt/hung),2026-08-19 09:29:18.530000
2026-08-20,14:35,Newmarket,14:35 NEWMARKET,Highland Girl,0,2,False,99,0.0,False,False,Standard Form,2026-08-19 09:29:18.530000
2026-08-20,14:35,Newmarket,14:35 NEWMARKET,Missouri Waltz,0,3,False,99,0.0,False,False,Standard Form,2026-08-19 09:29:18.533000
2026-08-20,14:35,Newmarket,14:35 NEWMARKET,Tie A Navyribbon,0,4,False,99,0.0,False,False,Standard Form,2026-08-19 09:29:18.540000
2026-08-20,14:35,Newmarket,14:35 NEWMARKET,Veloria,0,5,False,99,0.0,False,False,Standard Form,2026-08-19 09:29:18.543000
2026-08-20,14:35,Newmarket,14:35 NEWMARKET,Voyager One,0,6,False,99,0.0,False,False,Standard Form,2026-08-19 09:29:18.547000
2026-08-20,17:20,York,17:20 YORK,Starlight Lass,-2,1,True,99,0.0,True,False,Discipline Issue (dwelt/hung),2026-08-19 09:29:18.553000
2026-08-20,17:20,York,17:20 YORK,Zooella,-2,2,True,23,0.0,False,False,Standard Form,2026-08-19 09:29:18.560000
2026-08-20,17:20,York,17:20 YORK,Just Call Me Angel,-2,3,False,21,0.0,False,False,Standard Form,2026-08-19 09:29:18.563000
2026-08-20,17:20,York,17:20 YORK,Caim,0,4,False,38,1.5,False,True,"Stride Decay (1.5m), Front Runner (+3)",2026-08-19 09:29:18.570000
2026-08-20,17:20,York,17:20 YORK,Machadadorp,0,5,False,99,0.0,False,False,Standard Form,2026-08-19 09:29:18.570000
2026-08-20,17:20,York,17:20 YORK,Figjam,0,6,False,34,0.0,False,False,Standard Form,2026-08-19 09:29:18.573000
2026-08-20,17:20,York,17:20 YORK,Tryst,0,7,False,22,0.0,False,False,Standard Form,2026-08-19 09:29:18.577000
2026-08-20,17:20,York,17:20 YORK,Bellarchi,0,8,False,15,0.0,False,False,Standard Form,2026-08-19 09:29:18.587000
2026-08-20,17:20,York,17:20 YORK,Secret History,1,9,False,87,0.0,True,False,Discipline Issue (dwelt/hung),2026-08-19 09:29:18.590000
2026-08-20,17:20,York,17:20 YORK,Mubasimah,1,10,False,18,0.0,True,True,"Discipline Issue (dwelt/hung), Front Runner (+3)",2026-08-19 09:29:18.590000
2026-08-20,17:20,York,17:20 YORK,Bella Lyra,1,11,False,169,-1.3,False,True,Front Runner (+3),2026-08-19 09:29:18.593000
2026-08-20,17:20,York,17:20 YORK,Woohoo,2,12,False,18,0.0,False,False,Standard Form,2026-08-19 09:29:18.597000
2026-08-20,17:20,York,17:20 YORK,Oolong Poobong,3,13,False,330,0.0,False,True,Front Runner (+3),2026-08-19 09:29:18.603000
2026-08-20,17:20,York,17:20 YORK,Carnival Of Light,3,14,False,99,0.0,False,True,Front Runner (+3),2026-08-19 09:29:18.607000
2026-08-20,17:20,York,17:20 YORK,Starfinch,3,15,False,63,0.0,False,True,Front Runner (+3),2026-08-19 09:29:18.610000
2026-08-20,17:20,York,17:20 YORK,Perfect Part,3,16,False,34,0.0,False,True,Front Runner (+3),2026-08-19 09:29:18.613000
2026-08-20,17:20,York,17:20 YORK,Cotai Belle,3,17,False,31,0.0,False,True,Front Runner (+3),2026-08-19 09:29:18.613000
2026-08-20,17:20,York,17:20 YORK,Royal Velvet,3,18,False,23,0.0,False,True,Front Runner (+3),2026-08-19 09:29:18.617000
2026-08-20,17:20,York,17:20 YORK,Albaydaa,3,19,False,22,0.0,False,True,Front Runner (+3),2026-08-19 09:29:18.620000
2026-08-20,17:20,York,17:20 YORK,Beaujolais Nouveau,3,20,False,17,0.0,False,True,Front Runner (+3),2026-08-19 09:29:18.623000
2026-08-20,17:20,York,17:20 YORK,Lam Yai,4,21,False,35,0.7,False,True,"Stride Decay (0.7m), Front Runner (+3)",2026-08-19 09:29:18.623000
2026-08-20,16:56,Leopardstown,16:56 LEOPARDSTOWN,Villaray,-2,1,True,99,0.0,True,False,Discipline Issue (dwelt/hung),2026-08-19 09:29:18.627000
2026-08-20,16:56,Leopardstown,16:56 LEOPARDSTOWN,Bougie Gals,0,2,False,99,0.0,False,False,Standard Form,2026-08-19 09:29:18.630000
2026-08-20,16:56,Leopardstown,16:56 LEOPARDSTOWN,Brooq,0,3,False,99,0.0,False,False,Standard Form,2026-08-19 09:29:18.633000
2026-08-20,16:56,Leopardstown,16:56 LEOPARDSTOWN,Ever My Treasure,0,4,False,99,0.0,False,False,Standard Form,2026-08-19 09:29:18.633000
2026-08-20,16:56,Leopardstown,16:56 LEOPARDSTOWN,Fair Say,0,5,False,99,0.0,False,False,Standard Form,2026-08-19 09:29:18.637000
2026-08-20,16:56,Leopardstown,16:56 LEOPARDSTOWN,Katty,0,6,False,99,0.0,False,False,Standard Form,2026-08-19 09:29:18.640000
2026-08-20,16:56,Leopardstown,16:56 LEOPARDSTOWN,Little Darling,0,7,False,99,0.0,False,False,Standard Form,2026-08-19 09:29:18.640000
2026-08-20,16:56,Leopardstown,16:56 LEOPARDSTOWN,Long Haired Lady,0,8,False,99,0.0,False,False,Standard Form,2026-08-19 09:29:18.643000
2026-08-20,16:56,Leopardstown,16:56 LEOPARDSTOWN,Miss Hong Kong,0,9,False,99,0.0,False,False,Standard Form,2026-08-19 09:29:18.643000
2026-08-20,16:56,Leopardstown,16:56 LEOPARDSTOWN,Native Jewel,0,10,False,99,0.0,False,False,Standard Form,2026-08-19 09:29:18.647000
2026-08-20,16:56,Leopardstown,16:56 LEOPARDSTOWN,So Lovely,0,11,False,99,0.0,False,False,Standard Form,2026-08-19 09:29:18.647000
2026-08-20,16:56,Leopardstown,16:56 LEOPARDSTOWN,Voice Of You,0,12,False,99,0.0,False,False,Standard Form,2026-08-19 09:29:18.650000
2026-08-20,16:56,Leopardstown,16:56 LEOPARDSTOWN,Voyage Of Survival,0,13,False,99,0.0,False,False,Standard Form,2026-08-19 09:29:18.650000
2026-08-20,16:56,Leopardstown,16:56 LEOPARDSTOWN,Zenith Blaze,0,14,False,99,0.0,False,False,Standard Form,2026-08-19 09:29:18.650000
2026-08-20,16:56,Leopardstown,16:56 LEOPARDSTOWN,Isle Of Capri,0,15,False,58,0.0,False,False,Standard Form,2026-08-19 09:29:18.653000
2026-08-20,14:45,Lingfield Park,14:45 LINGFIELD,Appassionata,0,1,False,99,0.0,False,False,Standard Form,2026-08-19 09:29:18.657000
2026-08-20,14:45,Lingfield Park,14:45 LINGFIELD,Berkshire Regal,0,2,False,99,0.0,False,False,Standard Form,2026-08-19 09:29:18.660000
2026-08-20,14:45,Lingfield Park,14:45 LINGFIELD,Blueabad,0,3,False,99,0.0,False,False,Standard Form,2026-08-19 09:29:18.660000
2026-08-20,14:45,Lingfield Park,14:45 LINGFIELD,Dust My Broom,0,4,False,99,0.0,False,False,Standard Form,2026-08-19 09:29:18.663000
2026-08-20,14:45,Lingfield Park,14:45 LINGFIELD,Minsmere,0,5,False,99,0.0,False,False,Standard Form,2026-08-19 09:29:18.663000
2026-08-20,14:45,Lingfield Park,14:45 LINGFIELD,One Number,0,6,False,99,0.0,False,False,Standard Form,2026-08-19 09:29:18.667000
2026-08-20,14:45,Lingfield Park,14:45 LINGFIELD,Yellow Vision,0,7,False,99,0.0,False,False,Standard Form,2026-08-19 09:29:18.670000
2026-08-20,14:45,Lingfield Park,14:45 LINGFIELD,Royal Acclamation,3,8,False,31,0.0,False,True,Front Runner (+3),2026-08-19 09:29:18.670000
2026-08-20,14:00,Newmarket,14:00 NEWMARKET,Elpeeare,0,1,False,99,0.0,False,False,Standard Form,2026-08-19 09:29:18.673000
2026-08-20,14:00,Newmarket,14:00 NEWMARKET,Grey Tamam,0,2,False,99,0.0,False,False,Standard Form,2026-08-19 09:29:18.677000
2026-08-20,14:00,Newmarket,14:00 NEWMARKET,Minkaas,0,3,False,99,0.0,False,False,Standard Form,2026-08-19 09:29:18.677000
2026-08-20,14:00,Newmarket,14:00 NEWMARKET,Plastic Dream,0,4,False,99,0.0,False,False,Standard Form,2026-08-19 09:29:18.680000
2026-08-20,14:00,Newmarket,14:00 NEWMARKET,Scoot Away,0,5,False,99,0.0,False,False,Standard Form,2026-08-19 09:29:18.683000
2026-08-20,14:00,Newmarket,14:00 NEWMARKET,Zephyra,0,6,False,99,0.0,False,False,Standard Form,2026-08-19 09:29:18.683000
2026-08-20,19:24,Newcastle,19:24 NEWCASTLE,Texting,-2,1,True,19,-22.6,False,False,Standard Form,2026-08-19 09:29:18.683000
2026-08-20,19:24,Newcastle,19:24 NEWCASTLE,All I Know,0,2,False,99,0.0,False,False,Standard Form,2026-08-19 09:29:18.683000
2026-08-20,19:24,Newcastle,19:24 NEWCASTLE,Angel In My Heart,0,3,False,99,0.0,False,False,Standard Form,2026-08-19 09:29:18.687000
2026-08-20,19:24,Newcastle,19:24 NEWCASTLE,Noccalula Falls,0,4,False,99,0.0,False,False,Standard Form,2026-08-19 09:29:18.690000
2026-08-20,19:24,Newcastle,19:24 NEWCASTLE,One Shot Kodi,0,5,False,99,0.0,False,False,Standard Form,2026-08-19 09:29:18.690000
2026-08-20,19:24,Newcastle,19:24 NEWCASTLE,Ortanique,0,6,False,99,0.0,False,False,Standard Form,2026-08-19 09:29:18.693000
2026-08-20,19:24,Newcastle,19:24 NEWCASTLE,Rubyroo,0,7,False,99,0.0,False,False,Standard Form,2026-08-19 09:29:18.697000
2026-08-20,19:24,Newcastle,19:24 NEWCASTLE,Spirited Gesture,0,8,False,99,0.0,False,False,Standard Form,2026-08-19 09:29:18.700000
2026-08-20,17:01,Lingfield Park,17:01 LINGFIELD,La Belle Forest,-3,1,True,27,1.4,True,True,"Discipline Issue (dwelt/hung), Stride Decay (1.4m), Front Runner (+3)",2026-08-19 09:29:18.700000
2026-08-20,17:01,Lingfield Park,17:01 LINGFIELD,Little Jaybee,0,2,False,20,0.0,False,False,Standard Form,2026-08-19 09:29:18.703000
2026-08-20,17:01,Lingfield Park,17:01 LINGFIELD,Whizzy Dizzy,1,3,False,38,0.3,False,True,"Stride Decay (0.3m), Front Runner (+3)",2026-08-19 09:29:18.707000
2026-08-20,17:01,Lingfield Park,17:01 LINGFIELD,Fiorella Princess,1,4,False,13,0.0,False,True,Front Runner (+3),2026-08-19 09:29:18.710000
2026-08-20,17:01,Lingfield Park,17:01 LINGFIELD,Sea Her Excel,3,5,False,212,0.0,False,True,Front Runner (+3),2026-08-19 09:29:18.710000
2026-08-20,17:01,Lingfield Park,17:01 LINGFIELD,Independent Expert,3,6,False,28,0.0,False,True,Front Runner (+3),2026-08-19 09:29:18.713000
2026-08-20,17:01,Lingfield Park,17:01 LINGFIELD,Queen Sana,3,7,False,8,0.0,False,True,Front Runner (+3),2026-08-19 09:29:18.717000
2026-08-20,17:01,Lingfield Park,17:01 LINGFIELD,Over Spiced,5,8,False,7,0.0,False,True,"Front Runner (+3), Quick Return (7d)",2026-08-19 09:29:18.717000
2026-08-20,17:27,Leopardstown,17:27 LEOPARDSTOWN,Banks Of The Boyne,0,1,False,99,0.0,False,False,Standard Form,2026-08-19 09:29:18.720000
2026-08-20,17:27,Leopardstown,17:27 LEOPARDSTOWN,Battle Ready,0,2,False,99,0.0,False,False,Standard Form,2026-08-19 09:29:18.723000
2026-08-20,17:27,Leopardstown,17:27 LEOPARDSTOWN,Blitogue,0,3,False,99,0.0,False,False,Standard Form,2026-08-19 09:29:18.727000
2026-08-20,17:27,Leopardstown,17:27 LEOPARDSTOWN,Buck Jones,0,4,False,99,0.0,False,False,Standard Form,2026-08-19 09:29:18.727000
2026-08-20,17:27,Leopardstown,17:27 LEOPARDSTOWN,Dear Theodosia,0,5,False,99,0.0,False,False,Standard Form,2026-08-19 09:29:18.730000
2026-08-20,17:27,Leopardstown,17:27 LEOPARDSTOWN,Essence Of Time,0,6,False,99,0.0,False,False,Standard Form,2026-08-19 09:29:18.733000
2026-08-20,17:27,Leopardstown,17:27 LEOPARDSTOWN,Kilconnell,0,7,False,99,0.0,False,False,Standard Form,2026-08-19 09:29:18.733000
2026-08-20,17:27,Leopardstown,17:27 LEOPARDSTOWN,Letmeentertainyou,0,8,False,99,0.0,False,False,Standard Form,2026-08-19 09:29:18.737000
2026-08-20,17:27,Leopardstown,17:27 LEOPARDSTOWN,Lucy's Promise,0,9,False,99,0.0,False,False,Standard Form,2026-08-19 09:29:18.737000
2026-08-20,17:27,Leopardstown,17:27 LEOPARDSTOWN,Romance,0,10,False,99,0.0,False,False,Standard Form,2026-08-19 09:29:18.737000
2026-08-20,17:27,Leopardstown,17:27 LEOPARDSTOWN,Sovreigns Joy,0,11,False,99,0.0,False,False,Standard Form,2026-08-19 09:29:18.740000
2026-08-20,17:27,Leopardstown,17:27 LEOPARDSTOWN,Spanish View,0,12,False,99,0.0,False,False,Standard Form,2026-08-19 09:29:18.740000
2026-08-20,17:27,Leopardstown,17:27 LEOPARDSTOWN,Summer Sent You,0,13,False,99,0.0,False,False,Standard Form,2026-08-19 09:29:18.740000
2026-08-20,17:27,Leopardstown,17:27 LEOPARDSTOWN,The Green Helmet,0,14,False,99,0.0,False,False,Standard Form,2026-08-19 09:29:18.743000
2026-08-20,17:27,Leopardstown,17:27 LEOPARDSTOWN,Togetherwearefree,0,15,False,99,0.0,False,False,Standard Form,2026-08-19 09:29:18.743000
2026-08-20,17:27,Leopardstown,17:27 LEOPARDSTOWN,Melchizedek,2,16,False,49,0.0,False,False,Standard Form,2026-08-19 09:29:18.743000
2026-08-20,18:19,Newcastle,18:19 NEWCASTLE,Wave Power,-4,1,True,202,1.1,False,False,Stride Decay (1.1m),2026-08-19 09:29:18.747000
2026-08-20,18:19,Newcastle,18:19 NEWCASTLE,Niffler,-4,2,True,12,-0.5,True,False,Discipline Issue (dwelt/hung),2026-08-19 09:29:18.750000
2026-08-20,18:19,Newcastle,18:19 NEWCASTLE,Brunello Breeze,-4,3,False,46,-23.0,True,False,Discipline Issue (dwelt/hung),2026-08-19 09:29:18.753000
2026-08-20,18:19,Newcastle,18:19 NEWCASTLE,Romeo's Guardian,-2,4,False,14,0.0,False,False,Standard Form,2026-08-19 09:29:18.753000
2026-08-20,18:19,Newcastle,18:19 NEWCASTLE,Fleur De Mer,-1,5,False,55,0.0,False,False,Standard Form,2026-08-19 09:29:18.753000
2026-08-20,18:19,Newcastle,18:19 NEWCASTLE,Jedhi Knight,0,6,False,33,0.0,False,False,Standard Form,2026-08-19 09:29:18.753000
2026-08-20,18:19,Newcastle,18:19 NEWCASTLE,Star Of Markinch,0,7,False,22,0.0,False,False,Standard Form,2026-08-19 09:29:18.753000
2026-08-20,18:19,Newcastle,18:19 NEWCASTLE,Carwyn,0,8,False,15,0.0,False,False,Standard Form,2026-08-19 09:29:18.757000
2026-08-20,18:19,Newcastle,18:19 NEWCASTLE,Forever Perfect,0,9,False,11,0.0,False,False,Standard Form,2026-08-19 09:29:18.760000
2026-08-20,18:19,Newcastle,18:19 NEWCASTLE,Galahad Threepwood,1,10,False,26,0.0,False,True,Front Runner (+3),2026-08-19 09:29:18.760000
2026-08-20,18:19,Newcastle,18:19 NEWCASTLE,Hickton,2,11,False,15,0.0,False,False,Standard Form,2026-08-19 09:29:18.760000
2026-08-20,18:19,Newcastle,18:19 NEWCASTLE,Muhib,2,12,False,11,0.0,False,False,Standard Form,2026-08-19 09:29:18.763000
2026-08-20,18:19,Newcastle,18:19 NEWCASTLE,Gemical,3,13,False,17,0.0,False,True,Front Runner (+3),2026-08-19 09:29:18.767000
2026-08-20,18:19,Newcastle,18:19 NEWCASTLE,Billy Bathgate,3,14,False,20,-0.4,False,False,Standard Form,2026-08-19 09:29:18.770000
2026-08-20,17:43,Killarney,17:43 KILLARNEY,Local News,0,1,False,99,0.0,False,False,Standard Form,2026-08-19 09:29:18.770000
2026-08-20,17:43,Killarney,17:43 KILLARNEY,Brother Walfrid,3,2,False,99,0.0,False,True,Front Runner (+3),2026-08-19 09:29:18.773000
2026-08-20,17:43,Killarney,17:43 KILLARNEY,Loch Cuan,3,3,False,89,0.0,False,True,Front Runner (+3),2026-08-19 09:29:18.777000
2026-08-20,17:43,Killarney,17:43 KILLARNEY,Diamond Du Berlais,3,4,False,49,0.0,False,True,Front Runner (+3),2026-08-19 09:29:18.777000
2026-08-20,17:43,Killarney,17:43 KILLARNEY,Don Jefe,5,5,False,61,0.0,False,True,Front Runner (+3),2026-08-19 09:29:18.780000
2026-08-20,17:43,Killarney,17:43 KILLARNEY,Pets Georgina,5,6,False,24,0.0,False,True,Front Runner (+3),2026-08-19 09:29:18.780000
2026-08-20,14:10,Lingfield Park,14:10 LINGFIELD,Adelaides Turn,0,1,False,99,0.0,False,False,Standard Form,2026-08-19 09:29:18.783000
2026-08-20,14:10,Lingfield Park,14:10 LINGFIELD,Birkacre Brow,0,2,False,99,0.0,False,False,Standard Form,2026-08-19 09:29:18.787000
2026-08-20,14:10,Lingfield Park,14:10 LINGFIELD,Black Treasure,0,3,False,99,0.0,False,False,Standard Form,2026-08-19 09:29:18.790000
2026-08-20,14:10,Lingfield Park,14:10 LINGFIELD,Fancied Angel,0,4,False,99,0.0,False,False,Standard Form,2026-08-19 09:29:18.790000
2026-08-20,14:10,Lingfield Park,14:10 LINGFIELD,Glamorous Wild,0,5,False,99,0.0,False,False,Standard Form,2026-08-19 09:29:18.790000
2026-08-20,14:10,Lingfield Park,14:10 LINGFIELD,Leading Raya,0,6,False,99,0.0,False,False,Standard Form,2026-08-19 09:29:18.790000
2026-08-20,14:10,Lingfield Park,14:10 LINGFIELD,Sacred Rhythm,0,7,False,99,0.0,False,False,Standard Form,2026-08-19 09:29:18.790000
2026-08-20,14:10,Lingfield Park,14:10 LINGFIELD,Last Dandelion,3,8,False,15,0.0,False,True,Front Runner (+3),2026-08-19 09:29:18.793000
2026-08-20,14:10,Lingfield Park,14:10 LINGFIELD,Inglewood,5,9,False,36,0.0,False,True,Front Runner (+3),2026-08-19 09:29:18.797000
2026-08-20,19:45,Killarney,19:45 KILLARNEY,Stuntman Steve,-2,1,True,27,0.0,False,False,Standard Form,2026-08-19 09:29:18.800000
2026-08-20,19:45,Killarney,19:45 KILLARNEY,Beauforts Storm,0,2,False,25,0.0,False,False,Standard Form,2026-08-19 09:29:18.800000
2026-08-20,19:45,Killarney,19:45 KILLARNEY,Ballybrittas,0,3,False,17,0.0,False,False,Standard Form,2026-08-19 09:29:18.803000
2026-08-20,19:45,Killarney,19:45 KILLARNEY,Crowsatedappletart,2,4,False,21,0.0,False,False,Standard Form,2026-08-19 09:29:18.807000
2026-08-20,19:45,Killarney,19:45 KILLARNEY,Piccolo Player,2,5,False,8,0.0,False,False,Standard Form,2026-08-19 09:29:18.810000
2026-08-20,19:45,Killarney,19:45 KILLARNEY,Costacurta,3,6,False,30,0.0,False,True,Front Runner (+3),2026-08-19 09:29:18.810000
2026-08-20,19:45,Killarney,19:45 KILLARNEY,Femme Magnifique,3,7,False,23,0.0,False,True,Front Runner (+3),2026-08-19 09:29:18.813000
2026-08-20,19:45,Killarney,19:45 KILLARNEY,Kilbrin Rocco,3,8,False,18,0.0,False,True,Front Runner (+3),2026-08-19 09:29:18.817000
2026-08-20,19:45,Killarney,19:45 KILLARNEY,War Correspondent,5,9,False,17,0.0,False,True,Front Runner (+3),2026-08-19 09:29:18.820000
2026-08-20,18:30,Leopardstown,18:30 LEOPARDSTOWN,Keepsgettingbetter,0,1,False,30,0.0,False,False,Standard Form,2026-08-19 09:29:18.823000
2026-08-20,18:30,Leopardstown,18:30 LEOPARDSTOWN,Teologia,0,2,False,13,0.0,False,False,Standard Form,2026-08-19 09:29:18.823000
2026-08-20,18:30,Leopardstown,18:30 LEOPARDSTOWN,Cannes,1,3,False,25,0.0,True,True,"Discipline Issue (dwelt/hung), Front Runner (+3)",2026-08-19 09:29:18.827000
2026-08-20,18:30,Leopardstown,18:30 LEOPARDSTOWN,Wyman,3,4,False,225,0.0,False,True,Front Runner (+3),2026-08-19 09:29:18.830000
2026-08-20,18:30,Leopardstown,18:30 LEOPARDSTOWN,Abbotsford,3,5,False,149,0.0,False,True,Front Runner (+3),2026-08-19 09:29:18.833000
2026-08-20,18:30,Leopardstown,18:30 LEOPARDSTOWN,Piazza San Marco,3,6,False,39,0.0,False,True,Front Runner (+3),2026-08-19 09:29:18.837000
2026-08-20,18:30,Leopardstown,18:30 LEOPARDSTOWN,Madbadanddangerous,3,7,False,34,0.0,False,True,Front Runner (+3),2026-08-19 09:29:18.840000
2026-08-20,18:30,Leopardstown,18:30 LEOPARDSTOWN,Trojan Fighter,3,8,False,8,0.0,False,True,Front Runner (+3),2026-08-19 09:29:18.840000
2026-08-20,18:30,Leopardstown,18:30 LEOPARDSTOWN,Highwayman,3,9,False,9,-20.2,False,True,Front Runner (+3),2026-08-19 09:29:18.843000
