date,rule,race,horse,sp,pos,field,handicap
2026-06-20,Analyst Verdict Pick,13:24 Newmarket,Timely Affair,5.0,3.0,11,True
2026-06-20,Control: favourite,13:24 Newmarket,Timely Affair,5.0,3.0,11,True
2026-06-20,Analyst Verdict Pick,13:42 Redcar,Harley,4.0,3.0,10,False
2026-06-20,Control: favourite,13:42 Redcar,Furturra,1.8,1.0,10,False
2026-06-20,Analyst Verdict Pick,13:48 Ayr,Statten Island,2.5,4.0,6,False
2026-06-20,Control: favourite,13:48 Ayr,Thebesthasyetocome,2.38,1.0,6,False
2026-06-20,Analyst Verdict Pick,14:00 Newmarket,Al Hudaiba,1.22,1.0,5,False
2026-06-20,Control: favourite,14:00 Newmarket,Al Hudaiba,1.22,1.0,5,False
2026-06-20,Analyst Verdict Pick,14:06 Down Royal,Vauntingly,2.63,2.0,12,False
2026-06-20,Control: favourite,14:06 Down Royal,Wickedly Wootton,2.5,4.0,12,False
2026-06-20,Analyst Verdict Pick,14:12 Redcar,Rock Steady Beat,5.0,3.0,6,False
2026-06-20,Control: favourite,14:12 Redcar,Undercover Affair,2.5,2.0,6,False
2026-06-20,Analyst Verdict Pick,14:18 Ayr,Ski Angel,2.2,3.0,11,True
2026-06-20,Control: favourite,14:18 Ayr,Ski Angel,2.2,3.0,11,True
2026-06-20,Analyst Verdict Pick,14:30 Ascot,Carry The Flag,3.5,9.0,21,False
2026-06-20,Control: favourite,14:30 Ascot,Carry The Flag,3.5,9.0,21,False
2026-06-20,Analyst Verdict Pick,14:36 Newmarket,Alfaraz,2.88,1.0,6,False
2026-06-20,Control: favourite,14:36 Newmarket,Cockade,1.62,3.0,6,False
2026-06-20,Analyst Verdict Pick,14:41 Down Royal,Connecteo,3.5,4.0,13,True
2026-06-20,Control: favourite,14:41 Down Royal,Connecteo,3.5,4.0,13,True
2026-06-20,Analyst Verdict Pick,14:47 Redcar,Rubellite,5.0,4.0,7,True
2026-06-20,Control: favourite,14:47 Redcar,Tazaman,2.25,2.0,7,True
2026-06-20,Analyst Verdict Pick,14:53 Ayr,Humble Spark,9.0,9.0,12,True
2026-06-20,Control: favourite,14:53 Ayr,Divine Knight,3.25,3.0,12,True
2026-06-20,Analyst Verdict Pick,15:05 Ascot,Kalpana,3.25,2.0,12,False
2026-06-20,Control: favourite,15:05 Ascot,Kalpana,3.25,2.0,12,False
2026-06-20,Analyst Verdict Pick,15:11 Newmarket,Bintola,3.25,5.0,9,True
2026-06-20,Control: favourite,15:11 Newmarket,Bintola,3.25,5.0,9,True
2026-06-20,Analyst Verdict Pick,15:16 Down Royal,Slaney Swagger,10.0,10.0,16,True
2026-06-20,Control: favourite,15:16 Down Royal,Coul Dore,4.33,9.0,16,True
2026-06-20,Analyst Verdict Pick,15:22 Redcar,Schrodinger's Cat,1.91,1.0,6,True
2026-06-20,Control: favourite,15:22 Redcar,Schrodinger's Cat,1.91,1.0,6,True
2026-06-20,Analyst Verdict Pick,15:28 Ayr,Lanarra,,,12,False
2026-06-20,Control: favourite,15:28 Ayr,Lope Y Linda,2.1,1.0,12,False
2026-06-20,Analyst Verdict Pick,15:40 Ascot,Satono Reve,3.5,2.0,19,False
2026-06-20,Control: favourite,15:40 Ascot,Joliestar,2.88,3.0,19,False
2026-06-20,Analyst Verdict Pick,15:47 Newmarket,Dojin,6.5,2.0,5,True
2026-06-20,Control: favourite,15:47 Newmarket,Sixpack,2.2,1.0,5,True
2026-06-20,Analyst Verdict Pick,15:53 Down Royal,Chablis Rock,3.25,5.0,12,True
2026-06-20,Control: favourite,15:53 Down Royal,Chablis Rock,3.25,5.0,12,True
2026-06-20,Analyst Verdict Pick,16:00 Redcar,Adrestia,10.0,8.0,10,True
2026-06-20,Control: favourite,16:00 Redcar,Far Above The Law,3.25,5.0,10,True
2026-06-20,Analyst Verdict Pick,16:08 Ayr,Beautiful Diamond,2.38,3.0,15,False
2026-06-20,Control: favourite,16:08 Ayr,Beautiful Diamond,2.38,3.0,15,False
2026-06-20,Analyst Verdict Pick,16:20 Ascot,Saber Strike,2.1,6.0,17,False
2026-06-20,Control: favourite,16:20 Ascot,Saber Strike,2.1,6.0,17,False
2026-06-20,Analyst Verdict Pick,16:27 Newmarket,Mortubo,4.33,2.0,9,True
2026-06-20,Control: favourite,16:27 Newmarket,Mortubo,4.33,2.0,9,True
2026-06-20,Analyst Verdict Pick,16:33 Down Royal,Mergus Serrator,4.5,5.0,10,True
2026-06-20,Control: favourite,16:33 Down Royal,Harmani,4.5,7.0,10,True
2026-06-20,Analyst Verdict Pick,16:40 Redcar,Auspicious,4.33,10.0,11,True
2026-06-20,Control: favourite,16:40 Redcar,Hares Bredth,2.88,1.0,11,True
2026-06-20,Analyst Verdict Pick,16:48 Ayr,Milford Grange,2.75,2.0,10,True
2026-06-20,Control: favourite,16:48 Ayr,Milford Grange,2.75,2.0,10,True
2026-06-20,Analyst Verdict Pick,17:00 Ascot,Realign,13.0,8.0,28,True
2026-06-20,Analyst Each-Way,17:00 Ascot,Completely Random,13.0,2.0,28,True
2026-06-20,Control: favourite,17:00 Ascot,Binhareer,5.0,6.0,28,True
2026-06-20,Analyst Verdict Pick,17:07 Newmarket,Diomed Duke,5.5,5.0,7,True
2026-06-20,Control: favourite,17:07 Newmarket,Good Earth,3.0,2.0,7,True
2026-06-20,Analyst Verdict Pick,17:13 Down Royal,Pebble Island,4.5,4.0,17,True
2026-06-20,Control: favourite,17:13 Down Royal,Patrick Street,4.5,5.0,17,True
2026-06-20,Analyst Verdict Pick,17:18 Redcar,Chuzzlewit,,,15,True
2026-06-20,Control: favourite,17:18 Redcar,Yafaarr,5.0,1.0,15,True
2026-06-20,Analyst Verdict Pick,17:23 Ayr,Parisiac,7.0,2.0,14,True
2026-06-20,Control: favourite,17:23 Ayr,Eternal Sunshine,4.33,4.0,14,True
2026-06-20,Analyst Verdict Pick,17:35 Ascot,Sahara King,7.0,10.0,17,True
2026-06-20,Control: favourite,17:35 Ascot,Lost Boys,3.0,1.0,17,True
2026-06-20,Analyst Verdict Pick,17:43 Down Royal,Joe Cool,3.75,4.0,11,False
2026-06-20,Control: favourite,17:43 Down Royal,Duvessa,2.5,3.0,11,False
2026-06-20,Analyst Verdict Pick,17:48 Doncaster,Aminaty,12.0,10.0,14,False
2026-06-20,Control: favourite,17:48 Doncaster,Cash Cove,4.0,1.0,14,False
2026-06-20,Analyst Verdict Pick,17:55 Nottingham,Cyrano De Bergerac,1.25,1.0,3,False
2026-06-20,Control: favourite,17:55 Nottingham,Cyrano De Bergerac,1.25,1.0,3,False
2026-06-20,Analyst Verdict Pick,18:10 Ascot,Le Destrier,3.75,5.0,13,False
2026-06-20,Control: favourite,18:10 Ascot,Illinois,2.75,1.0,13,False
2026-06-20,Analyst Verdict Pick,18:20 Doncaster,Seven Sisters,2.0,1.0,4,False
2026-06-20,Control: favourite,18:20 Doncaster,Seven Sisters,2.0,1.0,4,False
2026-06-20,Analyst Verdict Pick,18:35 Nottingham,Leadenhall,2.1,1.0,5,True
2026-06-20,Control: favourite,18:35 Nottingham,Leadenhall,2.1,1.0,5,True
2026-06-20,Analyst Verdict Pick,18:55 Doncaster,Toastmaster,3.0,1.0,13,True
2026-06-20,Control: favourite,18:55 Doncaster,Toastmaster,3.0,1.0,13,True
2026-06-20,Analyst Verdict Pick,19:10 Nottingham,Spoken Truth,3.0,2.0,8,True
2026-06-20,Control: favourite,19:10 Nottingham,Spoken Truth,3.0,2.0,8,True
2026-06-20,Analyst Verdict Pick,19:30 Doncaster,Master Richard,17.0,3.0,11,True
2026-06-20,Control: favourite,19:30 Doncaster,Leadman,4.5,1.0,11,True
2026-06-20,Analyst Verdict Pick,19:45 Nottingham,Desert Treasure,,,7,True
2026-06-20,Control: favourite,19:45 Nottingham,Sugar Hill Babe,3.75,6.0,7,True
2026-06-20,Analyst Verdict Pick,20:00 Doncaster,Ran Amok,3.75,3.0,10,True
2026-06-20,Control: favourite,20:00 Doncaster,Ran Amok,3.75,3.0,10,True
2026-06-20,Analyst Verdict Pick,20:15 Nottingham,Ingleby Archie,3.5,1.0,6,True
2026-06-20,Control: favourite,20:15 Nottingham,Winchurch,3.25,4.0,6,True
2026-06-20,Analyst Verdict Pick,20:30 Doncaster,Oasis Sunrise,2.88,4.0,7,True
2026-06-20,Control: favourite,20:30 Doncaster,Oasis Sunrise,2.88,4.0,7,True
2026-06-20,Analyst Verdict Pick,20:45 Nottingham,Kalokalo,1.8,2.0,5,True
2026-06-20,Control: favourite,20:45 Nottingham,Kalokalo,1.8,2.0,5,True
2026-06-20,Analyst Verdict Pick,21:00 Doncaster,My Ballyquinn,2.25,2.0,6,True
2026-06-20,Control: favourite,21:00 Doncaster,My Ballyquinn,2.25,2.0,6,True
2026-06-21,Analyst Verdict Pick,13:35 Pontefract,Clash Of Hearts,1.53,1.0,6,False
2026-06-21,Control: favourite,13:35 Pontefract,Clash Of Hearts,1.53,1.0,6,False
2026-06-21,Analyst Verdict Pick,13:56 Brighton,Pentonville,2.0,1.0,6,True
2026-06-21,Control: favourite,13:56 Brighton,Pentonville,2.0,1.0,6,True
2026-06-21,Analyst Verdict Pick,14:05 Pontefract,Melissa Honey,2.75,2.0,12,True
2026-06-21,Control: favourite,14:05 Pontefract,Melissa Honey,2.75,2.0,12,True
2026-06-21,Analyst Verdict Pick,14:13 Hexham,Betteryouthanme,4.5,3.0,11,True
2026-06-21,Control: favourite,14:13 Hexham,Malangen,3.25,2.0,11,True
2026-06-21,Analyst Verdict Pick,14:26 Brighton,Court Alert,3.5,4.0,6,False
2026-06-21,Control: favourite,14:26 Brighton,Nevasca Cinza,1.67,2.0,6,False
2026-06-21,Analyst Verdict Pick,14:35 Pontefract,Lethal Nymph,3.0,2.0,10,True
2026-06-21,Control: favourite,14:35 Pontefract,Lethal Nymph,3.0,2.0,10,True
2026-06-21,Analyst Verdict Pick,14:43 Hexham,Loman Lady,1.22,6.0,11,False
2026-06-21,Control: favourite,14:43 Hexham,Loman Lady,1.22,6.0,11,False
2026-06-21,Analyst Verdict Pick,14:56 Brighton,Koko Blue,5.0,3.0,9,True
2026-06-21,Control: favourite,14:56 Brighton,Power Of Prayer,4.0,7.0,9,True
2026-06-21,Analyst Verdict Pick,15:05 Pontefract,Revoir,3.75,2.0,10,False
2026-06-21,Control: favourite,15:05 Pontefract,Orionis,3.0,7.0,10,False
2026-06-21,Analyst Verdict Pick,15:13 Hexham,Conquer The Breeze,2.88,1.0,7,True
2026-06-21,Control: favourite,15:13 Hexham,Conquer The Breeze,2.88,1.0,7,True
2026-06-21,Analyst Verdict Pick,15:26 Brighton,Rockafeller Skank,,,6,True
2026-06-21,Control: favourite,15:26 Brighton,Lucky Sevens,1.22,1.0,6,True
2026-06-21,Analyst Verdict Pick,15:35 Pontefract,Treasure Islands,,,6,True
2026-06-21,Control: favourite,15:35 Pontefract,Trojan Soldier,2.25,2.0,6,True
2026-06-21,Analyst Verdict Pick,15:43 Hexham,Perseus Way,1.8,2.0,5,True
2026-06-21,Control: favourite,15:43 Hexham,Perseus Way,1.8,2.0,5,True
2026-06-21,Analyst Verdict Pick,15:56 Brighton,The Wicked Wolf,4.5,6.0,9,True
2026-06-21,Control: favourite,15:56 Brighton,The Wicked Wolf,4.5,6.0,9,True
2026-06-21,Analyst Verdict Pick,16:05 Pontefract,Rock Opera,3.5,2.0,7,True
2026-06-21,Control: favourite,16:05 Pontefract,Mister Sox,3.5,3.0,7,True
2026-06-21,Analyst Verdict Pick,16:13 Hexham,Laffer Curve,3.25,,6,True
2026-06-21,Control: favourite,16:13 Hexham,Passengerontheship,1.73,1.0,6,True
2026-06-21,Analyst Verdict Pick,16:26 Brighton,Shes Got The Blues,2.0,1.0,13,False
2026-06-21,Control: favourite,16:26 Brighton,Shes Got The Blues,2.0,1.0,13,False
2026-06-21,Analyst Verdict Pick,16:35 Pontefract,Keep An Eye On It,,,8,True
2026-06-21,Control: favourite,16:35 Pontefract,Masaban,2.5,5.0,8,True
2026-06-21,Analyst Verdict Pick,16:43 Hexham,Miss Kassiopi,2.63,2.0,13,True
2026-06-21,Control: favourite,16:43 Hexham,Miss Kassiopi,2.63,2.0,13,True
2026-06-21,Analyst Verdict Pick,16:56 Brighton,Rogue Bullet,3.5,1.0,6,True
2026-06-21,Control: favourite,16:56 Brighton,Rogue Bullet,3.5,1.0,6,True
2026-06-22,Analyst Verdict Pick,14:15 Musselburgh,Only Dream Big,3.5,1.0,7,True
2026-06-22,Control: favourite,14:15 Musselburgh,Inferno,2.88,3.0,7,True
2026-06-22,Analyst Verdict Pick,14:30 Catterick Bridge,Roots In Touche,3.0,4.0,8,False
2026-06-22,Control: favourite,14:30 Catterick Bridge,Minzelle,1.8,1.0,8,False
2026-06-22,Analyst Verdict Pick,14:45 Musselburgh,Lady Dublin,2.0,3.0,6,False
2026-06-22,Control: favourite,14:45 Musselburgh,Lady Dublin,2.0,3.0,6,False
2026-06-22,Analyst Verdict Pick,15:00 Catterick Bridge,Wen Moon,,,7,True
2026-06-22,Control: favourite,15:00 Catterick Bridge,Albegone,2.38,2.0,7,True
2026-06-22,Analyst Verdict Pick,15:15 Musselburgh,Qazaq,3.25,3.0,11,True
2026-06-22,Control: favourite,15:15 Musselburgh,Qazaq,3.25,3.0,11,True
2026-06-22,Analyst Verdict Pick,15:30 Catterick Bridge,Long Shot,3.25,2.0,7,True
2026-06-22,Control: favourite,15:30 Catterick Bridge,Long Shot,3.25,2.0,7,True
2026-06-22,Analyst Verdict Pick,15:45 Musselburgh,Rosemary May,8.0,5.0,7,True
2026-06-22,Control: favourite,15:45 Musselburgh,Gemini Man,3.25,1.0,7,True
2026-06-22,Analyst Verdict Pick,16:00 Catterick Bridge,Diamont Katie,3.75,4.0,7,True
2026-06-22,Control: favourite,16:00 Catterick Bridge,Diamont Katie,3.75,4.0,7,True
2026-06-22,Analyst Verdict Pick,16:15 Musselburgh,Wee Mary,1.83,2.0,11,True
2026-06-22,Control: favourite,16:15 Musselburgh,Wee Mary,1.83,2.0,11,True
2026-06-22,Analyst Verdict Pick,16:35 Catterick Bridge,Arrange,4.33,2.0,4,True
2026-06-22,Control: favourite,16:35 Catterick Bridge,Treasure Islands,1.73,1.0,4,True
2026-06-22,Analyst Verdict Pick,16:45 Musselburgh,Welbury,4.5,4.0,6,True
2026-06-22,Control: favourite,16:45 Musselburgh,Blakefell,3.75,3.0,6,True
2026-06-22,Analyst Verdict Pick,17:10 Catterick Bridge,Captain Cess,,,10,True
2026-06-22,Control: favourite,17:10 Catterick Bridge,War Memorial,3.75,1.0,10,True
2026-06-22,Analyst Verdict Pick,17:15 Musselburgh,Union Island,3.5,4.0,7,True
2026-06-22,Control: favourite,17:15 Musselburgh,Union Island,3.5,4.0,7,True
2026-06-22,Analyst Verdict Pick,17:25 Ballinrobe,Delusional,2.88,3.0,8,False
2026-06-22,Control: favourite,17:25 Ballinrobe,Femme Beauty,2.63,1.0,8,False
2026-06-22,Analyst Verdict Pick,17:45 Windsor,Cape Toronada,3.25,4.0,11,True
2026-06-22,Control: favourite,17:45 Windsor,Beelzebub,3.25,1.0,11,True
2026-06-22,Analyst Verdict Pick,17:55 Ballinrobe,Camino Lad,4.0,2.0,7,False
2026-06-22,Control: favourite,17:55 Ballinrobe,Nermal,1.8,3.0,7,False
2026-06-22,Analyst Verdict Pick,18:05 Brighton,Recon Mission,4.0,5.0,6,True
2026-06-22,Control: favourite,18:05 Brighton,Silky Robin,3.5,1.0,6,True
2026-06-22,Analyst Verdict Pick,18:15 Windsor,Flann Sunna,4.5,1.0,15,False
2026-06-22,Control: favourite,18:15 Windsor,Perfect Nation,2.5,2.0,15,False
2026-06-22,Analyst Verdict Pick,18:25 Ballinrobe,Mano Chicago,2.88,2.0,11,False
2026-06-22,Control: favourite,18:25 Ballinrobe,Mano Chicago,2.88,2.0,11,False
2026-06-22,Analyst Verdict Pick,18:35 Brighton,Roxa Love,1.5,1.0,5,False
2026-06-22,Control: favourite,18:35 Brighton,Roxa Love,1.5,1.0,5,False
2026-06-22,Analyst Verdict Pick,18:45 Windsor,House Of Medici,1.67,1.0,9,False
2026-06-22,Control: favourite,18:45 Windsor,House Of Medici,1.67,1.0,9,False
2026-06-22,Analyst Verdict Pick,18:55 Ballinrobe,Marmeladova,2.88,3.0,11,True
2026-06-22,Control: favourite,18:55 Ballinrobe,Marmeladova,2.88,3.0,11,True
2026-06-22,Analyst Verdict Pick,19:05 Brighton,Sweetstevie,7.0,5.0,8,False
2026-06-22,Control: favourite,19:05 Brighton,Highland Harvey,2.5,2.0,8,False
2026-06-22,Analyst Verdict Pick,19:17 Windsor,Rosario,8.5,5.0,9,True
2026-06-22,Control: favourite,19:17 Windsor,Nogo's Dream,4.33,6.0,9,True
2026-06-22,Analyst Verdict Pick,19:27 Ballinrobe,Rodeo Blues,3.25,1.0,14,True
2026-06-22,Control: favourite,19:27 Ballinrobe,Rodeo Blues,3.25,1.0,14,True
2026-06-22,Analyst Verdict Pick,19:37 Brighton,Dash Of Class,3.0,2.0,6,True
2026-06-22,Control: favourite,19:37 Brighton,Joycean Way,2.25,3.0,6,True
2026-06-22,Analyst Verdict Pick,19:50 Windsor,Edwin Hubble,2.63,2.0,6,True
2026-06-22,Control: favourite,19:50 Windsor,Edwin Hubble,2.63,2.0,6,True
2026-06-22,Analyst Verdict Pick,20:00 Ballinrobe,Sonic Invader,,,16,True
2026-06-22,Control: favourite,20:00 Ballinrobe,Lagoon Nebula,6.0,2.0,16,True
2026-06-22,Analyst Verdict Pick,20:10 Brighton,Middleton View,9.5,5.0,6,True
2026-06-22,Control: favourite,20:10 Brighton,King Of War,3.25,1.0,6,True
2026-06-22,Analyst Verdict Pick,20:20 Windsor,Be An Angel,7.5,5.0,13,True
2026-06-22,Control: favourite,20:20 Windsor,Just Jump,3.5,1.0,13,True
2026-06-22,Analyst Verdict Pick,20:30 Ballinrobe,Switch From Diesel,2.5,3.0,8,True
2026-06-22,Control: favourite,20:30 Ballinrobe,Switch From Diesel,2.5,3.0,8,True
2026-06-22,Analyst Verdict Pick,20:40 Brighton,Prefer The Sister,5.0,3.0,12,True
2026-06-22,Control: favourite,20:40 Brighton,Dion Baker,3.25,1.0,12,True
2026-06-22,Analyst Verdict Pick,20:50 Windsor,Mertoun,1.73,1.0,11,True
2026-06-22,Control: favourite,20:50 Windsor,Mertoun,1.73,1.0,11,True
2026-06-23,Analyst Verdict Pick,14:15 Beverley,Lady Caroline Lamb,1.83,1.0,5,False
2026-06-23,Control: favourite,14:15 Beverley,Lady Caroline Lamb,1.83,1.0,5,False
2026-06-23,Analyst Verdict Pick,14:30 Ffos Las,Lohoobb,2.5,2.0,7,True
2026-06-23,Control: favourite,14:30 Ffos Las,Lohoobb,2.5,2.0,7,True
2026-06-23,Analyst Verdict Pick,14:45 Beverley,Roaring Ralph,4.33,3.0,7,True
2026-06-23,Control: favourite,14:45 Beverley,This Farh,3.25,5.0,7,True
2026-06-23,Analyst Verdict Pick,15:00 Ffos Las,Isle Of Lismore,2.2,1.0,6,True
2026-06-23,Control: favourite,15:00 Ffos Las,Isle Of Lismore,2.2,1.0,6,True
2026-06-23,Analyst Verdict Pick,15:15 Beverley,Regal Desire,4.33,2.0,7,False
2026-06-23,Control: favourite,15:15 Beverley,Tamzan,3.5,1.0,7,False
2026-06-23,Analyst Verdict Pick,15:30 Ffos Las,English Time,1.67,1.0,9,False
2026-06-23,Control: favourite,15:30 Ffos Las,English Time,1.67,1.0,9,False
2026-06-23,Analyst Verdict Pick,15:45 Beverley,Bruce Banner,1.83,2.0,8,True
2026-06-23,Control: favourite,15:45 Beverley,Bruce Banner,1.83,2.0,8,True
2026-06-23,Analyst Verdict Pick,16:00 Ffos Las,Buckland Belle,,,11,True
2026-06-23,Control: favourite,16:00 Ffos Las,Typeface,2.0,3.0,11,True
2026-06-23,Analyst Verdict Pick,16:17 Beverley,Qitaal,2.1,3.0,5,True
2026-06-23,Control: favourite,16:17 Beverley,Qitaal,2.1,3.0,5,True
2026-06-23,Analyst Verdict Pick,16:35 Ffos Las,Pureis King,2.0,1.0,10,False
2026-06-23,Control: favourite,16:35 Ffos Las,Pureis King,2.0,1.0,10,False
2026-06-23,Analyst Verdict Pick,16:52 Beverley,Wadacre Geisha,2.75,2.0,8,True
2026-06-23,Control: favourite,16:52 Beverley,Wadacre Geisha,2.75,2.0,8,True
2026-06-23,Analyst Verdict Pick,17:10 Ffos Las,Yokkell,4.2,4.0,8,True
2026-06-23,Control: favourite,17:10 Ffos Las,Solanna,3.75,1.0,8,True
2026-06-23,Analyst Verdict Pick,17:17 Newbury,Big Hitter,2.88,2.0,10,False
2026-06-23,Control: favourite,17:17 Newbury,Wateera,2.25,3.0,10,False
2026-06-23,Analyst Verdict Pick,17:27 Beverley,Oasis Cover,,,7,True
2026-06-23,Control: favourite,17:27 Beverley,Brain Freeze,3.5,6.0,7,True
2026-06-23,Analyst Verdict Pick,17:35 Newton Abbot,Saint Polo,2.63,1.0,8,True
2026-06-23,Control: favourite,17:35 Newton Abbot,Saint Polo,2.63,1.0,8,True
2026-06-23,Analyst Verdict Pick,17:50 Newbury,Chilli,3.0,8.0,10,False
2026-06-23,Control: favourite,17:50 Newbury,Chilli,3.0,8.0,10,False
2026-06-23,Analyst Verdict Pick,18:10 Newton Abbot,Affection,4.0,2.0,4,False
2026-06-23,Control: favourite,18:10 Newton Abbot,Sudbury Hill,1.83,1.0,4,False
2026-06-23,Analyst Verdict Pick,18:25 Newbury,Bayside View,1.44,1.0,5,False
2026-06-23,Control: favourite,18:25 Newbury,Bayside View,1.44,1.0,5,False
2026-06-23,Analyst Verdict Pick,18:45 Newton Abbot,Coumeenoole,1.73,,6,False
2026-06-23,Control: favourite,18:45 Newton Abbot,Coumeenoole,1.73,,6,False
2026-06-23,Analyst Verdict Pick,19:00 Newbury,Starlight Sami,4.33,10.0,16,True
2026-06-23,Control: favourite,19:00 Newbury,Signcastle City,4.0,5.0,16,True
2026-06-23,Analyst Verdict Pick,19:15 Newton Abbot,Phantom Gold,,,12,True
2026-06-23,Control: favourite,19:15 Newton Abbot,Chartwell Jock,3.0,,12,True
2026-06-23,Analyst Verdict Pick,19:35 Newbury,Rage Of Thunder,4.0,1.0,14,True
2026-06-23,Control: favourite,19:35 Newbury,Rage Of Thunder,4.0,1.0,14,True
2026-06-23,Analyst Verdict Pick,19:50 Newton Abbot,Walkin Out,4.5,2.0,7,True
2026-06-23,Control: favourite,19:50 Newton Abbot,Limerick Leader,2.1,3.0,7,True
2026-06-23,Analyst Verdict Pick,20:05 Newbury,Taritino,,,5,True
2026-06-23,Control: favourite,20:05 Newbury,Baileys Khelstar,1.5,1.0,5,True
2026-06-23,Analyst Verdict Pick,20:20 Newton Abbot,Jafimgoso,4.0,4.0,8,True
2026-06-23,Control: favourite,20:20 Newton Abbot,Jafimgoso,4.0,4.0,8,True
2026-06-23,Analyst Verdict Pick,20:35 Newbury,Yokohama,2.88,7.0,11,True
2026-06-23,Control: favourite,20:35 Newbury,Yokohama,2.88,7.0,11,True
2026-06-23,Analyst Verdict Pick,20:50 Newton Abbot,Hatos,5.5,,9,True
2026-06-23,Control: favourite,20:50 Newton Abbot,Jetty May,4.5,,9,True
2026-06-24,Analyst Verdict Pick,14:00 Carlisle,Queen Of Christmas,1.83,4.0,5,False
2026-06-24,Control: favourite,14:00 Carlisle,Queen Of Christmas,1.83,4.0,5,False
2026-06-24,Analyst Verdict Pick,14:30 Carlisle,Silesia,1.73,2.0,6,False
2026-06-24,Control: favourite,14:30 Carlisle,Silesia,1.73,2.0,6,False
2026-06-24,Analyst Verdict Pick,15:00 Carlisle,Social Spirit,1.83,6.0,11,False
2026-06-24,Control: favourite,15:00 Carlisle,Social Spirit,1.83,6.0,11,False
2026-06-24,Analyst Verdict Pick,15:30 Carlisle,Runswick,5.0,1.0,11,True
2026-06-24,Control: favourite,15:30 Carlisle,Harswell Ruby,4.5,5.0,11,True
2026-06-24,Analyst Verdict Pick,16:02 Carlisle,Golden Palace,6.5,8.0,10,False
2026-06-24,Control: favourite,16:02 Carlisle,Albaydaa,3.0,5.0,10,False
2026-06-24,Analyst Verdict Pick,16:35 Carlisle,Altareq,7.5,3.0,17,True
2026-06-24,Control: favourite,16:35 Carlisle,Leadenhall,3.25,2.0,17,True
2026-06-24,Analyst Verdict Pick,17:05 Carlisle,Wine Dark Sea,1.83,1.0,12,True
2026-06-24,Control: favourite,17:05 Carlisle,Wine Dark Sea,1.83,1.0,12,True
2026-06-24,Analyst Verdict Pick,17:10 Naas,Celestial Crown,4.5,7.0,10,False
2026-06-24,Control: favourite,17:10 Naas,Shi Yang,2.5,5.0,10,False
2026-06-24,Analyst Verdict Pick,17:35 Carlisle,Nanoscience,2.63,3.0,6,True
2026-06-24,Control: favourite,17:35 Carlisle,Nanoscience,2.63,3.0,6,True
2026-06-24,Analyst Verdict Pick,17:40 Naas,Hooves Your Daddy,5.5,10.0,24,True
2026-06-24,Control: favourite,17:40 Naas,Hooves Your Daddy,5.5,10.0,24,True
2026-06-24,Analyst Verdict Pick,18:10 Naas,Oro Blanco,1.73,1.0,4,False
2026-06-24,Control: favourite,18:10 Naas,Oro Blanco,1.73,1.0,4,False
2026-06-24,Analyst Verdict Pick,18:40 Naas,Cameo,2.25,3.0,7,False
2026-06-24,Control: favourite,18:40 Naas,Cameo,2.25,3.0,7,False
2026-06-24,Analyst Verdict Pick,19:10 Naas,Neon Eyes,4.5,9.0,16,True
2026-06-24,Control: favourite,19:10 Naas,Neon Eyes,4.5,9.0,16,True
2026-06-24,Analyst Verdict Pick,19:40 Naas,Saliba,7.0,6.0,16,False
2026-06-24,Control: favourite,19:40 Naas,Listentodwindblow,3.0,1.0,16,False
2026-06-24,Analyst Verdict Pick,20:10 Naas,Moonlit Sun,3.25,1.0,20,False
2026-06-24,Control: favourite,20:10 Naas,Moonlit Sun,3.25,1.0,20,False
2026-06-25,Analyst Verdict Pick,10:30 Nottingham,Food For Thought,2.75,1.0,3,False
2026-06-25,Control: favourite,10:30 Nottingham,Velvet Vega,1.57,3.0,3,False
2026-06-25,Analyst Verdict Pick,10:45 Newmarket,Mysterious Times,2.0,3.0,6,False
2026-06-25,Control: favourite,10:45 Newmarket,Mysterious Times,2.0,3.0,6,False
2026-06-25,Analyst Verdict Pick,11:00 Nottingham,Two Plus Two,2.2,2.0,5,True
2026-06-25,Control: favourite,11:00 Nottingham,Two Plus Two,2.2,2.0,5,True
2026-06-25,Analyst Verdict Pick,11:15 Newmarket,Shamalza,2.0,4.0,7,False
2026-06-25,Control: favourite,11:15 Newmarket,Shamalza,2.0,4.0,7,False
2026-06-25,Analyst Verdict Pick,11:30 Nottingham,Mariner,5.5,3.0,8,True
2026-06-25,Control: favourite,11:30 Nottingham,Volendam,2.63,2.0,8,True
2026-06-25,Analyst Verdict Pick,11:45 Newmarket,Fiscal Policy,2.75,2.0,8,True
2026-06-25,Control: favourite,11:45 Newmarket,Fiscal Policy,2.75,2.0,8,True
2026-06-25,Analyst Verdict Pick,12:00 Nottingham,Cheeky Chesca,3.5,7.0,10,False
2026-06-25,Control: favourite,12:00 Nottingham,Cheeky Chesca,3.5,7.0,10,False
2026-06-25,Analyst Verdict Pick,12:15 Newmarket,Glorious Game,2.75,1.0,8,False
2026-06-25,Control: favourite,12:15 Newmarket,Glorious Game,2.75,1.0,8,False
2026-06-25,Analyst Verdict Pick,12:30 Nottingham,Fenlander,1.73,1.0,7,True
2026-06-25,Control: favourite,12:30 Nottingham,Fenlander,1.73,1.0,7,True
2026-06-25,Analyst Verdict Pick,12:45 Newmarket,Silver Ghost,,,11,True
2026-06-25,Control: favourite,12:45 Newmarket,Aalto,3.0,2.0,11,True
2026-06-25,Analyst Verdict Pick,13:00 Nottingham,Invincible Crown,3.5,2.0,7,True
2026-06-25,Control: favourite,13:00 Nottingham,Invincible Crown,3.5,2.0,7,True
2026-06-25,Analyst Verdict Pick,13:15 Newmarket,Silent City,3.5,3.0,7,True
2026-06-25,Control: favourite,13:15 Newmarket,Silent City,3.5,3.0,7,True
2026-06-25,Analyst Verdict Pick,14:02 Newcastle,Based,5.0,7.0,14,True
2026-06-25,Control: favourite,14:02 Newcastle,Based,5.0,7.0,14,True
2026-06-25,Analyst Verdict Pick,14:37 Newcastle,Cuban Heels,1.53,2.0,7,False
2026-06-25,Control: favourite,14:37 Newcastle,Cuban Heels,1.53,2.0,7,False
2026-06-25,Analyst Verdict Pick,15:12 Newcastle,Per Contra,3.75,8.0,12,True
2026-06-25,Control: favourite,15:12 Newcastle,Eternal Force,3.5,6.0,12,True
2026-06-25,Analyst Verdict Pick,15:47 Newcastle,Treble Tee,9.0,1.0,11,True
2026-06-25,Control: favourite,15:47 Newcastle,Back In Black,2.63,2.0,11,True
2026-06-25,Analyst Verdict Pick,16:22 Newcastle,Aphra Behn,1.91,2.0,10,False
2026-06-25,Control: favourite,16:22 Newcastle,Aphra Behn,1.91,2.0,10,False
2026-06-25,Analyst Verdict Pick,16:57 Newcastle,Bluestone Lady,7.5,2.0,9,False
2026-06-25,Control: favourite,16:57 Newcastle,Mottaret,3.0,5.0,9,False
2026-06-25,Analyst Verdict Pick,17:32 Newcastle,Slot,11.0,2.0,13,True
2026-06-25,Control: favourite,17:32 Newcastle,I'm Dan Dare,4.5,1.0,13,True
2026-06-25,Analyst Verdict Pick,18:00 Hamilton Park,Annandale,2.25,3.0,7,True
2026-06-25,Control: favourite,18:00 Hamilton Park,Annandale,2.25,3.0,7,True
2026-06-25,Analyst Verdict Pick,18:07 Newcastle,Barleybrown,3.75,8.0,13,True
2026-06-25,Control: favourite,18:07 Newcastle,Barleybrown,3.75,8.0,13,True
2026-06-25,Analyst Verdict Pick,18:15 Leicester,Green Titan,2.1,6.0,10,False
2026-06-25,Control: favourite,18:15 Leicester,Green Titan,2.1,6.0,10,False
2026-06-25,Analyst Verdict Pick,18:30 Hamilton Park,Pretty Little Baby,2.0,3.0,8,False
2026-06-25,Control: favourite,18:30 Hamilton Park,Pretty Little Baby,2.0,3.0,8,False
2026-06-25,Analyst Verdict Pick,18:45 Leicester,No Gain,,,11,True
2026-06-25,Control: favourite,18:45 Leicester,Moonhall Lass,2.63,1.0,11,True
2026-06-25,Analyst Verdict Pick,19:00 Hamilton Park,Impressor,,,6,True
2026-06-25,Control: favourite,19:00 Hamilton Park,J Street,2.63,4.0,6,True
2026-06-25,Analyst Verdict Pick,19:15 Leicester,Pureis King,1.53,1.0,9,True
2026-06-25,Control: favourite,19:15 Leicester,Pureis King,1.53,1.0,9,True
2026-06-25,Analyst Verdict Pick,19:30 Hamilton Park,Woohoo,7.5,7.0,9,True
2026-06-25,Control: favourite,19:30 Hamilton Park,Al Hussar,4.5,4.0,9,True
2026-06-25,Analyst Verdict Pick,19:45 Leicester,Startling,1.67,2.0,6,True
2026-06-25,Control: favourite,19:45 Leicester,Startling,1.67,2.0,6,True
2026-06-25,Analyst Verdict Pick,20:00 Hamilton Park,Kahin,1.67,1.0,7,False
2026-06-25,Control: favourite,20:00 Hamilton Park,Kahin,1.67,1.0,7,False
2026-06-25,Analyst Verdict Pick,20:15 Leicester,Captain Cairney,,,6,True
2026-06-25,Control: favourite,20:15 Leicester,Fille Imbassee,2.38,1.0,6,True
2026-06-25,Analyst Verdict Pick,20:30 Hamilton Park,Ruby Wedding,1.67,1.0,4,True
2026-06-25,Control: favourite,20:30 Hamilton Park,Ruby Wedding,1.67,1.0,4,True
2026-06-25,Analyst Verdict Pick,20:45 Leicester,Pentonville,1.11,2.0,7,True
2026-06-25,Control: favourite,20:45 Leicester,Pentonville,1.11,2.0,7,True
2026-06-25,Analyst Verdict Pick,21:00 Hamilton Park,Iris Dancer,3.0,1.0,7,True
2026-06-25,Control: favourite,21:00 Hamilton Park,Mr Cool,2.75,5.0,7,True
2026-06-26,Analyst Verdict Pick,10:15 Doncaster,Brunhilde,2.75,2.0,5,False
2026-06-26,Control: favourite,10:15 Doncaster,Alpinara,1.8,1.0,5,False
2026-06-26,Analyst Verdict Pick,10:30 Yarmouth,Mountbatten,1.8,4.0,4,True
2026-06-26,Control: favourite,10:30 Yarmouth,Mountbatten,1.8,4.0,4,True
2026-06-26,Analyst Verdict Pick,10:45 Doncaster,Regional Rock,1.22,2.0,8,False
2026-06-26,Control: favourite,10:45 Doncaster,Regional Rock,1.22,2.0,8,False
2026-06-26,Analyst Verdict Pick,11:00 Yarmouth,Zigazig Ah,3.0,1.0,13,False
2026-06-26,Control: favourite,11:00 Yarmouth,Zigazig Ah,3.0,1.0,13,False
2026-06-26,Analyst Verdict Pick,11:15 Doncaster,Winged Messenger,8.0,5.0,9,True
2026-06-26,Control: favourite,11:15 Doncaster,Photosynthesis,4.0,6.0,9,True
2026-06-26,Analyst Verdict Pick,11:30 Yarmouth,Luzon Heights,2.63,2.0,9,True
2026-06-26,Control: favourite,11:30 Yarmouth,Luzon Heights,2.63,2.0,9,True
2026-06-26,Analyst Verdict Pick,11:45 Doncaster,Al Hofzan,10.0,7.0,7,True
2026-06-26,Control: favourite,11:45 Doncaster,Beale Street,4.33,1.0,7,True
2026-06-26,Analyst Verdict Pick,12:00 Yarmouth,Raise The Stakes,1.83,3.0,8,False
2026-06-26,Control: favourite,12:00 Yarmouth,Raise The Stakes,1.83,3.0,8,False
2026-06-26,Analyst Verdict Pick,12:15 Doncaster,Rizal,2.4,1.0,8,True
2026-06-26,Control: favourite,12:15 Doncaster,Rizal,2.4,1.0,8,True
2026-06-26,Analyst Verdict Pick,12:30 Yarmouth,Rogue Allegiance,4.0,2.0,8,True
2026-06-26,Control: favourite,12:30 Yarmouth,Kimbara,3.0,3.0,8,True
2026-06-26,Analyst Verdict Pick,12:45 Doncaster,Come On Over,6.0,2.0,9,True
2026-06-26,Control: favourite,12:45 Doncaster,Black Endeavour,3.75,1.0,9,True
2026-06-26,Analyst Verdict Pick,13:00 Yarmouth,Egotistical,2.63,4.0,6,True
2026-06-26,Control: favourite,13:00 Yarmouth,Egotistical,2.63,4.0,6,True
2026-06-26,Analyst Verdict Pick,13:15 Doncaster,Reem Rak,3.0,1.0,3,True
2026-06-26,Control: favourite,13:15 Doncaster,Wardlaw,2.0,3.0,3,True
2026-06-26,Analyst Verdict Pick,13:30 Yarmouth,Coolagh Magic,4.33,1.0,6,False
2026-06-26,Control: favourite,13:30 Yarmouth,Valadero,3.0,3.0,6,False
2026-06-26,Control: favourite,13:45 Doncaster,Rb Yas Sir (A),2.2,2.0,4,True
2026-06-26,Analyst Verdict Pick,14:18 Cartmel,Loch Cuan,1.3,1.0,6,False
2026-06-26,Control: favourite,14:18 Cartmel,Loch Cuan,1.3,1.0,6,False
2026-06-26,Analyst Verdict Pick,14:48 Cartmel,Victoria Milano,9.0,5.0,10,True
2026-06-26,Control: favourite,14:48 Cartmel,Alvesta,2.63,3.0,10,True
2026-06-26,Analyst Verdict Pick,15:18 Cartmel,Passengerontheship,2.38,1.0,6,True
2026-06-26,Control: favourite,15:18 Cartmel,Passengerontheship,2.38,1.0,6,True
2026-06-26,Analyst Verdict Pick,15:50 Cartmel,Caughtinyourtrance,2.75,1.0,7,True
2026-06-26,Control: favourite,15:50 Cartmel,Caughtinyourtrance,2.75,1.0,7,True
2026-06-26,Analyst Verdict Pick,16:23 Cartmel,Zumbi,3.0,1.0,10,True
2026-06-26,Control: favourite,16:23 Cartmel,Zumbi,3.0,1.0,10,True
2026-06-26,Analyst Verdict Pick,16:33 Curragh,Abraham Lincoln,2.38,1.0,12,False
2026-06-26,Control: favourite,16:33 Curragh,Abraham Lincoln,2.38,1.0,12,False
2026-06-26,Analyst Verdict Pick,16:45 Newmarket,Acting Lady,1.83,3.0,3,False
2026-06-26,Control: favourite,16:45 Newmarket,Acting Lady,1.83,3.0,3,False
2026-06-26,Analyst Verdict Pick,16:58 Cartmel,Goodwin Face,4.0,1.0,11,True
2026-06-26,Control: favourite,16:58 Cartmel,Garrick Painter,3.2,6.0,11,True
2026-06-26,Analyst Verdict Pick,17:05 Curragh,Loughrea,3.5,1.0,13,False
2026-06-26,Control: favourite,17:05 Curragh,Gliondar,3.5,2.0,13,False
2026-06-26,Analyst Verdict Pick,17:10 Newcastle,The Ubermensch,4.5,2.0,14,True
2026-06-26,Control: favourite,17:10 Newcastle,The Ubermensch,4.5,2.0,14,True
2026-06-26,Analyst Verdict Pick,17:20 Newmarket,Starlight Lass,1.3,1.0,3,False
2026-06-26,Control: favourite,17:20 Newmarket,Starlight Lass,1.3,1.0,3,False
2026-06-26,Analyst Verdict Pick,17:35 Curragh,Prevalence,5.5,1.0,22,True
2026-06-26,Control: favourite,17:35 Curragh,Majestic King,4.5,10.0,22,True
2026-06-26,Analyst Verdict Pick,17:43 Newcastle,Binmalk,1.44,3.0,11,False
2026-06-26,Control: favourite,17:43 Newcastle,Binmalk,1.44,3.0,11,False
2026-06-26,Analyst Verdict Pick,17:50 Newmarket,Polka Blue,5.0,3.0,8,True
2026-06-26,Control: favourite,17:50 Newmarket,Angel Shared,4.5,6.0,8,True
2026-06-26,Analyst Verdict Pick,17:58 Bangor-On-Dee,Country Park,4.2,1.0,5,True
2026-06-26,Control: favourite,17:58 Bangor-On-Dee,Le Gentleman,2.0,2.0,5,True
2026-06-26,Analyst Verdict Pick,18:10 Curragh,Apache Outlaw,15.0,3.0,18,True
2026-06-26,Control: favourite,18:10 Curragh,Summer Island,3.75,1.0,18,True
2026-06-26,Analyst Verdict Pick,18:18 Newcastle,Callianassa,4.33,10.0,14,True
2026-06-26,Control: favourite,18:18 Newcastle,Callianassa,4.33,10.0,14,True
2026-06-26,Analyst Verdict Pick,18:25 Newmarket,Phantom Watch,1.62,2.0,9,True
2026-06-26,Control: favourite,18:25 Newmarket,Phantom Watch,1.62,2.0,9,True
2026-06-26,Analyst Verdict Pick,18:33 Bangor-On-Dee,Glenmalure Flyer,4.33,1.0,10,True
2026-06-26,Control: favourite,18:33 Bangor-On-Dee,Dazzlelikethis,4.33,,10,True
2026-06-26,Analyst Verdict Pick,18:45 Curragh,Darius Dark,4.0,1.0,21,True
2026-06-26,Control: favourite,18:45 Curragh,Darius Dark,4.0,1.0,21,True
2026-06-26,Analyst Verdict Pick,18:53 Newcastle,Diamond Rain,1.67,2.0,7,False
2026-06-26,Control: favourite,18:53 Newcastle,Diamond Rain,1.67,2.0,7,False
2026-06-26,Analyst Verdict Pick,19:00 Newmarket,Rockafeller Skank,,,4,True
2026-06-26,Control: favourite,19:00 Newmarket,Booziebrunch,2.38,1.0,4,True
2026-06-26,Analyst Verdict Pick,19:08 Bangor-On-Dee,Colegram,1.8,1.0,7,False
2026-06-26,Control: favourite,19:08 Bangor-On-Dee,Colegram,1.8,1.0,7,False
2026-06-26,Analyst Verdict Pick,19:20 Curragh,Changing Lanes,,,15,False
2026-06-26,Control: favourite,19:20 Curragh,Numantia,3.0,2.0,15,False
2026-06-26,Analyst Verdict Pick,19:28 Newcastle,Corolla Point,3.0,2.0,14,True
2026-06-26,Control: favourite,19:28 Newcastle,Corolla Point,3.0,2.0,14,True
2026-06-26,Analyst Verdict Pick,19:35 Newmarket,Marengo Storm,3.25,1.0,3,True
2026-06-26,Control: favourite,19:35 Newmarket,Hardy's Hero,2.5,2.0,3,True
2026-06-26,Analyst Verdict Pick,19:43 Bangor-On-Dee,Summergrounds,5.5,3.0,4,True
2026-06-26,Control: favourite,19:43 Bangor-On-Dee,Crystal Glance,2.1,,4,True
2026-06-26,Analyst Verdict Pick,19:55 Curragh,Delta,3.25,10.0,13,True
2026-06-26,Control: favourite,19:55 Curragh,Delta,3.25,10.0,13,True
2026-06-26,Analyst Verdict Pick,20:03 Newcastle,Sports Coach,2.88,2.0,14,True
2026-06-26,Control: favourite,20:03 Newcastle,Sports Coach,2.88,2.0,14,True
2026-06-26,Analyst Verdict Pick,20:10 Newmarket,Dereham,7.0,3.0,5,True
2026-06-26,Control: favourite,20:10 Newmarket,Prince Quattro,2.38,1.0,5,True
2026-06-26,Analyst Verdict Pick,20:18 Bangor-On-Dee,Prettylady,3.5,4.0,5,True
2026-06-26,Control: favourite,20:18 Bangor-On-Dee,Centurion's Sister,2.63,2.0,5,True
2026-06-26,Control: favourite,20:30 Curragh,San Andreas,2.5,1.0,13,False
2026-06-26,Analyst Verdict Pick,20:38 Newcastle,Little Beck Annie,6.0,5.0,14,True
2026-06-26,Control: favourite,20:38 Newcastle,Little Beck Annie,6.0,5.0,14,True
2026-06-26,Analyst Verdict Pick,20:45 Newmarket,Belle Amie,2.75,4.0,5,True
2026-06-26,Control: favourite,20:45 Newmarket,Belle Amie,2.75,4.0,5,True
2026-06-26,Analyst Verdict Pick,20:53 Bangor-On-Dee,Golden Glance,3.25,4.0,8,True
2026-06-26,Control: favourite,20:53 Bangor-On-Dee,Rock Hurley,3.0,1.0,8,True
2026-06-27,Analyst Verdict Pick,13:20 York,Casino Star,2.5,6.0,12,False
2026-06-27,Control: favourite,13:20 York,Casino Star,2.5,6.0,12,False
2026-06-27,Analyst Verdict Pick,13:40 Newcastle,Supido,9.5,7.0,14,True
2026-06-27,Control: favourite,13:40 Newcastle,Bobby Bennu,4.0,2.0,14,True
2026-06-27,Analyst Verdict Pick,13:45 Curragh,Giant Sequoia,1.44,1.0,8,False
2026-06-27,Control: favourite,13:45 Curragh,Giant Sequoia,1.44,1.0,8,False
2026-06-27,Analyst Verdict Pick,13:55 York,Blue To Blue,13.0,10.0,16,True
2026-06-27,Control: favourite,13:55 York,Frankies Dream,3.5,3.0,16,True
2026-06-27,Analyst Verdict Pick,14:02 Chester,Stardom Glory,2.38,1.0,6,False
2026-06-27,Control: favourite,14:02 Chester,Stardom Glory,2.38,1.0,6,False
2026-06-27,Analyst Verdict Pick,14:10 Newcastle,Diligent Harry,3.75,8.0,12,False
2026-06-27,Control: favourite,14:10 Newcastle,Diligent Harry,3.75,8.0,12,False
2026-06-27,Analyst Verdict Pick,14:15 Curragh,Confucius,1.33,3.0,6,False
2026-06-27,Control: favourite,14:15 Curragh,Confucius,1.33,3.0,6,False
2026-06-27,Analyst Verdict Pick,14:25 York,Fortification,4.0,10.0,15,True
2026-06-27,Control: favourite,14:25 York,Fortification,4.0,10.0,15,True
2026-06-27,Analyst Verdict Pick,14:32 Chester,Eagle Bay,2.25,1.0,4,False
2026-06-27,Control: favourite,14:32 Chester,El Nay,2.1,4.0,4,False
2026-06-27,Analyst Verdict Pick,14:40 Newcastle,Believitanducan,4.33,1.0,20,True
2026-06-27,Control: favourite,14:40 Newcastle,Shrimp Shady,4.0,6.0,20,True
2026-06-27,Analyst Verdict Pick,14:45 Curragh,Aviatrice,4.5,3.0,12,True
2026-06-27,Control: favourite,14:45 Curragh,Aviatrice,4.5,3.0,12,True
2026-06-27,Analyst Verdict Pick,14:58 York,Saber Strike,2.63,3.0,6,False
2026-06-27,Control: favourite,14:58 York,Never So Brave,2.5,2.0,6,False
2026-06-27,Analyst Verdict Pick,15:03 Chester,Ruby's Angel,3.75,4.0,9,True
2026-06-27,Control: favourite,15:03 Chester,Ruby's Angel,3.75,4.0,9,True
2026-06-27,Analyst Verdict Pick,15:15 Newcastle,Circus Of Rome,9.0,10.0,20,True
2026-06-27,Control: favourite,15:15 Newcastle,Ride The Thunder,4.0,6.0,20,True
2026-06-27,Analyst Verdict Pick,15:20 Curragh,Sun Goddess,1.29,1.0,8,False
2026-06-27,Control: favourite,15:20 Curragh,Sun Goddess,1.29,1.0,8,False
2026-06-27,Analyst Verdict Pick,15:33 Chester,Forty Years On,,,11,False
2026-06-27,Control: favourite,15:33 Chester,Circe,3.0,3.0,11,False
2026-06-27,Analyst Verdict Pick,15:38 York,Who's Lope,1.62,2.0,9,True
2026-06-27,Control: favourite,15:38 York,Who's Lope,1.62,2.0,9,True
2026-06-27,Analyst Verdict Pick,15:45 Newcastle,Fivethousandtoone,19.0,8.0,14,True
2026-06-27,Control: favourite,15:45 Newcastle,Power Fizz,3.75,10.0,14,True
2026-06-27,Analyst Verdict Pick,15:55 Curragh,Thundering On,2.1,4.0,10,False
2026-06-27,Control: favourite,15:55 Curragh,Thundering On,2.1,4.0,10,False
2026-06-27,Analyst Verdict Pick,16:10 Chester,Start Me Up,5.0,1.0,10,True
2026-06-27,Control: favourite,16:10 Chester,Do Bronxs,3.75,5.0,10,True
2026-06-27,Analyst Verdict Pick,16:15 York,Hallo Spaceboy,2.0,1.0,15,True
2026-06-27,Control: favourite,16:15 York,Hallo Spaceboy,2.0,1.0,15,True
2026-06-27,Analyst Verdict Pick,16:23 Newcastle,Barnaby Rudge,2.88,1.0,7,False
2026-06-27,Control: favourite,16:23 Newcastle,Barnaby Rudge,2.88,1.0,7,False
2026-06-27,Analyst Verdict Pick,16:30 Curragh,Fixation,3.0,1.0,13,True
2026-06-27,Control: favourite,16:30 Curragh,Fixation,3.0,1.0,13,True
2026-06-27,Analyst Verdict Pick,16:45 Chester,Winged One,9.0,6.0,8,True
2026-06-27,Control: favourite,16:45 Chester,Hoseki,3.5,1.0,8,True
2026-06-27,Analyst Verdict Pick,16:50 York,Pearl Eye,4.0,6.0,14,True
2026-06-27,Control: favourite,16:50 York,Pearl Eye,4.0,6.0,14,True
2026-06-27,Analyst Verdict Pick,16:58 Newcastle,Sure And Stedfast,7.5,5.0,14,True
2026-06-27,Control: favourite,16:58 Newcastle,Big Win,2.75,4.0,14,True
2026-06-27,Analyst Verdict Pick,17:05 Curragh,Sommelier,15.0,10.0,17,True
2026-06-27,Control: favourite,17:05 Curragh,The Piper's Call,3.0,5.0,17,True
2026-06-27,Analyst Verdict Pick,17:15 Windsor,Buckland Belle,2.63,2.0,6,True
2026-06-27,Control: favourite,17:15 Windsor,Buckland Belle,2.63,2.0,6,True
2026-06-27,Analyst Verdict Pick,17:20 Chester,Solar Pass,2.38,7.0,7,True
2026-06-27,Control: favourite,17:20 Chester,Solar Pass,2.38,7.0,7,True
2026-06-27,Analyst Verdict Pick,17:25 Chepstow,A Daughters Love,2.2,1.0,8,True
2026-06-27,Control: favourite,17:25 Chepstow,A Daughters Love,2.2,1.0,8,True
2026-06-27,Analyst Verdict Pick,17:40 Curragh,Starborn Legend,3.75,2.0,21,False
2026-06-27,Control: favourite,17:40 Curragh,Tide Of Fortune,3.13,10.0,21,False
2026-06-27,Analyst Verdict Pick,17:45 Windsor,Divine Whisper,1.22,1.0,8,False
2026-06-27,Control: favourite,17:45 Windsor,Divine Whisper,1.22,1.0,8,False
2026-06-27,Analyst Verdict Pick,17:50 Chester,Taritino,4.0,1.0,9,True
2026-06-27,Control: favourite,17:50 Chester,Taritino,4.0,1.0,9,True
2026-06-27,Analyst Verdict Pick,17:55 Lingfield,Bownder,5.5,3.0,6,True
2026-06-27,Control: favourite,17:55 Lingfield,Baloo's Blues,3.75,1.0,6,True
2026-06-27,Analyst Verdict Pick,18:00 Chepstow,Curious Minx,8.0,4.0,8,False
2026-06-27,Control: favourite,18:00 Chepstow,Miss Moneypit,3.25,5.0,8,False
2026-06-27,Analyst Verdict Pick,18:15 Windsor,Dublin Bay,,,12,True
2026-06-27,Control: favourite,18:15 Windsor,Marcellinus,3.0,4.0,12,True
2026-06-27,Analyst Verdict Pick,18:25 Lingfield,Savvy Disko,3.5,1.0,5,True
2026-06-27,Control: favourite,18:25 Lingfield,Magical Merlot,2.38,3.0,5,True
2026-06-27,Analyst Verdict Pick,18:35 Chepstow,Hallandale Beach,4.33,1.0,7,True
2026-06-27,Control: favourite,18:35 Chepstow,Luna Beaux,2.88,5.0,7,True
2026-06-27,Analyst Verdict Pick,18:45 Windsor,Quantum Power,2.0,1.0,8,True
2026-06-27,Control: favourite,18:45 Windsor,Quantum Power,2.0,1.0,8,True
2026-06-27,Analyst Verdict Pick,18:55 Lingfield,Jack Langley,1.44,1.0,5,True
2026-06-27,Control: favourite,18:55 Lingfield,Jack Langley,1.44,1.0,5,True
2026-06-27,Analyst Verdict Pick,19:05 Chepstow,Okiru,6.5,2.0,7,True
2026-06-27,Control: favourite,19:05 Chepstow,Jackabi,3.5,1.0,7,True
2026-06-27,Control: favourite,19:15 Windsor,Ruler Of Time,1.4,2.0,4,False
2026-06-27,Analyst Verdict Pick,19:25 Lingfield,Rogue Bullet,2.25,4.0,5,True
2026-06-27,Control: favourite,19:25 Lingfield,Rogue Bullet,2.25,4.0,5,True
2026-06-27,Analyst Verdict Pick,19:35 Chepstow,Great Blasket,4.5,6.0,7,True
2026-06-27,Control: favourite,19:35 Chepstow,Happy Banner,2.38,2.0,7,True
2026-06-27,Analyst Verdict Pick,19:45 Windsor,Spioradalta,8.5,6.0,8,True
2026-06-27,Control: favourite,19:45 Windsor,Wisper,3.25,3.0,8,True
2026-06-27,Analyst Verdict Pick,19:55 Lingfield,Terminology,2.38,1.0,6,False
2026-06-27,Control: favourite,19:55 Lingfield,Terminology,2.38,1.0,6,False
2026-06-27,Analyst Verdict Pick,20:05 Chepstow,Act Of Violence,2.75,4.0,6,True
2026-06-27,Control: favourite,20:05 Chepstow,Act Of Violence,2.75,4.0,6,True
2026-06-27,Analyst Verdict Pick,20:15 Windsor,Mohaab,3.5,2.0,5,True
2026-06-27,Control: favourite,20:15 Windsor,Glenna,2.63,1.0,5,True
2026-06-27,Analyst Verdict Pick,20:25 Lingfield,Drafted,4.33,6.0,10,False
2026-06-27,Control: favourite,20:25 Lingfield,Desert Charm,2.38,1.0,10,False
2026-06-27,Analyst Verdict Pick,20:35 Chepstow,Autumn Angel,2.75,2.0,7,True
2026-06-27,Control: favourite,20:35 Chepstow,Autumn Angel,2.75,2.0,7,True
2026-06-27,Analyst Verdict Pick,20:55 Lingfield,Calafrio,,,5,True
2026-06-27,Control: favourite,20:55 Lingfield,Savannah Smiles,3.0,1.0,5,True
2026-06-28,Analyst Verdict Pick,13:10 Curragh,Alpha,1.73,1.0,14,False
2026-06-28,Control: favourite,13:10 Curragh,Alpha,1.73,1.0,14,False
2026-06-28,Analyst Verdict Pick,13:40 Curragh,Dark Ace,5.5,3.0,17,True
2026-06-28,Control: favourite,13:40 Curragh,Toca Madera,4.33,6.0,17,True
2026-06-28,Analyst Verdict Pick,13:47 Uttoxeter,Tamarind Bay,2.0,1.0,3,True
2026-06-28,Control: favourite,13:47 Uttoxeter,Tamarind Bay,2.0,1.0,3,True
2026-06-28,Analyst Verdict Pick,13:57 Cartmel,Cinating,1.5,,10,False
2026-06-28,Control: favourite,13:57 Cartmel,Cinating,1.5,,10,False
2026-06-28,Analyst Verdict Pick,14:05 Wolverhampton,Cherringham,5.0,5.0,11,False
2026-06-28,Control: favourite,14:05 Wolverhampton,Blue Celestial,2.2,3.0,11,False
2026-06-28,Analyst Verdict Pick,14:10 Curragh,Big Gossey,3.5,1.0,10,False
2026-06-28,Control: favourite,14:10 Curragh,Big Gossey,3.5,1.0,10,False
2026-06-28,Analyst Verdict Pick,14:17 Uttoxeter,Flying Ace,1.5,1.0,5,False
2026-06-28,Control: favourite,14:17 Uttoxeter,Flying Ace,1.5,1.0,5,False
2026-06-28,Analyst Verdict Pick,14:27 Cartmel,Masterminding,4.0,3.0,12,True
2026-06-28,Control: favourite,14:27 Cartmel,Masterminding,4.0,3.0,12,True
2026-06-28,Analyst Verdict Pick,14:37 Wolverhampton,Magician of Riga,10.0,3.0,10,True
2026-06-28,Control: favourite,14:37 Wolverhampton,Windbreaker,2.8,2.0,10,True
2026-06-28,Analyst Verdict Pick,14:45 Curragh,Perry Mason,8.0,6.0,13,True
2026-06-28,Control: favourite,14:45 Curragh,Zarathos,4.5,5.0,13,True
2026-06-28,Analyst Verdict Pick,14:52 Uttoxeter,Newtown Rambler,2.5,1.0,7,True
2026-06-28,Control: favourite,14:52 Uttoxeter,Newtown Rambler,2.5,1.0,7,True
2026-06-28,Analyst Verdict Pick,15:02 Cartmel,Nakassama,3.0,2.0,14,True
2026-06-28,Control: favourite,15:02 Cartmel,Nakassama,3.0,2.0,14,True
2026-06-28,Analyst Verdict Pick,15:12 Wolverhampton,Vichenza,5.0,4.0,12,False
2026-06-28,Control: favourite,15:12 Wolverhampton,Hozam,2.5,2.0,12,False
2026-06-28,Analyst Verdict Pick,15:20 Curragh,Purview,2.0,1.0,8,False
2026-06-28,Control: favourite,15:20 Curragh,Purview,2.0,1.0,8,False
2026-06-28,Analyst Verdict Pick,15:27 Uttoxeter,Grand Clermont,6.0,4.0,14,True
2026-06-28,Control: favourite,15:27 Uttoxeter,Queensbury Boy,5.0,8.0,14,True
2026-06-28,Analyst Verdict Pick,15:37 Cartmel,Fiveonefive,4.33,4.0,11,True
2026-06-28,Control: favourite,15:37 Cartmel,Goodwin Face,2.5,9.0,11,True
2026-06-28,Analyst Verdict Pick,15:47 Wolverhampton,Edwardtheninth,3.75,3.0,8,True
2026-06-28,Control: favourite,15:47 Wolverhampton,The Bay Warrior,3.0,7.0,8,True
2026-06-28,Analyst Verdict Pick,15:55 Curragh,Zodiac Bear,5.0,1.0,7,False
2026-06-28,Control: favourite,15:55 Curragh,Alcantor,2.63,2.0,7,False
2026-06-28,Analyst Verdict Pick,16:03 Uttoxeter,Crebilly,4.6,4.0,11,True
2026-06-28,Control: favourite,16:03 Uttoxeter,American Sniper,4.33,5.0,11,True
2026-06-28,Analyst Verdict Pick,16:15 Cartmel,Light N Strike,13.0,6.0,6,True
2026-06-28,Control: favourite,16:15 Cartmel,Breizh River,2.63,1.0,6,True
2026-06-28,Analyst Verdict Pick,16:23 Wolverhampton,On Key,3.25,2.0,13,True
2026-06-28,Control: favourite,16:23 Wolverhampton,On Key,3.25,2.0,13,True
2026-06-28,Analyst Verdict Pick,16:35 Curragh,Benvenuto Cellini,2.75,1.0,8,False
2026-06-28,Control: favourite,16:35 Curragh,Benvenuto Cellini,2.75,1.0,8,False
2026-06-28,Analyst Verdict Pick,16:43 Uttoxeter,Edelak,1.67,1.0,4,True
2026-06-28,Control: favourite,16:43 Uttoxeter,Edelak,1.67,1.0,4,True
2026-06-28,Analyst Verdict Pick,16:55 Cartmel,Halfway House Lad,2.88,,10,True
2026-06-28,Control: favourite,16:55 Cartmel,Halfway House Lad,2.88,,10,True
2026-06-28,Analyst Verdict Pick,17:03 Wolverhampton,Shalaa Asker,3.0,4.0,5,True
2026-06-28,Control: favourite,17:03 Wolverhampton,Level Up,2.5,2.0,5,True
2026-06-28,Analyst Verdict Pick,17:15 Curragh,King Of Earth,5.0,1.0,18,True
2026-06-28,Control: favourite,17:15 Curragh,King Of Earth,5.0,1.0,18,True
2026-06-28,Analyst Verdict Pick,17:20 Uttoxeter,Ocean Conquest,8.5,7.0,8,True
2026-06-28,Control: favourite,17:20 Uttoxeter,Kom Tu Voudras,3.0,6.0,8,True
2026-06-28,Analyst Verdict Pick,17:28 Cartmel,Zumbi,,,11,True
2026-06-28,Control: favourite,17:28 Cartmel,Ghasham,2.38,3.0,11,True
2026-06-28,Analyst Verdict Pick,17:37 Wolverhampton,Split Elevens,4.0,4.0,10,True
2026-06-28,Control: favourite,17:37 Wolverhampton,Split Elevens,4.0,4.0,10,True
2026-06-28,Analyst Verdict Pick,17:45 Curragh,In My Teens,10.0,1.0,14,True
2026-06-28,Control: favourite,17:45 Curragh,Obscenity,4.33,10.0,14,True
2026-06-29,Analyst Verdict Pick,14:10 Stratford-on-Avon,Tiny Riot,,,6,False
2026-06-29,Control: favourite,14:10 Stratford-on-Avon,Sudbury Hill,1.83,4.0,6,False
2026-06-29,Analyst Verdict Pick,14:22 Ffos Las,This Moment,3.25,2.0,7,False
2026-06-29,Control: favourite,14:22 Ffos Las,Soldier Of The Sea,2.5,1.0,7,False
2026-06-29,Analyst Verdict Pick,14:30 Pontefract,Ephron,3.75,7.0,8,True
2026-06-29,Control: favourite,14:30 Pontefract,Shimmering Sands,3.0,1.0,8,True
2026-06-29,Analyst Verdict Pick,14:40 Stratford-on-Avon,Playful Fox,3.75,1.0,6,True
2026-06-29,Control: favourite,14:40 Stratford-on-Avon,Juan Bermudez,3.0,4.0,6,True
2026-06-29,Analyst Verdict Pick,14:52 Ffos Las,Beelzebub,1.53,2.0,6,True
2026-06-29,Control: favourite,14:52 Ffos Las,Beelzebub,1.53,2.0,6,True
2026-06-29,Analyst Verdict Pick,15:00 Pontefract,Camelot Champion,3.5,5.0,5,False
2026-06-29,Control: favourite,15:00 Pontefract,Sea And Sun,2.5,2.0,5,False
2026-06-29,Analyst Verdict Pick,15:10 Stratford-on-Avon,A Little Something,2.0,,7,True
2026-06-29,Control: favourite,15:10 Stratford-on-Avon,A Little Something,2.0,,7,True
2026-06-29,Analyst Verdict Pick,15:22 Ffos Las,Rogue Enforcer,15.0,4.0,5,True
2026-06-29,Control: favourite,15:22 Ffos Las,Zighy,2.88,2.0,5,True
2026-06-29,Analyst Verdict Pick,15:30 Pontefract,Capichera,1.3,1.0,5,False
2026-06-29,Control: favourite,15:30 Pontefract,Capichera,1.3,1.0,5,False
2026-06-29,Analyst Verdict Pick,15:40 Stratford-on-Avon,Back To Cali,1.5,2.0,7,True
2026-06-29,Control: favourite,15:40 Stratford-on-Avon,Back To Cali,1.5,2.0,7,True
2026-06-29,Analyst Verdict Pick,15:52 Ffos Las,Norfolk Blue,3.5,5.0,7,True
2026-06-29,Control: favourite,15:52 Ffos Las,Norfolk Blue,3.5,5.0,7,True
2026-06-29,Analyst Verdict Pick,16:00 Pontefract,Sir Paul Ramsey,3.75,7.0,8,True
2026-06-29,Control: favourite,16:00 Pontefract,Sir Paul Ramsey,3.75,7.0,8,True
2026-06-29,Analyst Verdict Pick,16:10 Stratford-on-Avon,Nickelforce,2.2,2.0,4,True
2026-06-29,Control: favourite,16:10 Stratford-on-Avon,Nickelforce,2.2,2.0,4,True
2026-06-29,Analyst Verdict Pick,16:22 Ffos Las,Grey Soul,5.0,1.0,6,True
2026-06-29,Control: favourite,16:22 Ffos Las,Pulsar Star,3.0,6.0,6,True
2026-06-29,Analyst Verdict Pick,16:30 Pontefract,Dream Deal,5.0,2.0,8,True
2026-06-29,Control: favourite,16:30 Pontefract,Queen Sana,4.0,6.0,8,True
2026-06-29,Analyst Verdict Pick,16:40 Stratford-on-Avon,Callin Baton Rouge,4.33,10.0,14,True
2026-06-29,Control: favourite,16:40 Stratford-on-Avon,Best Night,4.0,3.0,14,True
2026-06-29,Analyst Verdict Pick,16:52 Ffos Las,Marquessofanglesey,3.25,5.0,5,False
2026-06-29,Control: favourite,16:52 Ffos Las,Round The Table,1.4,1.0,5,False
2026-06-29,Analyst Verdict Pick,17:00 Pontefract,Great Success,11.0,4.0,8,True
2026-06-29,Control: favourite,17:00 Pontefract,Ideal Guest,2.63,1.0,8,True
2026-06-29,Analyst Verdict Pick,17:22 Ffos Las,Captain Cairney,5.5,7.0,8,True
2026-06-29,Analyst Each-Way,17:22 Ffos Las,Ataturk,4.5,2.0,8,True
2026-06-29,Control: favourite,17:22 Ffos Las,Worlington,2.88,1.0,8,True
2026-06-29,Analyst Verdict Pick,17:30 Pontefract,Shark Two One,13.0,6.0,9,True
2026-06-29,Control: favourite,17:30 Pontefract,Far Ahead,3.0,2.0,9,True
2026-06-29,Analyst Verdict Pick,17:45 Kempton Park,Angel Of Heaven,3.75,7.0,11,False
2026-06-29,Control: favourite,17:45 Kempton Park,Angel Of Heaven,3.75,7.0,11,False
2026-06-29,Analyst Verdict Pick,18:00 Windsor,Sharp Move,,,9,False
2026-06-29,Control: favourite,18:00 Windsor,Tropbien,1.4,2.0,9,False
2026-06-29,Analyst Verdict Pick,18:15 Kempton Park,Duidin,1.25,1.0,10,False
2026-06-29,Control: favourite,18:15 Kempton Park,Duidin,1.25,1.0,10,False
2026-06-29,Analyst Verdict Pick,18:30 Windsor,Captaincy,1.57,1.0,11,False
2026-06-29,Control: favourite,18:30 Windsor,Captaincy,1.57,1.0,11,False
2026-06-29,Analyst Verdict Pick,18:45 Kempton Park,Box Clever,11.0,10.0,14,True
2026-06-29,Control: favourite,18:45 Kempton Park,Ironist,4.0,8.0,14,True
2026-06-29,Analyst Verdict Pick,19:00 Windsor,Divine Libra,,,11,True
2026-06-29,Control: favourite,19:00 Windsor,Fandom,3.25,4.0,11,True
2026-06-29,Analyst Verdict Pick,19:15 Kempton Park,Primal,1.4,4.0,11,False
2026-06-29,Control: favourite,19:15 Kempton Park,Primal,1.4,4.0,11,False
2026-06-29,Analyst Verdict Pick,19:30 Windsor,Harry Brown,7.0,10.0,13,True
2026-06-29,Control: favourite,19:30 Windsor,South Shore,2.88,1.0,13,True
2026-06-29,Analyst Verdict Pick,19:45 Kempton Park,Farasi Lane,15.0,5.0,14,True
2026-06-29,Control: favourite,19:45 Kempton Park,Revelance,2.88,7.0,14,True
2026-06-29,Analyst Verdict Pick,20:00 Windsor,A Taste of Glory,3.0,3.0,8,True
2026-06-29,Control: favourite,20:00 Windsor,A Taste of Glory,3.0,3.0,8,True
2026-06-29,Analyst Verdict Pick,20:15 Kempton Park,Fox Avatar,4.0,7.0,12,True
2026-06-29,Control: favourite,20:15 Kempton Park,Golden Horse,2.88,2.0,12,True
2026-06-29,Analyst Verdict Pick,20:30 Windsor,Aim For The Bull,4.6,1.0,13,True
2026-06-29,Control: favourite,20:30 Windsor,Galactic Glow,3.5,6.0,13,True
2026-06-29,Analyst Verdict Pick,20:45 Kempton Park,Balgowan,2.75,2.0,7,True
2026-06-29,Control: favourite,20:45 Kempton Park,Balgowan,2.75,2.0,7,True
2026-06-29,Analyst Verdict Pick,21:00 Windsor,Monsieur Patat,3.5,7.0,11,True
2026-06-29,Control: favourite,21:00 Windsor,Monsieur Patat,3.5,7.0,11,True
2026-06-30,Analyst Verdict Pick,14:00 Musselburgh,Perfidia,3.5,2.0,7,True
2026-06-30,Control: favourite,14:00 Musselburgh,Mayor Of Maghera,2.75,1.0,7,True
2026-06-30,Analyst Verdict Pick,14:07 Salisbury,Squadron,1.67,2.0,8,False
2026-06-30,Control: favourite,14:07 Salisbury,Squadron,1.67,2.0,8,False
2026-06-30,Analyst Verdict Pick,14:20 Wexford,Impero,4.33,5.0,6,False
2026-06-30,Control: favourite,14:20 Wexford,Nadia's Boy,3.75,3.0,6,False
2026-06-30,Analyst Verdict Pick,14:30 Musselburgh,Turnstile,1.4,3.0,7,False
2026-06-30,Control: favourite,14:30 Musselburgh,Turnstile,1.4,3.0,7,False
2026-06-30,Analyst Verdict Pick,14:37 Salisbury,King Of Stars,5.5,1.0,6,True
2026-06-30,Control: favourite,14:37 Salisbury,Silver Wraith,3.25,5.0,6,True
2026-06-30,Analyst Verdict Pick,14:43 Brighton,Big Time Rascal,5.5,1.0,12,False
2026-06-30,Control: favourite,14:43 Brighton,Valsharah,2.88,2.0,12,False
2026-06-30,Analyst Verdict Pick,14:50 Wexford,Trasna Na Pairce,9.5,7.0,13,True
2026-06-30,Control: favourite,14:50 Wexford,Party President,4.5,6.0,13,True
2026-06-30,Analyst Verdict Pick,15:00 Musselburgh,Haayimm,6.0,1.0,10,True
2026-06-30,Control: favourite,15:00 Musselburgh,High Degree,2.0,5.0,10,True
2026-06-30,Analyst Verdict Pick,15:07 Salisbury,Flying Pirate,3.25,3.0,11,False
2026-06-30,Control: favourite,15:07 Salisbury,Harry Knows,3.13,2.0,11,False
2026-06-30,Analyst Verdict Pick,15:13 Brighton,Rogue Dynasty,3.0,3.0,7,True
2026-06-30,Control: favourite,15:13 Brighton,King Of War,3.0,5.0,7,True
2026-06-30,Analyst Verdict Pick,15:20 Wexford,Ahellofaman,9.0,,14,True
2026-06-30,Control: favourite,15:20 Wexford,Sea Of Doubt,6.0,3.0,14,True
2026-06-30,Analyst Verdict Pick,15:30 Musselburgh,Willowinghurn,5.0,5.0,10,True
2026-06-30,Control: favourite,15:30 Musselburgh,Classy Clarets,3.0,1.0,10,True
2026-06-30,Analyst Verdict Pick,15:37 Salisbury,Another Abbot,4.5,7.0,7,True
2026-06-30,Control: favourite,15:37 Salisbury,Addison Grey,1.83,3.0,7,True
2026-06-30,Analyst Verdict Pick,15:43 Brighton,Denby's Dream,4.5,1.0,5,True
2026-06-30,Control: favourite,15:43 Brighton,Hove Ranger,2.63,3.0,5,True
2026-06-30,Analyst Verdict Pick,15:50 Wexford,Menas Miracle,6.5,,12,True
2026-06-30,Control: favourite,15:50 Wexford,Malton Groove,5.5,3.0,12,True
2026-06-30,Analyst Verdict Pick,16:00 Musselburgh,Native Instinct,3.5,1.0,8,True
2026-06-30,Control: favourite,16:00 Musselburgh,Son,2.75,4.0,8,True
2026-06-30,Analyst Verdict Pick,16:07 Salisbury,Storming Point,1.57,2.0,7,False
2026-06-30,Control: favourite,16:07 Salisbury,Storming Point,1.57,2.0,7,False
2026-06-30,Analyst Verdict Pick,16:13 Brighton,Bohemian Breeze,5.5,1.0,8,True
2026-06-30,Control: favourite,16:13 Brighton,Annexation,3.25,2.0,8,True
2026-06-30,Analyst Verdict Pick,16:20 Wexford,Farfromnowhere,2.38,5.0,8,False
2026-06-30,Control: favourite,16:20 Wexford,Farfromnowhere,2.38,5.0,8,False
2026-06-30,Analyst Verdict Pick,16:30 Musselburgh,Is She Now,2.25,1.0,6,True
2026-06-30,Control: favourite,16:30 Musselburgh,Is She Now,2.25,1.0,6,True
2026-06-30,Analyst Verdict Pick,16:37 Salisbury,Pearl River,2.2,2.0,3,True
2026-06-30,Control: favourite,16:37 Salisbury,Gone By,2.2,1.0,3,True
2026-06-30,Analyst Verdict Pick,16:43 Brighton,Havana Mojito,3.0,2.0,11,True
2026-06-30,Control: favourite,16:43 Brighton,Havana Mojito,3.0,2.0,11,True
2026-06-30,Analyst Verdict Pick,16:50 Wexford,In The Trenches,6.5,,14,False
2026-06-30,Control: favourite,16:50 Wexford,Rockonliam,2.0,1.0,14,False
2026-06-30,Analyst Verdict Pick,17:05 Musselburgh,Wee Mary,3.0,4.0,10,True
2026-06-30,Control: favourite,17:05 Musselburgh,Wee Mary,3.0,4.0,10,True
2026-06-30,Analyst Verdict Pick,17:10 Salisbury,Dark Sovereign,2.38,4.0,6,True
2026-06-30,Control: favourite,17:10 Salisbury,Dark Sovereign,2.38,4.0,6,True
2026-06-30,Control: favourite,17:15 Brighton,Norcross Brow,1.73,1.0,7,True
2026-06-30,Analyst Verdict Pick,17:20 Wexford,Chichester Park,4.0,6.0,10,False
2026-06-30,Control: favourite,17:20 Wexford,Garnacho,3.75,1.0,10,False
2026-06-30,Analyst Verdict Pick,17:30 Roscommon,Ballyskeagh,5.0,5.0,16,False
2026-06-30,Control: favourite,17:30 Roscommon,Sea Of Rain,2.1,2.0,16,False
2026-06-30,Analyst Verdict Pick,18:00 Roscommon,Elusive Echo,3.0,1.0,14,False
2026-06-30,Control: favourite,18:00 Roscommon,Elusive Echo,3.0,1.0,14,False
2026-06-30,Analyst Verdict Pick,18:09 Ffos Las,Mother Dear,2.2,5.0,8,False
2026-06-30,Control: favourite,18:09 Ffos Las,Egyptian Pharaoh,2.2,1.0,8,False
2026-06-30,Analyst Verdict Pick,18:18 Stratford-on-Avon,Tellherthename,1.29,2.0,3,True
2026-06-30,Control: favourite,18:18 Stratford-on-Avon,Tellherthename,1.29,2.0,3,True
2026-06-30,Analyst Verdict Pick,18:30 Roscommon,Toy Soldier,4.0,2.0,15,True
2026-06-30,Control: favourite,18:30 Roscommon,Toy Soldier,4.0,2.0,15,True
2026-06-30,Analyst Verdict Pick,18:39 Ffos Las,Kino Plasmat,3.25,4.0,8,False
2026-06-30,Control: favourite,18:39 Ffos Las,Dark Whisper,2.75,1.0,8,False
2026-06-30,Analyst Verdict Pick,18:48 Stratford-on-Avon,Square D'alboni,2.1,1.0,8,False
2026-06-30,Control: favourite,18:48 Stratford-on-Avon,Square D'alboni,2.1,1.0,8,False
2026-06-30,Analyst Verdict Pick,19:00 Roscommon,Nermal,3.5,1.0,10,True
2026-06-30,Control: favourite,19:00 Roscommon,Nermal,3.5,1.0,10,True
2026-06-30,Analyst Verdict Pick,19:09 Ffos Las,Spirited Dancer,3.5,8.0,9,False
2026-06-30,Control: favourite,19:09 Ffos Las,King of The Dance,2.5,2.0,9,False
2026-06-30,Analyst Verdict Pick,19:18 Stratford-on-Avon,Snatch A Glance,4.5,4.0,8,True
2026-06-30,Control: favourite,19:18 Stratford-on-Avon,Tyson,2.5,2.0,8,True
2026-06-30,Analyst Verdict Pick,19:30 Roscommon,Amplitude,5.0,4.0,13,True
2026-06-30,Control: favourite,19:30 Roscommon,Amplitude,5.0,4.0,13,True
2026-06-30,Analyst Verdict Pick,19:39 Ffos Las,Dappled Light,3.5,2.0,9,True
2026-06-30,Control: favourite,19:39 Ffos Las,Dappled Light,3.5,2.0,9,True
2026-06-30,Analyst Verdict Pick,19:48 Stratford-on-Avon,Stellarmasterpiece,5.0,1.0,10,True
2026-06-30,Control: favourite,19:48 Stratford-on-Avon,Katzoff,3.5,,10,True
2026-06-30,Analyst Verdict Pick,20:00 Roscommon,Chally Chute,6.0,5.0,8,False
2026-06-30,Control: favourite,20:00 Roscommon,Starford,1.91,3.0,8,False
2026-06-30,Analyst Verdict Pick,20:09 Ffos Las,Tanaka,11.0,7.0,7,True
2026-06-30,Control: favourite,20:09 Ffos Las,Forever Glamorous,2.5,1.0,7,True
2026-06-30,Analyst Verdict Pick,20:18 Stratford-on-Avon,Thickthorn Tom,,,6,True
2026-06-30,Control: favourite,20:18 Stratford-on-Avon,Glenmalure Flyer,2.38,3.0,6,True
2026-06-30,Analyst Verdict Pick,20:30 Roscommon,Ashikita,2.88,1.0,16,False
2026-06-30,Control: favourite,20:30 Roscommon,Ashikita,2.88,1.0,16,False
2026-06-30,Analyst Verdict Pick,20:39 Ffos Las,Simiyann,4.0,4.0,11,True
2026-06-30,Control: favourite,20:39 Ffos Las,Bulldog Spirit,2.63,5.0,11,True
2026-06-30,Analyst Verdict Pick,20:48 Stratford-on-Avon,Redbarn,1.91,2.0,7,False
2026-06-30,Control: favourite,20:48 Stratford-on-Avon,Redbarn,1.91,2.0,7,False
2026-07-01,Analyst Verdict Pick,13:08 Thirsk,Kodiak Breeze,2.5,1.0,12,False
2026-07-01,Control: favourite,13:08 Thirsk,Possessive,1.83,3.0,12,False
2026-07-01,Analyst Verdict Pick,13:20 Worcester,Yes Day,10.0,3.0,11,True
2026-07-01,Control: favourite,13:20 Worcester,Pike Road,4.33,7.0,11,True
2026-07-01,Analyst Verdict Pick,13:38 Thirsk,Arapaho Gold,1.22,1.0,11,False
2026-07-01,Control: favourite,13:38 Thirsk,Arapaho Gold,1.22,1.0,11,False
2026-07-01,Analyst Verdict Pick,13:50 Worcester,Knightsbridge,2.88,1.0,10,True
2026-07-01,Control: favourite,13:50 Worcester,Knightsbridge,2.88,1.0,10,True
2026-07-01,Analyst Verdict Pick,14:08 Thirsk,Lord D'or,1.91,2.0,10,False
2026-07-01,Control: favourite,14:08 Thirsk,Lord D'or,1.91,2.0,10,False
2026-07-01,Analyst Verdict Pick,14:20 Worcester,Turpin Gold,4.5,4.0,10,True
2026-07-01,Control: favourite,14:20 Worcester,Greer Hill,4.33,5.0,10,True
2026-07-01,Analyst Verdict Pick,14:40 Thirsk,Barmyblade,10.0,1.0,19,True
2026-07-01,Control: favourite,14:40 Thirsk,Dolly's Delight,5.0,5.0,19,True
2026-07-01,Analyst Verdict Pick,14:50 Worcester,Trouville,1.73,1.0,11,False
2026-07-01,Control: favourite,14:50 Worcester,Trouville,1.73,1.0,11,False
2026-07-01,Analyst Verdict Pick,15:10 Thirsk,Simba's Pride,4.33,3.0,12,True
2026-07-01,Control: favourite,15:10 Thirsk,Simba's Pride,4.33,3.0,12,True
2026-07-01,Analyst Verdict Pick,15:25 Worcester,Dunstall Star,4.5,5.0,12,False
2026-07-01,Control: favourite,15:25 Worcester,Purple Owl,2.2,4.0,12,False
2026-07-01,Analyst Verdict Pick,15:40 Thirsk,Temple,3.25,3.0,5,True
2026-07-01,Control: favourite,15:40 Thirsk,York Tower,3.0,5.0,5,True
2026-07-01,Analyst Verdict Pick,15:55 Worcester,Phantom Gold,2.25,2.0,10,True
2026-07-01,Control: favourite,15:55 Worcester,Phantom Gold,2.25,2.0,10,True
2026-07-01,Analyst Verdict Pick,16:10 Thirsk,Indian Run,5.5,1.0,11,True
2026-07-01,Control: favourite,16:10 Thirsk,Indian Run,5.5,1.0,11,True
2026-07-01,Analyst Verdict Pick,16:25 Worcester,Karthala,5.0,4.0,11,True
2026-07-01,Control: favourite,16:25 Worcester,Locked Down Lad,4.5,6.0,11,True
2026-07-01,Analyst Verdict Pick,16:40 Thirsk,Al Muqdad,,,14,True
2026-07-01,Control: favourite,16:40 Thirsk,Tattie Bogle,4.0,2.0,14,True
2026-07-01,Analyst Verdict Pick,16:55 Worcester,Iamyouare,3.75,,10,True
2026-07-01,Control: favourite,16:55 Worcester,Iamyouare,3.75,,10,True
2026-07-01,Analyst Verdict Pick,17:05 Fairyhouse,Scandi Noir,2.0,4.0,9,False
2026-07-01,Control: favourite,17:05 Fairyhouse,Scandi Noir,2.0,4.0,9,False
2026-07-01,Analyst Verdict Pick,17:20 Epsom Downs,Hello Cotai,5.0,3.0,9,True
2026-07-01,Control: favourite,17:20 Epsom Downs,Imperial Cult,3.25,4.0,9,True
2026-07-01,Analyst Verdict Pick,17:40 Fairyhouse,Rosato,,,18,True
2026-07-01,Control: favourite,17:40 Fairyhouse,Jackandthefox,5.0,4.0,18,True
2026-07-01,Analyst Verdict Pick,17:50 Epsom Downs,Shemiyla Star,3.25,4.0,8,False
2026-07-01,Control: favourite,17:50 Epsom Downs,Shemiyla Star,3.25,4.0,8,False
2026-07-01,Analyst Verdict Pick,17:58 Bath,Reality Queen,2.75,1.0,5,True
2026-07-01,Control: favourite,17:58 Bath,Reality Queen,2.75,1.0,5,True
2026-07-01,Analyst Verdict Pick,18:10 Fairyhouse,Treasure Rose,6.5,1.0,11,True
2026-07-01,Control: favourite,18:10 Fairyhouse,Glory To Be,6.0,2.0,11,True
2026-07-01,Analyst Verdict Pick,18:22 Epsom Downs,Dream Composer,8.5,5.0,8,True
2026-07-01,Control: favourite,18:22 Epsom Downs,Amazing Journey,2.5,2.0,8,True
2026-07-01,Analyst Verdict Pick,18:33 Bath,Angel Ang,3.25,10.0,12,False
2026-07-01,Control: favourite,18:33 Bath,Theheatison,3.0,1.0,12,False
2026-07-01,Analyst Verdict Pick,18:45 Fairyhouse,Jasmine Affanalis,10.0,10.0,20,True
2026-07-01,Control: favourite,18:45 Fairyhouse,Minaun View,5.0,8.0,20,True
2026-07-01,Analyst Verdict Pick,18:57 Epsom Downs,Alma Latina,2.63,3.0,10,True
2026-07-01,Control: favourite,18:57 Epsom Downs,Alma Latina,2.63,3.0,10,True
2026-07-01,Analyst Verdict Pick,19:08 Bath,Southbank,4.5,3.0,8,True
2026-07-01,Control: favourite,19:08 Bath,Neptune Legend,1.73,1.0,8,True
2026-07-01,Analyst Verdict Pick,19:20 Fairyhouse,Cisterna,8.5,5.0,15,True
2026-07-01,Control: favourite,19:20 Fairyhouse,Fortuity,5.0,4.0,15,True
2026-07-01,Analyst Verdict Pick,19:32 Epsom Downs,Sarangpur,1.53,1.0,10,True
2026-07-01,Control: favourite,19:32 Epsom Downs,Sarangpur,1.53,1.0,10,True
2026-07-01,Analyst Verdict Pick,19:43 Bath,Knightmare,4.0,2.0,13,False
2026-07-01,Control: favourite,19:43 Bath,Knightmare,4.0,2.0,13,False
2026-07-01,Analyst Verdict Pick,19:55 Fairyhouse,Bella Colombia,4.0,2.0,13,True
2026-07-01,Control: favourite,19:55 Fairyhouse,Bella Colombia,4.0,2.0,13,True
2026-07-01,Analyst Verdict Pick,20:07 Epsom Downs,Naranka,5.0,1.0,9,True
2026-07-01,Control: favourite,20:07 Epsom Downs,Just Adair,2.63,2.0,9,True
2026-07-01,Analyst Verdict Pick,20:18 Bath,Swiped,1.8,2.0,7,True
2026-07-01,Control: favourite,20:18 Bath,Swiped,1.8,2.0,7,True
2026-07-01,Analyst Verdict Pick,20:30 Fairyhouse,Pleased,2.63,4.0,13,False
2026-07-01,Control: favourite,20:30 Fairyhouse,Vanir,2.1,1.0,13,False
2026-07-01,Analyst Verdict Pick,20:42 Epsom Downs,Mission Command,8.0,7.0,10,True
2026-07-01,Control: favourite,20:42 Epsom Downs,Musical Angel,6.0,6.0,10,True
2026-07-01,Analyst Verdict Pick,20:53 Bath,Campeona,2.38,2.0,7,True
2026-07-01,Control: favourite,20:53 Bath,Campeona,2.38,2.0,7,True
2026-07-02,Analyst Verdict Pick,14:00 Nottingham,Innichen,3.5,1.0,8,False
2026-07-02,Control: favourite,14:00 Nottingham,Innichen,3.5,1.0,8,False
2026-07-02,Analyst Verdict Pick,14:18 Perth,Liberty Coach,3.5,3.0,11,False
2026-07-02,Control: favourite,14:18 Perth,Scriabin,2.1,1.0,11,False
2026-07-02,Analyst Verdict Pick,14:30 Nottingham,Chiwara,3.75,6.0,6,False
2026-07-02,Control: favourite,14:30 Nottingham,Bearly Blue,3.75,5.0,6,False
2026-07-02,Analyst Verdict Pick,14:39 Yarmouth,The Ubermensch,2.5,1.0,4,True
2026-07-02,Control: favourite,14:39 Yarmouth,The Ubermensch,2.5,1.0,4,True
2026-07-02,Analyst Verdict Pick,14:48 Perth,Ravenscraig Castle,3.0,2.0,6,True
2026-07-02,Control: favourite,14:48 Perth,Ravenscraig Castle,3.0,2.0,6,True
2026-07-02,Analyst Verdict Pick,15:00 Nottingham,Wait Geordie,6.0,7.0,7,False
2026-07-02,Control: favourite,15:00 Nottingham,Undercover Affair,3.5,3.0,7,False
2026-07-02,Analyst Verdict Pick,15:09 Yarmouth,Nabati,1.22,1.0,4,False
2026-07-02,Control: favourite,15:09 Yarmouth,Nabati,1.22,1.0,4,False
2026-07-02,Analyst Verdict Pick,15:18 Perth,Wasdell Dundalk,7.0,2.0,7,True
2026-07-02,Control: favourite,15:18 Perth,Gunnery Sergeant,2.75,5.0,7,True
2026-07-02,Analyst Verdict Pick,15:30 Nottingham,Liveinthelight,6.5,2.0,7,True
2026-07-02,Control: favourite,15:30 Nottingham,Al Maslool,1.8,3.0,7,True
2026-07-02,Analyst Verdict Pick,15:40 Yarmouth,Musical Times,1.2,1.0,5,False
2026-07-02,Control: favourite,15:40 Yarmouth,Musical Times,1.2,1.0,5,False
2026-07-02,Analyst Verdict Pick,15:50 Perth,Sonyourastar,5.5,4.0,11,True
2026-07-02,Control: favourite,15:50 Perth,Betteryouthanme,5.5,5.0,11,True
2026-07-02,Analyst Verdict Pick,16:05 Nottingham,Empirical,2.25,1.0,8,True
2026-07-02,Control: favourite,16:05 Nottingham,Empirical,2.25,1.0,8,True
2026-07-02,Analyst Verdict Pick,16:10 Limerick,Minella Rockett,2.1,1.0,10,False
2026-07-02,Control: favourite,16:10 Limerick,Minella Rockett,2.1,1.0,10,False
2026-07-02,Analyst Verdict Pick,16:15 Yarmouth,Kalamunda,3.25,5.0,6,True
2026-07-02,Control: favourite,16:15 Yarmouth,Great Mates,2.63,1.0,6,True
2026-07-02,Analyst Verdict Pick,16:25 Perth,The Flying Poet,2.25,1.0,7,True
2026-07-02,Control: favourite,16:25 Perth,The Flying Poet,2.25,1.0,7,True
2026-07-02,Analyst Verdict Pick,16:40 Nottingham,Wadacre Geisha,4.33,7.0,9,True
2026-07-02,Control: favourite,16:40 Nottingham,Mohmentous,3.25,3.0,9,True
2026-07-02,Analyst Verdict Pick,16:45 Limerick,Eastmore,1.91,1.0,12,True
2026-07-02,Control: favourite,16:45 Limerick,Eastmore,1.91,1.0,12,True
2026-07-02,Analyst Verdict Pick,16:50 Yarmouth,Midnight's Dream,4.0,3.0,7,True
2026-07-02,Control: favourite,16:50 Yarmouth,Campani,3.25,1.0,7,True
2026-07-02,Analyst Verdict Pick,16:55 Kempton Park,Stormy Music,12.0,6.0,10,False
2026-07-02,Control: favourite,16:55 Kempton Park,Veil Of Clouds,2.38,5.0,10,False
2026-07-02,Analyst Verdict Pick,17:00 Perth,Loro White,3.5,,10,True
2026-07-02,Analyst Each-Way,17:00 Perth,Creadan Grace,7.0,3.0,10,True
2026-07-02,Control: favourite,17:00 Perth,Loro White,3.5,,10,True
2026-07-02,Analyst Verdict Pick,17:10 Bellewstown,Party In Vegas,3.0,3.0,9,False
2026-07-02,Control: favourite,17:10 Bellewstown,Celtic Moon,3.0,1.0,9,False
2026-07-02,Analyst Verdict Pick,17:15 Nottingham,Winchurch,3.5,1.0,7,True
2026-07-02,Control: favourite,17:15 Nottingham,Winchurch,3.5,1.0,7,True
2026-07-02,Analyst Verdict Pick,17:20 Limerick,Daddy Long Legs,1.62,2.0,7,False
2026-07-02,Control: favourite,17:20 Limerick,Daddy Long Legs,1.62,2.0,7,False
2026-07-02,Analyst Verdict Pick,17:25 Yarmouth,Federal Envoy,2.38,6.0,9,True
2026-07-02,Control: favourite,17:25 Yarmouth,Federal Envoy,2.38,6.0,9,True
2026-07-02,Analyst Verdict Pick,17:33 Kempton Park,Gold Star Gazing,2.38,5.0,9,False
2026-07-02,Control: favourite,17:33 Kempton Park,Gold Star Gazing,2.38,5.0,9,False
2026-07-02,Analyst Verdict Pick,17:40 Bellewstown,Cause I Like You,6.0,2.0,15,True
2026-07-02,Control: favourite,17:40 Bellewstown,Dream Legend,5.5,1.0,15,True
2026-07-02,Analyst Verdict Pick,17:52 Limerick,Latopix,3.75,2.0,19,False
2026-07-02,Control: favourite,17:52 Limerick,Jack Owen Jack,3.13,,19,False
2026-07-02,Analyst Verdict Pick,18:03 Kempton Park,Indian Land,5.5,7.0,8,False
2026-07-02,Control: favourite,18:03 Kempton Park,Rhodes Runner,2.88,2.0,8,False
2026-07-02,Analyst Verdict Pick,18:10 Bellewstown,Dinamine,8.0,5.0,16,True
2026-07-02,Control: favourite,18:10 Bellewstown,Dynamic Force,5.0,4.0,16,True
2026-07-02,Analyst Verdict Pick,18:15 Newbury,Rossa Raheen,4.33,4.0,11,True
2026-07-02,Control: favourite,18:15 Newbury,Fanciulla Del West,4.0,10.0,11,True
2026-07-02,Analyst Verdict Pick,18:23 Limerick,Global Skies,3.0,1.0,15,True
2026-07-02,Control: favourite,18:23 Limerick,Global Skies,3.0,1.0,15,True
2026-07-02,Analyst Verdict Pick,18:33 Kempton Park,Maximising,5.0,2.0,10,True
2026-07-02,Control: favourite,18:33 Kempton Park,Grizedale,2.5,1.0,10,True
2026-07-02,Analyst Verdict Pick,18:41 Bellewstown,Hip Hop Chrissy,2.1,4.0,9,False
2026-07-02,Control: favourite,18:41 Bellewstown,Hip Hop Chrissy,2.1,4.0,9,False
2026-07-02,Analyst Verdict Pick,18:50 Newbury,Topaz,2.88,2.0,14,False
2026-07-02,Control: favourite,18:50 Newbury,Topaz,2.88,2.0,14,False
2026-07-02,Analyst Verdict Pick,18:58 Limerick,Stumblin In,5.5,10.0,19,True
2026-07-02,Control: favourite,18:58 Limerick,Illtakehimmyself,3.5,3.0,19,True
2026-07-02,Analyst Verdict Pick,19:08 Kempton Park,Zatsgood,2.75,3.0,10,True
2026-07-02,Control: favourite,19:08 Kempton Park,Zatsgood,2.75,3.0,10,True
2026-07-02,Analyst Verdict Pick,19:16 Bellewstown,Namiid,2.5,2.0,6,True
2026-07-02,Control: favourite,19:16 Bellewstown,Namiid,2.5,2.0,6,True
2026-07-02,Analyst Verdict Pick,19:25 Newbury,Alaskan Bear,1.67,1.0,11,False
2026-07-02,Control: favourite,19:25 Newbury,Alaskan Bear,1.67,1.0,11,False
2026-07-02,Analyst Verdict Pick,19:33 Limerick,Mickey Hulie,2.75,8.0,18,True
2026-07-02,Control: favourite,19:33 Limerick,Mickey Hulie,2.75,8.0,18,True
2026-07-02,Analyst Verdict Pick,19:43 Kempton Park,Tripoli Flyer,4.5,1.0,7,True
2026-07-02,Control: favourite,19:43 Kempton Park,Master Vintner,2.38,2.0,7,True
2026-07-02,Analyst Verdict Pick,19:51 Bellewstown,Kevin The Great,5.5,9.0,12,True
2026-07-02,Control: favourite,19:51 Bellewstown,Jurality,3.75,2.0,12,True
2026-07-02,Analyst Verdict Pick,20:00 Newbury,Kennington,6.5,10.0,15,True
2026-07-02,Control: favourite,20:00 Newbury,Best Rate,5.0,4.0,15,True
2026-07-02,Analyst Verdict Pick,20:08 Limerick,Bacharach,4.2,5.0,9,False
2026-07-02,Control: favourite,20:08 Limerick,Caislean Gear,3.25,4.0,9,False
2026-07-02,Analyst Verdict Pick,20:17 Kempton Park,Trinculo,3.5,5.0,12,True
2026-07-02,Control: favourite,20:17 Kempton Park,Trinculo,3.5,5.0,12,True
2026-07-02,Analyst Verdict Pick,20:23 Bellewstown,The Mediator,8.5,4.0,7,False
2026-07-02,Control: favourite,20:23 Bellewstown,Lark In The Mornin,1.67,1.0,7,False
2026-07-02,Analyst Verdict Pick,20:30 Newbury,Thanos,2.75,3.0,5,True
2026-07-02,Control: favourite,20:30 Newbury,Drymee,2.75,1.0,5,True
2026-07-02,Analyst Verdict Pick,20:53 Kempton Park,Brazen Idol,6.0,8.0,12,True
2026-07-02,Control: favourite,20:53 Kempton Park,Travel Agent,4.33,7.0,12,True
2026-07-02,Analyst Verdict Pick,21:00 Newbury,Faustus,3.75,6.0,9,True
2026-07-02,Control: favourite,21:00 Newbury,Just Jump,3.25,5.0,9,True
2026-07-03,Analyst Verdict Pick,13:50 Sandown Park,Comical Point,2.63,4.0,5,True
2026-07-03,Control: favourite,13:50 Sandown Park,Comical Point,2.63,4.0,5,True
2026-07-03,Analyst Verdict Pick,14:00 Doncaster,Jumeirah Storm,3.25,1.0,12,False
2026-07-03,Control: favourite,14:00 Doncaster,Jumeirah Storm,3.25,1.0,12,False
2026-07-03,Analyst Verdict Pick,14:10 Newton Abbot,Likewhatyousee,2.25,1.0,8,False
2026-07-03,Control: favourite,14:10 Newton Abbot,Likewhatyousee,2.25,1.0,8,False
2026-07-03,Analyst Verdict Pick,14:25 Sandown Park,Ronson,5.0,4.0,9,False
2026-07-03,Control: favourite,14:25 Sandown Park,A Bear Affair,5.0,2.0,9,False
2026-07-03,Analyst Verdict Pick,14:35 Doncaster,Tilani,3.13,8.0,9,True
2026-07-03,Control: favourite,14:35 Doncaster,Tilani,3.13,8.0,9,True
2026-07-03,Analyst Verdict Pick,14:45 Newton Abbot,Ask Peter,4.0,4.0,7,True
2026-07-03,Control: favourite,14:45 Newton Abbot,Kittys Glance,2.63,2.0,7,True
2026-07-03,Analyst Verdict Pick,15:00 Sandown Park,Cilician,4.33,2.0,12,False
2026-07-03,Control: favourite,15:00 Sandown Park,Encounter,2.75,6.0,12,False
2026-07-03,Analyst Verdict Pick,15:10 Doncaster,Paddy's Day,4.5,3.0,7,True
2026-07-03,Control: favourite,15:10 Doncaster,Dyonisos,4.0,1.0,7,True
2026-07-03,Analyst Verdict Pick,15:20 Newton Abbot,Miss Kassiopi,1.53,1.0,8,True
2026-07-03,Control: favourite,15:20 Newton Abbot,Miss Kassiopi,1.53,1.0,8,True
2026-07-03,Analyst Verdict Pick,15:35 Sandown Park,Sallaal,1.8,1.0,6,False
2026-07-03,Control: favourite,15:35 Sandown Park,Sallaal,1.8,1.0,6,False
2026-07-03,Analyst Verdict Pick,15:45 Doncaster,Redbud Sixteen,2.75,7.0,9,True
2026-07-03,Control: favourite,15:45 Doncaster,Redbud Sixteen,2.75,7.0,9,True
2026-07-03,Analyst Verdict Pick,15:55 Newton Abbot,Krak,2.75,4.0,4,True
2026-07-03,Control: favourite,15:55 Newton Abbot,Gore Point,2.5,1.0,4,True
2026-07-03,Analyst Verdict Pick,16:10 Sandown Park,Lazy Griff,1.57,1.0,5,False
2026-07-03,Control: favourite,16:10 Sandown Park,Lazy Griff,1.57,1.0,5,False
2026-07-03,Analyst Verdict Pick,16:20 Doncaster,Come On Over,3.5,1.0,9,True
2026-07-03,Control: favourite,16:20 Doncaster,Come On Over,3.5,1.0,9,True
2026-07-03,Analyst Verdict Pick,16:30 Newton Abbot,Emerald Time,4.0,3.0,5,True
2026-07-03,Control: favourite,16:30 Newton Abbot,Continuance,2.38,2.0,5,True
2026-07-03,Analyst Verdict Pick,16:37 Chepstow,Eloquencia,3.25,4.0,5,True
2026-07-03,Control: favourite,16:37 Chepstow,Last Verse,3.0,1.0,5,True
2026-07-03,Analyst Verdict Pick,16:42 Sandown Park,So Alex,3.75,5.0,8,True
2026-07-03,Control: favourite,16:42 Sandown Park,Minhad,3.5,4.0,8,True
2026-07-03,Analyst Verdict Pick,16:47 Wexford,Seven Towers,3.75,9.0,15,False
2026-07-03,Control: favourite,16:47 Wexford,Newbrook Diamond,3.75,1.0,15,False
2026-07-03,Analyst Verdict Pick,16:55 Doncaster,Eternal Sunshine,4.33,2.0,8,True
2026-07-03,Control: favourite,16:55 Doncaster,Eternal Sunshine,4.33,2.0,8,True
2026-07-03,Analyst Verdict Pick,17:00 Bellewstown,Gloriously Glam,5.0,2.0,16,False
2026-07-03,Control: favourite,17:00 Bellewstown,Gloriously Glam,5.0,2.0,16,False
2026-07-03,Analyst Verdict Pick,17:05 Newton Abbot,Longhouse Star,4.33,3.0,8,True
2026-07-03,Control: favourite,17:05 Newton Abbot,Radharc Na Slaine,2.75,,8,True
2026-07-03,Analyst Verdict Pick,17:10 Chepstow,Dance Time,,,6,True
2026-07-03,Control: favourite,17:10 Chepstow,Jindri,2.25,2.0,6,True
2026-07-03,Analyst Verdict Pick,17:15 Sandown Park,Ascending Star,3.0,3.0,11,True
2026-07-03,Control: favourite,17:15 Sandown Park,Ascending Star,3.0,3.0,11,True
2026-07-03,Analyst Verdict Pick,17:20 Wexford,You Done Well,3.5,3.0,14,True
2026-07-03,Control: favourite,17:20 Wexford,You Done Well,3.5,3.0,14,True
2026-07-03,Analyst Verdict Pick,17:30 Doncaster,Gunalt Wavelength,5.0,4.0,12,True
2026-07-03,Control: favourite,17:30 Doncaster,Seeing Stars,4.0,3.0,12,True
2026-07-03,Analyst Verdict Pick,17:35 Bellewstown,Kraar,4.5,5.0,10,False
2026-07-03,Control: favourite,17:35 Bellewstown,Full Volume,4.0,1.0,10,False
2026-07-03,Analyst Verdict Pick,17:43 Chepstow,Dr Strangelove,4.5,2.0,6,True
2026-07-03,Control: favourite,17:43 Chepstow,Supreme King,2.5,2.0,6,True
2026-07-03,Analyst Verdict Pick,17:50 Wexford,Hatfield Hammer,7.5,3.0,14,True
2026-07-03,Control: favourite,17:50 Wexford,Bossing It,3.75,8.0,14,True
2026-07-03,Analyst Verdict Pick,18:00 Beverley,Bruce Banner,5.5,4.0,5,True
2026-07-03,Control: favourite,18:00 Beverley,Sisterandbrother,2.0,1.0,5,True
2026-07-03,Analyst Verdict Pick,18:07 Bellewstown,Bay Of Dreams,6.0,1.0,15,True
2026-07-03,Control: favourite,18:07 Bellewstown,Bucaneer's Spirit,5.5,2.0,15,True
2026-07-03,Analyst Verdict Pick,18:15 Chepstow,Fractional,1.33,3.0,7,False
2026-07-03,Control: favourite,18:15 Chepstow,Fractional,1.33,3.0,7,False
2026-07-03,Analyst Verdict Pick,18:20 Wexford,Doctor Elvis,1.53,,14,False
2026-07-03,Control: favourite,18:20 Wexford,Doctor Elvis,1.53,,14,False
2026-07-03,Analyst Verdict Pick,18:30 Beverley,Nightbloom,4.0,6.0,8,False
2026-07-03,Control: favourite,18:30 Beverley,Nightbloom,4.0,6.0,8,False
2026-07-03,Analyst Verdict Pick,18:37 Bellewstown,Bold Commander,3.0,2.0,8,False
2026-07-03,Control: favourite,18:37 Bellewstown,April Mist,2.38,1.0,8,False
2026-07-03,Analyst Verdict Pick,18:45 Chepstow,Darkened Edge,2.5,1.0,8,False
2026-07-03,Control: favourite,18:45 Chepstow,Darkened Edge,2.5,1.0,8,False
2026-07-03,Analyst Verdict Pick,18:52 Wexford,Eclipse Chaser,5.5,8.0,11,False
2026-07-03,Control: favourite,18:52 Wexford,Pinot Gris,3.5,1.0,11,False
2026-07-03,Analyst Verdict Pick,19:02 Beverley,Elegant Erin,6.5,3.0,9,True
2026-07-03,Control: favourite,19:02 Beverley,I'm Next,3.0,1.0,9,True
2026-07-03,Analyst Verdict Pick,19:10 Bellewstown,Ennoble,5.0,5.0,8,False
2026-07-03,Control: favourite,19:10 Bellewstown,Sparky Sparky,2.88,2.0,8,False
2026-07-03,Analyst Verdict Pick,19:18 Chepstow,Buckland Belle,2.25,2.0,8,True
2026-07-03,Control: favourite,19:18 Chepstow,Buckland Belle,2.25,2.0,8,True
2026-07-03,Analyst Verdict Pick,19:25 Wexford,Nouvotic,2.63,2.0,12,True
2026-07-03,Control: favourite,19:25 Wexford,Nouvotic,2.63,2.0,12,True
2026-07-03,Analyst Verdict Pick,19:35 Beverley,Nepal,,,4,False
2026-07-03,Control: favourite,19:35 Beverley,Midnight Strike,1.62,1.0,4,False
2026-07-03,Analyst Verdict Pick,19:44 Bellewstown,Viamonte,17.0,4.0,14,True
2026-07-03,Control: favourite,19:44 Bellewstown,Happy Henry,5.0,1.0,14,True
2026-07-03,Analyst Verdict Pick,19:53 Chepstow,Moscow Power,2.38,7.0,8,True
2026-07-03,Control: favourite,19:53 Chepstow,Moscow Power,2.38,7.0,8,True
2026-07-03,Analyst Verdict Pick,20:00 Wexford,Giant Haystacks,3.5,1.0,16,True
2026-07-03,Control: favourite,20:00 Wexford,Giant Haystacks,3.5,1.0,16,True
2026-07-03,Analyst Verdict Pick,20:10 Beverley,Hatamoto,1.83,1.0,8,True
2026-07-03,Control: favourite,20:10 Beverley,Hatamoto,1.83,1.0,8,True
2026-07-03,Analyst Verdict Pick,20:17 Bellewstown,Sir Trancealot,4.5,5.0,17,True
2026-07-03,Control: favourite,20:17 Bellewstown,Sir Trancealot,4.5,5.0,17,True
2026-07-03,Analyst Verdict Pick,20:30 Wexford,Cotswold Blue,3.25,2.0,14,False
2026-07-03,Control: favourite,20:30 Wexford,Cotswold Blue,3.25,2.0,14,False
2026-07-03,Analyst Verdict Pick,20:40 Beverley,King Sharja,15.0,10.0,11,True
2026-07-03,Control: favourite,20:40 Beverley,The Sweet Escape,4.5,1.0,11,True
2026-07-04,Analyst Verdict Pick,13:22 Naas,Concorde Landed,2.63,1.0,8,False
2026-07-04,Control: favourite,13:22 Naas,Concorde Landed,2.63,1.0,8,False
2026-07-04,Analyst Verdict Pick,13:30 Newmarket,Percy's Star,9.5,6.0,8,True
2026-07-04,Control: favourite,13:30 Newmarket,Mighty Magnus,2.88,3.0,8,True
2026-07-04,Analyst Verdict Pick,13:50 Sandown Park,Asfoora,3.25,9.0,10,False
2026-07-04,Control: favourite,13:50 Sandown Park,Asfoora,3.25,9.0,10,False
2026-07-04,Analyst Verdict Pick,13:57 Naas,Keke,2.2,1.0,5,False
2026-07-04,Control: favourite,13:57 Naas,Keke,2.2,1.0,5,False
2026-07-04,Analyst Verdict Pick,14:05 Newmarket,Arc Ole Ole,3.5,4.0,7,True
2026-07-04,Control: favourite,14:05 Newmarket,Arc Ole Ole,3.5,4.0,7,True
2026-07-04,Analyst Verdict Pick,14:11 Leicester,Havana Gift,,,11,False
2026-07-04,Control: favourite,14:11 Leicester,Turnstile,3.0,7.0,11,False
2026-07-04,Analyst Verdict Pick,14:17 Beverley,Nightbloom,,,10,False
2026-07-04,Control: favourite,14:17 Beverley,Palm Reader,3.5,1.0,10,False
2026-07-04,Analyst Verdict Pick,14:25 Sandown Park,Tribal Chief,5.0,6.0,17,True
2026-07-04,Control: favourite,14:25 Sandown Park,Indalo,3.25,1.0,17,True
2026-07-04,Analyst Verdict Pick,14:33 Naas,Carry The Flag,2.1,1.0,10,False
2026-07-04,Control: favourite,14:33 Naas,Carry The Flag,2.1,1.0,10,False
2026-07-04,Analyst Verdict Pick,14:40 Newmarket,Tiffany,2.25,2.0,9,False
2026-07-04,Control: favourite,14:40 Newmarket,Tiffany,2.25,2.0,9,False
2026-07-04,Analyst Verdict Pick,14:46 Leicester,Anyasi,1.3,1.0,7,False
2026-07-04,Control: favourite,14:46 Leicester,Anyasi,1.3,1.0,7,False
2026-07-04,Analyst Verdict Pick,14:52 Beverley,Rosberg,3.0,1.0,6,False
2026-07-04,Control: favourite,14:52 Beverley,High Hazard,3.0,3.0,6,False
2026-07-04,Analyst Verdict Pick,15:00 Sandown Park,Secret Of Life,3.0,1.0,9,False
2026-07-04,Control: favourite,15:00 Sandown Park,Secret Of Life,3.0,1.0,9,False
2026-07-04,Analyst Verdict Pick,15:08 Naas,Arctic Steps,6.5,8.0,13,True
2026-07-04,Control: favourite,15:08 Naas,Tawaazon,4.5,5.0,13,True
2026-07-04,Analyst Verdict Pick,15:15 Newmarket,Klassleader,2.2,7.0,12,True
2026-07-04,Control: favourite,15:15 Newmarket,Klassleader,2.2,7.0,12,True
2026-07-04,Analyst Verdict Pick,15:20 Leicester,A Daughters Love,3.0,1.0,10,True
2026-07-04,Control: favourite,15:20 Leicester,A Daughters Love,3.0,1.0,10,True
2026-07-04,Analyst Verdict Pick,15:24 Beverley,Emerald Bay,2.1,1.0,5,False
2026-07-04,Control: favourite,15:24 Beverley,Emerald Bay,2.1,1.0,5,False
2026-07-04,Analyst Verdict Pick,15:35 Sandown Park,Constitution River,1.73,1.0,7,False
2026-07-04,Control: favourite,15:35 Sandown Park,Constitution River,1.73,1.0,7,False
2026-07-04,Analyst Verdict Pick,15:44 Naas,Florida Bay,1.67,4.0,8,False
2026-07-04,Control: favourite,15:44 Naas,Florida Bay,1.67,4.0,8,False
2026-07-04,Analyst Verdict Pick,15:50 Newmarket,Rajaking,5.0,3.0,10,True
2026-07-04,Control: favourite,15:50 Newmarket,Jonny Concrete,4.33,4.0,10,True
2026-07-04,Analyst Verdict Pick,15:56 Leicester,Q T Pie,8.5,9.0,11,True
2026-07-04,Control: favourite,15:56 Leicester,Spacewoman,5.0,3.0,11,True
2026-07-04,Analyst Verdict Pick,16:02 Beverley,Al Aasy,1.44,1.0,6,False
2026-07-04,Control: favourite,16:02 Beverley,Al Aasy,1.44,1.0,6,False
2026-07-04,Analyst Verdict Pick,16:10 Sandown Park,Spirit Of Saxony,3.25,4.0,6,True
2026-07-04,Control: favourite,16:10 Sandown Park,King's Cavalry,2.75,6.0,6,True
2026-07-04,Analyst Verdict Pick,16:18 Naas,Serendipia,15.0,4.0,8,False
2026-07-04,Control: favourite,16:18 Naas,Mai Dahlia,1.8,1.0,8,False
2026-07-04,Analyst Verdict Pick,16:25 Newmarket,Silver Ghost,4.33,10.0,10,True
2026-07-04,Control: favourite,16:25 Newmarket,Royal Zabeel,4.33,1.0,10,True
2026-07-04,Analyst Verdict Pick,16:30 Leicester,Frantic,3.0,5.0,7,True
2026-07-04,Control: favourite,16:30 Leicester,Frantic,3.0,5.0,7,True
2026-07-04,Analyst Verdict Pick,16:35 Beverley,Sandy Craic,3.75,2.0,10,True
2026-07-04,Control: favourite,16:35 Beverley,Sandy Craic,3.75,2.0,10,True
2026-07-04,Analyst Verdict Pick,16:47 Sandown Park,Bridge Of Eagles,4.33,3.0,8,True
2026-07-04,Control: favourite,16:47 Sandown Park,Bridge Of Eagles,4.33,3.0,8,True
2026-07-04,Analyst Verdict Pick,16:53 Naas,Point Cartwright,3.75,3.0,17,True
2026-07-04,Control: favourite,16:53 Naas,Point Cartwright,3.75,3.0,17,True
2026-07-04,Analyst Verdict Pick,17:00 Newmarket,I'll Be Back,,,7,True
2026-07-04,Control: favourite,17:00 Newmarket,Ironwill,3.0,1.0,7,True
2026-07-04,Analyst Verdict Pick,17:05 Leicester,Aurelune,11.0,3.0,9,True
2026-07-04,Control: favourite,17:05 Leicester,Little Ted,2.38,2.0,9,True
2026-07-04,Analyst Verdict Pick,17:10 Beverley,It Just Takes Time,3.25,3.0,8,True
2026-07-04,Control: favourite,17:10 Beverley,It Just Takes Time,3.25,3.0,8,True
2026-07-04,Analyst Verdict Pick,17:15 Bellewstown,Beauvallon,1.73,2.0,8,False
2026-07-04,Control: favourite,17:15 Bellewstown,Beauvallon,1.73,2.0,8,False
2026-07-04,Analyst Verdict Pick,17:22 Sandown Park,Point Of Contact,3.0,8.0,10,True
2026-07-04,Control: favourite,17:22 Sandown Park,Point Of Contact,3.0,8.0,10,True
2026-07-04,Analyst Verdict Pick,17:30 Naas,Ocean's Breath,1.62,3.0,6,False
2026-07-04,Control: favourite,17:30 Naas,Ocean's Breath,1.62,3.0,6,False
2026-07-04,Analyst Verdict Pick,17:35 Leicester,Melissa Honey,1.8,1.0,7,True
2026-07-04,Control: favourite,17:35 Leicester,Melissa Honey,1.8,1.0,7,True
2026-07-04,Analyst Verdict Pick,17:40 Beverley,Battenburg Belle,4.0,5.0,7,True
2026-07-04,Control: favourite,17:40 Beverley,Hood Wink,3.5,4.0,7,True
2026-07-04,Analyst Verdict Pick,17:48 Bellewstown,Press The Button,4.0,10.0,16,False
2026-07-04,Control: favourite,17:48 Bellewstown,Kasper Hauser,3.5,3.0,16,False
2026-07-04,Analyst Verdict Pick,18:00 Nottingham,Glamorize,2.1,1.0,5,False
2026-07-04,Control: favourite,18:00 Nottingham,Cosmic Mystery,1.91,2.0,5,False
2026-07-04,Analyst Verdict Pick,18:09 Carlisle,Financer,3.5,2.0,9,True
2026-07-04,Control: favourite,18:09 Carlisle,Financer,3.5,2.0,9,True
2026-07-04,Analyst Verdict Pick,18:18 Bellewstown,Fiver Friday,7.0,10.0,16,True
2026-07-04,Control: favourite,18:18 Bellewstown,Putapoundinthejar,5.0,1.0,16,True
2026-07-04,Analyst Verdict Pick,18:30 Nottingham,Court Alert,3.25,3.0,9,False
2026-07-04,Control: favourite,18:30 Nottingham,Court Alert,3.25,3.0,9,False
2026-07-04,Analyst Verdict Pick,18:39 Carlisle,Mertoun,1.67,1.0,10,True
2026-07-04,Control: favourite,18:39 Carlisle,Mertoun,1.67,1.0,10,True
2026-07-04,Analyst Verdict Pick,18:48 Bellewstown,Jo's Secret,2.5,,16,False
2026-07-04,Control: favourite,18:48 Bellewstown,Jo's Secret,2.5,,16,False
2026-07-04,Analyst Verdict Pick,19:00 Nottingham,Acclaimed Freedom,3.5,4.0,8,True
2026-07-04,Control: favourite,19:00 Nottingham,Emperor Caradoc,2.75,2.0,8,True
2026-07-04,Analyst Verdict Pick,19:09 Carlisle,Barley,6.0,3.0,7,True
2026-07-04,Control: favourite,19:09 Carlisle,Inspired,2.2,2.0,7,True
2026-07-04,Control: favourite,19:18 Bellewstown,Georginas Jet,5.0,4.0,17,True
2026-07-04,Analyst Verdict Pick,19:30 Nottingham,Jack Langley,1.91,2.0,6,True
2026-07-04,Control: favourite,19:30 Nottingham,Jack Langley,1.91,2.0,6,True
2026-07-04,Analyst Verdict Pick,19:39 Carlisle,Covert Legend,2.1,4.0,5,True
2026-07-04,Control: favourite,19:39 Carlisle,Covert Legend,2.1,4.0,5,True
2026-07-04,Analyst Verdict Pick,19:48 Bellewstown,Whatsavailable,23.0,9.0,16,True
2026-07-04,Control: favourite,19:48 Bellewstown,Accustomed,5.5,1.0,16,True
2026-07-04,Analyst Verdict Pick,20:00 Nottingham,Celestias Comet,2.88,1.0,6,True
2026-07-04,Control: favourite,20:00 Nottingham,Celestias Comet,2.88,1.0,6,True
2026-07-04,Analyst Verdict Pick,20:09 Carlisle,Laravie,2.38,2.0,6,True
2026-07-04,Control: favourite,20:09 Carlisle,Laravie,2.38,2.0,6,True
2026-07-04,Analyst Verdict Pick,20:18 Bellewstown,Sir Vinny,5.0,2.0,16,False
2026-07-04,Control: favourite,20:18 Bellewstown,Kingside Lady,4.0,10.0,16,False
2026-07-04,Analyst Verdict Pick,20:30 Nottingham,Regulus Black,1.73,2.0,7,True
2026-07-04,Control: favourite,20:30 Nottingham,Regulus Black,1.73,2.0,7,True
2026-07-04,Analyst Verdict Pick,20:39 Carlisle,Invincible Ruby,5.0,1.0,9,True
2026-07-04,Control: favourite,20:39 Carlisle,Another Investment,3.5,2.0,9,True
2026-07-04,Analyst Verdict Pick,21:00 Nottingham,Time Turner,7.5,5.0,8,True
2026-07-04,Control: favourite,21:00 Nottingham,Holly Mist,3.25,6.0,8,True
2026-07-05,Analyst Verdict Pick,13:50 Market Rasen,Oneinthewell,4.33,2.0,8,True
2026-07-05,Control: favourite,13:50 Market Rasen,Lakefield Flyer,3.75,3.0,8,True
2026-07-05,Analyst Verdict Pick,14:02 Southwell,Lillie Margot,10.0,3.0,14,True
2026-07-05,Control: favourite,14:02 Southwell,Kalokalo,4.0,1.0,14,True
2026-07-05,Analyst Verdict Pick,14:11 Ayr,Woohoo,4.5,2.0,7,True
2026-07-05,Control: favourite,14:11 Ayr,Our Absent Friends,3.5,7.0,7,True
2026-07-05,Analyst Verdict Pick,14:20 Market Rasen,Way Maker,1.83,3.0,7,False
2026-07-05,Control: favourite,14:20 Market Rasen,Way Maker,1.83,3.0,7,False
2026-07-05,Analyst Verdict Pick,14:32 Southwell,Onemorenomore,4.0,3.0,10,True
2026-07-05,Control: favourite,14:32 Southwell,Onemorenomore,4.0,3.0,10,True
2026-07-05,Analyst Verdict Pick,14:41 Ayr,Conciliate,3.25,1.0,4,False
2026-07-05,Control: favourite,14:41 Ayr,Instant Force,1.44,2.0,4,False
2026-07-05,Analyst Verdict Pick,14:50 Market Rasen,Diesel Line,5.5,7.0,7,True
2026-07-05,Control: favourite,14:50 Market Rasen,Fidendum,2.88,1.0,7,True
2026-07-05,Analyst Verdict Pick,15:05 Southwell,Noble Guest,4.33,7.0,9,True
2026-07-05,Control: favourite,15:05 Southwell,King Of Fury,4.0,1.0,9,True
2026-07-05,Analyst Verdict Pick,15:15 Ayr,Altareq,3.25,1.0,10,True
2026-07-05,Control: favourite,15:15 Ayr,Altareq,3.25,1.0,10,True
2026-07-05,Analyst Verdict Pick,15:25 Market Rasen,Larkfield Lusive,9.5,10.0,12,True
2026-07-05,Control: favourite,15:25 Market Rasen,Copper Beach,4.5,9.0,12,True
2026-07-05,Analyst Verdict Pick,15:40 Southwell,Cixi,3.0,10.0,14,False
2026-07-05,Control: favourite,15:40 Southwell,Cixi,3.0,10.0,14,False
2026-07-05,Analyst Verdict Pick,15:50 Ayr,Langholm,8.0,4.0,12,False
2026-07-05,Control: favourite,15:50 Ayr,Approaching Dawn,3.75,1.0,12,False
2026-07-05,Analyst Verdict Pick,16:00 Market Rasen,Regal Renaissance,3.0,1.0,4,True
2026-07-05,Control: favourite,16:00 Market Rasen,Fringill Dike,1.83,2.0,4,True
2026-07-05,Analyst Verdict Pick,16:15 Southwell,Kylian,4.0,6.0,9,True
2026-07-05,Control: favourite,16:15 Southwell,Kylian,4.0,6.0,9,True
2026-07-05,Analyst Verdict Pick,16:25 Ayr,Zebra Star,6.5,9.0,10,True
2026-07-05,Control: favourite,16:25 Ayr,Recobella,4.5,1.0,10,True
2026-07-05,Analyst Verdict Pick,16:35 Market Rasen,Huckleberry Sting,4.0,1.0,9,True
2026-07-05,Control: favourite,16:35 Market Rasen,Galway Reel,3.75,2.0,9,True
2026-07-05,Analyst Verdict Pick,16:50 Southwell,Tripoli Flyer,,,8,True
2026-07-05,Control: favourite,16:50 Southwell,Senor Cortez,2.75,1.0,8,True
2026-07-05,Analyst Verdict Pick,17:00 Ayr,Dwindling Funds,4.33,2.0,11,True
2026-07-05,Control: favourite,17:00 Ayr,Dwindling Funds,4.33,2.0,11,True
2026-07-05,Analyst Verdict Pick,17:10 Market Rasen,Masterius,2.0,3.0,11,False
2026-07-05,Control: favourite,17:10 Market Rasen,Masterius,2.0,3.0,11,False
2026-07-05,Analyst Verdict Pick,17:25 Southwell,Club Class,2.75,2.0,8,True
2026-07-05,Control: favourite,17:25 Southwell,Club Class,2.75,2.0,8,True
2026-07-05,Analyst Verdict Pick,17:35 Ayr,Toy Soldier,2.25,6.0,12,True
2026-07-05,Control: favourite,17:35 Ayr,Toy Soldier,2.25,6.0,12,True
2026-07-05,Analyst Verdict Pick,17:55 Southwell,Boatswain,2.2,1.0,5,True
2026-07-05,Control: favourite,17:55 Southwell,Boatswain,2.2,1.0,5,True
2026-07-06,Analyst Verdict Pick,14:15 Lingfield,Heart Sign,2.63,6.0,11,True
2026-07-06,Control: favourite,14:15 Lingfield,Heart Sign,2.63,6.0,11,True
2026-07-06,Analyst Verdict Pick,14:30 Ayr,Ten Clarets,1.83,2.0,10,False
2026-07-06,Control: favourite,14:30 Ayr,Ten Clarets,1.83,2.0,10,False
2026-07-06,Analyst Verdict Pick,14:45 Lingfield,Perfect Nation,2.2,1.0,10,False
2026-07-06,Control: favourite,14:45 Lingfield,Perfect Nation,2.2,1.0,10,False
2026-07-06,Analyst Verdict Pick,15:00 Ayr,Condotti,6.0,2.0,12,True
2026-07-06,Control: favourite,15:00 Ayr,Shifter,4.0,5.0,12,True
2026-07-06,Analyst Verdict Pick,15:15 Lingfield,Romanza,4.0,2.0,9,False
2026-07-06,Control: favourite,15:15 Lingfield,Victory Gold,1.91,1.0,9,False
2026-07-06,Analyst Verdict Pick,15:30 Ayr,Slack Bob,8.5,6.0,12,True
2026-07-06,Control: favourite,15:30 Ayr,Ashen,3.0,4.0,12,True
2026-07-06,Analyst Verdict Pick,15:45 Lingfield,Worlington,2.63,9.0,9,True
2026-07-06,Control: favourite,15:45 Lingfield,Worlington,2.63,9.0,9,True
2026-07-06,Analyst Verdict Pick,16:00 Ayr,Hunterian,5.0,6.0,11,True
2026-07-06,Control: favourite,16:00 Ayr,Penelope's Sister,4.5,4.0,11,True
2026-07-06,Analyst Verdict Pick,16:15 Lingfield,Havana Blast,4.0,2.0,9,True
2026-07-06,Control: favourite,16:15 Lingfield,Havana Blast,4.0,2.0,9,True
2026-07-06,Analyst Verdict Pick,16:30 Ayr,Rousing Encore,5.0,3.0,18,True
2026-07-06,Control: favourite,16:30 Ayr,Rousing Encore,5.0,3.0,18,True
2026-07-06,Control: favourite,16:38 Roscommon,Rocky's Howya,2.88,1.0,8,False
2026-07-06,Analyst Verdict Pick,16:50 Lingfield,Temple Of Athena,6.5,4.0,9,True
2026-07-06,Control: favourite,16:50 Lingfield,Accrual,5.0,5.0,9,True
2026-07-06,Analyst Verdict Pick,17:00 Ayr,Keep The Gold,5.0,9.0,13,True
2026-07-06,Control: favourite,17:00 Ayr,Ellie's De Vega,5.0,5.0,13,True
2026-07-06,Analyst Verdict Pick,17:13 Roscommon,Frankie's Freebie,2.88,2.0,15,False
2026-07-06,Control: favourite,17:13 Roscommon,Frankie's Freebie,2.88,2.0,15,False
2026-07-06,Analyst Verdict Pick,17:20 Lingfield,Mythological Star,6.0,3.0,12,False
2026-07-06,Control: favourite,17:20 Lingfield,Rogue Defence,2.2,1.0,12,False
2026-07-06,Analyst Verdict Pick,17:30 Ayr,Is She Now,2.0,4.0,9,True
2026-07-06,Control: favourite,17:30 Ayr,Is She Now,2.0,4.0,9,True
2026-07-06,Analyst Verdict Pick,17:48 Roscommon,Game Point,3.25,3.0,15,False
2026-07-06,Control: favourite,17:48 Roscommon,Game Point,3.25,3.0,15,False
2026-07-06,Analyst Verdict Pick,17:55 Lingfield,Fallacious Promise,1.73,1.0,10,True
2026-07-06,Control: favourite,17:55 Lingfield,Fallacious Promise,1.73,1.0,10,True
2026-07-06,Analyst Verdict Pick,18:09 Ripon,Eleven Eighty Two,3.0,2.0,13,False
2026-07-06,Control: favourite,18:09 Ripon,Eleven Eighty Two,3.0,2.0,13,False
2026-07-06,Analyst Verdict Pick,18:18 Roscommon,World As One,2.5,5.0,14,False
2026-07-06,Control: favourite,18:18 Roscommon,World As One,2.5,5.0,14,False
2026-07-06,Control: favourite,18:25 Lingfield,Pharitz Lahia (A),2.25,5.0,6,True
2026-07-06,Analyst Verdict Pick,18:30 Wolverhampton,South Shore,2.63,1.0,10,True
2026-07-06,Control: favourite,18:30 Wolverhampton,South Shore,2.63,1.0,10,True
2026-07-06,Analyst Verdict Pick,18:39 Ripon,Alterity,2.2,1.0,5,False
2026-07-06,Control: favourite,18:39 Ripon,Queen's Hame,1.91,2.0,5,False
2026-07-06,Analyst Verdict Pick,18:48 Roscommon,Lizzie Twigg,2.38,1.0,7,False
2026-07-06,Control: favourite,18:48 Roscommon,Lizzie Twigg,2.38,1.0,7,False
2026-07-06,Analyst Verdict Pick,19:00 Wolverhampton,Roxelina,1.22,1.0,8,False
2026-07-06,Control: favourite,19:00 Wolverhampton,Roxelina,1.22,1.0,8,False
2026-07-06,Analyst Verdict Pick,19:09 Ripon,Glorious Kitty,4.0,6.0,9,True
2026-07-06,Control: favourite,19:09 Ripon,Glorious Kitty,4.0,6.0,9,True
2026-07-06,Control: favourite,19:18 Roscommon,Whispering Willow,4.5,6.0,16,True
2026-07-06,Analyst Verdict Pick,19:30 Wolverhampton,Maharajas Express,9.5,9.0,13,True
2026-07-06,Control: favourite,19:30 Wolverhampton,Moostar,4.0,2.0,13,True
2026-07-06,Analyst Verdict Pick,19:40 Ripon,Goyard,4.0,8.0,9,True
2026-07-06,Control: favourite,19:40 Ripon,Goyard,4.0,8.0,9,True
2026-07-06,Analyst Verdict Pick,19:50 Roscommon,Western Model,5.5,1.0,16,True
2026-07-06,Control: favourite,19:50 Roscommon,Where Are You Now,4.5,,16,True
2026-07-06,Analyst Verdict Pick,20:00 Wolverhampton,Suggy,3.5,1.0,13,True
2026-07-06,Control: favourite,20:00 Wolverhampton,Suggy,3.5,1.0,13,True
2026-07-06,Analyst Verdict Pick,20:15 Ripon,Vietnorm,1.53,5.0,8,True
2026-07-06,Control: favourite,20:15 Ripon,Vietnorm,1.53,5.0,8,True
2026-07-06,Analyst Verdict Pick,20:22 Roscommon,Goodgollymissholly,5.5,1.0,16,False
2026-07-06,Control: favourite,20:22 Roscommon,Ronnie's Rascal,4.0,4.0,16,False
2026-07-06,Analyst Verdict Pick,20:30 Wolverhampton,Midnight Media,2.88,1.0,13,True
2026-07-06,Control: favourite,20:30 Wolverhampton,Midnight Media,2.88,1.0,13,True
2026-07-06,Analyst Verdict Pick,20:52 Ripon,Long Shot,3.5,4.0,9,True
2026-07-06,Control: favourite,20:52 Ripon,Long Shot,3.5,4.0,9,True
2026-07-06,Analyst Verdict Pick,21:00 Wolverhampton,Turku,5.0,10.0,13,True
2026-07-06,Control: favourite,21:00 Wolverhampton,Turku,5.0,10.0,13,True
2026-07-07,Analyst Verdict Pick,13:30 Uttoxeter,Ride Like A Girl,3.75,2.0,10,False
2026-07-07,Control: favourite,13:30 Uttoxeter,Eternal Angel,1.44,1.0,10,False
2026-07-07,Analyst Verdict Pick,13:48 Pontefract,Poppy Foxy,2.5,2.0,8,False
2026-07-07,Control: favourite,13:48 Pontefract,Poppy Foxy,2.5,2.0,8,False
2026-07-07,Analyst Verdict Pick,14:00 Uttoxeter,Ice Jet,1.83,2.0,8,True
2026-07-07,Control: favourite,14:00 Uttoxeter,Ice Jet,1.83,2.0,8,True
2026-07-07,Analyst Verdict Pick,14:18 Pontefract,Tiernan,2.2,2.0,10,False
2026-07-07,Control: favourite,14:18 Pontefract,Tiernan,2.2,2.0,10,False
2026-07-07,Analyst Verdict Pick,14:30 Uttoxeter,Karnaval Point,2.25,1.0,6,True
2026-07-07,Control: favourite,14:30 Uttoxeter,Karnaval Point,2.25,1.0,6,True
2026-07-07,Analyst Verdict Pick,14:48 Pontefract,Bellarchi,5.5,6.0,12,False
2026-07-07,Control: favourite,14:48 Pontefract,Arisaig,3.75,3.0,12,False
2026-07-07,Analyst Verdict Pick,15:00 Uttoxeter,Abbey Scope,4.33,1.0,12,True
2026-07-07,Control: favourite,15:00 Uttoxeter,Smugglers Haven,3.5,2.0,12,True
2026-07-07,Analyst Verdict Pick,15:18 Pontefract,Dark Cloud Rising,3.0,3.0,6,True
2026-07-07,Control: favourite,15:18 Pontefract,Dark Cloud Rising,3.0,3.0,6,True
2026-07-07,Analyst Verdict Pick,15:30 Uttoxeter,Buxted Reel,5.0,3.0,11,True
2026-07-07,Control: favourite,15:30 Uttoxeter,Cawthorne Banker,4.33,1.0,11,True
2026-07-07,Analyst Verdict Pick,15:48 Pontefract,Dubai Venture,3.25,1.0,11,True
2026-07-07,Control: favourite,15:48 Pontefract,Dubai Venture,3.25,1.0,11,True
2026-07-07,Analyst Verdict Pick,16:00 Uttoxeter,Alshadhian,9.5,4.0,10,True
2026-07-07,Control: favourite,16:00 Uttoxeter,Person Of Interest,2.25,1.0,10,True
2026-07-07,Analyst Verdict Pick,16:18 Pontefract,Clonquest,6.5,8.0,10,True
2026-07-07,Control: favourite,16:18 Pontefract,Harswell Ruby,4.0,2.0,10,True
2026-07-07,Analyst Verdict Pick,16:30 Uttoxeter,Cavo Tagoo,2.75,1.0,7,False
2026-07-07,Control: favourite,16:30 Uttoxeter,Cavo Tagoo,2.75,1.0,7,False
2026-07-07,Analyst Verdict Pick,16:48 Pontefract,Dream Deal,3.5,2.0,10,True
2026-07-07,Control: favourite,16:48 Pontefract,Dream Deal,3.5,2.0,10,True
2026-07-07,Analyst Verdict Pick,17:10 Wolverhampton,Rogue Invincible,2.5,1.0,10,False
2026-07-07,Control: favourite,17:10 Wolverhampton,Asuka,2.25,2.0,10,False
2026-07-07,Analyst Verdict Pick,17:25 Tramore,Plontier,3.0,2.0,8,False
2026-07-07,Control: favourite,17:25 Tramore,Plontier,3.0,2.0,8,False
2026-07-07,Analyst Verdict Pick,17:40 Wolverhampton,Baileys Ontherocks,12.0,3.0,8,False
2026-07-07,Control: favourite,17:40 Wolverhampton,Havin A Flyer,2.38,2.0,8,False
2026-07-07,Analyst Verdict Pick,18:00 Tramore,Dream On Baby,1.73,3.0,10,False
2026-07-07,Control: favourite,18:00 Tramore,Dream On Baby,1.73,3.0,10,False
2026-07-07,Analyst Verdict Pick,18:10 Wolverhampton,Reds And Wolves,2.38,1.0,12,True
2026-07-07,Control: favourite,18:10 Wolverhampton,Reds And Wolves,2.38,1.0,12,True
2026-07-07,Analyst Verdict Pick,18:20 Brighton,Big Time Rascal,2.75,5.0,13,False
2026-07-07,Control: favourite,18:20 Brighton,Valsharah,2.5,2.0,13,False
2026-07-07,Analyst Verdict Pick,18:30 Tramore,Marmeladova,2.5,2.0,7,True
2026-07-07,Control: favourite,18:30 Tramore,Daboya,2.5,1.0,7,True
2026-07-07,Analyst Verdict Pick,18:40 Wolverhampton,Gloriola,4.0,3.0,9,False
2026-07-07,Control: favourite,18:40 Wolverhampton,First Encounter,4.0,4.0,9,False
2026-07-07,Analyst Verdict Pick,18:50 Brighton,Radahn,2.2,4.0,6,False
2026-07-07,Control: favourite,18:50 Brighton,Radahn,2.2,4.0,6,False
2026-07-07,Analyst Verdict Pick,19:00 Tramore,Chopsticks,4.0,10.0,12,True
2026-07-07,Control: favourite,19:00 Tramore,Magna Gee Gee,3.75,3.0,12,True
2026-07-07,Analyst Verdict Pick,19:10 Wolverhampton,Nutcracker,2.63,1.0,9,False
2026-07-07,Control: favourite,19:10 Wolverhampton,Knightmare,2.0,2.0,9,False
2026-07-07,Analyst Verdict Pick,19:20 Brighton,Prefer The Sister,1.8,2.0,9,True
2026-07-07,Control: favourite,19:20 Brighton,Prefer The Sister,1.8,2.0,9,True
2026-07-07,Analyst Verdict Pick,19:30 Tramore,Miss Crinshawn,4.5,3.0,11,True
2026-07-07,Control: favourite,19:30 Tramore,Oust,4.33,7.0,11,True
2026-07-07,Analyst Verdict Pick,19:40 Wolverhampton,Tomarlo,3.5,1.0,11,True
2026-07-07,Control: favourite,19:40 Wolverhampton,Power Cut,3.5,8.0,11,True
2026-07-07,Analyst Verdict Pick,19:50 Brighton,Super Hit,2.63,3.0,7,True
2026-07-07,Control: favourite,19:50 Brighton,Super Hit,2.63,3.0,7,True
2026-07-07,Analyst Verdict Pick,20:00 Tramore,Matt Connor,3.5,4.0,11,True
2026-07-07,Control: favourite,20:00 Tramore,Matt Connor,3.5,4.0,11,True
2026-07-07,Analyst Verdict Pick,20:10 Wolverhampton,On Key,2.1,3.0,10,True
2026-07-07,Control: favourite,20:10 Wolverhampton,On Key,2.1,3.0,10,True
2026-07-07,Analyst Verdict Pick,20:20 Brighton,Dogged,3.75,6.0,8,False
2026-07-07,Control: favourite,20:20 Brighton,Graffiti,3.0,1.0,8,False
2026-07-07,Analyst Verdict Pick,20:30 Tramore,Synchronize,5.0,6.0,12,True
2026-07-07,Control: favourite,20:30 Tramore,Synchronize,5.0,6.0,12,True
2026-07-07,Analyst Verdict Pick,20:40 Wolverhampton,Mick The Hat,5.5,5.0,6,True
2026-07-07,Control: favourite,20:40 Wolverhampton,Havachoc,2.75,4.0,6,True
2026-07-07,Analyst Verdict Pick,20:50 Brighton,Rory Rocket,3.25,1.0,5,True
2026-07-07,Control: favourite,20:50 Brighton,Faustus,3.0,2.0,5,True
2026-07-08,Analyst Verdict Pick,14:00 Catterick Bridge,Jenni,6.5,4.0,9,True
2026-07-08,Control: favourite,14:00 Catterick Bridge,Filey Beach,4.0,7.0,9,True
2026-07-08,Analyst Verdict Pick,14:15 Yarmouth,Dream Illusion,6.5,4.0,8,True
2026-07-08,Control: favourite,14:15 Yarmouth,Lovers Leap,2.38,3.0,8,True
2026-07-08,Analyst Verdict Pick,14:30 Catterick Bridge,Najmet Minzaal,3.5,5.0,9,False
2026-07-08,Control: favourite,14:30 Catterick Bridge,Najmet Minzaal,3.5,5.0,9,False
2026-07-08,Analyst Verdict Pick,14:45 Yarmouth,Or Another,7.0,7.0,8,False
2026-07-08,Control: favourite,14:45 Yarmouth,Dubai Charm,3.75,1.0,8,False
2026-07-08,Analyst Verdict Pick,15:00 Catterick Bridge,Big Hitter,1.83,3.0,6,False
2026-07-08,Control: favourite,15:00 Catterick Bridge,Big Hitter,1.83,3.0,6,False
2026-07-08,Analyst Verdict Pick,15:15 Yarmouth,Raneem,1.67,2.0,4,False
2026-07-08,Control: favourite,15:15 Yarmouth,Raneem,1.67,2.0,4,False
2026-07-08,Analyst Verdict Pick,15:30 Catterick Bridge,Dacres Cross,5.0,5.0,10,True
2026-07-08,Control: favourite,15:30 Catterick Bridge,Dacres Cross,5.0,5.0,10,True
2026-07-08,Analyst Verdict Pick,15:45 Yarmouth,Kokbastau,3.0,3.0,6,False
2026-07-08,Control: favourite,15:45 Yarmouth,Waterford Castle,2.1,2.0,6,False
2026-07-08,Analyst Verdict Pick,16:00 Catterick Bridge,Not So Sobers,1.73,4.0,6,True
2026-07-08,Control: favourite,16:00 Catterick Bridge,Not So Sobers,1.73,4.0,6,True
2026-07-08,Analyst Verdict Pick,16:15 Yarmouth,Prefer The Sister,1.4,1.0,6,True
2026-07-08,Control: favourite,16:15 Yarmouth,Prefer The Sister,1.4,1.0,6,True
2026-07-08,Analyst Verdict Pick,16:30 Catterick Bridge,Only Dream Big,6.5,5.0,6,True
2026-07-08,Control: favourite,16:30 Catterick Bridge,Velvet Rhythm,2.25,1.0,6,True
2026-07-08,Analyst Verdict Pick,16:38 Fairyhouse,Zitkala Sa,4.33,6.0,9,False
2026-07-08,Control: favourite,16:38 Fairyhouse,Pass The Buck,2.38,1.0,9,False
2026-07-08,Analyst Verdict Pick,16:45 Yarmouth,Zafaan,3.5,4.0,7,True
2026-07-08,Control: favourite,16:45 Yarmouth,Divot,2.88,1.0,7,True
2026-07-08,Analyst Verdict Pick,17:08 Fairyhouse,Golden Ring,9.0,7.0,10,False
2026-07-08,Control: favourite,17:08 Fairyhouse,Livenka,1.83,1.0,10,False
2026-07-08,Analyst Verdict Pick,17:28 Kempton Park,Sarangpur,1.53,2.0,7,True
2026-07-08,Control: favourite,17:28 Kempton Park,Sarangpur,1.53,2.0,7,True
2026-07-08,Analyst Verdict Pick,17:40 Fairyhouse,Supreme Lord,3.5,3.0,8,False
2026-07-08,Control: favourite,17:40 Fairyhouse,Supreme Lord,3.5,3.0,8,False
2026-07-08,Analyst Verdict Pick,17:51 Chepstow,Quantum Swift,3.25,1.0,7,False
2026-07-08,Control: favourite,17:51 Chepstow,Quantum Swift,3.25,1.0,7,False
2026-07-08,Analyst Verdict Pick,18:03 Kempton Park,Speed Nation,4.0,7.0,9,False
2026-07-08,Control: favourite,18:03 Kempton Park,Spirit Tango,3.0,1.0,9,False
2026-07-08,Analyst Verdict Pick,18:15 Fairyhouse,Light Up The Dark,4.33,4.0,8,False
2026-07-08,Control: favourite,18:15 Fairyhouse,Tounsivator,3.5,1.0,8,False
2026-07-08,Analyst Verdict Pick,18:26 Chepstow,Dakota Brave,6.5,4.0,8,False
2026-07-08,Control: favourite,18:26 Chepstow,Temple Court,2.75,3.0,8,False
2026-07-08,Analyst Verdict Pick,18:38 Kempton Park,Alshera,1.8,1.0,13,False
2026-07-08,Control: favourite,18:38 Kempton Park,Alshera,1.8,1.0,13,False
2026-07-08,Analyst Verdict Pick,18:50 Fairyhouse,Goodie Two Shoes,3.75,2.0,9,False
2026-07-08,Control: favourite,18:50 Fairyhouse,Perfect Your Craft,2.75,3.0,9,False
2026-07-08,Analyst Verdict Pick,19:01 Chepstow,Escape Magic,1.67,1.0,6,True
2026-07-08,Control: favourite,19:01 Chepstow,Escape Magic,1.67,1.0,6,True
2026-07-08,Analyst Verdict Pick,19:13 Kempton Park,Nunc Est Bibendum,3.75,2.0,9,True
2026-07-08,Control: favourite,19:13 Kempton Park,Gooloogong,3.5,6.0,9,True
2026-07-08,Analyst Verdict Pick,19:25 Fairyhouse,Bamako Beach,1.36,1.0,15,False
2026-07-08,Control: favourite,19:25 Fairyhouse,Bamako Beach,1.36,1.0,15,False
2026-07-08,Analyst Verdict Pick,19:36 Chepstow,Mr Tony,2.2,1.0,9,True
2026-07-08,Control: favourite,19:36 Chepstow,Mr Tony,2.2,1.0,9,True
2026-07-08,Analyst Verdict Pick,19:48 Kempton Park,Blue Celestial,7.0,6.0,14,True
2026-07-08,Control: favourite,19:48 Kempton Park,Fallacious Promise,2.2,2.0,14,True
2026-07-08,Analyst Verdict Pick,20:00 Fairyhouse,Glory To Be,4.0,1.0,7,True
2026-07-08,Control: favourite,20:00 Fairyhouse,I Bid You Ajou,3.5,2.0,7,True
2026-07-08,Analyst Verdict Pick,20:11 Chepstow,Just Typical,2.0,3.0,5,True
2026-07-08,Control: favourite,20:11 Chepstow,Just Typical,2.0,3.0,5,True
2026-07-08,Analyst Verdict Pick,20:20 Kempton Park,Platinum Prince,13.0,4.0,11,True
2026-07-08,Control: favourite,20:20 Kempton Park,Gladiadora,3.75,2.0,11,True
2026-07-08,Analyst Verdict Pick,20:30 Fairyhouse,Chester Nimitz,11.0,10.0,15,True
2026-07-08,Control: favourite,20:30 Fairyhouse,Contrary To Law,2.63,1.0,15,True
2026-07-08,Analyst Verdict Pick,20:46 Chepstow,Ataturk,1.8,4.0,7,True
2026-07-08,Control: favourite,20:46 Chepstow,Ataturk,1.8,4.0,7,True
2026-07-08,Analyst Verdict Pick,20:55 Kempton Park,Devious Devan,2.75,5.0,11,True
2026-07-08,Control: favourite,20:55 Kempton Park,Devious Devan,2.75,5.0,11,True
2026-07-09,Analyst Verdict Pick,13:50 Newmarket,Del Maro,3.25,3.0,5,False
2026-07-09,Control: favourite,13:50 Newmarket,Del Maro,3.25,3.0,5,False
2026-07-09,Analyst Verdict Pick,14:00 Carlisle,Bella Angelina,2.63,2.0,6,False
2026-07-09,Control: favourite,14:00 Carlisle,Wid,2.38,1.0,6,False
2026-07-09,Analyst Verdict Pick,14:10 Doncaster,Ottoman Chief,2.88,5.0,7,False
2026-07-09,Control: favourite,14:10 Doncaster,Ottoman Chief,2.88,5.0,7,False
2026-07-09,Analyst Verdict Pick,14:25 Newmarket,Inner City Blues,1.83,1.0,4,False
2026-07-09,Control: favourite,14:25 Newmarket,Inner City Blues,1.83,1.0,4,False
2026-07-09,Analyst Verdict Pick,14:35 Carlisle,Pequenita,5.0,3.0,5,False
2026-07-09,Control: favourite,14:35 Carlisle,Rogue Passion,3.25,2.0,5,False
2026-07-09,Analyst Verdict Pick,14:45 Doncaster,According To Mark,4.5,2.0,8,False
2026-07-09,Control: favourite,14:45 Doncaster,Count Bezukhov,2.0,3.0,8,False
2026-07-09,Analyst Verdict Pick,15:00 Newmarket,Thunder Call,5.5,3.0,14,True
2026-07-09,Control: favourite,15:00 Newmarket,Thunder Call,5.5,3.0,14,True
2026-07-09,Analyst Verdict Pick,15:10 Carlisle,Fleur De Mer,7.5,4.0,7,True
2026-07-09,Control: favourite,15:10 Carlisle,Is She Now,2.0,2.0,7,True
2026-07-09,Analyst Verdict Pick,15:20 Doncaster,Golden Flame,1.83,2.0,5,True
2026-07-09,Control: favourite,15:20 Doncaster,Golden Flame,1.83,2.0,5,True
2026-07-09,Analyst Verdict Pick,15:35 Newmarket,Convergent,4.0,4.0,5,False
2026-07-09,Control: favourite,15:35 Newmarket,Rebel's Romance,1.73,1.0,5,False
2026-07-09,Analyst Verdict Pick,15:45 Carlisle,Instant Bond,3.25,7.0,11,True
2026-07-09,Control: favourite,15:45 Carlisle,Instant Bond,3.25,7.0,11,True
2026-07-09,Analyst Verdict Pick,15:55 Doncaster,Room Fourteen,1.62,1.0,8,True
2026-07-09,Control: favourite,15:55 Doncaster,Room Fourteen,1.62,1.0,8,True
2026-07-09,Analyst Verdict Pick,16:10 Newmarket,Peaceful Charm,2.1,4.0,10,False
2026-07-09,Control: favourite,16:10 Newmarket,Peaceful Charm,2.1,4.0,10,False
2026-07-09,Analyst Verdict Pick,16:20 Carlisle,Cotai Belle,3.0,2.0,8,True
2026-07-09,Control: favourite,16:20 Carlisle,Cotai Belle,3.0,2.0,8,True
2026-07-09,Analyst Verdict Pick,16:30 Doncaster,Norcross Brow,2.75,2.0,7,True
2026-07-09,Control: favourite,16:30 Doncaster,Norcross Brow,2.75,2.0,7,True
2026-07-09,Analyst Verdict Pick,16:45 Newmarket,Morris Dancer,3.25,7.0,7,False
2026-07-09,Control: favourite,16:45 Newmarket,Morris Dancer,3.25,7.0,7,False
2026-07-09,Analyst Verdict Pick,16:50 Leopardstown,Margot Mae,5.0,7.0,14,False
2026-07-09,Control: favourite,16:50 Leopardstown,Maire Rua,2.63,1.0,14,False
2026-07-09,Analyst Verdict Pick,16:55 Carlisle,Sailor's Return,13.0,10.0,12,True
2026-07-09,Control: favourite,16:55 Carlisle,Black Storm,3.0,3.0,12,True
2026-07-09,Analyst Verdict Pick,17:05 Doncaster,Highland Shah,11.0,3.0,10,True
2026-07-09,Control: favourite,17:05 Doncaster,Alpha Capture,4.5,2.0,10,True
2026-07-09,Analyst Verdict Pick,17:13 Newbury,Angel Sense,2.63,6.0,11,False
2026-07-09,Control: favourite,17:13 Newbury,Angel Sense,2.63,6.0,11,False
2026-07-09,Analyst Verdict Pick,17:20 Newmarket,Shipbourne,4.0,10.0,15,True
2026-07-09,Control: favourite,17:20 Newmarket,Shipbourne,4.0,10.0,15,True
2026-07-09,Analyst Verdict Pick,17:25 Leopardstown,Zenford,2.5,4.0,10,True
2026-07-09,Control: favourite,17:25 Leopardstown,Zenford,2.5,4.0,10,True
2026-07-09,Analyst Verdict Pick,17:40 Doncaster,Lieutenant Sir,6.0,10.0,11,True
2026-07-09,Control: favourite,17:40 Doncaster,Bayraat,5.0,2.0,11,True
2026-07-09,Analyst Verdict Pick,17:45 Newbury,Sugar Yes Please,2.25,1.0,11,False
2026-07-09,Control: favourite,17:45 Newbury,Sugar Yes Please,2.25,1.0,11,False
2026-07-09,Analyst Verdict Pick,17:55 Leopardstown,Chantez,5.5,4.0,6,False
2026-07-09,Control: favourite,17:55 Leopardstown,Phenomenal Filly,2.5,2.0,6,False
2026-07-09,Analyst Verdict Pick,18:05 Epsom Downs,Celestarak,2.0,5.0,5,True
2026-07-09,Control: favourite,18:05 Epsom Downs,Celestarak,2.0,5.0,5,True
2026-07-09,Control: favourite,18:10 Doncaster,Al Sharid (A),1.8,1.0,4,False
2026-07-09,Analyst Verdict Pick,18:17 Newbury,Desert Legend,4.5,10.0,19,False
2026-07-09,Control: favourite,18:17 Newbury,Minster Boy,3.0,2.0,19,False
2026-07-09,Analyst Verdict Pick,18:28 Leopardstown,Eddie G,13.0,9.0,14,True
2026-07-09,Control: favourite,18:28 Leopardstown,Heliogabalus,4.0,6.0,14,True
2026-07-09,Analyst Verdict Pick,18:40 Epsom Downs,Eabha,1.8,1.0,9,False
2026-07-09,Control: favourite,18:40 Epsom Downs,Eabha,1.8,1.0,9,False
2026-07-09,Analyst Verdict Pick,18:52 Newbury,Black Endeavour,5.5,6.0,13,True
2026-07-09,Control: favourite,18:52 Newbury,Strike,5.0,1.0,13,True
2026-07-09,Analyst Verdict Pick,19:03 Leopardstown,Jamestown,3.13,3.0,12,True
2026-07-09,Control: favourite,19:03 Leopardstown,Jamestown,3.13,3.0,12,True
2026-07-09,Analyst Verdict Pick,19:15 Epsom Downs,Silver Trumpet,4.33,1.0,6,True
2026-07-09,Control: favourite,19:15 Epsom Downs,Stenmark,2.88,2.0,6,True
2026-07-09,Analyst Verdict Pick,19:27 Newbury,Storm Point,4.0,7.0,12,True
2026-07-09,Control: favourite,19:27 Newbury,Storm Point,4.0,7.0,12,True
2026-07-09,Analyst Verdict Pick,19:38 Leopardstown,Yquem,4.33,3.0,25,True
2026-07-09,Control: favourite,19:38 Leopardstown,Shelbourne Flyer,3.5,10.0,25,True
2026-07-09,Analyst Verdict Pick,19:50 Epsom Downs,Aberama Gold,4.0,2.0,8,True
2026-07-09,Control: favourite,19:50 Epsom Downs,Rage Of Thunder,2.88,3.0,8,True
2026-07-09,Analyst Verdict Pick,20:02 Newbury,Astracornus,3.5,2.0,7,True
2026-07-09,Control: favourite,20:02 Newbury,Windbreaker,3.0,6.0,7,True
2026-07-09,Analyst Verdict Pick,20:13 Leopardstown,Delta,1.67,2.0,6,False
2026-07-09,Control: favourite,20:13 Leopardstown,Delta,1.67,2.0,6,False
2026-07-09,Analyst Verdict Pick,20:22 Epsom Downs,Swiped,2.5,1.0,8,True
2026-07-09,Control: favourite,20:22 Epsom Downs,Swiped,2.5,1.0,8,True
2026-07-09,Analyst Verdict Pick,20:37 Newbury,La Peregrina,1.8,2.0,6,True
2026-07-09,Control: favourite,20:37 Newbury,La Peregrina,1.8,2.0,6,True
2026-07-09,Analyst Verdict Pick,20:52 Epsom Downs,Sail On Sailor,4.0,1.0,7,True
2026-07-09,Control: favourite,20:52 Epsom Downs,Takeitorleaveit,2.75,2.0,7,True
2026-07-10,Analyst Verdict Pick,13:50 Newmarket,Princling,3.5,6.0,6,True
2026-07-10,Control: favourite,13:50 Newmarket,Princling,3.5,6.0,6,True
2026-07-10,Analyst Verdict Pick,14:00 Ascot,Clouds Hill,4.5,8.0,8,True
2026-07-10,Control: favourite,14:00 Ascot,Best Rate,3.75,1.0,8,True
2026-07-10,Analyst Verdict Pick,14:10 York,Andesite,6.5,10.0,19,True
2026-07-10,Control: favourite,14:10 York,Goldmoyne,4.5,3.0,19,True
2026-07-10,Analyst Verdict Pick,14:25 Newmarket,Libertango,1.91,2.0,8,False
2026-07-10,Control: favourite,14:25 Newmarket,Libertango,1.91,2.0,8,False
2026-07-10,Analyst Verdict Pick,14:35 Ascot,Mysterious Times,2.88,2.0,7,False
2026-07-10,Control: favourite,14:35 Ascot,Flann Sunna,2.88,1.0,7,False
2026-07-10,Analyst Verdict Pick,14:45 York,Spicy Marg,2.38,7.0,13,False
2026-07-10,Control: favourite,14:45 York,Spicy Marg,2.38,7.0,13,False
2026-07-10,Analyst Verdict Pick,15:00 Newmarket,Wine Dark Sea,1.83,5.0,10,True
2026-07-10,Control: favourite,15:00 Newmarket,Wine Dark Sea,1.83,5.0,10,True
2026-07-10,Analyst Verdict Pick,15:10 Ascot,Ciarrai Abu,4.0,1.0,11,True
2026-07-10,Control: favourite,15:10 Ascot,Crest of Fire,3.75,2.0,11,True
2026-07-10,Analyst Verdict Pick,15:20 York,Betty Boop,2.88,1.0,9,False
2026-07-10,Control: favourite,15:20 York,Betty Boop,2.88,1.0,9,False
2026-07-10,Analyst Verdict Pick,15:35 Newmarket,Precise,1.8,2.0,7,False
2026-07-10,Control: favourite,15:35 Newmarket,Precise,1.8,2.0,7,False
2026-07-10,Analyst Verdict Pick,15:45 Ascot,Gatehouse,4.33,2.0,5,True
2026-07-10,Control: favourite,15:45 Ascot,Morbeh,2.38,3.0,5,True
2026-07-10,Analyst Verdict Pick,15:55 York,Get Outta Here,2.63,3.0,11,True
2026-07-10,Control: favourite,15:55 York,Get Outta Here,2.63,3.0,11,True
2026-07-10,Analyst Verdict Pick,16:10 Newmarket,Acting Lady,4.33,1.0,11,False
2026-07-10,Control: favourite,16:10 Newmarket,Speed of Sound,4.0,3.0,11,False
2026-07-10,Analyst Verdict Pick,16:23 Ascot,Hoseki,2.63,1.0,9,True
2026-07-10,Control: favourite,16:23 Ascot,Hoseki,2.63,1.0,9,True
2026-07-10,Analyst Verdict Pick,16:30 York,Stoneacre Donny,2.88,9.0,10,True
2026-07-10,Control: favourite,16:30 York,Stoneacre Donny,2.88,9.0,10,True
2026-07-10,Analyst Verdict Pick,16:45 Newmarket,Rosario,8.0,4.0,12,True
2026-07-10,Control: favourite,16:45 Newmarket,Emperor Spirit,5.5,3.0,12,True
2026-07-10,Analyst Verdict Pick,16:50 Kilbeggan,Luciole Des Bordes,2.2,1.0,14,False
2026-07-10,Control: favourite,16:50 Kilbeggan,Luciole Des Bordes,2.2,1.0,14,False
2026-07-10,Analyst Verdict Pick,16:55 Ascot,Amazing Journey,6.0,1.0,13,True
2026-07-10,Control: favourite,16:55 Ascot,Coul Angel,5.5,6.0,13,True
2026-07-10,Analyst Verdict Pick,17:00 Worcester,Captain Boudet,5.0,5.0,7,True
2026-07-10,Control: favourite,17:00 Worcester,Aslukgoes,3.0,2.0,7,True
2026-07-10,Analyst Verdict Pick,17:05 York,Muker,23.0,10.0,13,True
2026-07-10,Control: favourite,17:05 York,Eternal Sunshine,4.33,6.0,13,True
2026-07-10,Analyst Verdict Pick,17:10 Cork,Saporetti,3.75,3.0,14,False
2026-07-10,Control: favourite,17:10 Cork,Hygge,2.1,1.0,14,False
2026-07-10,Analyst Verdict Pick,17:15 Chester,Eighth Immortal,2.1,3.0,13,False
2026-07-10,Control: favourite,17:15 Chester,Eighth Immortal,2.1,3.0,13,False
2026-07-10,Analyst Verdict Pick,17:20 Newmarket,Toastmaster,2.5,5.0,11,True
2026-07-10,Control: favourite,17:20 Newmarket,Toastmaster,2.5,5.0,11,True
2026-07-10,Analyst Verdict Pick,17:25 Kilbeggan,Hillhead Runner,2.75,4.0,8,False
2026-07-10,Control: favourite,17:25 Kilbeggan,Hillhead Runner,2.75,4.0,8,False
2026-07-10,Analyst Verdict Pick,17:35 Worcester,Always Busy,4.33,5.0,7,True
2026-07-10,Control: favourite,17:35 Worcester,Getaway Vic,2.75,3.0,7,True
2026-07-10,Analyst Verdict Pick,17:40 York,Humble Spark,4.5,6.0,10,True
2026-07-10,Control: favourite,17:40 York,Green Sky,3.75,1.0,10,True
2026-07-10,Analyst Verdict Pick,17:45 Cork,Minella Post,3.5,,20,False
2026-07-10,Control: favourite,17:45 Cork,Easter Bonnet,3.0,4.0,20,False
2026-07-10,Analyst Verdict Pick,17:50 Chester,Crownright,1.53,1.0,4,False
2026-07-10,Control: favourite,17:50 Chester,Crownright,1.53,1.0,4,False
2026-07-10,Analyst Verdict Pick,17:57 Kilbeggan,Littlefoot,8.0,,16,True
2026-07-10,Control: favourite,17:57 Kilbeggan,Gameball,5.0,2.0,16,True
2026-07-10,Analyst Verdict Pick,18:06 Worcester,Kiwi De Cotte,2.88,3.0,9,False
2026-07-10,Control: favourite,18:06 Worcester,Kiwi De Cotte,2.88,3.0,9,False
2026-07-10,Analyst Verdict Pick,18:15 Cork,Gino Bella,4.33,1.0,23,True
2026-07-10,Control: favourite,18:15 Cork,Gino Bella,4.33,1.0,23,True
2026-07-10,Analyst Verdict Pick,18:25 Chester,The Ginger Kid,3.25,2.0,6,False
2026-07-10,Control: favourite,18:25 Chester,Cash Cove,2.5,3.0,6,False
2026-07-10,Analyst Verdict Pick,18:32 Kilbeggan,Native Speaker,5.0,,15,True
2026-07-10,Control: favourite,18:32 Kilbeggan,Native Speaker,5.0,,15,True
2026-07-10,Analyst Verdict Pick,18:41 Worcester,Our Guide,3.25,2.0,7,True
2026-07-10,Control: favourite,18:41 Worcester,Dream Diamond,3.0,3.0,7,True
2026-07-10,Analyst Verdict Pick,18:50 Cork,Somersby Roost,5.5,,18,True
2026-07-10,Control: favourite,18:50 Cork,Early Bird,4.33,,18,True
2026-07-10,Analyst Verdict Pick,19:00 Chester,Infraad,1.62,3.0,8,True
2026-07-10,Control: favourite,19:00 Chester,Infraad,1.62,3.0,8,True
2026-07-10,Analyst Verdict Pick,19:07 Kilbeggan,Franciscan Rock,,,8,False
2026-07-10,Control: favourite,19:07 Kilbeggan,Scalpnagoon,4.0,2.0,8,False
2026-07-10,Analyst Verdict Pick,19:16 Worcester,Play Pretend,3.0,3.0,10,True
2026-07-10,Control: favourite,19:16 Worcester,Idaho Fire,2.5,1.0,10,True
2026-07-10,Analyst Verdict Pick,19:25 Cork,Jeroboam Machin,1.62,3.0,13,False
2026-07-10,Control: favourite,19:25 Cork,Jeroboam Machin,1.62,3.0,13,False
2026-07-10,Analyst Verdict Pick,19:35 Chester,Ran Amok,,,10,True
2026-07-10,Control: favourite,19:35 Chester,Top Juggler,2.63,1.0,10,True
2026-07-10,Analyst Verdict Pick,19:42 Kilbeggan,Georginas Jet,4.0,9.0,16,True
2026-07-10,Control: favourite,19:42 Kilbeggan,Georginas Jet,4.0,9.0,16,True
2026-07-10,Analyst Verdict Pick,19:51 Worcester,Lacrima,2.0,4.0,10,True
2026-07-10,Control: favourite,19:51 Worcester,Lacrima,2.0,4.0,10,True
2026-07-10,Analyst Verdict Pick,20:00 Cork,Maxxum,,,11,False
2026-07-10,Control: favourite,20:00 Cork,Reverend Hubert,2.5,1.0,11,False
2026-07-10,Analyst Verdict Pick,20:12 Chester,Imelda,10.0,4.0,11,True
2026-07-10,Control: favourite,20:12 Chester,Alfa Whiteburd,3.25,1.0,11,True
2026-07-10,Analyst Verdict Pick,20:17 Kilbeggan,Down Around,7.5,7.0,17,True
2026-07-10,Control: favourite,20:17 Kilbeggan,Island Mccoo,5.5,8.0,17,True
2026-07-10,Analyst Verdict Pick,20:24 Worcester,Best Night,3.0,4.0,8,True
2026-07-10,Control: favourite,20:24 Worcester,Best Night,3.0,4.0,8,True
2026-07-10,Analyst Verdict Pick,20:30 Cork,Honey Buck's,4.33,2.0,16,False
2026-07-10,Control: favourite,20:30 Cork,Western Roses,3.0,,16,False
2026-07-10,Analyst Verdict Pick,20:50 Chester,Kings Merchant,6.0,1.0,10,True
2026-07-10,Control: favourite,20:50 Chester,Giant,3.25,2.0,10,True
2026-07-10,Analyst Verdict Pick,21:00 Worcester,Hold Your Fort,5.5,5.0,11,True
2026-07-10,Control: favourite,21:00 Worcester,Oneinthewell,2.75,2.0,11,True
2026-07-11,Analyst Verdict Pick,13:35 Chester,Dream Vega,1.91,1.0,9,False
2026-07-11,Control: favourite,13:35 Chester,Dream Vega,1.91,1.0,9,False
2026-07-11,Analyst Verdict Pick,13:40 Newmarket,Haffner,2.25,1.0,7,False
2026-07-11,Control: favourite,13:40 Newmarket,Haffner,2.25,1.0,7,False
2026-07-11,Analyst Verdict Pick,13:48 Navan,Annie Batt,6.0,10.0,18,False
2026-07-11,Control: favourite,13:48 Navan,Just One Show,3.0,5.0,18,False
2026-07-11,Analyst Verdict Pick,13:55 Ascot,Schrodinger's Cat,8.5,6.0,16,True
2026-07-11,Control: favourite,13:55 Ascot,Behike,4.0,2.0,16,True
2026-07-11,Analyst Verdict Pick,14:02 York,Big Cigar,3.5,1.0,9,False
2026-07-11,Control: favourite,14:02 York,Big Cigar,3.5,1.0,9,False
2026-07-11,Analyst Verdict Pick,14:10 Chester,Alfa Duplicate,3.0,3.0,13,True
2026-07-11,Control: favourite,14:10 Chester,Alfa Duplicate,3.0,3.0,13,True
2026-07-11,Analyst Verdict Pick,14:15 Newmarket,Machadadorp,4.33,2.0,9,True
2026-07-11,Control: favourite,14:15 Newmarket,Machadadorp,4.33,2.0,9,True
2026-07-11,Analyst Verdict Pick,14:23 Navan,Institute,2.63,4.0,14,False
2026-07-11,Control: favourite,14:23 Navan,Institute,2.63,4.0,14,False
2026-07-11,Analyst Verdict Pick,14:27 Ascot,More Thunder,2.0,4.0,8,False
2026-07-11,Control: favourite,14:27 Ascot,More Thunder,2.0,4.0,8,False
2026-07-11,Analyst Verdict Pick,14:39 York,Apiarist,15.0,10.0,13,True
2026-07-11,Control: favourite,14:39 York,Cerulean Bay,4.0,8.0,13,True
2026-07-11,Analyst Verdict Pick,14:45 Chester,Eagle Bay,,,10,True
2026-07-11,Control: favourite,14:45 Chester,Percy's Lad,2.75,6.0,10,True
2026-07-11,Analyst Verdict Pick,14:52 Newmarket,Moonfall,4.33,4.0,9,True
2026-07-11,Control: favourite,14:52 Newmarket,Alfaraz,3.5,2.0,9,True
2026-07-11,Analyst Verdict Pick,14:57 Navan,Poweracclaim,5.0,3.0,16,True
2026-07-11,Control: favourite,14:57 Navan,Poweracclaim,5.0,3.0,16,True
2026-07-11,Analyst Verdict Pick,15:02 Ascot,Mia Fantasia,3.25,3.0,9,False
2026-07-11,Control: favourite,15:02 Ascot,Rising Tiger,2.5,2.0,9,False
2026-07-11,Analyst Verdict Pick,15:12 York,Heavenly Heather,7.5,10.0,15,False
2026-07-11,Control: favourite,15:12 York,Starlust,5.0,4.0,15,False
2026-07-11,Analyst Verdict Pick,15:18 Chester,Crazee Icon,3.13,1.0,9,True
2026-07-11,Analyst Each-Way,15:18 Chester,Knights Gold,6.5,5.0,9,True
2026-07-11,Control: favourite,15:18 Chester,Crazee Icon,3.13,1.0,9,True
2026-07-11,Analyst Verdict Pick,15:25 Newmarket,Aalto,5.0,1.0,15,True
2026-07-11,Control: favourite,15:25 Newmarket,Aalto,5.0,1.0,15,True
2026-07-11,Analyst Verdict Pick,15:30 Navan,Boston Max,3.0,5.0,10,True
2026-07-11,Control: favourite,15:30 Navan,Boston Max,3.0,5.0,10,True
2026-07-11,Analyst Verdict Pick,15:34 Ascot,Galilean Quality,2.63,1.0,6,True
2026-07-11,Control: favourite,15:34 Ascot,Galilean Quality,2.63,1.0,6,True
2026-07-11,Analyst Verdict Pick,15:45 York,Raammee,6.0,1.0,22,True
2026-07-11,Control: favourite,15:45 York,Warrant Holder,4.0,10.0,22,True
2026-07-11,Analyst Verdict Pick,15:52 Chester,Witness Stand,3.0,6.0,9,False
2026-07-11,Control: favourite,15:52 Chester,Witness Stand,3.0,6.0,9,False
2026-07-11,Analyst Verdict Pick,16:00 Newmarket,Abraham Lincoln,1.62,2.0,7,False
2026-07-11,Control: favourite,16:00 Newmarket,Abraham Lincoln,1.62,2.0,7,False
2026-07-11,Analyst Verdict Pick,16:07 Navan,Summer Is Tomorrow,2.1,2.0,5,False
2026-07-11,Control: favourite,16:07 Navan,Summer Is Tomorrow,2.1,2.0,5,False
2026-07-11,Analyst Verdict Pick,16:12 Ascot,Nightime Dancer,5.0,7.0,8,True
2026-07-11,Control: favourite,16:12 Ascot,Ernst Blofeld,2.63,5.0,8,True
2026-07-11,Analyst Verdict Pick,16:20 York,Cruden,4.0,1.0,11,True
2026-07-11,Control: favourite,16:20 York,Cruden,4.0,1.0,11,True
2026-07-11,Analyst Verdict Pick,16:24 Chester,Sargent Dennis,,,8,True
2026-07-11,Control: favourite,16:24 Chester,Kind Touch,2.88,4.0,8,True
2026-07-11,Analyst Verdict Pick,16:35 Newmarket,Satono Reve,3.0,3.0,11,False
2026-07-11,Control: favourite,16:35 Newmarket,Satono Reve,3.0,3.0,11,False
2026-07-11,Analyst Verdict Pick,16:40 Navan,Genoah,3.25,5.0,11,True
2026-07-11,Control: favourite,16:40 Navan,Genoah,3.25,5.0,11,True
2026-07-11,Analyst Verdict Pick,16:45 Ascot,Hot And Cold,5.0,2.0,10,True
2026-07-11,Control: favourite,16:45 Ascot,Rosa Inglesa,3.25,1.0,10,True
2026-07-11,Analyst Verdict Pick,16:55 York,Tabletalk,2.88,2.0,6,False
2026-07-11,Control: favourite,16:55 York,Tabletalk,2.88,2.0,6,False
2026-07-11,Analyst Verdict Pick,17:00 Chester,L'Eagle Aid,4.33,5.0,8,True
2026-07-11,Control: favourite,17:00 Chester,Fast Fred,4.0,2.0,8,True
2026-07-11,Analyst Verdict Pick,17:05 Salisbury,Rory Rocket,1.44,3.0,6,True
2026-07-11,Control: favourite,17:05 Salisbury,Rory Rocket,1.44,3.0,6,True
2026-07-11,Analyst Verdict Pick,17:10 Newmarket,Exposure,3.5,4.0,11,True
2026-07-11,Control: favourite,17:10 Newmarket,Exposure,3.5,4.0,11,True
2026-07-11,Analyst Verdict Pick,17:15 Navan,Robot Rock,29.0,6.0,14,True
2026-07-11,Control: favourite,17:15 Navan,Arch Enemy,4.5,1.0,14,True
2026-07-11,Analyst Verdict Pick,17:20 Ascot,Documenting,9.5,10.0,18,True
2026-07-11,Control: favourite,17:20 Ascot,Cancan In The Rain,3.75,4.0,18,True
2026-07-11,Analyst Verdict Pick,17:25 Limerick,Dancing Saxon,4.0,1.0,11,False
2026-07-11,Control: favourite,17:25 Limerick,Dancing Saxon,4.0,1.0,11,False
2026-07-11,Analyst Verdict Pick,17:30 York,Betties Bay,4.5,7.0,20,True
2026-07-11,Control: favourite,17:30 York,Betties Bay,4.5,7.0,20,True
2026-07-11,Analyst Verdict Pick,17:32 Chester,Mudita,8.5,3.0,8,True
2026-07-11,Control: favourite,17:32 Chester,Gaelic Approach,2.5,6.0,8,True
2026-07-11,Analyst Verdict Pick,17:36 Salisbury,Undiscovered,1.83,1.0,6,False
2026-07-11,Control: favourite,17:36 Salisbury,Undiscovered,1.83,1.0,6,False
2026-07-11,Analyst Verdict Pick,17:40 Hamilton Park,Azuinthejungle,3.5,2.0,8,True
2026-07-11,Control: favourite,17:40 Hamilton Park,Azuinthejungle,3.5,2.0,8,True
2026-07-11,Analyst Verdict Pick,17:45 Newmarket,First Officer,6.0,2.0,6,True
2026-07-11,Control: favourite,17:45 Newmarket,Cape Fear,1.83,3.0,6,True
2026-07-11,Analyst Verdict Pick,18:00 Limerick,El Fontenaro,5.0,2.0,16,True
2026-07-11,Control: favourite,18:00 Limerick,Rappell,2.5,1.0,16,True
2026-07-11,Analyst Verdict Pick,18:08 Salisbury,Odogwu,1.73,1.0,6,False
2026-07-11,Control: favourite,18:08 Salisbury,Odogwu,1.73,1.0,6,False
2026-07-11,Analyst Verdict Pick,18:15 Hamilton Park,Hell Of A Spin,2.75,1.0,7,False
2026-07-11,Control: favourite,18:15 Hamilton Park,Hell Of A Spin,2.75,1.0,7,False
2026-07-11,Analyst Verdict Pick,18:30 Limerick,Glen Breeze,3.5,1.0,14,True
2026-07-11,Control: favourite,18:30 Limerick,Glen Breeze,3.5,1.0,14,True
2026-07-11,Analyst Verdict Pick,18:40 Salisbury,Oh Yes You Do,3.25,5.0,6,True
2026-07-11,Control: favourite,18:40 Salisbury,Oh Yes You Do,3.25,5.0,6,True
2026-07-11,Analyst Verdict Pick,18:50 Hamilton Park,Come On Over,,,6,True
2026-07-11,Control: favourite,18:50 Hamilton Park,Ashen,2.88,2.0,6,True
2026-07-11,Analyst Verdict Pick,19:00 Limerick,Al Haarith,1.13,1.0,7,False
2026-07-11,Control: favourite,19:00 Limerick,Al Haarith,1.13,1.0,7,False
2026-07-11,Analyst Verdict Pick,19:10 Salisbury,Shirakawa,4.33,1.0,5,True
2026-07-11,Control: favourite,19:10 Salisbury,Three Socks On,2.63,3.0,5,True
2026-07-11,Analyst Verdict Pick,19:20 Hamilton Park,Sure And Stedfast,4.0,3.0,6,True
2026-07-11,Control: favourite,19:20 Hamilton Park,Dunkeld Dreamer,2.63,4.0,6,True
2026-07-11,Analyst Verdict Pick,19:30 Limerick,Nellcote,3.5,1.0,9,False
2026-07-11,Control: favourite,19:30 Limerick,Blue Blue Moon,3.5,5.0,9,False
2026-07-11,Analyst Verdict Pick,19:40 Salisbury,The Lost Sock,4.0,3.0,4,True
2026-07-11,Control: favourite,19:40 Salisbury,Zen Diva,1.83,1.0,4,True
2026-07-11,Analyst Verdict Pick,19:50 Hamilton Park,Lucky Camino,2.75,1.0,6,True
2026-07-11,Control: favourite,19:50 Hamilton Park,Kaleido,2.75,2.0,6,True
2026-07-11,Analyst Verdict Pick,20:00 Limerick,Deluca Chop,,,14,True
2026-07-11,Control: favourite,20:00 Limerick,Without Love,5.0,2.0,14,True
2026-07-11,Analyst Verdict Pick,20:20 Hamilton Park,Ten Sixty Six,13.0,6.0,7,True
2026-07-11,Control: favourite,20:20 Hamilton Park,Amber Hamur,2.5,1.0,7,True
2026-07-11,Analyst Verdict Pick,20:30 Limerick,Maxminelli,3.0,2.0,6,True
2026-07-11,Control: favourite,20:30 Limerick,Themis,2.75,1.0,6,True
2026-07-11,Analyst Verdict Pick,20:50 Hamilton Park,Clocker,7.0,1.0,6,True
2026-07-11,Control: favourite,20:50 Hamilton Park,Jujubella,2.75,3.0,6,True
2026-07-12,Analyst Verdict Pick,13:10 Sligo,Pebble Island,3.5,4.0,12,False
2026-07-12,Control: favourite,13:10 Sligo,Whats New,2.63,2.0,12,False
2026-07-12,Analyst Verdict Pick,13:40 Sligo,Returning Officer,2.25,7.0,12,False
2026-07-12,Control: favourite,13:40 Sligo,Returning Officer,2.25,7.0,12,False
2026-07-12,Analyst Verdict Pick,13:50 Stratford-on-Avon,Lucky Sevens,2.1,1.0,4,False
2026-07-12,Control: favourite,13:50 Stratford-on-Avon,Tiny Riot,1.83,2.0,4,False
2026-07-12,Analyst Verdict Pick,14:00 Dundalk,Valiant Force,7.5,7.0,10,True
2026-07-12,Control: favourite,14:00 Dundalk,Collective Power,5.5,3.0,10,True
2026-07-12,Analyst Verdict Pick,14:06 Perth,L'amalric,2.0,,5,False
2026-07-12,Control: favourite,14:06 Perth,L'amalric,2.0,,5,False
2026-07-12,Analyst Verdict Pick,14:15 Sligo,Our Lucky Lady,,,10,True
2026-07-12,Control: favourite,14:15 Sligo,Radar Ahead,3.0,4.0,10,True
2026-07-12,Analyst Verdict Pick,14:25 Stratford-on-Avon,French Diablo,3.0,1.0,8,True
2026-07-12,Control: favourite,14:25 Stratford-on-Avon,Son Of Tyran,2.38,,8,True
2026-07-12,Analyst Verdict Pick,14:35 Dundalk,Iff In Doubt,3.0,10.0,11,True
2026-07-12,Control: favourite,14:35 Dundalk,Iff In Doubt,3.0,10.0,11,True
2026-07-12,Analyst Verdict Pick,14:41 Perth,Conquer The Breeze,2.63,1.0,6,True
2026-07-12,Control: favourite,14:41 Perth,Conquer The Breeze,2.63,1.0,6,True
2026-07-12,Analyst Verdict Pick,14:50 Sligo,Tell Us This,7.5,5.0,12,True
2026-07-12,Control: favourite,14:50 Sligo,Bridgehead,5.5,4.0,12,True
2026-07-12,Analyst Verdict Pick,15:00 Stratford-on-Avon,Laffer Curve,5.0,5.0,10,True
2026-07-12,Control: favourite,15:00 Stratford-on-Avon,Rockvale,4.0,,10,True
2026-07-12,Analyst Verdict Pick,15:10 Dundalk,Karrygrant,4.0,2.0,10,False
2026-07-12,Control: favourite,15:10 Dundalk,Krasimir,2.63,1.0,10,False
2026-07-12,Analyst Verdict Pick,15:16 Perth,Bold Light,8.5,5.0,9,True
2026-07-12,Control: favourite,15:16 Perth,Atlantic City,2.25,2.0,9,True
2026-07-12,Analyst Verdict Pick,15:25 Sligo,Ballinaboola Gold,,,15,True
2026-07-12,Control: favourite,15:25 Sligo,Pourquoi Poi,4.5,3.0,15,True
2026-07-12,Analyst Verdict Pick,15:35 Stratford-on-Avon,Gambino,,,7,False
2026-07-12,Control: favourite,15:35 Stratford-on-Avon,Genealogy,1.5,1.0,7,False
2026-07-12,Analyst Verdict Pick,15:45 Dundalk,Angel Of Promise,13.0,5.0,14,True
2026-07-12,Control: favourite,15:45 Dundalk,Bella Colombia,4.5,3.0,14,True
2026-07-12,Analyst Verdict Pick,15:51 Perth,Statuario,2.88,,7,True
2026-07-12,Control: favourite,15:51 Perth,Statuario,2.88,,7,True
2026-07-12,Analyst Verdict Pick,16:00 Sligo,Go To Town,4.33,4.0,15,True
2026-07-12,Control: favourite,16:00 Sligo,Go To Town,4.33,4.0,15,True
2026-07-12,Analyst Verdict Pick,16:10 Stratford-on-Avon,Person Of Interest,1.8,2.0,7,True
2026-07-12,Control: favourite,16:10 Stratford-on-Avon,Person Of Interest,1.8,2.0,7,True
2026-07-12,Analyst Verdict Pick,16:20 Dundalk,Porsche Lad,17.0,8.0,13,True
2026-07-12,Control: favourite,16:20 Dundalk,Folk Warrior,4.5,5.0,13,True
2026-07-12,Analyst Verdict Pick,16:26 Perth,Secret Trix,3.75,2.0,7,True
2026-07-12,Control: favourite,16:26 Perth,Lowlands,3.75,4.0,7,True
2026-07-12,Analyst Verdict Pick,16:35 Sligo,Evans Secret,6.0,,16,True
2026-07-12,Control: favourite,16:35 Sligo,Le Grand Vert,5.5,,16,True
2026-07-12,Analyst Verdict Pick,16:45 Stratford-on-Avon,Edelak,1.91,,5,True
2026-07-12,Control: favourite,16:45 Stratford-on-Avon,Edelak,1.91,,5,True
2026-07-12,Analyst Verdict Pick,16:55 Dundalk,Reynir,1.5,2.0,6,False
2026-07-12,Control: favourite,16:55 Dundalk,Reynir,1.5,2.0,6,False
2026-07-12,Analyst Verdict Pick,17:01 Perth,Lucky In Taipan,3.25,6.0,8,True
2026-07-12,Control: favourite,17:01 Perth,Scots Poet,3.0,,8,True
2026-07-12,Analyst Verdict Pick,17:10 Sligo,Circus Hill,2.88,2.0,12,False
2026-07-12,Control: favourite,17:10 Sligo,Circus Hill,2.88,2.0,12,False
2026-07-12,Analyst Verdict Pick,17:20 Stratford-on-Avon,Miss Kassiopi,3.25,,9,True
2026-07-12,Control: favourite,17:20 Stratford-on-Avon,Miss Kassiopi,3.25,,9,True
2026-07-12,Analyst Verdict Pick,17:30 Dundalk,Duvessa,1.62,1.0,6,False
2026-07-12,Control: favourite,17:30 Dundalk,Duvessa,1.62,1.0,6,False
2026-07-13,Analyst Verdict Pick,14:00 Ayr,Vega King,3.5,4.0,5,False
2026-07-13,Control: favourite,14:00 Ayr,Weleyff,2.88,1.0,5,False
2026-07-13,Analyst Verdict Pick,14:30 Ayr,King's Crown,10.0,10.0,11,True
2026-07-13,Control: favourite,14:30 Ayr,Woohoo,3.0,2.0,11,True
2026-07-13,Analyst Verdict Pick,14:42 Newton Abbot,Gore Point,1.5,1.0,3,True
2026-07-13,Control: favourite,14:42 Newton Abbot,Gore Point,1.5,1.0,3,True
2026-07-13,Analyst Verdict Pick,15:00 Ayr,White Ladder,2.5,4.0,9,True
2026-07-13,Control: favourite,15:00 Ayr,White Ladder,2.5,4.0,9,True
2026-07-13,Analyst Verdict Pick,15:12 Newton Abbot,God Of Fire,3.25,1.0,4,False
2026-07-13,Control: favourite,15:12 Newton Abbot,Jasper Glory,2.0,2.0,4,False
2026-07-13,Analyst Verdict Pick,15:30 Ayr,Runninsonofagun,3.0,1.0,9,True
2026-07-13,Control: favourite,15:30 Ayr,Runninsonofagun,3.0,1.0,9,True
2026-07-13,Analyst Verdict Pick,15:42 Newton Abbot,Get The Value,5.0,,12,True
2026-07-13,Control: favourite,15:42 Newton Abbot,Get The Value,5.0,,12,True
2026-07-13,Analyst Verdict Pick,16:00 Ayr,Jkr Cobbler,2.5,4.0,9,True
2026-07-13,Control: favourite,16:00 Ayr,Jkr Cobbler,2.5,4.0,9,True
2026-07-13,Analyst Verdict Pick,16:12 Newton Abbot,It's A Breeze,5.0,1.0,4,True
2026-07-13,Control: favourite,16:12 Newton Abbot,Ellerton,2.38,,4,True
2026-07-13,Analyst Verdict Pick,16:30 Ayr,Spiritoftheblues,3.75,3.0,5,True
2026-07-13,Control: favourite,16:30 Ayr,Pearl Eye,2.88,1.0,5,True
2026-07-13,Analyst Verdict Pick,16:42 Newton Abbot,Muskerry Rock,2.25,1.0,5,True
2026-07-13,Control: favourite,16:42 Newton Abbot,Muskerry Rock,2.25,1.0,5,True
2026-07-13,Analyst Verdict Pick,17:05 Ayr,Cascade Hall,3.25,3.0,6,True
2026-07-13,Control: favourite,17:05 Ayr,Annandale,3.25,4.0,6,True
2026-07-13,Analyst Verdict Pick,17:10 Lingfield,Lord Ragnar,3.75,2.0,5,False
2026-07-13,Control: favourite,17:10 Lingfield,Crazy Cubana,2.75,3.0,5,False
2026-07-13,Analyst Verdict Pick,17:15 Newton Abbot,Park Hall,2.5,2.0,9,False
2026-07-13,Control: favourite,17:15 Newton Abbot,Park Hall,2.5,2.0,9,False
2026-07-13,Analyst Verdict Pick,17:20 Windsor,Jaijai,2.5,2.0,3,False
2026-07-13,Control: favourite,17:20 Windsor,Jaijai,2.5,2.0,3,False
2026-07-13,Analyst Verdict Pick,17:30 Killarney,Oklahoma,1.3,3.0,6,False
2026-07-13,Control: favourite,17:30 Killarney,Oklahoma,1.3,3.0,6,False
2026-07-13,Analyst Verdict Pick,17:40 Lingfield,Big Bear Hug,9.0,7.0,10,True
2026-07-13,Control: favourite,17:40 Lingfield,Senor Cortez,2.75,1.0,10,True
2026-07-13,Analyst Verdict Pick,17:50 Windsor,Levens Hall,2.25,1.0,11,False
2026-07-13,Control: favourite,17:50 Windsor,Levens Hall,2.25,1.0,11,False
2026-07-13,Analyst Verdict Pick,18:00 Killarney,Straight Up,2.88,1.0,5,False
2026-07-13,Control: favourite,18:00 Killarney,Res Ipsa,1.57,2.0,5,False
2026-07-13,Analyst Verdict Pick,18:10 Lingfield,Aphra Behn,1.62,4.0,12,False
2026-07-13,Control: favourite,18:10 Lingfield,Aphra Behn,1.62,4.0,12,False
2026-07-13,Analyst Verdict Pick,18:20 Windsor,Sovereigns High,6.0,8.0,12,False
2026-07-13,Control: favourite,18:20 Windsor,Magi Melchior,3.5,4.0,12,False
2026-07-13,Analyst Verdict Pick,18:30 Killarney,Chirac,4.5,4.0,8,True
2026-07-13,Control: favourite,18:30 Killarney,Chirac,4.5,4.0,8,True
2026-07-13,Analyst Verdict Pick,18:40 Lingfield,Split Elevens,,,14,True
2026-07-13,Control: favourite,18:40 Lingfield,Dannick,3.0,1.0,14,True
2026-07-13,Analyst Verdict Pick,18:50 Windsor,Market Leader,1.8,3.0,11,False
2026-07-13,Control: favourite,18:50 Windsor,Market Leader,1.8,3.0,11,False
2026-07-13,Analyst Verdict Pick,19:00 Killarney,Molto Amichi,1.91,1.0,8,True
2026-07-13,Control: favourite,19:00 Killarney,Molto Amichi,1.91,1.0,8,True
2026-07-13,Analyst Verdict Pick,19:10 Lingfield,Court Drive,3.5,4.0,8,True
2026-07-13,Control: favourite,19:10 Lingfield,Court Drive,3.5,4.0,8,True
2026-07-13,Analyst Verdict Pick,19:20 Windsor,Papa Cocktail,4.5,3.0,12,True
2026-07-13,Control: favourite,19:20 Windsor,Amazonian Dream,4.5,2.0,12,True
2026-07-13,Analyst Verdict Pick,19:30 Killarney,Sea Of The Celts,,,11,False
2026-07-13,Control: favourite,19:30 Killarney,Vauntingly,2.63,1.0,11,False
2026-07-13,Analyst Verdict Pick,19:40 Lingfield,Manton Road,6.0,3.0,10,False
2026-07-13,Control: favourite,19:40 Lingfield,Nutcracker,3.0,2.0,10,False
2026-07-13,Analyst Verdict Pick,19:50 Windsor,Kalokalo,4.0,3.0,8,True
2026-07-13,Control: favourite,19:50 Windsor,Cristo,3.0,2.0,8,True
2026-07-13,Analyst Verdict Pick,20:00 Killarney,Highwayman,3.5,1.0,9,False
2026-07-13,Control: favourite,20:00 Killarney,Camino Lad,2.38,4.0,9,False
2026-07-13,Analyst Verdict Pick,20:10 Lingfield,Zaltalla,5.5,2.0,9,False
2026-07-13,Control: favourite,20:10 Lingfield,Henfield,4.5,1.0,9,False
2026-07-13,Analyst Verdict Pick,20:20 Windsor,Silent City,2.63,6.0,7,True
2026-07-13,Control: favourite,20:20 Windsor,Silent City,2.63,6.0,7,True
2026-07-13,Analyst Verdict Pick,20:30 Killarney,Point Cartwright,2.63,3.0,15,True
2026-07-13,Control: favourite,20:30 Killarney,Point Cartwright,2.63,3.0,15,True
2026-07-13,Analyst Verdict Pick,20:40 Lingfield,Graffiti,,,14,False
2026-07-13,Control: favourite,20:40 Lingfield,Make It Up,3.0,2.0,14,False
2026-07-13,Analyst Verdict Pick,20:50 Windsor,Darn Hot Dame,5.5,3.0,5,True
2026-07-13,Control: favourite,20:50 Windsor,Bintsaleh,3.75,5.0,5,True
2026-07-14,Analyst Verdict Pick,13:54 Leicester,Emerald Bay,5.5,1.0,10,False
2026-07-14,Control: favourite,13:54 Leicester,Hamdani Mokhater,4.5,2.0,10,False
2026-07-14,Analyst Verdict Pick,14:07 Downpatrick,Cool Native,3.75,3.0,12,False
2026-07-14,Control: favourite,14:07 Downpatrick,Fastnet Crystal,2.63,1.0,12,False
2026-07-14,Analyst Verdict Pick,14:17 Beverley,Fast Track,1.1,1.0,4,False
2026-07-14,Control: favourite,14:17 Beverley,Fast Track,1.1,1.0,4,False
2026-07-14,Analyst Verdict Pick,14:24 Leicester,Siwa Oasis,2.63,4.0,6,False
2026-07-14,Control: favourite,14:24 Leicester,Siwa Oasis,2.63,4.0,6,False
2026-07-14,Analyst Verdict Pick,14:30 Ffos Las,Jaan Ki Tukri,1.57,1.0,5,False
2026-07-14,Control: favourite,14:30 Ffos Las,Jaan Ki Tukri,1.57,1.0,5,False
2026-07-14,Analyst Verdict Pick,14:37 Downpatrick,Luker's Tipple,1.83,1.0,9,False
2026-07-14,Control: favourite,14:37 Downpatrick,Luker's Tipple,1.83,1.0,9,False
2026-07-14,Analyst Verdict Pick,14:47 Beverley,What A Tahoo,5.0,1.0,8,True
2026-07-14,Control: favourite,14:47 Beverley,Power Of Chora,3.75,8.0,8,True
2026-07-14,Analyst Verdict Pick,14:54 Leicester,Betelgeuse,3.25,5.0,6,True
2026-07-14,Control: favourite,14:54 Leicester,Ottoman,2.63,1.0,6,True
2026-07-14,Analyst Verdict Pick,15:00 Ffos Las,Tallahassee Lassie,2.0,1.0,5,False
2026-07-14,Control: favourite,15:00 Ffos Las,Tallahassee Lassie,2.0,1.0,5,False
2026-07-14,Analyst Verdict Pick,15:07 Downpatrick,Sea Of Doubt,5.0,2.0,15,True
2026-07-14,Control: favourite,15:07 Downpatrick,Bryson,4.0,6.0,15,True
2026-07-14,Analyst Verdict Pick,15:17 Beverley,It's Debatable,2.75,2.0,4,True
2026-07-14,Control: favourite,15:17 Beverley,Pendella,2.1,1.0,4,True
2026-07-14,Analyst Verdict Pick,15:24 Leicester,Dottie Diamond,4.0,1.0,6,True
2026-07-14,Control: favourite,15:24 Leicester,Dottie Diamond,4.0,1.0,6,True
2026-07-14,Analyst Verdict Pick,15:30 Ffos Las,Star Velocity,1.8,1.0,7,False
2026-07-14,Control: favourite,15:30 Ffos Las,Star Velocity,1.8,1.0,7,False
2026-07-14,Analyst Verdict Pick,15:37 Downpatrick,San Hilario,1.73,9.0,12,False
2026-07-14,Control: favourite,15:37 Downpatrick,San Hilario,1.73,9.0,12,False
2026-07-14,Analyst Verdict Pick,15:48 Beverley,Melting Snow,7.0,4.0,9,True
2026-07-14,Control: favourite,15:48 Beverley,Lever Up,3.5,8.0,9,True
2026-07-14,Analyst Verdict Pick,15:57 Leicester,Musical Soldier,4.33,2.0,6,True
2026-07-14,Control: favourite,15:57 Leicester,Lope Y Linda,3.0,4.0,6,True
2026-07-14,Analyst Verdict Pick,16:05 Ffos Las,Tokyo Joe,1.91,1.0,9,True
2026-07-14,Control: favourite,16:05 Ffos Las,Tokyo Joe,1.91,1.0,9,True
2026-07-14,Analyst Verdict Pick,16:12 Downpatrick,Lemmy Caution,3.5,2.0,6,False
2026-07-14,Control: favourite,16:12 Downpatrick,Playtime,3.0,3.0,6,False
2026-07-14,Analyst Verdict Pick,16:23 Beverley,So Grateful,7.5,2.0,11,True
2026-07-14,Control: favourite,16:23 Beverley,Barmyblade,5.5,10.0,11,True
2026-07-14,Analyst Verdict Pick,16:30 Leicester,Melody De Vega,2.75,1.0,5,True
2026-07-14,Control: favourite,16:30 Leicester,Hot Silk,2.38,3.0,5,True
2026-07-14,Analyst Verdict Pick,16:40 Ffos Las,Homeland,3.0,1.0,9,True
2026-07-14,Control: favourite,16:40 Ffos Las,Homeland,3.0,1.0,9,True
2026-07-14,Analyst Verdict Pick,16:47 Downpatrick,Nakassama,2.88,2.0,16,True
2026-07-14,Control: favourite,16:47 Downpatrick,Nakassama,2.88,2.0,16,True
2026-07-14,Analyst Verdict Pick,16:53 Wolverhampton,Lady Magu,4.0,1.0,9,True
2026-07-14,Control: favourite,16:53 Wolverhampton,Desert Belle,3.5,2.0,9,True
2026-07-14,Analyst Verdict Pick,16:58 Beverley,The Sweet Escape,1.91,1.0,8,True
2026-07-14,Control: favourite,16:58 Beverley,The Sweet Escape,1.91,1.0,8,True
2026-07-14,Analyst Verdict Pick,17:04 Leicester,Marisitta,5.0,5.0,11,False
2026-07-14,Control: favourite,17:04 Leicester,Marisitta,5.0,5.0,11,False
2026-07-14,Analyst Verdict Pick,17:09 Killarney,Celtic Motif,1.2,1.0,7,False
2026-07-14,Control: favourite,17:09 Killarney,Celtic Motif,1.2,1.0,7,False
2026-07-14,Analyst Verdict Pick,17:14 Ffos Las,Liveinthelight,2.5,1.0,5,True
2026-07-14,Control: favourite,17:14 Ffos Las,Meet Me In Meraki,2.25,2.0,5,True
2026-07-14,Analyst Verdict Pick,17:19 Downpatrick,Tis Well For Some,8.0,4.0,10,False
2026-07-14,Control: favourite,17:19 Downpatrick,Payslip,3.5,2.0,10,False
2026-07-14,Analyst Verdict Pick,17:25 Wolverhampton,George Wickham,2.88,1.0,13,False
2026-07-14,Control: favourite,17:25 Wolverhampton,George Wickham,2.88,1.0,13,False
2026-07-14,Analyst Verdict Pick,17:40 Killarney,Wild Sapphire,2.5,1.0,8,False
2026-07-14,Control: favourite,17:40 Killarney,Wild Sapphire,2.5,1.0,8,False
2026-07-14,Analyst Verdict Pick,17:55 Wolverhampton,Aigeas,,,11,True
2026-07-14,Control: favourite,17:55 Wolverhampton,Night Storm,2.63,6.0,11,True
2026-07-14,Analyst Verdict Pick,18:10 Killarney,Concaire,,,14,True
2026-07-14,Control: favourite,18:10 Killarney,Zheleznaya Dama,3.5,2.0,14,True
2026-07-14,Analyst Verdict Pick,18:25 Wolverhampton,Wilbur,2.2,2.0,12,False
2026-07-14,Control: favourite,18:25 Wolverhampton,Wilbur,2.2,2.0,12,False
2026-07-14,Analyst Verdict Pick,18:40 Killarney,Elusive Duke,3.0,7.0,15,True
2026-07-14,Control: favourite,18:40 Killarney,Elusive Duke,3.0,7.0,15,True
2026-07-14,Analyst Verdict Pick,18:55 Wolverhampton,Dancing With Drums,11.0,7.0,12,True
2026-07-14,Control: favourite,18:55 Wolverhampton,Adelaide Bay,2.25,6.0,12,True
2026-07-14,Analyst Verdict Pick,19:10 Killarney,My Girl Grace,3.0,7.0,10,True
2026-07-14,Control: favourite,19:10 Killarney,My Girl Grace,3.0,7.0,10,True
2026-07-14,Analyst Verdict Pick,19:25 Wolverhampton,Classy Clarets,1.57,1.0,11,True
2026-07-14,Control: favourite,19:25 Wolverhampton,Classy Clarets,1.57,1.0,11,True
2026-07-14,Analyst Verdict Pick,19:40 Killarney,Gaoth Chuil,2.88,1.0,8,True
2026-07-14,Control: favourite,19:40 Killarney,Gaoth Chuil,2.88,1.0,8,True
2026-07-14,Analyst Verdict Pick,19:55 Wolverhampton,A Daughters Love,12.0,5.0,12,True
2026-07-14,Control: favourite,19:55 Wolverhampton,Luan,2.63,1.0,12,True
2026-07-14,Analyst Verdict Pick,20:10 Killarney,Eagle Fang,2.88,1.0,13,False
2026-07-14,Control: favourite,20:10 Killarney,Eagle Fang,2.88,1.0,13,False
2026-07-15,Analyst Verdict Pick,14:10 Catterick Bridge,Made All,1.53,3.0,6,True
2026-07-15,Control: favourite,14:10 Catterick Bridge,Made All,1.53,3.0,6,True
2026-07-15,Analyst Verdict Pick,14:18 Uttoxeter,Fine Thing,2.88,1.0,9,False
2026-07-15,Control: favourite,14:18 Uttoxeter,Fine Thing,2.88,1.0,9,False
2026-07-15,Analyst Verdict Pick,14:31 Bath,Saucy Jane,3.75,6.0,7,True
2026-07-15,Control: favourite,14:31 Bath,Safari Dream,3.5,3.0,7,True
2026-07-15,Analyst Verdict Pick,14:40 Catterick Bridge,Mick's The Boy,2.88,6.0,10,False
2026-07-15,Control: favourite,14:40 Catterick Bridge,Mick's The Boy,2.88,6.0,10,False
2026-07-15,Analyst Verdict Pick,14:48 Uttoxeter,Golden Circet,4.0,2.0,13,True
2026-07-15,Control: favourite,14:48 Uttoxeter,Golden Circet,4.0,2.0,13,True
2026-07-15,Analyst Verdict Pick,15:01 Bath,Bellatina,5.0,6.0,8,False
2026-07-15,Control: favourite,15:01 Bath,Last Dandelion,3.75,4.0,8,False
2026-07-15,Analyst Verdict Pick,15:10 Catterick Bridge,Mardy Bum,3.0,3.0,4,False
2026-07-15,Control: favourite,15:10 Catterick Bridge,Lady Dublin,3.0,1.0,4,False
2026-07-15,Analyst Verdict Pick,15:18 Uttoxeter,Sunray Shadow,2.25,1.0,4,True
2026-07-15,Control: favourite,15:18 Uttoxeter,Sunray Shadow,2.25,1.0,4,True
2026-07-15,Analyst Verdict Pick,15:31 Bath,Secret Handsheikh,9.0,5.0,6,True
2026-07-15,Control: favourite,15:31 Bath,Darkened Edge,2.25,1.0,6,True
2026-07-15,Analyst Verdict Pick,15:40 Catterick Bridge,Two Commanders,3.0,3.0,8,True
2026-07-15,Control: favourite,15:40 Catterick Bridge,The Good Biscuit,2.75,1.0,8,True
2026-07-15,Analyst Verdict Pick,15:48 Uttoxeter,Ask A Sainte,2.25,,7,True
2026-07-15,Control: favourite,15:48 Uttoxeter,Ask A Sainte,2.25,,7,True
2026-07-15,Analyst Verdict Pick,16:01 Bath,Campeona,1.25,1.0,5,True
2026-07-15,Control: favourite,16:01 Bath,Campeona,1.25,1.0,5,True
2026-07-15,Analyst Verdict Pick,16:10 Catterick Bridge,Haaderr,2.2,4.0,4,True
2026-07-15,Control: favourite,16:10 Catterick Bridge,Haaderr,2.2,4.0,4,True
2026-07-15,Analyst Verdict Pick,16:18 Uttoxeter,Le Gentleman,3.25,3.0,5,True
2026-07-15,Control: favourite,16:18 Uttoxeter,Le Gentleman,3.25,3.0,5,True
2026-07-15,Analyst Verdict Pick,16:31 Bath,Jimmy Mark,3.75,2.0,8,True
2026-07-15,Control: favourite,16:31 Bath,Yokkell,2.38,1.0,8,True
2026-07-15,Analyst Verdict Pick,16:40 Catterick Bridge,South Shore,2.38,2.0,9,True
2026-07-15,Control: favourite,16:40 Catterick Bridge,South Shore,2.38,2.0,9,True
2026-07-15,Analyst Verdict Pick,16:48 Uttoxeter,Camshaft,4.5,3.0,10,True
2026-07-15,Control: favourite,16:48 Uttoxeter,Camshaft,4.5,3.0,10,True
2026-07-15,Analyst Verdict Pick,17:00 Yarmouth,Ambishio,2.88,4.0,4,True
2026-07-15,Control: favourite,17:00 Yarmouth,Adalida,2.5,1.0,4,True
2026-07-15,Analyst Verdict Pick,17:05 Bath,Havana Club,3.25,1.0,8,True
2026-07-15,Control: favourite,17:05 Bath,Blue Hero,3.25,2.0,8,True
2026-07-15,Analyst Verdict Pick,17:20 Lingfield,Probation,2.25,1.0,3,True
2026-07-15,Control: favourite,17:20 Lingfield,Golden Orbit,1.83,2.0,3,True
2026-07-15,Analyst Verdict Pick,17:25 Uttoxeter,Stand Proud,4.0,8.0,12,False
2026-07-15,Control: favourite,17:25 Uttoxeter,Downtown Nashville,3.75,3.0,12,False
2026-07-15,Analyst Verdict Pick,17:30 Killarney,Land Of The Giants,6.5,6.0,14,False
2026-07-15,Control: favourite,17:30 Killarney,Minaun View,4.0,1.0,14,False
2026-07-15,Analyst Verdict Pick,17:35 Yarmouth,Starship Lily,1.91,4.0,5,False
2026-07-15,Control: favourite,17:35 Yarmouth,Starship Lily,1.91,4.0,5,False
2026-07-15,Analyst Verdict Pick,17:50 Lingfield,Brunhilde,1.14,1.0,4,False
2026-07-15,Control: favourite,17:50 Lingfield,Brunhilde,1.14,1.0,4,False
2026-07-15,Analyst Verdict Pick,18:00 Killarney,South Dakota,1.73,3.0,6,False
2026-07-15,Control: favourite,18:00 Killarney,South Dakota,1.73,3.0,6,False
2026-07-15,Analyst Verdict Pick,18:10 Yarmouth,Henley On Thames,3.25,2.0,6,False
2026-07-15,Control: favourite,18:10 Yarmouth,War Gaming,2.25,3.0,6,False
2026-07-15,Analyst Verdict Pick,18:20 Lingfield,Fire Thunder,1.25,1.0,7,False
2026-07-15,Control: favourite,18:20 Lingfield,Fire Thunder,1.25,1.0,7,False
2026-07-15,Analyst Verdict Pick,18:30 Killarney,Transcript,,,10,False
2026-07-15,Control: favourite,18:30 Killarney,Elusive Path,2.5,3.0,10,False
2026-07-15,Analyst Verdict Pick,18:40 Yarmouth,Dion Baker,5.0,3.0,6,True
2026-07-15,Control: favourite,18:40 Yarmouth,Sea Suite,3.75,2.0,6,True
2026-07-15,Analyst Verdict Pick,18:50 Lingfield,Quantum Swift,2.88,3.0,5,False
2026-07-15,Control: favourite,18:50 Lingfield,Ron's Angel,2.5,2.0,5,False
2026-07-15,Analyst Verdict Pick,19:00 Killarney,Green Carrera,3.0,2.0,12,False
2026-07-15,Control: favourite,19:00 Killarney,Green Carrera,3.0,2.0,12,False
2026-07-15,Analyst Verdict Pick,19:10 Yarmouth,Spaceage Love Song,3.0,2.0,7,False
2026-07-15,Control: favourite,19:10 Yarmouth,Highland Harvey,2.2,1.0,7,False
2026-07-15,Analyst Verdict Pick,19:20 Lingfield,Classic Encounter,2.2,3.0,4,True
2026-07-15,Control: favourite,19:20 Lingfield,Classic Encounter,2.2,3.0,4,True
2026-07-15,Analyst Verdict Pick,19:30 Killarney,Tortola,5.5,10.0,13,True
2026-07-15,Control: favourite,19:30 Killarney,Bella Colombia,3.13,1.0,13,True
2026-07-15,Analyst Verdict Pick,19:40 Yarmouth,Dark Side Thunder,3.75,2.0,6,True
2026-07-15,Control: favourite,19:40 Yarmouth,Startled Lady,3.5,1.0,6,True
2026-07-15,Analyst Verdict Pick,19:50 Lingfield,Mister Moet,2.5,2.0,4,True
2026-07-15,Control: favourite,19:50 Lingfield,Sunlit Sea,2.25,1.0,4,True
2026-07-15,Analyst Verdict Pick,20:00 Killarney,Alto Sax,4.33,5.0,15,True
2026-07-15,Control: favourite,20:00 Killarney,Arch Enemy,4.0,1.0,15,True
2026-07-15,Analyst Verdict Pick,20:30 Killarney,Lagoon Nebula,5.5,9.0,14,True
2026-07-15,Control: favourite,20:30 Killarney,Jurality,4.0,5.0,14,True
2026-07-16,Control: favourite,13:40 Hamilton Park,Call Nicki,2.25,1.0,4,False
2026-07-16,Analyst Verdict Pick,13:53 Thirsk,Clementines Star,1.53,1.0,3,False
2026-07-16,Control: favourite,13:53 Thirsk,Clementines Star,1.53,1.0,3,False
2026-07-16,Analyst Verdict Pick,14:05 Chepstow,Quisana,2.5,2.0,3,False
2026-07-16,Control: favourite,14:05 Chepstow,Lyrics Of Life,1.57,1.0,3,False
2026-07-16,Analyst Verdict Pick,14:15 Hamilton Park,Classy Clarets,2.0,1.0,8,True
2026-07-16,Control: favourite,14:15 Hamilton Park,Classy Clarets,2.0,1.0,8,True
2026-07-16,Analyst Verdict Pick,14:28 Thirsk,Hatamoto,1.8,1.0,5,True
2026-07-16,Control: favourite,14:28 Thirsk,Hatamoto,1.8,1.0,5,True
2026-07-16,Analyst Verdict Pick,14:40 Chepstow,Savannah Smiles,2.63,2.0,5,True
2026-07-16,Control: favourite,14:40 Chepstow,Savannah Smiles,2.63,2.0,5,True
2026-07-16,Analyst Verdict Pick,14:50 Hamilton Park,My Mate Roger,1.15,1.0,6,False
2026-07-16,Control: favourite,14:50 Hamilton Park,My Mate Roger,1.15,1.0,6,False
2026-07-16,Analyst Verdict Pick,15:03 Thirsk,Simba's Pride,3.5,4.0,9,True
2026-07-16,Control: favourite,15:03 Thirsk,Simba's Pride,3.5,4.0,9,True
2026-07-16,Analyst Verdict Pick,15:15 Chepstow,Amber Ocean,6.0,1.0,9,False
2026-07-16,Control: favourite,15:15 Chepstow,Blondie Larry,1.83,2.0,9,False
2026-07-16,Analyst Verdict Pick,15:25 Hamilton Park,I'll Be Back,4.0,1.0,6,True
2026-07-16,Control: favourite,15:25 Hamilton Park,Salam Dubawi,2.38,4.0,6,True
2026-07-16,Analyst Verdict Pick,15:38 Thirsk,Trucial Pearl,2.63,4.0,13,False
2026-07-16,Control: favourite,15:38 Thirsk,Trucial Pearl,2.63,4.0,13,False
2026-07-16,Analyst Verdict Pick,15:50 Chepstow,Stenmark,1.83,6.0,6,True
2026-07-16,Control: favourite,15:50 Chepstow,Stenmark,1.83,6.0,6,True
2026-07-16,Analyst Verdict Pick,16:00 Hamilton Park,Jannas Journey,4.33,4.0,5,True
2026-07-16,Control: favourite,16:00 Hamilton Park,Inspired,3.0,1.0,5,True
2026-07-16,Analyst Verdict Pick,16:10 Thirsk,Captain Cess,4.0,1.0,10,True
2026-07-16,Control: favourite,16:10 Thirsk,Night Emperor,3.5,5.0,10,True
2026-07-16,Analyst Verdict Pick,16:20 Leopardstown,Star Of State,1.33,1.0,12,False
2026-07-16,Control: favourite,16:20 Leopardstown,Star Of State,1.33,1.0,12,False
2026-07-16,Analyst Verdict Pick,16:25 Chepstow,Tomarlo,7.5,5.0,14,True
2026-07-16,Control: favourite,16:25 Chepstow,Autumn Angel,4.5,8.0,14,True
2026-07-16,Analyst Verdict Pick,16:30 Killarney,Early Dawning,3.0,1.0,9,False
2026-07-16,Control: favourite,16:30 Killarney,Dawn Coming,2.75,3.0,9,False
2026-07-16,Analyst Verdict Pick,16:35 Hamilton Park,Doon The Glen,3.75,1.0,7,True
2026-07-16,Control: favourite,16:35 Hamilton Park,Rain Cap,3.0,5.0,7,True
2026-07-16,Analyst Verdict Pick,16:45 Thirsk,Harswell Ruby,2.63,4.0,6,True
2026-07-16,Control: favourite,16:45 Thirsk,Harswell Ruby,2.63,4.0,6,True
2026-07-16,Analyst Verdict Pick,16:50 Leopardstown,Sea Of Rain,3.75,3.0,13,False
2026-07-16,Control: favourite,16:50 Leopardstown,Ballyskeagh,2.75,1.0,13,False
2026-07-16,Analyst Verdict Pick,17:00 Chepstow,Be An Angel,2.88,2.0,8,True
2026-07-16,Control: favourite,17:00 Chepstow,Be An Angel,2.88,2.0,8,True
2026-07-16,Analyst Verdict Pick,17:05 Killarney,Birdie Or Bust,5.0,4.0,7,False
2026-07-16,Control: favourite,17:05 Killarney,Murcia,1.83,2.0,7,False
2026-07-16,Analyst Verdict Pick,17:10 Hamilton Park,Bruce Banner,11.0,4.0,5,True
2026-07-16,Control: favourite,17:10 Hamilton Park,Alnayef,1.83,3.0,5,True
2026-07-16,Analyst Verdict Pick,17:24 Leopardstown,Bear Right,3.5,3.0,15,True
2026-07-16,Control: favourite,17:24 Leopardstown,Bear Right,3.5,3.0,15,True
2026-07-16,Analyst Verdict Pick,17:30 Chepstow,Bumaan,2.0,2.0,4,True
2026-07-16,Control: favourite,17:30 Chepstow,Bumaan,2.0,2.0,4,True
2026-07-16,Analyst Verdict Pick,17:35 Killarney,Illtakehimmyself,4.5,1.0,16,True
2026-07-16,Control: favourite,17:35 Killarney,Clone Cross,4.5,,16,True
2026-07-16,Analyst Verdict Pick,17:45 Epsom Downs,Ad Lib,5.5,4.0,5,False
2026-07-16,Control: favourite,17:45 Epsom Downs,Zarakova,2.63,2.0,5,False
2026-07-16,Analyst Verdict Pick,17:52 Worcester,Thickthorn Tom,2.2,1.0,6,True
2026-07-16,Control: favourite,17:52 Worcester,Thickthorn Tom,2.2,1.0,6,True
2026-07-16,Analyst Verdict Pick,18:00 Leopardstown,Sarah's Choice,2.75,4.0,8,False
2026-07-16,Control: favourite,18:00 Leopardstown,Bellesque,2.0,1.0,8,False
2026-07-16,Control: favourite,18:05 Chepstow,Victoria (A),4.0,1.0,8,True
2026-07-16,Analyst Verdict Pick,18:10 Killarney,Koeur A Prendre,5.5,2.0,16,True
2026-07-16,Control: favourite,18:10 Killarney,Pleasureofpressure,4.5,,16,True
2026-07-16,Analyst Verdict Pick,18:20 Epsom Downs,Eutropia,4.0,2.0,9,True
2026-07-16,Control: favourite,18:20 Epsom Downs,Trio,3.75,1.0,9,True
2026-07-16,Analyst Verdict Pick,18:27 Worcester,Knightsbridge,3.5,4.0,8,True
2026-07-16,Control: favourite,18:27 Worcester,Knightsbridge,3.5,4.0,8,True
2026-07-16,Analyst Verdict Pick,18:35 Leopardstown,How'sthebai,2.38,3.0,7,True
2026-07-16,Control: favourite,18:35 Leopardstown,How'sthebai,2.38,3.0,7,True
2026-07-16,Analyst Verdict Pick,18:45 Killarney,Global Skies,3.75,5.0,10,True
2026-07-16,Control: favourite,18:45 Killarney,Global Skies,3.75,5.0,10,True
2026-07-16,Analyst Verdict Pick,18:55 Epsom Downs,Booziebrunch,3.5,2.0,5,True
2026-07-16,Control: favourite,18:55 Epsom Downs,Perfect Scoundrel,2.38,1.0,5,True
2026-07-16,Analyst Verdict Pick,19:02 Worcester,Jorah D'alma,2.0,1.0,8,False
2026-07-16,Control: favourite,19:02 Worcester,Jorah D'alma,2.0,1.0,8,False
2026-07-16,Analyst Verdict Pick,19:10 Leopardstown,Snellen,4.5,6.0,6,False
2026-07-16,Control: favourite,19:10 Leopardstown,Geryon,2.1,1.0,6,False
2026-07-16,Analyst Verdict Pick,19:20 Killarney,Lips Freedom,6.0,1.0,15,True
2026-07-16,Control: favourite,19:20 Killarney,Lips Freedom,6.0,1.0,15,True
2026-07-16,Analyst Verdict Pick,19:30 Epsom Downs,Pride Of Nepal,12.0,7.0,8,True
2026-07-16,Control: favourite,19:30 Epsom Downs,Carnival Day,3.0,4.0,8,True
2026-07-16,Analyst Verdict Pick,19:37 Worcester,Square D'alboni,1.36,1.0,8,False
2026-07-16,Control: favourite,19:37 Worcester,Square D'alboni,1.36,1.0,8,False
2026-07-16,Analyst Verdict Pick,19:45 Leopardstown,Daler,3.5,3.0,9,True
2026-07-16,Control: favourite,19:45 Leopardstown,Daler,3.5,3.0,9,True
2026-07-16,Analyst Verdict Pick,19:55 Killarney,Inishtearaght,3.75,5.0,8,False
2026-07-16,Control: favourite,19:55 Killarney,Caislean Gear,3.0,1.0,8,False
2026-07-16,Analyst Verdict Pick,20:05 Epsom Downs,Atmosphere,2.38,5.0,5,True
2026-07-16,Control: favourite,20:05 Epsom Downs,Atmosphere,2.38,5.0,5,True
2026-07-16,Analyst Verdict Pick,20:12 Worcester,The Great Escape,5.0,1.0,7,True
2026-07-16,Control: favourite,20:12 Worcester,Fane Court,2.75,2.0,7,True
2026-07-16,Analyst Verdict Pick,20:20 Leopardstown,Tatum,4.33,3.0,6,True
2026-07-16,Control: favourite,20:20 Leopardstown,Cooley's Mist,4.0,1.0,6,True
2026-07-16,Analyst Verdict Pick,20:30 Killarney,Super Freak,4.33,10.0,16,False
2026-07-16,Control: favourite,20:30 Killarney,Cast A Cold Eye,3.75,6.0,16,False
2026-07-16,Analyst Verdict Pick,20:40 Epsom Downs,Ice Cube,2.2,1.0,9,True
2026-07-16,Control: favourite,20:40 Epsom Downs,Ice Cube,2.2,1.0,9,True
2026-07-16,Analyst Verdict Pick,20:47 Worcester,Phantom Gold,1.91,1.0,9,True
2026-07-16,Control: favourite,20:47 Worcester,Phantom Gold,1.91,1.0,9,True
2026-07-17,Analyst Verdict Pick,13:32 Killarney,Words Unspoken,6.0,7.0,12,False
2026-07-17,Control: favourite,13:32 Killarney,Cite Florale,1.83,1.0,12,False
2026-07-17,Analyst Verdict Pick,14:02 Killarney,Tumbling In,3.75,3.0,15,False
2026-07-17,Control: favourite,14:02 Killarney,Tumbling In,3.75,3.0,15,False
2026-07-17,Analyst Verdict Pick,14:13 Wolverhampton,Roosike,3.25,2.0,8,False
2026-07-17,Control: favourite,14:13 Wolverhampton,Bated Benevolence,2.25,1.0,8,False
2026-07-17,Analyst Verdict Pick,14:22 Nottingham,Hauteluce,1.91,3.0,5,False
2026-07-17,Control: favourite,14:22 Nottingham,Hauteluce,1.91,3.0,5,False
2026-07-17,Analyst Verdict Pick,14:32 Killarney,Elusive Ogie,8.0,5.0,16,True
2026-07-17,Control: favourite,14:32 Killarney,Warriors Wood,5.0,4.0,16,True
2026-07-17,Analyst Verdict Pick,14:43 Wolverhampton,Obsidian Verse,5.0,6.0,13,True
2026-07-17,Control: favourite,14:43 Wolverhampton,Veil Of Clouds,3.0,3.0,13,True
2026-07-17,Analyst Verdict Pick,14:52 Nottingham,Tawakal,1.44,1.0,5,False
2026-07-17,Control: favourite,14:52 Nottingham,Tawakal,1.44,1.0,5,False
2026-07-17,Analyst Verdict Pick,15:00 Newbury,Force Of Light,4.33,5.0,15,False
2026-07-17,Control: favourite,15:00 Newbury,Cilician,2.75,2.0,15,False
2026-07-17,Analyst Verdict Pick,15:07 Killarney,Femme Magnifique,5.0,1.0,9,True
2026-07-17,Control: favourite,15:07 Killarney,Mic Drop,3.25,3.0,9,True
2026-07-17,Analyst Verdict Pick,15:18 Wolverhampton,Poets Praise,2.5,4.0,11,False
2026-07-17,Control: favourite,15:18 Wolverhampton,Poets Praise,2.5,4.0,11,False
2026-07-17,Analyst Verdict Pick,15:27 Nottingham,Merrijig,4.0,3.0,5,True
2026-07-17,Control: favourite,15:27 Nottingham,Al Sayah,1.73,1.0,5,True
2026-07-17,Analyst Verdict Pick,15:35 Newbury,Faith In Florence,2.25,2.0,13,False
2026-07-17,Control: favourite,15:35 Newbury,Faith In Florence,2.25,2.0,13,False
2026-07-17,Analyst Verdict Pick,15:42 Killarney,Shadow Paddy,2.25,1.0,7,False
2026-07-17,Control: favourite,15:42 Killarney,Shadow Paddy,2.25,1.0,7,False
2026-07-17,Analyst Verdict Pick,15:53 Wolverhampton,Searchingtheblues,9.5,10.0,11,True
2026-07-17,Control: favourite,15:53 Wolverhampton,Pickersgill,6.5,7.0,11,True
2026-07-17,Analyst Verdict Pick,16:02 Nottingham,Night Mission,3.0,4.0,8,True
2026-07-17,Control: favourite,16:02 Nottingham,Robert Anstruther,2.63,1.0,8,True
2026-07-17,Analyst Verdict Pick,16:10 Newbury,Sale Shark,4.5,5.0,12,False
2026-07-17,Control: favourite,16:10 Newbury,Nabati,4.0,2.0,12,False
2026-07-17,Analyst Verdict Pick,16:17 Killarney,Love Like This,4.5,3.0,18,True
2026-07-17,Control: favourite,16:17 Killarney,Tippin And Tappin,4.0,,18,True
2026-07-17,Analyst Verdict Pick,16:28 Wolverhampton,Go Rimbaud,1.62,1.0,4,True
2026-07-17,Control: favourite,16:28 Wolverhampton,Go Rimbaud,1.62,1.0,4,True
2026-07-17,Analyst Verdict Pick,16:40 Nottingham,Sir Benedict,4.33,1.0,9,False
2026-07-17,Control: favourite,16:40 Nottingham,Jackie Brown,3.25,2.0,9,False
2026-07-17,Analyst Verdict Pick,16:45 Newbury,Accademia,4.0,1.0,10,True
2026-07-17,Control: favourite,16:45 Newbury,Accademia,4.0,1.0,10,True
2026-07-17,Analyst Verdict Pick,16:52 Killarney,Oogum Boogum,4.5,3.0,15,True
2026-07-17,Control: favourite,16:52 Killarney,Oogum Boogum,4.5,3.0,15,True
2026-07-17,Analyst Verdict Pick,17:00 Wolverhampton,St Mawes,3.75,,8,True
2026-07-17,Control: favourite,17:00 Wolverhampton,St Mawes,3.75,,8,True
2026-07-17,Analyst Verdict Pick,17:05 Down Royal,Bit Of A Buzz,4.5,2.0,5,True
2026-07-17,Control: favourite,17:05 Down Royal,Santorini Storm,2.38,4.0,5,True
2026-07-17,Analyst Verdict Pick,17:10 Nottingham,Token Love,6.0,2.0,6,True
2026-07-17,Control: favourite,17:10 Nottingham,Goldie Trickett,2.5,4.0,6,True
2026-07-17,Analyst Verdict Pick,17:15 Newmarket,Somers Isles,6.0,2.0,8,False
2026-07-17,Control: favourite,17:15 Newmarket,Graceful Song,1.91,1.0,8,False
2026-07-17,Analyst Verdict Pick,17:20 Newbury,Green Sky,1.62,1.0,4,True
2026-07-17,Control: favourite,17:20 Newbury,Green Sky,1.62,1.0,4,True
2026-07-17,Analyst Verdict Pick,17:25 Killarney,Land Me Safe,1.73,5.0,13,False
2026-07-17,Control: favourite,17:25 Killarney,Land Me Safe,1.73,5.0,13,False
2026-07-17,Analyst Verdict Pick,17:30 Hamilton Park,Nightsinwhitesatin,2.75,2.0,3,True
2026-07-17,Control: favourite,17:30 Hamilton Park,Rizal,1.8,1.0,3,True
2026-07-17,Analyst Verdict Pick,17:35 Wolverhampton,Bone Marra,3.5,2.0,10,True
2026-07-17,Control: favourite,17:35 Wolverhampton,Bone Marra,3.5,2.0,10,True
2026-07-17,Analyst Verdict Pick,17:42 Down Royal,Hot To Foxtrot,5.5,3.0,12,True
2026-07-17,Control: favourite,17:42 Down Royal,Bye Bye Now,5.0,7.0,12,True
2026-07-17,Analyst Verdict Pick,17:48 Newmarket,Cerro Blanco,,,7,False
2026-07-17,Control: favourite,17:48 Newmarket,Vastern,2.63,3.0,7,False
2026-07-17,Analyst Verdict Pick,17:55 Newbury,Devil's Peak,4.0,1.0,5,True
2026-07-17,Control: favourite,17:55 Newbury,Turty Tree,1.67,2.0,5,True
2026-07-17,Analyst Verdict Pick,18:00 Pontefract,Hansteen,1.83,1.0,8,False
2026-07-17,Control: favourite,18:00 Pontefract,Hansteen,1.83,1.0,8,False
2026-07-17,Analyst Verdict Pick,18:05 Hamilton Park,Nicely,2.1,1.0,5,False
2026-07-17,Control: favourite,18:05 Hamilton Park,Nicely,2.1,1.0,5,False
2026-07-17,Analyst Verdict Pick,18:15 Down Royal,West Of Eden,2.88,1.0,6,False
2026-07-17,Control: favourite,18:15 Down Royal,West Of Eden,2.88,1.0,6,False
2026-07-17,Analyst Verdict Pick,18:23 Newmarket,Level Look,3.75,4.0,4,True
2026-07-17,Control: favourite,18:23 Newmarket,Counter Intuitive,2.0,1.0,4,True
2026-07-17,Analyst Verdict Pick,18:32 Pontefract,Sea Mirage,8.5,4.0,7,False
2026-07-17,Control: favourite,18:32 Pontefract,Angel In My Heart,2.63,1.0,7,False
2026-07-17,Analyst Verdict Pick,18:40 Hamilton Park,Brandenburg,2.0,1.0,5,False
2026-07-17,Control: favourite,18:40 Hamilton Park,Brandenburg,2.0,1.0,5,False
2026-07-17,Analyst Verdict Pick,18:49 Down Royal,Hamiyan,,,9,False
2026-07-17,Control: favourite,18:49 Down Royal,Youcansaythatagain,2.25,1.0,9,False
2026-07-17,Analyst Verdict Pick,18:58 Newmarket,Darn Hot Gallop,6.0,6.0,6,True
2026-07-17,Control: favourite,18:58 Newmarket,High Degree,1.91,2.0,6,True
2026-07-17,Analyst Verdict Pick,19:07 Pontefract,Badri,2.88,1.0,7,True
2026-07-17,Control: favourite,19:07 Pontefract,Badri,2.88,1.0,7,True
2026-07-17,Analyst Verdict Pick,19:15 Hamilton Park,Gangsta Man,4.33,4.0,8,True
2026-07-17,Control: favourite,19:15 Hamilton Park,Gangsta Man,4.33,4.0,8,True
2026-07-17,Analyst Verdict Pick,19:24 Down Royal,Rising Sky,6.0,5.0,7,True
2026-07-17,Control: favourite,19:24 Down Royal,Searcog,3.0,4.0,7,True
2026-07-17,Analyst Verdict Pick,19:33 Newmarket,Rocking Ends,3.13,1.0,8,True
2026-07-17,Control: favourite,19:33 Newmarket,Rogue Bullet,3.0,3.0,8,True
2026-07-17,Analyst Verdict Pick,19:42 Pontefract,Best Rate,1.91,1.0,6,True
2026-07-17,Control: favourite,19:42 Pontefract,Best Rate,1.91,1.0,6,True
2026-07-17,Analyst Verdict Pick,19:50 Hamilton Park,Superior Choice,2.1,1.0,6,False
2026-07-17,Control: favourite,19:50 Hamilton Park,Superior Choice,2.1,1.0,6,False
2026-07-17,Analyst Verdict Pick,19:59 Down Royal,Teologia,1.57,1.0,5,True
2026-07-17,Control: favourite,19:59 Down Royal,Teologia,1.57,1.0,5,True
2026-07-17,Analyst Verdict Pick,20:08 Newmarket,Novamay,8.5,6.0,8,True
2026-07-17,Control: favourite,20:08 Newmarket,Rose Of Honour,4.0,7.0,8,True
2026-07-17,Analyst Verdict Pick,20:17 Pontefract,Alfa Whiteburd,1.5,1.0,6,True
2026-07-17,Control: favourite,20:17 Pontefract,Alfa Whiteburd,1.5,1.0,6,True
2026-07-17,Analyst Verdict Pick,20:25 Hamilton Park,Law Of Average,2.63,4.0,5,True
2026-07-17,Control: favourite,20:25 Hamilton Park,Law Of Average,2.63,4.0,5,True
2026-07-17,Analyst Verdict Pick,20:30 Down Royal,Augusta Rock,3.5,2.0,7,True
2026-07-17,Control: favourite,20:30 Down Royal,Augusta Rock,3.5,2.0,7,True
2026-07-17,Analyst Verdict Pick,20:43 Newmarket,Born A Rebel,3.25,4.0,7,True
2026-07-17,Control: favourite,20:43 Newmarket,Prefer The Sister,2.63,1.0,7,True
2026-07-17,Analyst Verdict Pick,20:52 Pontefract,Ravishing Beauty,3.75,3.0,8,True
2026-07-17,Control: favourite,20:52 Pontefract,Ravishing Beauty,3.75,3.0,8,True
2026-07-17,Analyst Verdict Pick,21:00 Hamilton Park,Second Fiddle,3.75,3.0,5,True
2026-07-17,Control: favourite,21:00 Hamilton Park,Geo,2.38,2.0,5,True
2026-07-18,Analyst Verdict Pick,13:10 Curragh,Anchor Road,2.0,3.0,6,False
2026-07-18,Control: favourite,13:10 Curragh,Anchor Road,2.0,3.0,6,False
2026-07-18,Analyst Verdict Pick,13:35 Market Rasen,Loriko,2.38,2.0,6,False
2026-07-18,Control: favourite,13:35 Market Rasen,Loriko,2.38,2.0,6,False
2026-07-18,Analyst Verdict Pick,13:40 Curragh,Nautic Star,3.0,3.0,12,False
2026-07-18,Control: favourite,13:40 Curragh,Nautic Star,3.0,3.0,12,False
2026-07-18,Analyst Verdict Pick,13:55 Newbury,Persica,2.0,1.0,6,False
2026-07-18,Control: favourite,13:55 Newbury,Persica,2.0,1.0,6,False
2026-07-18,Analyst Verdict Pick,14:00 Cartmel,Newbrook Diamond,2.1,1.0,7,False
2026-07-18,Control: favourite,14:00 Cartmel,Newbrook Diamond,2.1,1.0,7,False
2026-07-18,Analyst Verdict Pick,14:05 Ripon,Warby,2.2,3.0,5,False
2026-07-18,Control: favourite,14:05 Ripon,Quillan,2.2,1.0,5,False
2026-07-18,Analyst Verdict Pick,14:10 Market Rasen,Louis Veron,3.25,7.0,13,True
2026-07-18,Control: favourite,14:10 Market Rasen,Louis Veron,3.25,7.0,13,True
2026-07-18,Analyst Verdict Pick,14:15 Curragh,One Look,1.83,6.0,8,False
2026-07-18,Control: favourite,14:15 Curragh,One Look,1.83,6.0,8,False
2026-07-18,Analyst Verdict Pick,14:25 Newbury,Baileys Khelstar,5.5,6.0,7,True
2026-07-18,Control: favourite,14:25 Newbury,Ride The Thunder,2.63,3.0,7,True
2026-07-18,Analyst Verdict Pick,14:30 Newmarket,China In Your Hand,2.38,1.0,10,False
2026-07-18,Control: favourite,14:30 Newmarket,China In Your Hand,2.38,1.0,10,False
2026-07-18,Analyst Verdict Pick,14:35 Cartmel,Mr Lincoln,3.25,2.0,8,True
2026-07-18,Control: favourite,14:35 Cartmel,Alvesta,2.5,1.0,8,True
2026-07-18,Analyst Verdict Pick,14:40 Ripon,Black Orchid,,,5,False
2026-07-18,Control: favourite,14:40 Ripon,Indefensible,1.83,3.0,5,False
2026-07-18,Analyst Verdict Pick,14:45 Market Rasen,Kingston Narcissus,4.0,2.0,14,True
2026-07-18,Control: favourite,14:45 Market Rasen,Kingston Narcissus,4.0,2.0,14,True
2026-07-18,Analyst Verdict Pick,14:50 Curragh,Dark Ace,9.5,10.0,21,True
2026-07-18,Control: favourite,14:50 Curragh,Sondad,5.5,1.0,21,True
2026-07-18,Analyst Verdict Pick,15:02 Newbury,Soldier's Tree,2.75,3.0,7,False
2026-07-18,Control: favourite,15:02 Newbury,Soldier's Tree,2.75,3.0,7,False
2026-07-18,Analyst Verdict Pick,15:05 Newmarket,Tribal Queen,11.0,9.0,9,False
2026-07-18,Control: favourite,15:05 Newmarket,Revoir,2.75,5.0,9,False
2026-07-18,Analyst Verdict Pick,15:10 Cartmel,Winds Of Winter,4.5,2.0,11,True
2026-07-18,Control: favourite,15:10 Cartmel,Winds Of Winter,4.5,2.0,11,True
2026-07-18,Analyst Verdict Pick,15:15 Ripon,Prince Of The Seas,5.5,6.0,8,True
2026-07-18,Control: favourite,15:15 Ripon,Salamanca City,4.5,1.0,8,True
2026-07-18,Analyst Verdict Pick,15:20 Market Rasen,No More Bolero,2.38,1.0,5,True
2026-07-18,Control: favourite,15:20 Market Rasen,Hello Sweety,2.25,3.0,5,True
2026-07-18,Analyst Verdict Pick,15:25 Curragh,Jakajaro,4.5,3.0,10,False
2026-07-18,Control: favourite,15:25 Curragh,Rosy Affair,3.5,4.0,10,False
2026-07-18,Analyst Verdict Pick,15:37 Newbury,Etienne,4.5,4.0,25,False
2026-07-18,Control: favourite,15:37 Newbury,Etienne,4.5,4.0,25,False
2026-07-18,Analyst Verdict Pick,15:42 Newmarket,Bell Shot,9.5,4.0,7,True
2026-07-18,Control: favourite,15:42 Newmarket,Jumby,4.0,2.0,7,True
2026-07-18,Analyst Verdict Pick,15:47 Cartmel,Homme Public,17.0,10.0,13,True
2026-07-18,Control: favourite,15:47 Cartmel,High Dancer,3.5,6.0,13,True
2026-07-18,Analyst Verdict Pick,15:53 Ripon,Qitaal,3.0,4.0,6,True
2026-07-18,Control: favourite,15:53 Ripon,Qitaal,3.0,4.0,6,True
2026-07-18,Analyst Verdict Pick,16:00 Curragh,Confucius,2.1,3.0,7,False
2026-07-18,Control: favourite,16:00 Curragh,Confucius,2.1,3.0,7,False
2026-07-18,Analyst Verdict Pick,16:05 Market Rasen,Mr Mcwhinny,2.5,1.0,8,True
2026-07-18,Control: favourite,16:05 Market Rasen,Mr Mcwhinny,2.5,1.0,8,True
2026-07-18,Analyst Verdict Pick,16:12 Newbury,Miss Scott,1.83,1.0,5,False
2026-07-18,Control: favourite,16:12 Newbury,Miss Scott,1.83,1.0,5,False
2026-07-18,Analyst Verdict Pick,16:17 Newmarket,Yes I'm Mali,3.0,2.0,8,True
2026-07-18,Control: favourite,16:17 Newmarket,Yes I'm Mali,3.0,2.0,8,True
2026-07-18,Analyst Verdict Pick,16:21 Cartmel,Kingofthegame,3.0,3.0,10,True
2026-07-18,Control: favourite,16:21 Cartmel,Kingofthegame,3.0,3.0,10,True
2026-07-18,Analyst Verdict Pick,16:25 Ripon,Jimmy Speaking,2.5,4.0,7,True
2026-07-18,Control: favourite,16:25 Ripon,Jimmy Speaking,2.5,4.0,7,True
2026-07-18,Analyst Verdict Pick,16:35 Curragh,Thundering On,,,11,False
2026-07-18,Control: favourite,16:35 Curragh,Earth Shot,3.25,6.0,11,False
2026-07-18,Analyst Verdict Pick,16:40 Market Rasen,Special John,3.25,7.0,7,True
2026-07-18,Control: favourite,16:40 Market Rasen,Special John,3.25,7.0,7,True
2026-07-18,Analyst Verdict Pick,16:47 Newbury,Agrippa,3.75,2.0,10,False
2026-07-18,Control: favourite,16:47 Newbury,Agrippa,3.75,2.0,10,False
2026-07-18,Analyst Verdict Pick,16:52 Newmarket,Moon Warp,3.75,4.0,6,True
2026-07-18,Control: favourite,16:52 Newmarket,Madjid,2.5,1.0,6,True
2026-07-18,Analyst Verdict Pick,16:57 Cartmel,Cuzco Du Mathan,8.5,8.0,8,True
2026-07-18,Control: favourite,16:57 Cartmel,Out On Her Own,2.5,5.0,8,True
2026-07-18,Analyst Verdict Pick,17:03 Ripon,Trucial Pearl,,,9,True
2026-07-18,Control: favourite,17:03 Ripon,Mohmentous,2.5,2.0,9,True
2026-07-18,Analyst Verdict Pick,17:10 Curragh,Trustmore,5.5,4.0,6,True
2026-07-18,Control: favourite,17:10 Curragh,Vanir,2.88,3.0,6,True
2026-07-18,Analyst Verdict Pick,17:15 Market Rasen,Mojo Ego,7.5,6.0,13,True
2026-07-18,Control: favourite,17:15 Market Rasen,Oneinthewell,5.0,1.0,13,True
2026-07-18,Analyst Verdict Pick,17:20 Newbury,All Moonshine,3.75,1.0,6,True
2026-07-18,Control: favourite,17:20 Newbury,Lightning Polka,3.25,4.0,6,True
2026-07-18,Analyst Verdict Pick,17:25 Newmarket,Silca Bay,4.0,1.0,7,True
2026-07-18,Control: favourite,17:25 Newmarket,Silca Bay,4.0,1.0,7,True
2026-07-18,Analyst Verdict Pick,17:30 Cartmel,Passengerontheship,2.5,5.0,6,True
2026-07-18,Control: favourite,17:30 Cartmel,Passengerontheship,2.5,5.0,6,True
2026-07-18,Analyst Verdict Pick,17:35 Ripon,Act Of Violence,4.33,1.0,11,True
2026-07-18,Control: favourite,17:35 Ripon,Get Up Everybody,3.75,3.0,11,True
2026-07-18,Analyst Verdict Pick,17:40 Doncaster,Ancient Times,4.0,2.0,6,True
2026-07-18,Control: favourite,17:40 Doncaster,Papa Don't Preach,3.0,3.0,6,True
2026-07-18,Analyst Verdict Pick,17:45 Curragh,Real Encounter,6.0,10.0,18,True
2026-07-18,Control: favourite,17:45 Curragh,Real Encounter,6.0,10.0,18,True
2026-07-18,Analyst Verdict Pick,17:55 Nottingham,Perfidia,3.0,2.0,6,True
2026-07-18,Control: favourite,17:55 Nottingham,Perfidia,3.0,2.0,6,True
2026-07-18,Analyst Verdict Pick,18:15 Doncaster,Sanbona Warrior,2.1,1.0,10,False
2026-07-18,Control: favourite,18:15 Doncaster,Sanbona Warrior,2.1,1.0,10,False
2026-07-18,Analyst Verdict Pick,18:30 Nottingham,Fully Stocked,2.75,4.0,5,False
2026-07-18,Control: favourite,18:30 Nottingham,Fully Stocked,2.75,4.0,5,False
2026-07-18,Analyst Verdict Pick,18:45 Doncaster,Yorkshire,5.0,2.0,9,True
2026-07-18,Control: favourite,18:45 Doncaster,Akkadian Thunder,4.0,5.0,9,True
2026-07-18,Control: favourite,19:00 Nottingham,Double Naughty,5.0,7.0,7,True
2026-07-18,Analyst Verdict Pick,19:15 Doncaster,Thapa VC,4.33,1.0,9,True
2026-07-18,Control: favourite,19:15 Doncaster,Thapa VC,4.33,1.0,9,True
2026-07-18,Control: favourite,19:33 Nottingham,Del Corso,1.4,1.0,4,True
2026-07-18,Analyst Verdict Pick,19:50 Doncaster,Willow Wood,3.0,5.0,6,True
2026-07-18,Control: favourite,19:50 Doncaster,Boilermaker,2.1,2.0,6,True
2026-07-18,Analyst Verdict Pick,20:08 Nottingham,Stellar,6.5,4.0,5,False
2026-07-18,Control: favourite,20:08 Nottingham,Thursday Girl,1.67,1.0,5,False
2026-07-18,Analyst Verdict Pick,20:25 Doncaster,Electric Lightning,5.5,4.0,11,True
2026-07-18,Control: favourite,20:25 Doncaster,Woodleigh,4.5,5.0,11,True
2026-07-18,Analyst Verdict Pick,20:43 Nottingham,Ablon,2.38,6.0,6,True
2026-07-18,Control: favourite,20:43 Nottingham,Ablon,2.38,6.0,6,True
2026-07-18,Analyst Verdict Pick,21:00 Doncaster,Tabasko,2.25,2.0,4,True
2026-07-18,Control: favourite,21:00 Doncaster,Tabasko,2.25,2.0,4,True
2026-07-19,Analyst Verdict Pick,13:40 Curragh,Abletai,4.5,6.0,12,False
2026-07-19,Control: favourite,13:40 Curragh,Bold Commander,2.38,5.0,12,False
2026-07-19,Analyst Verdict Pick,13:45 Stratford-on-Avon,Obsessedwithyou,2.2,2.0,5,False
2026-07-19,Control: favourite,13:45 Stratford-on-Avon,Edelak,1.67,1.0,5,False
2026-07-19,Analyst Verdict Pick,13:53 Redcar,Hey Up Ronnie,2.1,3.0,14,False
2026-07-19,Control: favourite,13:53 Redcar,Hey Up Ronnie,2.1,3.0,14,False
2026-07-19,Analyst Verdict Pick,14:10 Curragh,Star Performer,4.5,1.0,8,False
2026-07-19,Control: favourite,14:10 Curragh,White Sand Beach,1.8,4.0,8,False
2026-07-19,Analyst Verdict Pick,14:15 Stratford-on-Avon,Whatyouwaitingfor,2.0,1.0,5,True
2026-07-19,Control: favourite,14:15 Stratford-on-Avon,Whatyouwaitingfor,2.0,1.0,5,True
2026-07-19,Analyst Verdict Pick,14:23 Redcar,Derrygarran Lad,2.38,2.0,6,False
2026-07-19,Control: favourite,14:23 Redcar,Indefensible,2.1,1.0,6,False
2026-07-19,Analyst Verdict Pick,14:30 Newton Abbot,High Aura,1.67,3.0,5,False
2026-07-19,Control: favourite,14:30 Newton Abbot,High Aura,1.67,3.0,5,False
2026-07-19,Analyst Verdict Pick,14:40 Curragh,Ibelieveicanfly,1.33,4.0,10,False
2026-07-19,Control: favourite,14:40 Curragh,Ibelieveicanfly,1.33,4.0,10,False
2026-07-19,Analyst Verdict Pick,14:48 Stratford-on-Avon,Stellarmasterpiece,1.91,1.0,7,True
2026-07-19,Control: favourite,14:48 Stratford-on-Avon,Stellarmasterpiece,1.91,1.0,7,True
2026-07-19,Analyst Verdict Pick,14:58 Redcar,Stitching Wheel,2.75,2.0,4,True
2026-07-19,Control: favourite,14:58 Redcar,Billy Bathgate,2.0,1.0,4,True
2026-07-19,Analyst Verdict Pick,15:05 Newton Abbot,Diamond White,2.5,2.0,8,False
2026-07-19,Control: favourite,15:05 Newton Abbot,Diamond White,2.5,2.0,8,False
2026-07-19,Analyst Verdict Pick,15:15 Curragh,Power Blue,2.1,1.0,7,False
2026-07-19,Control: favourite,15:15 Curragh,Power Blue,2.1,1.0,7,False
2026-07-19,Analyst Verdict Pick,15:23 Stratford-on-Avon,Charging Thunder,2.2,1.0,5,True
2026-07-19,Control: favourite,15:23 Stratford-on-Avon,Charging Thunder,2.2,1.0,5,True
2026-07-19,Analyst Verdict Pick,15:33 Redcar,Rajapour,5.5,1.0,7,True
2026-07-19,Control: favourite,15:33 Redcar,Amidst The Chaos,3.0,5.0,7,True
2026-07-19,Analyst Verdict Pick,15:40 Newton Abbot,Chief Black Robe,4.5,,8,True
2026-07-19,Control: favourite,15:40 Newton Abbot,It's A Breeze,4.0,1.0,8,True
2026-07-19,Analyst Verdict Pick,15:50 Curragh,Mallavelly,3.0,3.0,6,True
2026-07-19,Control: favourite,15:50 Curragh,Mallavelly,3.0,3.0,6,True
2026-07-19,Analyst Verdict Pick,15:58 Stratford-on-Avon,In The Air,3.5,2.0,5,True
2026-07-19,Control: favourite,15:58 Stratford-on-Avon,Captain Cool,2.63,3.0,5,True
2026-07-19,Analyst Verdict Pick,16:08 Redcar,Be Patient,1.8,2.0,4,True
2026-07-19,Control: favourite,16:08 Redcar,Be Patient,1.8,2.0,4,True
2026-07-19,Analyst Verdict Pick,16:15 Newton Abbot,Saucats,4.33,3.0,9,True
2026-07-19,Control: favourite,16:15 Newton Abbot,Makinbecon,3.75,6.0,9,True
2026-07-19,Analyst Verdict Pick,16:25 Curragh,Al Riffa,1.67,3.0,8,False
2026-07-19,Control: favourite,16:25 Curragh,Al Riffa,1.67,3.0,8,False
2026-07-19,Analyst Verdict Pick,16:33 Stratford-on-Avon,Luna Run,3.25,3.0,4,True
2026-07-19,Control: favourite,16:33 Stratford-on-Avon,Artiste D'ainay,2.0,4.0,4,True
2026-07-19,Analyst Verdict Pick,16:43 Redcar,Sahm Naif,3.75,1.0,9,True
2026-07-19,Control: favourite,16:43 Redcar,Baldosa,2.75,3.0,9,True
2026-07-19,Analyst Verdict Pick,16:50 Newton Abbot,Muskerry Rock,,,7,True
2026-07-19,Control: favourite,16:50 Newton Abbot,Jager Time,3.75,1.0,7,True
2026-07-19,Analyst Verdict Pick,17:00 Curragh,Lars Soldier,4.5,4.0,8,True
2026-07-19,Control: favourite,17:00 Curragh,Tradewinds,3.25,3.0,8,True
2026-07-19,Control: favourite,17:08 Stratford-on-Avon,Lucy The Wire,2.75,2.0,5,True
2026-07-19,Analyst Verdict Pick,17:17 Redcar,Shifter,5.5,4.0,8,True
2026-07-19,Control: favourite,17:17 Redcar,Finally Escaped,2.1,2.0,8,True
2026-07-19,Analyst Verdict Pick,17:22 Newton Abbot,Honey I'm Good,6.0,7.0,8,True
2026-07-19,Control: favourite,17:22 Newton Abbot,My Girl Katie,3.0,1.0,8,True
2026-07-19,Analyst Verdict Pick,17:30 Curragh,Abbotsford,,,7,False
2026-07-19,Control: favourite,17:30 Curragh,Numantia,2.38,3.0,7,False
2026-07-20,Analyst Verdict Pick,13:42 Cartmel,Gambino,1.67,1.0,9,False
2026-07-20,Control: favourite,13:42 Cartmel,Gambino,1.67,1.0,9,False
2026-07-20,Analyst Verdict Pick,14:00 Ayr,Great Oak,1.33,1.0,3,False
2026-07-20,Control: favourite,14:00 Ayr,Great Oak,1.33,1.0,3,False
2026-07-20,Analyst Verdict Pick,14:12 Cartmel,Secret Secret,4.5,3.0,10,True
2026-07-20,Control: favourite,14:12 Cartmel,Seeyainthesuninn,2.5,4.0,10,True
2026-07-20,Analyst Verdict Pick,14:30 Ayr,Whiskey Kisses,2.38,3.0,7,True
2026-07-20,Control: favourite,14:30 Ayr,Whiskey Kisses,2.38,3.0,7,True
2026-07-20,Analyst Verdict Pick,14:42 Cartmel,Top Flight Century,5.0,8.0,9,True
2026-07-20,Control: favourite,14:42 Cartmel,Masterminding,4.0,2.0,9,True
2026-07-20,Analyst Verdict Pick,15:00 Ayr,Imperial Guard,1.53,1.0,6,True
2026-07-20,Control: favourite,15:00 Ayr,Imperial Guard,1.53,1.0,6,True
2026-07-20,Analyst Verdict Pick,15:12 Cartmel,Raffles Nobu,3.25,3.0,8,True
2026-07-20,Control: favourite,15:12 Cartmel,Raffles Nobu,3.25,3.0,8,True
2026-07-20,Analyst Verdict Pick,15:30 Ayr,Jordan Electrics,3.75,1.0,9,True
2026-07-20,Control: favourite,15:30 Ayr,Jordan Electrics,3.75,1.0,9,True
2026-07-20,Analyst Verdict Pick,15:42 Cartmel,Slaney Opera,3.0,2.0,5,True
2026-07-20,Control: favourite,15:42 Cartmel,Stratagem,1.8,1.0,5,True
2026-07-20,Analyst Verdict Pick,16:00 Ayr,Benacre,12.0,5.0,9,True
2026-07-20,Control: favourite,16:00 Ayr,Hale End,3.25,1.0,9,True
2026-07-20,Analyst Verdict Pick,16:12 Cartmel,Dunkerque,4.0,2.0,5,True
2026-07-20,Control: favourite,16:12 Cartmel,Passing Diamond,2.5,1.0,5,True
2026-07-20,Analyst Verdict Pick,16:30 Ayr,Motawaared,7.5,5.0,11,True
2026-07-20,Control: favourite,16:30 Ayr,Glasses Up,3.5,4.0,11,True
2026-07-20,Analyst Verdict Pick,16:47 Cartmel,Imperial Rule,8.5,8.0,10,True
2026-07-20,Control: favourite,16:47 Cartmel,Judicial Review,3.5,5.0,10,True
2026-07-20,Analyst Verdict Pick,17:00 Ayr,Brash,5.0,4.0,7,True
2026-07-20,Control: favourite,17:00 Ayr,Under The Radar,3.0,3.0,7,True
2026-07-20,Analyst Verdict Pick,17:10 Ballinrobe,Battling Siki,5.5,3.0,11,False
2026-07-20,Control: favourite,17:10 Ballinrobe,Minaun View,2.2,2.0,11,False
2026-07-20,Analyst Verdict Pick,17:40 Ballinrobe,Contrite,2.38,3.0,11,False
2026-07-20,Control: favourite,17:40 Ballinrobe,Contrite,2.38,3.0,11,False
2026-07-20,Analyst Verdict Pick,17:50 Windsor,Keep Kicking On,4.0,1.0,6,False
2026-07-20,Control: favourite,17:50 Windsor,Regal Tiger,2.75,2.0,6,False
2026-07-20,Analyst Verdict Pick,18:10 Ballinrobe,Connova,1.83,3.0,13,True
2026-07-20,Control: favourite,18:10 Ballinrobe,Connova,1.83,3.0,13,True
2026-07-20,Analyst Verdict Pick,18:20 Windsor,Lady Rosalind,2.63,7.0,9,False
2026-07-20,Control: favourite,18:20 Windsor,Lady Rosalind,2.63,7.0,9,False
2026-07-20,Analyst Verdict Pick,18:30 Beverley,Kentucky Rain,1.25,1.0,11,False
2026-07-20,Control: favourite,18:30 Beverley,Kentucky Rain,1.25,1.0,11,False
2026-07-20,Analyst Verdict Pick,18:40 Ballinrobe,Elusive Duke,4.0,2.0,13,True
2026-07-20,Control: favourite,18:40 Ballinrobe,Elusive Duke,4.0,2.0,13,True
2026-07-20,Analyst Verdict Pick,18:50 Windsor,Lord D'or,1.83,2.0,9,False
2026-07-20,Control: favourite,18:50 Windsor,Lord D'or,1.83,2.0,9,False
2026-07-20,Analyst Verdict Pick,19:00 Beverley,Toptime,12.0,3.0,10,True
2026-07-20,Control: favourite,19:00 Beverley,Dream Deal,3.0,4.0,10,True
2026-07-20,Analyst Verdict Pick,19:10 Ballinrobe,Sea Coral,10.0,3.0,10,True
2026-07-20,Control: favourite,19:10 Ballinrobe,Truth Be Told,3.75,2.0,10,True
2026-07-20,Analyst Verdict Pick,19:20 Windsor,Amazonian Dream,2.75,1.0,8,True
2026-07-20,Control: favourite,19:20 Windsor,Amazonian Dream,2.75,1.0,8,True
2026-07-20,Analyst Verdict Pick,19:30 Beverley,It Just Takes Time,2.25,1.0,5,True
2026-07-20,Control: favourite,19:30 Beverley,It Just Takes Time,2.25,1.0,5,True
2026-07-20,Analyst Verdict Pick,19:40 Ballinrobe,Copper Craft,7.0,10.0,11,True
2026-07-20,Control: favourite,19:40 Ballinrobe,Masego,2.5,3.0,11,True
2026-07-20,Analyst Verdict Pick,19:50 Windsor,Sunshine Star,3.5,2.0,7,True
2026-07-20,Control: favourite,19:50 Windsor,Capichera,1.83,3.0,7,True
2026-07-20,Analyst Verdict Pick,20:00 Beverley,Walk On Walk On,,,9,True
2026-07-20,Analyst Verdict Pick,20:10 Ballinrobe,Nuit,1.73,1.0,9,False
2026-07-20,Control: favourite,20:10 Ballinrobe,Nuit,1.73,1.0,9,False
2026-07-20,Analyst Verdict Pick,20:20 Windsor,Guinness Lad,5.0,8.0,11,True
2026-07-20,Control: favourite,20:20 Windsor,Fast Steps,3.75,9.0,11,True
2026-07-20,Analyst Verdict Pick,20:30 Beverley,Inspiring Speeches,,,7,False
2026-07-20,Analyst Verdict Pick,20:50 Windsor,Thestral,,,8,True
2026-07-20,Control: favourite,20:50 Windsor,Gladiadora,3.0,4.0,8,True
2026-07-20,Analyst Verdict Pick,21:00 Beverley,Shimmering Sands,,,5,True
2026-07-21,Analyst Verdict Pick,14:45 Nottingham,Charencey,4.0,2.0,6,False
2026-07-21,Control: favourite,14:45 Nottingham,Nymphaea,3.75,1.0,6,False
2026-07-21,Analyst Verdict Pick,15:15 Nottingham,Too Too Divine,2.38,1.0,8,False
2026-07-21,Control: favourite,15:15 Nottingham,Too Too Divine,2.38,1.0,8,False
2026-07-21,Analyst Verdict Pick,15:45 Nottingham,Glamorize,1.25,1.0,4,False
2026-07-21,Control: favourite,15:45 Nottingham,Glamorize,1.25,1.0,4,False
2026-07-21,Analyst Verdict Pick,16:15 Nottingham,Takeitorleaveit,2.88,1.0,6,True
2026-07-21,Control: favourite,16:15 Nottingham,Takeitorleaveit,2.88,1.0,6,True
2026-07-21,Analyst Verdict Pick,16:36 Ballinrobe,Bells Grove,1.57,1.0,15,False
2026-07-21,Control: favourite,16:36 Ballinrobe,Bells Grove,1.57,1.0,15,False
2026-07-21,Analyst Verdict Pick,16:45 Nottingham,Distant Shore,3.0,2.0,5,True
2026-07-21,Control: favourite,16:45 Nottingham,Distant Shore,3.0,2.0,5,True
2026-07-21,Analyst Verdict Pick,17:06 Ballinrobe,World As One,6.5,3.0,13,False
2026-07-21,Control: favourite,17:06 Ballinrobe,Whats New,3.0,,13,False
2026-07-21,Analyst Verdict Pick,17:15 Nottingham,Emperor Caradoc,3.75,4.0,8,True
2026-07-21,Control: favourite,17:15 Nottingham,Sixtygeesbaby,3.5,5.0,8,True
2026-07-21,Analyst Verdict Pick,17:39 Ballinrobe,Houndsworth,5.5,5.0,9,True
2026-07-21,Control: favourite,17:39 Ballinrobe,Max Meridius,4.5,1.0,9,True
2026-07-21,Analyst Verdict Pick,17:50 Nottingham,Come On Over,3.5,4.0,5,True
2026-07-21,Control: favourite,17:50 Nottingham,Squealer,2.25,3.0,5,True
2026-07-21,Analyst Verdict Pick,18:00 Wolverhampton,Zaraquelle,6.0,1.0,11,True
2026-07-21,Control: favourite,18:00 Wolverhampton,Into Combat,3.0,4.0,11,True
2026-07-21,Analyst Verdict Pick,18:09 Ballinrobe,Lureka Du Noyer,1.67,2.0,6,False
2026-07-21,Control: favourite,18:09 Ballinrobe,Lureka Du Noyer,1.67,2.0,6,False
2026-07-21,Analyst Verdict Pick,18:21 Salisbury,Call Glory,5.0,2.0,10,True
2026-07-21,Control: favourite,18:21 Salisbury,Amathus,3.25,1.0,10,True
2026-07-21,Analyst Verdict Pick,18:30 Wolverhampton,Pulsar Star,6.0,8.0,13,True
2026-07-21,Control: favourite,18:30 Wolverhampton,No Knee Never,5.5,10.0,13,True
2026-07-21,Analyst Verdict Pick,18:39 Ballinrobe,Wolf Prince,3.25,5.0,10,True
2026-07-21,Control: favourite,18:39 Ballinrobe,Wolf Prince,3.25,5.0,10,True
2026-07-21,Analyst Verdict Pick,18:51 Salisbury,Soldier Of The Sea,2.5,2.0,6,False
2026-07-21,Control: favourite,18:51 Salisbury,Soldier Of The Sea,2.5,2.0,6,False
2026-07-21,Analyst Verdict Pick,19:00 Wolverhampton,Syndicale,1.5,1.0,11,False
2026-07-21,Control: favourite,19:00 Wolverhampton,Syndicale,1.5,1.0,11,False
2026-07-21,Analyst Verdict Pick,19:09 Ballinrobe,It's Time Again,7.5,8.0,17,True
2026-07-21,Control: favourite,19:09 Ballinrobe,Run For The Border,2.63,2.0,17,True
2026-07-21,Analyst Verdict Pick,19:21 Salisbury,Topaz,1.29,1.0,7,False
2026-07-21,Control: favourite,19:21 Salisbury,Topaz,1.29,1.0,7,False
2026-07-21,Analyst Verdict Pick,19:30 Wolverhampton,Zoulette,,,11,True
2026-07-21,Control: favourite,19:30 Wolverhampton,Torbados,3.5,6.0,11,True
2026-07-21,Analyst Verdict Pick,19:39 Ballinrobe,Pourquoi Poi,4.0,10.0,17,True
2026-07-21,Control: favourite,19:39 Ballinrobe,Pourquoi Poi,4.0,10.0,17,True
2026-07-21,Analyst Verdict Pick,19:51 Salisbury,Celeborn,3.0,4.0,4,True
2026-07-21,Control: favourite,19:51 Salisbury,Celeborn,3.0,4.0,4,True
2026-07-21,Analyst Verdict Pick,20:00 Wolverhampton,Based,2.2,3.0,10,True
2026-07-21,Control: favourite,20:00 Wolverhampton,Based,2.2,3.0,10,True
2026-07-21,Analyst Verdict Pick,20:09 Ballinrobe,Ballybollen,2.88,4.0,13,False
2026-07-21,Control: favourite,20:09 Ballinrobe,Ballybollen,2.88,4.0,13,False
2026-07-21,Analyst Verdict Pick,20:21 Salisbury,Dottie Diamond,4.0,1.0,9,True
2026-07-21,Control: favourite,20:21 Salisbury,Follow My Heart,3.5,3.0,9,True
2026-07-21,Analyst Verdict Pick,20:30 Wolverhampton,Blue Celestial,2.5,2.0,11,True
2026-07-21,Control: favourite,20:30 Wolverhampton,Blue Celestial,2.5,2.0,11,True
2026-07-21,Analyst Verdict Pick,20:51 Salisbury,Curran,1.8,1.0,5,True
2026-07-21,Control: favourite,20:51 Salisbury,Curran,1.8,1.0,5,True
2026-07-21,Analyst Verdict Pick,21:00 Wolverhampton,Massimo Blue,3.5,3.0,13,True
2026-07-21,Control: favourite,21:00 Wolverhampton,Massimo Blue,3.5,3.0,13,True
2026-07-22,Analyst Verdict Pick,13:55 Worcester,A Little Something,3.75,,8,True
2026-07-22,Control: favourite,13:55 Worcester,Holy Legend,3.0,1.0,8,True
2026-07-22,Analyst Verdict Pick,14:07 Catterick Bridge,Freshwater,3.0,5.0,11,False
2026-07-22,Control: favourite,14:07 Catterick Bridge,Freshwater,3.0,5.0,11,False
2026-07-22,Analyst Verdict Pick,14:15 Wexford,Full Of Life,2.75,1.0,6,False
2026-07-22,Control: favourite,14:15 Wexford,Future Prospect,2.63,2.0,6,False
2026-07-22,Analyst Verdict Pick,14:25 Worcester,Regal Renaissance,7.0,3.0,9,True
2026-07-22,Control: favourite,14:25 Worcester,Axel Bleue,3.75,2.0,9,True
2026-07-22,Analyst Verdict Pick,14:37 Catterick Bridge,Hamdani Mokhater,2.2,3.0,5,False
2026-07-22,Control: favourite,14:37 Catterick Bridge,Hamdani Mokhater,2.2,3.0,5,False
2026-07-22,Analyst Verdict Pick,14:45 Wexford,William Tell,2.5,,8,False
2026-07-22,Control: favourite,14:45 Wexford,Sky Lord,2.5,1.0,8,False
2026-07-22,Analyst Verdict Pick,15:00 Worcester,Iwanttobreakfree,2.88,2.0,10,False
2026-07-22,Control: favourite,15:00 Worcester,Provision,2.2,1.0,10,False
2026-07-22,Analyst Verdict Pick,15:10 Catterick Bridge,Vega Storm,6.0,6.0,8,True
2026-07-22,Control: favourite,15:10 Catterick Bridge,Vince Le Prince,4.33,2.0,8,True
2026-07-22,Analyst Verdict Pick,15:20 Wexford,Mercury Mission,5.5,,7,True
2026-07-22,Control: favourite,15:20 Wexford,Tequila Talkin',3.5,,7,True
2026-07-22,Analyst Verdict Pick,15:30 Worcester,Penzance,2.1,2.0,9,False
2026-07-22,Control: favourite,15:30 Worcester,Penzance,2.1,2.0,9,False
2026-07-22,Analyst Verdict Pick,15:42 Catterick Bridge,Riddikulus,3.0,4.0,7,True
2026-07-22,Control: favourite,15:42 Catterick Bridge,Sound Gloria,1.91,1.0,7,True
2026-07-22,Analyst Verdict Pick,15:50 Wexford,Chosen Shant,4.33,2.0,13,True
2026-07-22,Control: favourite,15:50 Wexford,Chosen Shant,4.33,2.0,13,True
2026-07-22,Analyst Verdict Pick,16:00 Worcester,Media Mogul,3.13,3.0,7,True
2026-07-22,Control: favourite,16:00 Worcester,Media Mogul,3.13,3.0,7,True
2026-07-22,Analyst Verdict Pick,16:12 Catterick Bridge,L'Eagle Aid,2.88,3.0,4,True
2026-07-22,Control: favourite,16:12 Catterick Bridge,Explode,2.88,1.0,4,True
2026-07-22,Analyst Verdict Pick,16:20 Wexford,Mickie Angel,,,12,False
2026-07-22,Control: favourite,16:20 Wexford,Queenofthelodge,3.25,1.0,12,False
2026-07-22,Analyst Verdict Pick,16:30 Worcester,Little Ledgend,3.5,2.0,13,True
2026-07-22,Control: favourite,16:30 Worcester,Little Ledgend,3.5,2.0,13,True
2026-07-22,Analyst Verdict Pick,16:42 Catterick Bridge,Miss Rainbow,2.75,3.0,7,True
2026-07-22,Control: favourite,16:42 Catterick Bridge,Miss Rainbow,2.75,3.0,7,True
2026-07-22,Analyst Verdict Pick,16:50 Wexford,Teenage Kiss,,,9,True
2026-07-22,Control: favourite,16:50 Wexford,Ceroc,3.25,1.0,9,True
2026-07-22,Analyst Verdict Pick,17:05 Worcester,Back To Cali,2.38,9.0,12,True
2026-07-22,Control: favourite,17:05 Worcester,Back To Cali,2.38,9.0,12,True
2026-07-22,Analyst Verdict Pick,17:20 Wexford,Ladies Well,,,17,True
2026-07-22,Control: favourite,17:20 Wexford,Anodandawink,4.0,1.0,17,True
2026-07-22,Analyst Verdict Pick,17:30 Naas,New Bond Street,2.38,3.0,18,False
2026-07-22,Control: favourite,17:30 Naas,New Bond Street,2.38,3.0,18,False
2026-07-22,Analyst Verdict Pick,18:00 Naas,Ohailbhic,13.0,7.0,11,True
2026-07-22,Control: favourite,18:00 Naas,I Bid You Ajou,4.0,2.0,11,True
2026-07-22,Analyst Verdict Pick,18:10 Lingfield,What's The Plan,1.8,2.0,4,True
2026-07-22,Control: favourite,18:10 Lingfield,What's The Plan,1.8,2.0,4,True
2026-07-22,Analyst Verdict Pick,18:20 Leicester,Star Velocity,1.1,1.0,4,False
2026-07-22,Control: favourite,18:20 Leicester,Star Velocity,1.1,1.0,4,False
2026-07-22,Analyst Verdict Pick,18:30 Naas,Concorde Landed,2.2,4.0,10,False
2026-07-22,Control: favourite,18:30 Naas,Concorde Landed,2.2,4.0,10,False
2026-07-22,Analyst Verdict Pick,18:40 Lingfield,Tiny Riot,3.75,5.0,7,True
2026-07-22,Control: favourite,18:40 Lingfield,Lucky Sevens,1.91,4.0,7,True
2026-07-22,Analyst Verdict Pick,18:50 Leicester,Buckland Belle,1.44,1.0,6,True
2026-07-22,Control: favourite,18:50 Leicester,Buckland Belle,1.44,1.0,6,True
2026-07-22,Analyst Verdict Pick,19:00 Naas,Soul Love,2.38,1.0,15,False
2026-07-22,Control: favourite,19:00 Naas,Soul Love,2.38,1.0,15,False
2026-07-22,Analyst Verdict Pick,19:10 Lingfield,Miss Moneypit,3.25,1.0,8,False
2026-07-22,Control: favourite,19:10 Lingfield,Miss Moneypit,3.25,1.0,8,False
2026-07-22,Analyst Verdict Pick,19:20 Leicester,Caraway,2.1,2.0,4,True
2026-07-22,Control: favourite,19:20 Leicester,Caraway,2.1,2.0,4,True
2026-07-22,Analyst Verdict Pick,19:30 Naas,Perfect Judgement,9.0,10.0,18,True
2026-07-22,Analyst Each-Way,19:30 Naas,Dinamine,9.5,1.0,18,True
2026-07-22,Control: favourite,19:30 Naas,Famous Enough,8.0,2.0,18,True
2026-07-22,Analyst Verdict Pick,19:40 Lingfield,Asuka,1.02,1.0,3,False
2026-07-22,Control: favourite,19:40 Lingfield,Asuka,1.02,1.0,3,False
2026-07-22,Analyst Verdict Pick,19:50 Leicester,Kameel,3.75,4.0,6,True
2026-07-22,Control: favourite,19:50 Leicester,Ricardo Phillips,3.0,2.0,6,True
2026-07-22,Analyst Verdict Pick,20:00 Naas,Barbapapa,11.0,3.0,8,True
2026-07-22,Control: favourite,20:00 Naas,Contrary To Law,2.75,4.0,8,True
2026-07-22,Analyst Verdict Pick,20:10 Lingfield,Hilltop,4.33,4.0,8,True
2026-07-22,Control: favourite,20:10 Lingfield,Stormy Music,4.0,3.0,8,True
2026-07-22,Analyst Verdict Pick,20:20 Leicester,Zen Diva,,,6,True
2026-07-22,Control: favourite,20:20 Leicester,Cotai Belle,3.13,2.0,6,True
2026-07-22,Analyst Verdict Pick,20:30 Naas,Phenomenal Filly,1.91,3.0,4,False
2026-07-22,Control: favourite,20:30 Naas,Phenomenal Filly,1.91,3.0,4,False
2026-07-22,Analyst Verdict Pick,20:40 Lingfield,Zaltalla,4.0,3.0,15,False
2026-07-22,Control: favourite,20:40 Lingfield,Rovinia,3.75,2.0,15,False
2026-07-22,Analyst Verdict Pick,20:50 Leicester,The Tunguska Event,3.75,4.0,8,True
2026-07-22,Control: favourite,20:50 Leicester,The Tunguska Event,3.75,4.0,8,True
2026-07-23,Analyst Verdict Pick,13:55 Sandown Park,Neptune Legend,10.0,6.0,7,True
2026-07-23,Control: favourite,13:55 Sandown Park,Arry Up,3.25,1.0,7,True
2026-07-23,Analyst Verdict Pick,14:10 Doncaster,Night Star,2.75,3.0,9,False
2026-07-23,Control: favourite,14:10 Doncaster,Jassas,2.5,1.0,9,False
2026-07-23,Analyst Verdict Pick,14:25 Sandown Park,United Authority,3.25,5.0,9,False
2026-07-23,Control: favourite,14:25 Sandown Park,United Authority,3.25,5.0,9,False
2026-07-23,Analyst Verdict Pick,14:40 Doncaster,Round The Table,1.29,1.0,4,False
2026-07-23,Control: favourite,14:40 Doncaster,Round The Table,1.29,1.0,4,False
2026-07-23,Analyst Verdict Pick,14:55 Sandown Park,Bayside View,3.25,2.0,8,False
2026-07-23,Control: favourite,14:55 Sandown Park,Aperoll,2.63,1.0,8,False
2026-07-23,Analyst Verdict Pick,15:10 Doncaster,Jumeirah Storm,2.5,2.0,5,False
2026-07-23,Control: favourite,15:10 Doncaster,Ten Clarets,2.38,3.0,5,False
2026-07-23,Analyst Verdict Pick,15:30 Sandown Park,Kamaway,3.25,5.0,7,True
2026-07-23,Control: favourite,15:30 Sandown Park,Tawajjah,3.0,1.0,7,True
2026-07-23,Analyst Verdict Pick,15:45 Doncaster,Sargent Dennis,4.0,7.0,8,True
2026-07-23,Control: favourite,15:45 Doncaster,Seeing Stars,3.25,8.0,8,True
2026-07-23,Analyst Verdict Pick,16:00 Wexford,Game Point,2.1,3.0,14,False
2026-07-23,Control: favourite,16:00 Wexford,Game Point,2.1,3.0,14,False
2026-07-23,Control: favourite,16:07 Sandown Park,Alma Latina,2.25,3.0,3,True
2026-07-23,Analyst Verdict Pick,16:15 Doncaster,Commander Of Life,2.75,1.0,8,True
2026-07-23,Control: favourite,16:15 Doncaster,Commander Of Life,2.75,1.0,8,True
2026-07-23,Analyst Verdict Pick,16:35 Wexford,Red Sea Girl,3.5,5.0,14,False
2026-07-23,Control: favourite,16:35 Wexford,Red Sea Girl,3.5,5.0,14,False
2026-07-23,Analyst Verdict Pick,16:42 Sandown Park,Aravalli,5.0,4.0,7,True
2026-07-23,Control: favourite,16:42 Sandown Park,Shirakawa,3.75,2.0,7,True
2026-07-23,Analyst Verdict Pick,16:48 Doncaster,Mariner,7.5,4.0,8,True
2026-07-23,Control: favourite,16:48 Doncaster,Palmarian,3.75,8.0,8,True
2026-07-23,Analyst Verdict Pick,16:53 Southwell,Dannick,4.0,2.0,14,True
2026-07-23,Control: favourite,16:53 Southwell,Dannick,4.0,2.0,14,True
2026-07-23,Analyst Verdict Pick,16:58 Leopardstown,Shakespeare,1.44,2.0,7,False
2026-07-23,Control: favourite,16:58 Leopardstown,Shakespeare,1.44,2.0,7,False
2026-07-23,Analyst Verdict Pick,17:04 Yarmouth,Anchiano,3.25,3.0,4,False
2026-07-23,Control: favourite,17:04 Yarmouth,Evenfall,1.67,1.0,4,False
2026-07-23,Analyst Verdict Pick,17:10 Wexford,Empire Walk,4.0,4.0,14,True
2026-07-23,Control: favourite,17:10 Wexford,Empire Walk,4.0,4.0,14,True
2026-07-23,Analyst Verdict Pick,17:17 Sandown Park,Sail On Sailor,3.5,5.0,12,True
2026-07-23,Control: favourite,17:17 Sandown Park,Sail On Sailor,3.5,5.0,12,True
2026-07-23,Analyst Verdict Pick,17:23 Doncaster,Zarco,3.0,4.0,6,True
2026-07-23,Control: favourite,17:23 Doncaster,Zarco,3.0,4.0,6,True
2026-07-23,Analyst Verdict Pick,17:28 Southwell,Hulk Power,3.75,1.0,13,False
2026-07-23,Control: favourite,17:28 Southwell,Foxy Night,2.75,2.0,13,False
2026-07-23,Analyst Verdict Pick,17:33 Leopardstown,Churchill Bond,4.33,7.0,12,False
2026-07-23,Control: favourite,17:33 Leopardstown,Sea Of Rain,3.25,1.0,12,False
2026-07-23,Analyst Verdict Pick,17:39 Yarmouth,Panelli,4.33,4.0,7,True
2026-07-23,Control: favourite,17:39 Yarmouth,Distinct Spirit,3.25,3.0,7,True
2026-07-23,Analyst Verdict Pick,17:45 Wexford,Charlie's Dilemma,6.0,5.0,14,True
2026-07-23,Control: favourite,17:45 Wexford,Jury Foreman,5.5,9.0,14,True
2026-07-23,Analyst Verdict Pick,17:55 Newbury,Duke of Burgundy,4.0,4.0,5,False
2026-07-23,Control: favourite,17:55 Newbury,Victory Gold,2.75,2.0,5,False
2026-07-23,Control: favourite,18:01 Southwell,Dovecote,2.2,2.0,13,False
2026-07-23,Analyst Verdict Pick,18:08 Leopardstown,Alpha,1.17,1.0,8,False
2026-07-23,Control: favourite,18:08 Leopardstown,Alpha,1.17,1.0,8,False
2026-07-23,Analyst Verdict Pick,18:14 Yarmouth,Hardy's Hero,1.91,2.0,4,True
2026-07-23,Control: favourite,18:14 Yarmouth,Hardy's Hero,1.91,2.0,4,True
2026-07-23,Analyst Verdict Pick,18:20 Wexford,Phildante,4.33,1.0,15,True
2026-07-23,Control: favourite,18:20 Wexford,Fire Coral,4.33,8.0,15,True
2026-07-23,Analyst Verdict Pick,18:30 Newbury,Lorraine,2.0,1.0,8,False
2026-07-23,Control: favourite,18:30 Newbury,Lorraine,2.0,1.0,8,False
2026-07-23,Analyst Verdict Pick,18:36 Southwell,Beresford Gap,2.1,2.0,14,False
2026-07-23,Control: favourite,18:36 Southwell,Beresford Gap,2.1,2.0,14,False
2026-07-23,Analyst Verdict Pick,18:43 Leopardstown,Aix La Chapelle,2.63,4.0,6,False
2026-07-23,Control: favourite,18:43 Leopardstown,Folsom Blues,2.5,2.0,6,False
2026-07-23,Analyst Verdict Pick,18:49 Yarmouth,Rogue Allegiance,3.0,1.0,6,True
2026-07-23,Control: favourite,18:49 Yarmouth,Campani,3.0,3.0,6,True
2026-07-23,Analyst Verdict Pick,18:55 Wexford,Duke Otto,15.0,,13,True
2026-07-23,Control: favourite,18:55 Wexford,Backinabit,4.5,8.0,13,True
2026-07-23,Analyst Verdict Pick,19:05 Newbury,Always Perfect,4.0,4.0,10,True
2026-07-23,Control: favourite,19:05 Newbury,Always Perfect,4.0,4.0,10,True
2026-07-23,Analyst Verdict Pick,19:11 Southwell,Enamored,2.88,5.0,13,False
2026-07-23,Control: favourite,19:11 Southwell,Enamored,2.88,5.0,13,False
2026-07-23,Analyst Verdict Pick,19:18 Leopardstown,Manton Bay,2.75,2.0,9,True
2026-07-23,Control: favourite,19:18 Leopardstown,Manton Bay,2.75,2.0,9,True
2026-07-23,Analyst Verdict Pick,19:24 Yarmouth,Caraway,1.91,2.0,5,True
2026-07-23,Control: favourite,19:24 Yarmouth,Caraway,1.91,2.0,5,True
2026-07-23,Analyst Verdict Pick,19:30 Wexford,Del Boys Diva,4.33,1.0,12,True
2026-07-23,Control: favourite,19:30 Wexford,Del Boys Diva,4.33,1.0,12,True
2026-07-23,Analyst Verdict Pick,19:40 Newbury,Campeona,1.29,1.0,4,True
2026-07-23,Control: favourite,19:40 Newbury,Campeona,1.29,1.0,4,True
2026-07-23,Analyst Verdict Pick,19:46 Southwell,Urban Warrior,2.25,3.0,10,True
2026-07-23,Control: favourite,19:46 Southwell,Urban Warrior,2.25,3.0,10,True
2026-07-23,Analyst Verdict Pick,19:53 Leopardstown,Wyman,3.75,1.0,4,False
2026-07-23,Control: favourite,19:53 Leopardstown,Lord Aus,2.88,3.0,4,False
2026-07-23,Analyst Verdict Pick,19:59 Yarmouth,Havana Jag,4.5,3.0,8,True
2026-07-23,Control: favourite,19:59 Yarmouth,Havana Jag,4.5,3.0,8,True
2026-07-23,Analyst Verdict Pick,20:05 Wexford,Cotswold Blue,2.25,1.0,15,False
2026-07-23,Control: favourite,20:05 Wexford,Cotswold Blue,2.25,1.0,15,False
2026-07-23,Analyst Verdict Pick,20:15 Newbury,Sarangpur,2.25,1.0,5,True
2026-07-23,Control: favourite,20:15 Newbury,Sarangpur,2.25,1.0,5,True
2026-07-23,Analyst Verdict Pick,20:21 Southwell,Hansteen,1.53,2.0,11,True
2026-07-23,Control: favourite,20:21 Southwell,Hansteen,1.53,2.0,11,True
2026-07-23,Analyst Verdict Pick,20:28 Leopardstown,Party Dress,5.0,5.0,9,True
2026-07-23,Control: favourite,20:28 Leopardstown,Tatum,3.0,1.0,9,True
2026-07-23,Analyst Verdict Pick,20:34 Yarmouth,Roi De Coeur,3.0,2.0,4,True
2026-07-23,Control: favourite,20:34 Yarmouth,Guest House,3.0,3.0,4,True
2026-07-23,Analyst Verdict Pick,20:48 Newbury,Raintown,8.5,1.0,9,True
2026-07-23,Control: favourite,20:48 Newbury,Just An Hour,2.63,3.0,9,True
2026-07-23,Analyst Verdict Pick,20:56 Southwell,Sparkling Wine,3.25,4.0,7,True
2026-07-23,Control: favourite,20:56 Southwell,My Mate Mackley,3.25,2.0,7,True
2026-07-24,Analyst Verdict Pick,13:40 Uttoxeter,Likewhatyousee,2.5,2.0,13,False
2026-07-24,Control: favourite,13:40 Uttoxeter,Trouville,2.1,4.0,13,False
2026-07-24,Analyst Verdict Pick,14:00 Thirsk,Diamond New Bay,1.62,4.0,7,False
2026-07-24,Control: favourite,14:00 Thirsk,Diamond New Bay,1.62,4.0,7,False
2026-07-24,Analyst Verdict Pick,14:10 Uttoxeter,Ashdown Forest,1.83,1.0,11,True
2026-07-24,Control: favourite,14:10 Uttoxeter,Ashdown Forest,1.83,1.0,11,True
2026-07-24,Analyst Verdict Pick,14:20 Ascot,Sorrengail,3.0,1.0,8,False
2026-07-24,Control: favourite,14:20 Ascot,Sorrengail,3.0,1.0,8,False
2026-07-24,Analyst Verdict Pick,14:30 Thirsk,Blessed Voyager,1.4,2.0,9,False
2026-07-24,Control: favourite,14:30 Thirsk,Blessed Voyager,1.4,2.0,9,False
2026-07-24,Analyst Verdict Pick,14:40 Uttoxeter,Thickthorn Tom,,,10,True
2026-07-24,Control: favourite,14:40 Uttoxeter,Mayday Games,3.0,7.0,10,True
2026-07-24,Analyst Verdict Pick,14:55 Ascot,Silver Dominion,5.5,2.0,10,False
2026-07-24,Control: favourite,14:55 Ascot,Alfred Wallace,4.0,1.0,10,False
2026-07-24,Analyst Verdict Pick,15:05 Thirsk,Lady Dublin,4.0,1.0,12,False
2026-07-24,Control: favourite,15:05 Thirsk,Lady Dublin,4.0,1.0,12,False
2026-07-24,Analyst Verdict Pick,15:15 Uttoxeter,Izzy's Grey,5.5,10.0,14,True
2026-07-24,Control: favourite,15:15 Uttoxeter,Jongleur D'etoiles,4.0,1.0,14,True
2026-07-24,Analyst Verdict Pick,15:30 Ascot,Ghaiyya,7.0,2.0,4,True
2026-07-24,Control: favourite,15:30 Ascot,Fireblade,2.75,3.0,4,True
2026-07-24,Analyst Verdict Pick,15:40 Thirsk,Gaelic Approach,2.5,4.0,5,True
2026-07-24,Control: favourite,15:40 Thirsk,Gaelic Approach,2.5,4.0,5,True
2026-07-24,Analyst Verdict Pick,15:50 Uttoxeter,Baltray,13.0,9.0,16,True
2026-07-24,Control: favourite,15:50 Uttoxeter,Orange Diamond,4.5,7.0,16,True
2026-07-24,Analyst Verdict Pick,16:05 Ascot,Al Azd,3.0,1.0,9,True
2026-07-24,Control: favourite,16:05 Ascot,Al Azd,3.0,1.0,9,True
2026-07-24,Analyst Verdict Pick,16:18 Thirsk,Zooella,3.5,1.0,9,True
2026-07-24,Control: favourite,16:18 Thirsk,Taygar,3.0,6.0,9,True
2026-07-24,Analyst Verdict Pick,16:25 Uttoxeter,Pike Road,,,11,True
2026-07-24,Control: favourite,16:25 Uttoxeter,Dream Diamond,4.0,3.0,11,True
2026-07-24,Analyst Verdict Pick,16:30 Kilbeggan,Kasper Hauser,2.2,1.0,15,False
2026-07-24,Control: favourite,16:30 Kilbeggan,Kasper Hauser,2.2,1.0,15,False
2026-07-24,Analyst Verdict Pick,16:40 Ascot,Mr Writer,4.33,6.0,13,True
2026-07-24,Control: favourite,16:40 Ascot,Havana Blue,3.25,2.0,13,True
2026-07-24,Analyst Verdict Pick,16:48 Cork,Hanney Boy,1.73,1.0,10,False
2026-07-24,Control: favourite,16:48 Cork,Hanney Boy,1.73,1.0,10,False
2026-07-24,Analyst Verdict Pick,16:53 Thirsk,Sixty Plus,4.0,1.0,5,True
2026-07-24,Control: favourite,16:53 Thirsk,Wolf Of Badenoch,3.5,3.0,5,True
2026-07-24,Analyst Verdict Pick,17:00 Uttoxeter,Ice Jet,2.63,,9,True
2026-07-24,Control: favourite,17:00 Uttoxeter,Ice Jet,2.63,,9,True
2026-07-24,Analyst Verdict Pick,17:05 Kilbeggan,Facile Ocean,3.13,2.0,16,False
2026-07-24,Control: favourite,17:05 Kilbeggan,Facile Ocean,3.13,2.0,16,False
2026-07-24,Analyst Verdict Pick,17:12 Ascot,Paradise Walk,5.0,4.0,9,True
2026-07-24,Control: favourite,17:12 Ascot,Dandy Magic,3.75,3.0,9,True
2026-07-24,Analyst Verdict Pick,17:15 Sandown Park,Symphony's Song,9.0,3.0,7,True
2026-07-24,Control: favourite,17:15 Sandown Park,Imperial Cult,2.38,1.0,7,True
2026-07-24,Analyst Verdict Pick,17:18 Chepstow,Absolute Diamond,3.75,6.0,7,False
2026-07-24,Control: favourite,17:18 Chepstow,Absolute Diamond,3.75,6.0,7,False
2026-07-24,Analyst Verdict Pick,17:22 Cork,Sirocco Sands,1.83,6.0,8,False
2026-07-24,Control: favourite,17:22 Cork,Sirocco Sands,1.83,6.0,8,False
2026-07-24,Analyst Verdict Pick,17:27 Thirsk,Sunlit Sea,3.25,1.0,9,True
2026-07-24,Control: favourite,17:27 Thirsk,Sunlit Sea,3.25,1.0,9,True
2026-07-24,Analyst Verdict Pick,17:32 York,Misunderstood,13.0,7.0,18,True
2026-07-24,Control: favourite,17:32 York,Alpha Capture,4.5,10.0,18,True
2026-07-24,Analyst Verdict Pick,17:35 Uttoxeter,Sparkling Water,3.75,1.0,14,False
2026-07-24,Control: favourite,17:35 Uttoxeter,Sparkling Water,3.75,1.0,14,False
2026-07-24,Analyst Verdict Pick,17:40 Kilbeggan,Malbas,23.0,10.0,16,True
2026-07-24,Control: favourite,17:40 Kilbeggan,Friar Hogan,4.5,6.0,16,True
2026-07-24,Analyst Verdict Pick,17:47 Sandown Park,Duty's Call,4.5,8.0,9,False
2026-07-24,Control: favourite,17:47 Sandown Park,Duty's Call,4.5,8.0,9,False
2026-07-24,Analyst Verdict Pick,17:52 Chepstow,Bossy Angel,8.5,5.0,10,False
2026-07-24,Control: favourite,17:52 Chepstow,Forest Berry,3.0,2.0,10,False
2026-07-24,Analyst Verdict Pick,17:58 Cork,Rosie Frith,7.0,4.0,11,True
2026-07-24,Control: favourite,17:58 Cork,Genesis,5.0,6.0,11,True
2026-07-24,Analyst Verdict Pick,18:05 York,Newport,10.0,4.0,14,True
2026-07-24,Control: favourite,18:05 York,Vaguely Royal,4.33,1.0,14,True
2026-07-24,Analyst Verdict Pick,18:11 Kilbeggan,Western Opera,10.0,6.0,17,True
2026-07-24,Control: favourite,18:11 Kilbeggan,Dearg Mor,3.5,4.0,17,True
2026-07-24,Analyst Verdict Pick,18:20 Sandown Park,Appier,6.0,3.0,6,True
2026-07-24,Control: favourite,18:20 Sandown Park,Personal Best,1.91,1.0,6,True
2026-07-24,Analyst Verdict Pick,18:26 Chepstow,Prefer The Sister,2.0,2.0,7,True
2026-07-24,Control: favourite,18:26 Chepstow,Prefer The Sister,2.0,2.0,7,True
2026-07-24,Analyst Verdict Pick,18:33 Cork,Andaman Fifty,4.33,5.0,16,False
2026-07-24,Control: favourite,18:33 Cork,Stooked,2.38,2.0,16,False
2026-07-24,Analyst Verdict Pick,18:40 York,The First Drop,3.75,8.0,8,False
2026-07-24,Control: favourite,18:40 York,Coral Cove,1.57,1.0,8,False
2026-07-24,Analyst Verdict Pick,18:46 Kilbeggan,You Done Well,5.5,,10,True
2026-07-24,Control: favourite,18:46 Kilbeggan,Laxxio,4.5,6.0,10,True
2026-07-24,Analyst Verdict Pick,18:55 Sandown Park,Hot And Cold,1.83,5.0,5,True
2026-07-24,Control: favourite,18:55 Sandown Park,Hot And Cold,1.83,5.0,5,True
2026-07-24,Analyst Verdict Pick,19:01 Chepstow,Eutropia,2.38,3.0,7,True
2026-07-24,Control: favourite,19:01 Chepstow,Eutropia,2.38,3.0,7,True
2026-07-24,Analyst Verdict Pick,19:08 Cork,El Fontenaro,4.33,1.0,21,True
2026-07-24,Control: favourite,19:08 Cork,El Fontenaro,4.33,1.0,21,True
2026-07-24,Analyst Verdict Pick,19:15 York,Rajaking,5.5,1.0,22,True
2026-07-24,Control: favourite,19:15 York,Magic Boy,3.75,7.0,22,True
2026-07-24,Analyst Verdict Pick,19:21 Kilbeggan,Rusty Harkness,1.83,1.0,9,False
2026-07-24,Control: favourite,19:21 Kilbeggan,Rusty Harkness,1.83,1.0,9,False
2026-07-24,Analyst Verdict Pick,19:30 Sandown Park,Cristo,2.38,4.0,6,True
2026-07-24,Control: favourite,19:30 Sandown Park,Cristo,2.38,4.0,6,True
2026-07-24,Analyst Verdict Pick,19:36 Chepstow,Prince Ali,6.5,2.0,10,False
2026-07-24,Control: favourite,19:36 Chepstow,Knightmare,3.25,1.0,10,False
2026-07-24,Analyst Verdict Pick,19:43 Cork,Alphonsus Liguori,1.05,1.0,5,False
2026-07-24,Control: favourite,19:43 Cork,Alphonsus Liguori,1.05,1.0,5,False
2026-07-24,Analyst Verdict Pick,19:50 York,Diamond Rain,1.5,1.0,6,False
2026-07-24,Control: favourite,19:50 York,Diamond Rain,1.5,1.0,6,False
2026-07-24,Analyst Verdict Pick,19:56 Kilbeggan,Costacurta,5.0,4.0,12,True
2026-07-24,Control: favourite,19:56 Kilbeggan,Garnacho,3.5,,12,True
2026-07-24,Analyst Verdict Pick,20:05 Sandown Park,Lyra Lea,2.38,1.0,6,True
2026-07-24,Control: favourite,20:05 Sandown Park,Lyra Lea,2.38,1.0,6,True
2026-07-24,Analyst Verdict Pick,20:11 Chepstow,Level Up,2.88,1.0,7,True
2026-07-24,Control: favourite,20:11 Chepstow,Level Up,2.88,1.0,7,True
2026-07-24,Analyst Verdict Pick,20:18 Cork,Connecteo,,,13,True
2026-07-24,Control: favourite,20:18 Cork,Wingit,3.75,6.0,13,True
2026-07-24,Analyst Verdict Pick,20:25 York,Kinnalargy,9.5,4.0,12,True
2026-07-24,Control: favourite,20:25 York,Dolos Dream,4.33,2.0,12,True
2026-07-24,Analyst Verdict Pick,20:30 Kilbeggan,Love Like This,4.33,10.0,16,True
2026-07-24,Control: favourite,20:30 Kilbeggan,Love Like This,4.33,10.0,16,True
2026-07-24,Analyst Verdict Pick,20:46 Chepstow,Midnight Media,4.0,2.0,9,True
2026-07-24,Control: favourite,20:46 Chepstow,Midnight Media,4.0,2.0,9,True
2026-07-25,Analyst Verdict Pick,13:10 Ascot,Never Enough,2.38,1.0,9,False
2026-07-25,Control: favourite,13:10 Ascot,Never Enough,2.38,1.0,9,False
2026-07-25,Analyst Verdict Pick,13:30 York,Lethal Nymph,4.0,8.0,17,True
2026-07-25,Control: favourite,13:30 York,Lethal Nymph,4.0,8.0,17,True
2026-07-25,Analyst Verdict Pick,13:35 Newcastle,Token Love,4.5,3.0,13,True
2026-07-25,Control: favourite,13:35 Newcastle,Bearwith,4.5,1.0,13,True
2026-07-25,Analyst Verdict Pick,13:40 Gowran Park,Seaxburh,2.25,2.0,11,False
2026-07-25,Control: favourite,13:40 Gowran Park,Seaxburh,2.25,2.0,11,False
2026-07-25,Analyst Verdict Pick,13:45 Ascot,Dark Issue,3.5,8.0,11,False
2026-07-25,Control: favourite,13:45 Ascot,Dark Issue,3.5,8.0,11,False
2026-07-25,Analyst Verdict Pick,13:53 Chester,Al Maslool,3.5,1.0,10,True
2026-07-25,Control: favourite,13:53 Chester,Al Maslool,3.5,1.0,10,True
2026-07-25,Analyst Verdict Pick,14:00 York,Red Spells Danger,5.0,5.0,22,True
2026-07-25,Control: favourite,14:00 York,Stratusnine,4.33,1.0,22,True
2026-07-25,Analyst Verdict Pick,14:05 Newcastle,Lavender Gold,15.0,10.0,13,True
2026-07-25,Control: favourite,14:05 Newcastle,Glory Road,2.5,1.0,13,True
2026-07-25,Analyst Verdict Pick,14:12 Gowran Park,Princess Chloe,7.0,4.0,16,True
2026-07-25,Control: favourite,14:12 Gowran Park,Liamo,3.5,2.0,16,True
2026-07-25,Analyst Verdict Pick,14:20 Ascot,Touleen,1.83,4.0,8,False
2026-07-25,Control: favourite,14:20 Ascot,Touleen,1.83,4.0,8,False
2026-07-25,Analyst Verdict Pick,14:28 Chester,Cool Molly,4.0,3.0,8,True
2026-07-25,Control: favourite,14:28 Chester,Cool Molly,4.0,3.0,8,True
2026-07-25,Analyst Verdict Pick,14:35 York,Damysus,2.25,3.0,5,False
2026-07-25,Control: favourite,14:35 York,Damysus,2.25,3.0,5,False
2026-07-25,Analyst Verdict Pick,14:39 Newcastle,Fantasy Force,12.0,10.0,14,False
2026-07-25,Control: favourite,14:39 Newcastle,Mirzimaan,2.75,2.0,14,False
2026-07-25,Analyst Verdict Pick,14:44 Gowran Park,Eichan San,10.0,3.0,16,True
2026-07-25,Control: favourite,14:44 Gowran Park,Sands Castle,4.5,10.0,16,True
2026-07-25,Analyst Verdict Pick,14:55 Ascot,Amazing Journey,5.0,1.0,17,True
2026-07-25,Control: favourite,14:55 Ascot,Extremely Zain,4.0,4.0,17,True
2026-07-25,Analyst Verdict Pick,15:05 York,Rajapour,5.5,,17,True
2026-07-25,Control: favourite,15:05 York,Son,5.0,6.0,17,True
2026-07-25,Analyst Verdict Pick,15:10 Chester,Velociraptor,1.73,1.0,6,False
2026-07-25,Control: favourite,15:10 Chester,Velociraptor,1.73,1.0,6,False
2026-07-25,Analyst Verdict Pick,15:15 Newcastle,Zatsgood,4.0,2.0,14,True
2026-07-25,Control: favourite,15:15 Newcastle,Zatsgood,4.0,2.0,14,True
2026-07-25,Analyst Verdict Pick,15:22 Gowran Park,Believed,2.2,3.0,8,False
2026-07-25,Control: favourite,15:22 Gowran Park,Believed,2.2,3.0,8,False
2026-07-25,Analyst Verdict Pick,15:35 Ascot,Calandagan,2.2,2.0,9,False
2026-07-25,Control: favourite,15:35 Ascot,Calandagan,2.2,2.0,9,False
2026-07-25,Analyst Verdict Pick,15:42 York,Hout Bay,3.75,6.0,6,False
2026-07-25,Control: favourite,15:42 York,Desert Smoke,3.5,5.0,6,False
2026-07-25,Analyst Verdict Pick,15:48 Chester,Calico Blue,1.67,1.0,7,True
2026-07-25,Control: favourite,15:48 Chester,Calico Blue,1.67,1.0,7,True
2026-07-25,Analyst Verdict Pick,15:55 Gowran Park,Vishaya,2.63,5.0,13,False
2026-07-25,Control: favourite,15:55 Gowran Park,Vishaya,2.63,5.0,13,False
2026-07-25,Analyst Verdict Pick,16:00 Newcastle,Penny Time,4.33,,14,True
2026-07-25,Control: favourite,16:00 Newcastle,Fight Your Corner,3.75,5.0,14,True
2026-07-25,Analyst Verdict Pick,16:10 Ascot,Akho Mezzna,8.0,7.0,15,True
2026-07-25,Control: favourite,16:10 Ascot,Edwin Hubble,4.0,5.0,15,True
2026-07-25,Analyst Verdict Pick,16:17 York,Likealot,4.33,1.0,10,True
2026-07-25,Control: favourite,16:17 York,Likealot,4.33,1.0,10,True
2026-07-25,Analyst Verdict Pick,16:23 Chester,Copper Knight,6.0,10.0,12,True
2026-07-25,Control: favourite,16:23 Chester,Al Hussar,3.75,5.0,12,True
2026-07-25,Control: favourite,16:30 Gowran Park,Hambelton,2.2,1.0,9,True
2026-07-25,Analyst Verdict Pick,16:35 Newcastle,Book Of Life,8.5,7.0,12,True
2026-07-25,Control: favourite,16:35 Newcastle,Adelaide Bay,2.5,4.0,12,True
2026-07-25,Analyst Verdict Pick,16:45 Ascot,Blue Rc,4.33,10.0,11,True
2026-07-25,Control: favourite,16:45 Ascot,Blue Rc,4.33,10.0,11,True
2026-07-25,Analyst Verdict Pick,16:52 York,Return Of The Gods,4.33,4.0,15,True
2026-07-25,Control: favourite,16:52 York,Return Of The Gods,4.33,4.0,15,True
2026-07-25,Analyst Verdict Pick,16:58 Chester,Seven Sisters,2.75,4.0,7,True
2026-07-25,Control: favourite,16:58 Chester,Seven Sisters,2.75,4.0,7,True
2026-07-25,Analyst Verdict Pick,17:05 Gowran Park,Magna Gee Gee,7.5,10.0,14,True
2026-07-25,Control: favourite,17:05 Gowran Park,Yquem,4.5,4.0,14,True
2026-07-25,Analyst Verdict Pick,17:10 Newcastle,Black Cab,5.0,5.0,10,True
2026-07-25,Analyst Each-Way,17:10 Newcastle,Ellie's De Vega,3.5,2.0,10,True
2026-07-25,Control: favourite,17:10 Newcastle,Ellie's De Vega,3.5,2.0,10,True
2026-07-25,Analyst Verdict Pick,17:20 Ascot,Kylian,11.0,10.0,14,True
2026-07-25,Control: favourite,17:20 Ascot,Getreadytorumble,4.33,2.0,14,True
2026-07-25,Analyst Verdict Pick,17:27 Lingfield,Sixty Plus,1.33,1.0,4,True
2026-07-25,Control: favourite,17:27 Lingfield,Sixty Plus,1.33,1.0,4,True
2026-07-25,Analyst Verdict Pick,17:33 Chester,Far Too Fizzy,5.5,10.0,12,True
2026-07-25,Control: favourite,17:33 Chester,Keldeo,4.5,9.0,12,True
2026-07-25,Analyst Verdict Pick,17:40 Gowran Park,Summer Is Tomorrow,1.3,1.0,8,False
2026-07-25,Control: favourite,17:40 Gowran Park,Summer Is Tomorrow,1.3,1.0,8,False
2026-07-25,Analyst Verdict Pick,17:45 Newcastle,Sassy Glory,4.33,10.0,14,False
2026-07-25,Control: favourite,17:45 Newcastle,Sassy Glory,4.33,10.0,14,False
2026-07-25,Analyst Verdict Pick,18:00 Lingfield,Homeland,2.1,3.0,7,True
2026-07-25,Control: favourite,18:00 Lingfield,Homeland,2.1,3.0,7,True
2026-07-25,Analyst Verdict Pick,18:15 Salisbury,Sierra Belle,1.44,2.0,4,False
2026-07-25,Control: favourite,18:15 Salisbury,Sierra Belle,1.44,2.0,4,False
2026-07-25,Analyst Verdict Pick,18:30 Lingfield,Rocsane,,,9,False
2026-07-25,Control: favourite,18:30 Lingfield,Spirit Of Lyra,2.2,1.0,9,False
2026-07-25,Analyst Verdict Pick,18:45 Salisbury,Matins,2.5,1.0,5,False
2026-07-25,Control: favourite,18:45 Salisbury,Matins,2.5,1.0,5,False
2026-07-25,Analyst Verdict Pick,19:00 Lingfield,Catching Dreams,4.0,2.0,7,False
2026-07-25,Control: favourite,19:00 Lingfield,It Dunt Marra,2.2,1.0,7,False
2026-07-25,Analyst Verdict Pick,19:15 Salisbury,Liosa,6.5,3.0,10,True
2026-07-25,Control: favourite,19:15 Salisbury,Maid In Devon,2.75,6.0,10,True
2026-07-25,Analyst Verdict Pick,19:30 Lingfield,Rumble Ruby,4.5,4.0,7,True
2026-07-25,Control: favourite,19:30 Lingfield,Be An Angel,3.5,6.0,7,True
2026-07-25,Analyst Verdict Pick,19:45 Salisbury,Queen's Companion,2.0,4.0,4,True
2026-07-25,Control: favourite,19:45 Salisbury,Queen's Companion,2.0,4.0,4,True
2026-07-25,Analyst Verdict Pick,20:00 Lingfield,Debrief,3.75,1.0,5,True
2026-07-25,Control: favourite,20:00 Lingfield,Espona Bay,3.0,5.0,5,True
2026-07-25,Analyst Verdict Pick,20:15 Salisbury,Rossa Raheen,3.75,1.0,6,True
2026-07-25,Control: favourite,20:15 Salisbury,Royal Poetry,2.25,2.0,6,True
2026-07-25,Analyst Verdict Pick,20:30 Lingfield,Diomed Duke,2.38,1.0,7,True
2026-07-25,Control: favourite,20:30 Lingfield,Diomed Duke,2.38,1.0,7,True
2026-07-25,Analyst Verdict Pick,20:45 Salisbury,Escape Magic,2.5,3.0,6,True
2026-07-25,Control: favourite,20:45 Salisbury,Escape Magic,2.5,3.0,6,True
2026-07-26,Analyst Verdict Pick,14:12 Uttoxeter,Salkadan,3.5,3.0,9,False
2026-07-26,Control: favourite,14:12 Uttoxeter,Vietnorm,1.73,2.0,9,False
2026-07-26,Analyst Verdict Pick,14:30 Pontefract,Asset,1.15,1.0,3,False
2026-07-26,Control: favourite,14:30 Pontefract,Asset,1.15,1.0,3,False
2026-07-26,Analyst Verdict Pick,14:42 Uttoxeter,No Risk Today,5.0,3.0,12,True
2026-07-26,Control: favourite,14:42 Uttoxeter,Lady Fortune,3.0,10.0,12,True
2026-07-26,Analyst Verdict Pick,15:00 Pontefract,The Mean Fiddler,8.0,2.0,7,False
2026-07-26,Control: favourite,15:00 Pontefract,Calef,3.75,4.0,7,False
2026-07-26,Analyst Verdict Pick,15:12 Uttoxeter,Bright Legend,4.5,5.0,8,True
2026-07-26,Control: favourite,15:12 Uttoxeter,Drombeg Lad,2.38,2.0,8,True
2026-07-26,Analyst Verdict Pick,15:30 Pontefract,Mount King,4.5,2.0,7,True
2026-07-26,Control: favourite,15:30 Pontefract,Mount King,4.5,2.0,7,True
2026-07-26,Analyst Verdict Pick,15:42 Uttoxeter,Sunray Shadow,3.25,,9,True
2026-07-26,Control: favourite,15:42 Uttoxeter,Sunray Shadow,3.25,,9,True
2026-07-26,Analyst Verdict Pick,16:00 Pontefract,Holloway Boy,1.8,1.0,6,False
2026-07-26,Control: favourite,16:00 Pontefract,Holloway Boy,1.8,1.0,6,False
2026-07-26,Analyst Verdict Pick,16:12 Uttoxeter,Shallow River,12.0,5.0,9,True
2026-07-26,Control: favourite,16:12 Uttoxeter,Divilabother,2.88,2.0,9,True
2026-07-26,Analyst Verdict Pick,16:30 Pontefract,Jez Bomb,2.0,1.0,5,True
2026-07-26,Control: favourite,16:30 Pontefract,Jez Bomb,2.0,1.0,5,True
2026-07-26,Analyst Verdict Pick,16:42 Uttoxeter,Country Park,4.33,3.0,10,True
2026-07-26,Control: favourite,16:42 Uttoxeter,At The Oche,2.1,1.0,10,True
2026-07-26,Analyst Verdict Pick,17:00 Pontefract,Bullington Bry,9.0,6.0,11,True
2026-07-26,Control: favourite,17:00 Pontefract,Rain Cap,3.25,7.0,11,True
2026-07-26,Analyst Verdict Pick,17:12 Uttoxeter,Purple Owl,5.0,5.0,10,True
2026-07-26,Control: favourite,17:12 Uttoxeter,Crafty Gael,5.0,3.0,10,True
2026-07-26,Analyst Verdict Pick,17:30 Pontefract,Bell Shot,3.75,2.0,5,True
2026-07-26,Control: favourite,17:30 Pontefract,The Good Biscuit,2.0,1.0,5,True
2026-07-26,Analyst Verdict Pick,17:42 Uttoxeter,Ashdown Forest,,,9,True
2026-07-26,Control: favourite,17:42 Uttoxeter,Uhtred Ragnarson,4.0,5.0,9,True
2026-07-27,Analyst Verdict Pick,14:15 Ayr,Little Lady Karen,2.75,4.0,5,False
2026-07-27,Control: favourite,14:15 Ayr,Little Lady Karen,2.75,4.0,5,False
2026-07-27,Analyst Verdict Pick,14:30 Southwell,Desert Belle,3.75,2.0,10,True
2026-07-27,Control: favourite,14:30 Southwell,Glenna,3.0,3.0,10,True
2026-07-27,Analyst Verdict Pick,14:45 Ayr,Kelpie Grey,4.33,6.0,9,True
2026-07-27,Control: favourite,14:45 Ayr,Kelpie Grey,4.33,6.0,9,True
2026-07-27,Analyst Verdict Pick,15:00 Southwell,Humphrey,2.25,3.0,14,False
2026-07-27,Control: favourite,15:00 Southwell,Humphrey,2.25,3.0,14,False
2026-07-27,Analyst Verdict Pick,15:15 Ayr,Imperial Guard,2.63,1.0,6,True
2026-07-27,Control: favourite,15:15 Ayr,Imperial Guard,2.63,1.0,6,True
2026-07-27,Analyst Verdict Pick,15:30 Southwell,Fans Favourite,10.0,5.0,14,True
2026-07-27,Control: favourite,15:30 Southwell,Roc De Fer,2.75,1.0,14,True
2026-07-27,Analyst Verdict Pick,15:45 Ayr,Runninsonofagun,1.53,2.0,9,True
2026-07-27,Control: favourite,15:45 Ayr,Runninsonofagun,1.53,2.0,9,True
2026-07-27,Analyst Verdict Pick,16:00 Southwell,Cobalt Comet,9.5,7.0,14,True
2026-07-27,Control: favourite,16:00 Southwell,Kiani King,3.25,3.0,14,True
2026-07-27,Analyst Verdict Pick,16:15 Ayr,Empirical,3.5,1.0,7,True
2026-07-27,Control: favourite,16:15 Ayr,Colourband,3.0,2.0,7,True
2026-07-27,Analyst Verdict Pick,16:30 Southwell,Rising Tiger,1.53,2.0,12,False
2026-07-27,Control: favourite,16:30 Southwell,Rising Tiger,1.53,2.0,12,False
2026-07-27,Analyst Verdict Pick,16:45 Ayr,Ski Angel,11.0,7.0,9,True
2026-07-27,Control: favourite,16:45 Ayr,Startling,5.0,2.0,9,True
2026-07-27,Analyst Verdict Pick,17:00 Southwell,Spaceman,5.0,3.0,12,True
2026-07-27,Control: favourite,17:00 Southwell,Storm Free,4.5,1.0,12,True
2026-07-27,Analyst Verdict Pick,17:10 Galway,Witches Familiar,2.63,1.0,11,False
2026-07-27,Control: favourite,17:10 Galway,Witches Familiar,2.63,1.0,11,False
2026-07-27,Analyst Verdict Pick,17:15 Windsor,London Is Blue,7.0,10.0,12,True
2026-07-27,Control: favourite,17:15 Windsor,Kiss And Run,3.75,8.0,12,True
2026-07-27,Analyst Verdict Pick,17:20 Ayr,Falcon Nine,5.0,2.0,13,True
2026-07-27,Control: favourite,17:20 Ayr,Royal Blaze,4.0,1.0,13,True
2026-07-27,Analyst Verdict Pick,17:30 Southwell,Star Of Mali,6.0,5.0,11,True
2026-07-27,Control: favourite,17:30 Southwell,Cogitate,3.5,4.0,11,True
2026-07-27,Analyst Verdict Pick,17:40 Galway,Mart Lane,7.5,8.0,20,True
2026-07-27,Control: favourite,17:40 Galway,Hopeful Hero,5.5,10.0,20,True
2026-07-27,Analyst Verdict Pick,17:50 Windsor,Sweet Horizon,2.75,3.0,5,False
2026-07-27,Control: favourite,17:50 Windsor,Lucy The Wire,2.2,2.0,5,False
2026-07-27,Analyst Verdict Pick,18:00 Ripon,Sports Day,5.5,4.0,7,True
2026-07-27,Control: favourite,18:00 Ripon,Baldosa,3.25,6.0,7,True
2026-07-27,Analyst Verdict Pick,18:05 Southwell,Irish Nectar,12.0,9.0,14,True
2026-07-27,Control: favourite,18:05 Southwell,Modern Times,3.0,1.0,14,True
2026-07-27,Analyst Verdict Pick,18:10 Galway,City Of Gold,8.0,2.0,8,False
2026-07-27,Control: favourite,18:10 Galway,One Number,3.5,5.0,8,False
2026-07-27,Analyst Verdict Pick,18:20 Windsor,Harry Knows,1.57,1.0,7,False
2026-07-27,Control: favourite,18:20 Windsor,Harry Knows,1.57,1.0,7,False
2026-07-27,Analyst Verdict Pick,18:30 Ripon,Towelontheterrace,2.25,4.0,7,False
2026-07-27,Control: favourite,18:30 Ripon,Pure Mint,2.1,1.0,7,False
2026-07-27,Analyst Verdict Pick,18:40 Galway,Light Up The Dark,9.5,9.0,20,True
2026-07-27,Control: favourite,18:40 Galway,Granite Bay,4.5,7.0,20,True
2026-07-27,Analyst Verdict Pick,18:53 Windsor,Madman,6.5,1.0,6,True
2026-07-27,Control: favourite,18:53 Windsor,Guernsey Angel,3.25,5.0,6,True
2026-07-27,Analyst Verdict Pick,19:05 Ripon,Prosperity,1.67,1.0,5,False
2026-07-27,Control: favourite,19:05 Ripon,Prosperity,1.67,1.0,5,False
2026-07-27,Analyst Verdict Pick,19:15 Galway,Dancing Saxon,2.63,1.0,15,True
2026-07-27,Control: favourite,19:15 Galway,Dancing Saxon,2.63,1.0,15,True
2026-07-27,Analyst Verdict Pick,19:28 Windsor,Regional Rock,8.5,3.0,14,True
2026-07-27,Control: favourite,19:28 Windsor,Amazonian Dream,4.33,7.0,14,True
2026-07-27,Analyst Verdict Pick,19:40 Ripon,Harley,3.25,2.0,6,False
2026-07-27,Control: favourite,19:40 Ripon,Harley,3.25,2.0,6,False
2026-07-27,Analyst Verdict Pick,19:50 Galway,Darius Dark,12.0,10.0,15,True
2026-07-27,Control: favourite,19:50 Galway,Vantage Code,4.33,3.0,15,True
2026-07-27,Analyst Verdict Pick,20:00 Windsor,Denby's Dream,7.5,6.0,9,True
2026-07-27,Control: favourite,20:00 Windsor,Khuskhas,4.0,4.0,9,True
2026-07-27,Analyst Verdict Pick,20:10 Ripon,Masked Warrior,2.5,4.0,6,True
2026-07-27,Control: favourite,20:10 Ripon,Masked Warrior,2.5,4.0,6,True
2026-07-27,Analyst Verdict Pick,20:20 Galway,Power Of Knowledge,3.25,5.0,14,False
2026-07-27,Control: favourite,20:20 Galway,Power Of Knowledge,3.25,5.0,14,False
2026-07-27,Analyst Verdict Pick,20:30 Windsor,My Old Mate,,,8,True
2026-07-27,Control: favourite,20:30 Windsor,Time To Sparkle,3.0,3.0,8,True
2026-07-27,Analyst Verdict Pick,20:40 Ripon,What A Tahoo,3.0,4.0,6,True
2026-07-27,Control: favourite,20:40 Ripon,What A Tahoo,3.0,4.0,6,True
2026-07-28,Analyst Verdict Pick,13:35 Beverley,Star Start,3.5,2.0,8,True
2026-07-28,Control: favourite,13:35 Beverley,Star Start,3.5,2.0,8,True
2026-07-28,Analyst Verdict Pick,13:50 Goodwood,Al Aali,6.5,1.0,18,True
2026-07-28,Control: favourite,13:50 Goodwood,Al Aali,6.5,1.0,18,True
2026-07-28,Analyst Verdict Pick,14:10 Beverley,Head Girl,3.13,1.0,7,True
2026-07-28,Control: favourite,14:10 Beverley,Head Girl,3.13,1.0,7,True
2026-07-28,Analyst Verdict Pick,14:25 Goodwood,Al Hudaiba,2.25,3.0,6,False
2026-07-28,Control: favourite,14:25 Goodwood,Al Hudaiba,2.25,3.0,6,False
2026-07-28,Analyst Verdict Pick,14:35 Yarmouth,Educator,1.73,1.0,3,True
2026-07-28,Control: favourite,14:35 Yarmouth,Educator,1.73,1.0,3,True
2026-07-28,Analyst Verdict Pick,14:45 Beverley,Eleven Eighty Two,,,14,False
2026-07-28,Control: favourite,14:45 Beverley,Dorothea Hope,3.75,5.0,14,False
2026-07-28,Analyst Verdict Pick,15:00 Goodwood,Lake Forest,1.91,1.0,8,False
2026-07-28,Control: favourite,15:00 Goodwood,Lake Forest,1.91,1.0,8,False
2026-07-28,Analyst Verdict Pick,15:10 Yarmouth,Mithaaly,1.73,2.0,6,False
2026-07-28,Control: favourite,15:10 Yarmouth,Mithaaly,1.73,2.0,6,False
2026-07-28,Analyst Verdict Pick,15:20 Beverley,Romanza,3.25,3.0,4,False
2026-07-28,Control: favourite,15:20 Beverley,Apulia Bay,2.0,2.0,4,False
2026-07-28,Analyst Verdict Pick,15:35 Goodwood,Scandinavia,2.2,1.0,8,False
2026-07-28,Analyst Each-Way,15:35 Goodwood,Lazy Griff,19.0,7.0,8,False
2026-07-28,Control: favourite,15:35 Goodwood,Scandinavia,2.2,1.0,8,False
2026-07-28,Analyst Verdict Pick,15:45 Yarmouth,Luminous Warrior,1.67,1.0,7,True
2026-07-28,Control: favourite,15:45 Yarmouth,Luminous Warrior,1.67,1.0,7,True
2026-07-28,Analyst Verdict Pick,15:55 Beverley,Norcross Brow,2.1,1.0,8,True
2026-07-28,Control: favourite,15:55 Beverley,Norcross Brow,2.1,1.0,8,True
2026-07-28,Analyst Verdict Pick,16:10 Goodwood,Twilight Calls,7.0,1.0,24,True
2026-07-28,Control: favourite,16:10 Goodwood,Rapper's Delight,6.5,8.0,24,True
2026-07-28,Analyst Verdict Pick,16:20 Yarmouth,Divot,1.91,1.0,6,True
2026-07-28,Control: favourite,16:20 Yarmouth,Divot,1.91,1.0,6,True
2026-07-28,Analyst Verdict Pick,16:30 Beverley,Speeding Bullet,13.0,5.0,9,True
2026-07-28,Control: favourite,16:30 Beverley,Crafty Spirit,3.25,3.0,9,True
2026-07-28,Analyst Verdict Pick,16:40 Galway,Lizzie Twigg,3.5,1.0,9,False
2026-07-28,Control: favourite,16:40 Galway,Gomez Addams,3.0,4.0,9,False
2026-07-28,Analyst Verdict Pick,16:45 Goodwood,Final Objective,3.0,4.0,16,False
2026-07-28,Control: favourite,16:45 Goodwood,Final Objective,3.0,4.0,16,False
2026-07-28,Analyst Verdict Pick,16:55 Yarmouth,Stintino Sunset,2.38,3.0,7,False
2026-07-28,Control: favourite,16:55 Yarmouth,Stintino Sunset,2.38,3.0,7,False
2026-07-28,Analyst Verdict Pick,17:10 Galway,My Great Mate,8.0,3.0,11,False
2026-07-28,Control: favourite,17:10 Galway,Love Me Tender,2.5,4.0,11,False
2026-07-28,Analyst Verdict Pick,17:20 Goodwood,Annastarzy,4.33,6.0,15,True
2026-07-28,Control: favourite,17:20 Goodwood,Annastarzy,4.33,6.0,15,True
2026-07-28,Analyst Verdict Pick,17:25 Yarmouth,Methgal,2.2,2.0,9,True
2026-07-28,Control: favourite,17:25 Yarmouth,Methgal,2.2,2.0,9,True
2026-07-28,Analyst Verdict Pick,17:45 Galway,Giant Haystacks,6.0,10.0,20,True
2026-07-28,Control: favourite,17:45 Galway,Fort Randall,5.5,5.0,20,True
2026-07-28,Analyst Verdict Pick,17:55 Goodwood,Machadadorp,6.0,6.0,21,True
2026-07-28,Control: favourite,17:55 Goodwood,Machadadorp,6.0,6.0,21,True
2026-07-28,Analyst Verdict Pick,18:00 Ffos Las,Jazzy Bay,5.5,4.0,10,False
2026-07-28,Control: favourite,18:00 Ffos Las,Ariane Sky,5.0,1.0,10,False
2026-07-28,Analyst Verdict Pick,18:15 Galway,Madam Secretary,4.0,2.0,13,False
2026-07-28,Control: favourite,18:15 Galway,Argentarius,4.0,4.0,13,False
2026-07-28,Analyst Verdict Pick,18:30 Ffos Las,Distinct Spirit,1.29,1.0,5,True
2026-07-28,Control: favourite,18:30 Ffos Las,Distinct Spirit,1.29,1.0,5,True
2026-07-28,Analyst Verdict Pick,18:45 Galway,Jagged Edge,8.5,3.0,19,True
2026-07-28,Control: favourite,18:45 Galway,Pierre Royal,4.5,2.0,19,True
2026-07-28,Analyst Verdict Pick,19:00 Ffos Las,Knightmare,2.2,2.0,8,False
2026-07-28,Control: favourite,19:00 Ffos Las,Knightmare,2.2,2.0,8,False
2026-07-28,Analyst Verdict Pick,19:15 Galway,Inishfallen,8.0,7.0,16,True
2026-07-28,Control: favourite,19:15 Galway,Eddie G,4.5,1.0,16,True
2026-07-28,Control: favourite,19:30 Ffos Las,Summerson,2.1,1.0,4,False
2026-07-28,Analyst Verdict Pick,19:45 Galway,Starborn Legend,3.25,4.0,16,False
2026-07-28,Control: favourite,19:45 Galway,Sindagan,3.25,1.0,16,False
2026-07-28,Analyst Verdict Pick,20:00 Ffos Las,Pureis King,2.88,5.0,9,True
2026-07-28,Control: favourite,20:00 Ffos Las,Pureis King,2.88,5.0,9,True
2026-07-28,Analyst Verdict Pick,20:15 Galway,Liberate,12.0,9.0,19,True
2026-07-28,Control: favourite,20:15 Galway,San Aer,3.75,2.0,19,True
2026-07-28,Analyst Verdict Pick,20:30 Ffos Las,Diamondsinthesand,3.75,6.0,10,True
2026-07-28,Control: favourite,20:30 Ffos Las,Legendsoftheland,2.88,1.0,10,True
2026-07-29,Analyst Verdict Pick,13:50 Goodwood,Infraad,3.0,1.0,9,True
2026-07-29,Control: favourite,13:50 Goodwood,Infraad,3.0,1.0,9,True
2026-07-29,Analyst Verdict Pick,14:05 Redcar,Kats Bob,4.0,2.0,7,True
2026-07-29,Control: favourite,14:05 Redcar,Archduke Ferdinand,3.75,1.0,7,True
2026-07-29,Analyst Verdict Pick,14:25 Goodwood,Wild Blossom,2.25,1.0,9,False
2026-07-29,Control: favourite,14:25 Goodwood,Wild Blossom,2.25,1.0,9,False
2026-07-29,Analyst Verdict Pick,14:40 Redcar,Areti,1.83,1.0,7,False
2026-07-29,Control: favourite,14:40 Redcar,Areti,1.83,1.0,7,False
2026-07-29,Analyst Verdict Pick,15:00 Goodwood,Flora Of Bermuda,3.5,1.0,14,False
2026-07-29,Control: favourite,15:00 Goodwood,Flora Of Bermuda,3.5,1.0,14,False
2026-07-29,Analyst Verdict Pick,15:15 Redcar,Lucky Hero,4.5,1.0,9,True
2026-07-29,Control: favourite,15:15 Redcar,Harswell Ruby,4.5,4.0,9,True
2026-07-29,Analyst Verdict Pick,15:35 Goodwood,Pershaada,3.75,1.0,11,False
2026-07-29,Control: favourite,15:35 Goodwood,Pershaada,3.75,1.0,11,False
2026-07-29,Analyst Verdict Pick,15:50 Redcar,Homestrait,4.0,4.0,7,True
2026-07-29,Control: favourite,15:50 Redcar,Homestrait,4.0,4.0,7,True
2026-07-29,Analyst Verdict Pick,16:10 Goodwood,Bow Echo,1.91,1.0,12,False
2026-07-29,Control: favourite,16:10 Goodwood,Bow Echo,1.91,1.0,12,False
2026-07-29,Analyst Verdict Pick,16:20 Redcar,Mrs Trump,5.0,5.0,9,True
2026-07-29,Control: favourite,16:20 Redcar,Mrs Trump,5.0,5.0,9,True
2026-07-29,Analyst Verdict Pick,16:50 Redcar,Tees George,4.33,2.0,7,True
2026-07-29,Control: favourite,16:50 Redcar,Tees George,4.33,2.0,7,True
2026-07-29,Analyst Verdict Pick,17:00 Goodwood,Rory Rocket,17.0,10.0,28,True
2026-07-29,Control: favourite,17:00 Goodwood,Supreme King,6.5,7.0,28,True
2026-07-29,Analyst Verdict Pick,17:05 Galway,Shoda,4.0,8.0,21,False
2026-07-29,Control: favourite,17:05 Galway,Mr Hollywood,3.0,1.0,21,False
2026-07-29,Analyst Verdict Pick,17:35 Galway,Tangara Bay,17.0,10.0,20,True
2026-07-29,Control: favourite,17:35 Galway,Coded Welder,5.0,8.0,20,True
2026-07-29,Analyst Verdict Pick,17:40 Goodwood,Rhoscolyn,13.0,10.0,20,True
2026-07-29,Control: favourite,17:40 Goodwood,Bobby Bennu,6.5,10.0,20,True
2026-07-29,Analyst Verdict Pick,17:45 Sandown Park,Jungle Ruler,2.88,2.0,5,True
2026-07-29,Control: favourite,17:45 Sandown Park,Jungle Ruler,2.88,2.0,5,True
2026-07-29,Analyst Verdict Pick,17:55 Leicester,Fairy Well,2.38,2.0,5,False
2026-07-29,Control: favourite,17:55 Leicester,Coat Of Red,1.83,1.0,5,False
2026-07-29,Analyst Verdict Pick,18:05 Galway,She's A Fine Wine,9.0,8.0,21,True
2026-07-29,Control: favourite,18:05 Galway,Fratas,5.0,2.0,21,True
2026-07-29,Analyst Verdict Pick,18:15 Sandown Park,Hypnotised,7.0,2.0,7,True
2026-07-29,Control: favourite,18:15 Sandown Park,Rage Of Thunder,3.5,5.0,7,True
2026-07-29,Analyst Verdict Pick,18:27 Leicester,Amber Ocean,3.5,3.0,6,False
2026-07-29,Control: favourite,18:27 Leicester,Wolf's Gallop,3.25,4.0,6,False
2026-07-29,Analyst Verdict Pick,18:40 Galway,Nowwhatdoyouthink,8.0,4.0,22,True
2026-07-29,Control: favourite,18:40 Galway,Funiculi Funicula,5.5,10.0,22,True
2026-07-29,Analyst Verdict Pick,18:50 Sandown Park,Quest For Stars,3.25,1.0,7,False
2026-07-29,Control: favourite,18:50 Sandown Park,Lancaster Tower,1.83,3.0,7,False
2026-07-29,Analyst Verdict Pick,19:02 Leicester,Siwa Oasis,3.25,1.0,4,False
2026-07-29,Control: favourite,19:02 Leicester,Moving Shadow,1.53,3.0,4,False
2026-07-29,Analyst Verdict Pick,19:15 Galway,Abbotsford,2.75,1.0,19,False
2026-07-29,Control: favourite,19:15 Galway,Abbotsford,2.75,1.0,19,False
2026-07-29,Analyst Verdict Pick,19:25 Sandown Park,Sydney Rock,4.0,6.0,9,True
2026-07-29,Control: favourite,19:25 Sandown Park,Galba,2.38,2.0,9,True
2026-07-29,Analyst Verdict Pick,19:37 Leicester,Calafrio,3.0,1.0,6,True
2026-07-29,Control: favourite,19:37 Leicester,Melissa Honey,1.73,3.0,6,True
2026-07-29,Analyst Verdict Pick,19:50 Galway,Moonlit Sun,4.5,4.0,13,True
2026-07-29,Control: favourite,19:50 Galway,Moonlit Sun,4.5,4.0,13,True
2026-07-29,Analyst Verdict Pick,20:00 Sandown Park,Spirit Of Athene,3.5,1.0,10,True
2026-07-29,Control: favourite,20:00 Sandown Park,Spirit Of Athene,3.5,1.0,10,True
2026-07-29,Analyst Verdict Pick,20:10 Leicester,Clocker,2.0,2.0,4,True
2026-07-29,Control: favourite,20:10 Leicester,Clocker,2.0,2.0,4,True
2026-07-29,Analyst Verdict Pick,20:20 Galway,Gaoth Chuil,6.5,10.0,22,True
2026-07-29,Control: favourite,20:20 Galway,Ben Hur,4.5,3.0,22,True
2026-07-29,Analyst Verdict Pick,20:30 Sandown Park,Kakirra,2.0,2.0,4,True
2026-07-29,Control: favourite,20:30 Sandown Park,Kakirra,2.0,2.0,4,True
2026-07-29,Analyst Verdict Pick,20:40 Leicester,Spiritoftheblues,2.38,2.0,5,True
2026-07-29,Control: favourite,20:40 Leicester,Spiritoftheblues,2.38,2.0,5,True
2026-07-30,Analyst Verdict Pick,13:50 Goodwood,Ciarrai Abu,4.33,1.0,14,True
2026-07-30,Control: favourite,13:50 Goodwood,Ciarrai Abu,4.33,1.0,14,True
2026-07-30,Analyst Verdict Pick,14:00 Nottingham,Roots In Touche,1.91,1.0,2,False
2026-07-30,Control: favourite,14:00 Nottingham,Funky Dory,1.83,2.0,2,False
2026-07-30,Analyst Verdict Pick,14:10 Galway,Margot Mae,,,8,True
2026-07-30,Control: favourite,14:10 Galway,Seven Nation Army,2.63,1.0,8,True
2026-07-30,Analyst Verdict Pick,14:25 Goodwood,Flann Sunna,2.0,5.0,10,False
2026-07-30,Control: favourite,14:25 Goodwood,Flann Sunna,2.0,5.0,10,False
2026-07-30,Analyst Verdict Pick,14:35 Nottingham,Great Blasket,1.62,1.0,5,True
2026-07-30,Control: favourite,14:35 Nottingham,Great Blasket,1.62,1.0,5,True
2026-07-30,Analyst Verdict Pick,14:45 Galway,Meriden,3.0,2.0,10,False
2026-07-30,Control: favourite,14:45 Galway,Meriden,3.0,2.0,10,False
2026-07-30,Analyst Verdict Pick,15:00 Goodwood,Bay Of Brilliance,3.5,4.0,7,False
2026-07-30,Control: favourite,15:00 Goodwood,Enceladus,2.5,1.0,7,False
2026-07-30,Analyst Verdict Pick,15:10 Nottingham,Supplicate,2.88,1.0,5,True
2026-07-30,Control: favourite,15:10 Nottingham,Supplicate,2.88,1.0,5,True
2026-07-30,Analyst Verdict Pick,15:20 Galway,Shadow Paddy,3.5,1.0,7,False
2026-07-30,Control: favourite,15:20 Galway,Shadow Paddy,3.5,1.0,7,False
2026-07-30,Analyst Verdict Pick,15:35 Goodwood,Friendly Soul,3.5,2.0,5,False
2026-07-30,Control: favourite,15:35 Goodwood,Diamond Necklace,1.67,1.0,5,False
2026-07-30,Analyst Verdict Pick,15:45 Nottingham,Marquessofanglesey,2.88,2.0,5,False
2026-07-30,Control: favourite,15:45 Nottingham,Queen's Hame,2.5,1.0,5,False
2026-07-30,Analyst Verdict Pick,15:55 Galway,Roc Dino,3.0,2.0,8,False
2026-07-30,Control: favourite,15:55 Galway,Midnight Jet,2.2,1.0,8,False
2026-07-30,Analyst Verdict Pick,16:10 Goodwood,Pilu,7.0,8.0,18,True
2026-07-30,Control: favourite,16:10 Goodwood,Naana's Shadow,6.0,1.0,18,True
2026-07-30,Analyst Verdict Pick,16:20 Nottingham,Sixty Plus,1.4,1.0,4,True
2026-07-30,Control: favourite,16:20 Nottingham,Sixty Plus,1.4,1.0,4,True
2026-07-30,Analyst Verdict Pick,16:30 Galway,El Cairos,6.0,7.0,20,True
2026-07-30,Control: favourite,16:30 Galway,El Cairos,6.0,7.0,20,True
2026-07-30,Analyst Verdict Pick,16:35 Wolverhampton,Havin A Flyer,3.5,3.0,8,True
2026-07-30,Control: favourite,16:35 Wolverhampton,Havin A Flyer,3.5,3.0,8,True
2026-07-30,Analyst Verdict Pick,16:45 Goodwood,Mia Fantasia,3.0,6.0,18,False
2026-07-30,Control: favourite,16:45 Goodwood,Mia Fantasia,3.0,6.0,18,False
2026-07-30,Analyst Verdict Pick,16:55 Nottingham,Molly Mac,2.0,1.0,8,True
2026-07-30,Control: favourite,16:55 Nottingham,Molly Mac,2.0,1.0,8,True
2026-07-30,Analyst Verdict Pick,17:05 Galway,Hygge,6.0,10.0,17,True
2026-07-30,Control: favourite,17:05 Galway,Molto Amichi,5.0,9.0,17,True
2026-07-30,Analyst Verdict Pick,17:10 Wolverhampton,Pearly Squirrel,4.5,7.0,13,True
2026-07-30,Control: favourite,17:10 Wolverhampton,Portman Blue,4.33,6.0,13,True
2026-07-30,Analyst Verdict Pick,17:20 Goodwood,So Lovely,1.57,2.0,15,False
2026-07-30,Control: favourite,17:20 Goodwood,So Lovely,1.57,2.0,15,False
2026-07-30,Analyst Verdict Pick,17:25 Nottingham,Palazzo Persico,4.5,5.0,7,True
2026-07-30,Control: favourite,17:25 Nottingham,Galaxy Wonder,4.33,3.0,7,True
2026-07-30,Analyst Verdict Pick,17:30 Epsom Downs,Golden Circet,5.5,4.0,6,True
2026-07-30,Control: favourite,17:30 Epsom Downs,Qitaal,4.33,6.0,6,True
2026-07-30,Analyst Verdict Pick,17:40 Galway,Autumn Twist,6.5,7.0,19,True
2026-07-30,Control: favourite,17:40 Galway,Rodeo Blues,3.5,5.0,19,True
2026-07-30,Analyst Verdict Pick,17:47 Wolverhampton,Chimes Of Thunder,4.33,3.0,8,False
2026-07-30,Control: favourite,17:47 Wolverhampton,Pyramid,2.38,2.0,8,False
2026-07-30,Analyst Verdict Pick,17:55 Goodwood,Exclusive Code,3.0,1.0,20,True
2026-07-30,Control: favourite,17:55 Goodwood,Exclusive Code,3.0,1.0,20,True
2026-07-30,Analyst Verdict Pick,18:05 Epsom Downs,Out Of This World,3.25,2.0,9,False
2026-07-30,Control: favourite,18:05 Epsom Downs,Out Of This World,3.25,2.0,9,False
2026-07-30,Analyst Verdict Pick,18:12 Galway,Run Ted Run,2.25,1.0,17,False
2026-07-30,Control: favourite,18:12 Galway,Run Ted Run,2.25,1.0,17,False
2026-07-30,Analyst Verdict Pick,18:22 Wolverhampton,Supreme Star,3.25,2.0,12,False
2026-07-30,Control: favourite,18:22 Wolverhampton,Location Location,2.63,3.0,12,False
2026-07-30,Analyst Verdict Pick,18:40 Epsom Downs,Imperial Cult,1.33,4.0,5,True
2026-07-30,Control: favourite,18:40 Epsom Downs,Imperial Cult,1.33,4.0,5,True
2026-07-30,Analyst Verdict Pick,18:57 Wolverhampton,Hunky Dory,3.75,3.0,11,False
2026-07-30,Control: favourite,18:57 Wolverhampton,Jungle Drums,3.25,4.0,11,False
2026-07-30,Analyst Verdict Pick,19:15 Epsom Downs,Chantelle,3.0,2.0,4,True
2026-07-30,Control: favourite,19:15 Epsom Downs,Chantelle,3.0,2.0,4,True
2026-07-30,Analyst Verdict Pick,19:32 Wolverhampton,Si White,2.25,3.0,12,True
2026-07-30,Control: favourite,19:32 Wolverhampton,Si White,2.25,3.0,12,True
2026-07-30,Analyst Verdict Pick,19:50 Epsom Downs,Credit Forgedd It,3.0,3.0,7,True
2026-07-30,Control: favourite,19:50 Epsom Downs,Credit Forgedd It,3.0,3.0,7,True
2026-07-30,Analyst Verdict Pick,20:07 Wolverhampton,Emery Down,3.5,6.0,12,True
2026-07-30,Control: favourite,20:07 Wolverhampton,Iconic Times,3.0,1.0,12,True
2026-07-30,Analyst Verdict Pick,20:25 Epsom Downs,Elvetham,5.0,6.0,7,True
2026-07-30,Control: favourite,20:25 Epsom Downs,Twirler,2.75,2.0,7,True
2026-07-30,Analyst Verdict Pick,20:42 Wolverhampton,Oh So Perfect,2.38,4.0,12,True
2026-07-30,Control: favourite,20:42 Wolverhampton,Oh So Perfect,2.38,4.0,12,True
2026-07-31,Analyst Verdict Pick,13:50 Goodwood,Valiancy,4.0,9.0,18,True
2026-07-31,Control: favourite,13:50 Goodwood,Defiantly,3.75,1.0,18,True
2026-07-31,Control: favourite,14:00 Wolverhampton,Foxy Night,2.25,3.0,10,False
2026-07-31,Analyst Verdict Pick,14:10 Newcastle,Inspiring Speeches,6.0,4.0,10,False
2026-07-31,Control: favourite,14:10 Newcastle,Wicklow Way,2.5,1.0,10,False
2026-07-31,Analyst Verdict Pick,14:25 Goodwood,Talk Of New York,1.4,2.0,7,False
2026-07-31,Control: favourite,14:25 Goodwood,Talk Of New York,1.4,2.0,7,False
2026-07-31,Control: favourite,14:35 Wolverhampton,Gunfighter,3.5,7.0,12,True
2026-07-31,Analyst Verdict Pick,14:45 Newcastle,Siouxperb,2.88,2.0,8,False
2026-07-31,Control: favourite,14:45 Newcastle,Sonic Angel,1.8,1.0,8,False
2026-07-31,Analyst Verdict Pick,15:00 Goodwood,Beagle Bay,,,22,True
2026-07-31,Control: favourite,15:00 Goodwood,Indalo,4.0,10.0,22,True
2026-07-31,Analyst Verdict Pick,15:10 Wolverhampton,Ghisa,5.5,3.0,9,True
2026-07-31,Control: favourite,15:10 Wolverhampton,Carnival Of Light,3.75,1.0,9,True
2026-07-31,Analyst Verdict Pick,15:20 Newcastle,Stand Strong,5.5,5.0,9,True
2026-07-31,Control: favourite,15:20 Newcastle,Chambers,3.5,4.0,9,True
2026-07-31,Analyst Verdict Pick,15:35 Goodwood,Night Raider,3.5,10.0,15,False
2026-07-31,Control: favourite,15:35 Goodwood,Night Raider,3.5,10.0,15,False
2026-07-31,Analyst Verdict Pick,15:45 Wolverhampton,Highland Shah,,,11,True
2026-07-31,Control: favourite,15:45 Wolverhampton,Suggy,2.5,1.0,11,True
2026-07-31,Analyst Verdict Pick,15:55 Newcastle,Taaklam,5.0,7.0,13,True
2026-07-31,Control: favourite,15:55 Newcastle,Taaklam,5.0,7.0,13,True
2026-07-31,Analyst Verdict Pick,16:10 Goodwood,Galen,4.0,1.0,9,False
2026-07-31,Control: favourite,16:10 Goodwood,Galen,4.0,1.0,9,False
2026-07-31,Analyst Verdict Pick,16:20 Wolverhampton,Roc De Fer,1.25,1.0,7,True
2026-07-31,Control: favourite,16:20 Wolverhampton,Roc De Fer,1.25,1.0,7,True
2026-07-31,Analyst Verdict Pick,16:30 Newcastle,Reginald Charles,2.5,3.0,10,True
2026-07-31,Control: favourite,16:30 Newcastle,Reginald Charles,2.5,3.0,10,True
2026-07-31,Analyst Verdict Pick,16:45 Goodwood,Dubai Champion,5.0,2.0,18,False
2026-07-31,Control: favourite,16:45 Goodwood,The Dancing Pirate,3.5,7.0,18,False
2026-07-31,Analyst Verdict Pick,16:55 Wolverhampton,American Style,3.0,1.0,10,True
2026-07-31,Control: favourite,16:55 Wolverhampton,American Style,3.0,1.0,10,True
2026-07-31,Analyst Verdict Pick,17:00 Galway,Otherworldly,3.5,2.0,16,False
2026-07-31,Control: favourite,17:00 Galway,Otherworldly,3.5,2.0,16,False
2026-07-31,Analyst Verdict Pick,17:05 Newcastle,Finn Ironside,4.33,2.0,9,True
2026-07-31,Control: favourite,17:05 Newcastle,Holly Mist,3.0,5.0,9,True
2026-07-31,Analyst Verdict Pick,17:20 Goodwood,Into The Light,3.0,1.0,14,True
2026-07-31,Control: favourite,17:20 Goodwood,Into The Light,3.0,1.0,14,True
2026-07-31,Analyst Verdict Pick,17:25 Wolverhampton,Sixcor,4.33,4.0,6,False
2026-07-31,Control: favourite,17:25 Wolverhampton,Happier,2.75,1.0,6,False
2026-07-31,Analyst Verdict Pick,17:30 Galway,Vicar Street,2.63,1.0,10,False
2026-07-31,Control: favourite,17:30 Galway,Vicar Street,2.63,1.0,10,False
2026-07-31,Analyst Verdict Pick,17:35 Bath,Bumaan,2.0,4.0,4,True
2026-07-31,Control: favourite,17:35 Bath,Bumaan,2.0,4.0,4,True
2026-07-31,Analyst Verdict Pick,17:40 Newcastle,Material Girl,11.0,5.0,14,False
2026-07-31,Control: favourite,17:40 Newcastle,Angel Of England,3.75,10.0,14,False
2026-07-31,Analyst Verdict Pick,17:45 Musselburgh,Jedhi Knight,4.33,3.0,10,True
2026-07-31,Control: favourite,17:45 Musselburgh,Gemini Man,3.0,2.0,10,True
2026-07-31,Analyst Verdict Pick,17:50 Newmarket,National Honour,2.63,2.0,7,False
2026-07-31,Control: favourite,17:50 Newmarket,National Honour,2.63,2.0,7,False
2026-07-31,Analyst Verdict Pick,17:55 Goodwood,Silver Lake,1.8,1.0,7,True
2026-07-31,Control: favourite,17:55 Goodwood,Silver Lake,1.8,1.0,7,True
2026-07-31,Analyst Verdict Pick,18:00 Galway,Charlie Luciano,15.0,4.0,20,True
2026-07-31,Control: favourite,18:00 Galway,Kings Hill,6.0,1.0,20,True
2026-07-31,Analyst Verdict Pick,18:08 Bath,Tricky Jenny,3.5,4.0,7,False
2026-07-31,Control: favourite,18:08 Bath,Havana Gift,3.0,1.0,7,False
2026-07-31,Analyst Verdict Pick,18:15 Musselburgh,Gerry's Darling,2.38,1.0,5,False
2026-07-31,Control: favourite,18:15 Musselburgh,Gerry's Darling,2.38,1.0,5,False
2026-07-31,Analyst Verdict Pick,18:25 Newmarket,Aleatrix,1.33,2.0,4,False
2026-07-31,Control: favourite,18:25 Newmarket,Aleatrix,1.33,2.0,4,False
2026-07-31,Analyst Verdict Pick,18:35 Galway,Thread Of Gold,4.0,1.0,18,True
2026-07-31,Control: favourite,18:35 Galway,Thread Of Gold,4.0,1.0,18,True
2026-07-31,Analyst Verdict Pick,18:43 Bath,Jackie Brown,2.88,1.0,9,False
2026-07-31,Control: favourite,18:43 Bath,Jackie Brown,2.88,1.0,9,False
2026-07-31,Analyst Verdict Pick,18:50 Musselburgh,Amantha,5.5,3.0,7,False
2026-07-31,Control: favourite,18:50 Musselburgh,Bigalo,3.5,2.0,7,False
2026-07-31,Analyst Verdict Pick,19:00 Newmarket,Robert Anstruther,4.33,2.0,10,True
2026-07-31,Control: favourite,19:00 Newmarket,Spring Bloom,2.63,1.0,10,True
2026-07-31,Analyst Verdict Pick,19:10 Galway,Zadawa,,,19,False
2026-07-31,Control: favourite,19:10 Galway,Cosmetic,2.63,4.0,19,False
2026-07-31,Analyst Verdict Pick,19:18 Bath,Honky Tonk Girl,1.83,1.0,6,False
2026-07-31,Control: favourite,19:18 Bath,Honky Tonk Girl,1.83,1.0,6,False
2026-07-31,Analyst Verdict Pick,19:25 Musselburgh,Montezuma,3.25,2.0,5,True
2026-07-31,Control: favourite,19:25 Musselburgh,Montezuma,3.25,2.0,5,True
2026-07-31,Analyst Verdict Pick,19:32 Newmarket,Nikovo,4.0,1.0,9,True
2026-07-31,Control: favourite,19:32 Newmarket,Nikovo,4.0,1.0,9,True
2026-07-31,Analyst Verdict Pick,19:40 Galway,Aquilla Star,8.0,10.0,19,True
2026-07-31,Control: favourite,19:40 Galway,Jp's Express,4.33,1.0,19,True
2026-07-31,Analyst Verdict Pick,19:48 Bath,Connie's Rose,3.5,4.0,5,True
2026-07-31,Control: favourite,19:48 Bath,Candy Warhol,2.88,3.0,5,True
2026-07-31,Analyst Verdict Pick,19:55 Musselburgh,Wait For It,3.75,3.0,7,True
2026-07-31,Control: favourite,19:55 Musselburgh,Wait For It,3.75,3.0,7,True
2026-07-31,Analyst Verdict Pick,20:02 Newmarket,Sibling Rivelry,2.38,2.0,5,True
2026-07-31,Control: favourite,20:02 Newmarket,Sibling Rivelry,2.38,2.0,5,True
2026-07-31,Analyst Verdict Pick,20:10 Galway,Lady Plimsoll,13.0,3.0,20,True
2026-07-31,Control: favourite,20:10 Galway,Vantage Code,2.88,1.0,20,True
2026-07-31,Analyst Verdict Pick,20:18 Bath,Miss Colette,4.0,5.0,6,True
2026-07-31,Control: favourite,20:18 Bath,Blue Hero,3.25,1.0,6,True
2026-07-31,Analyst Verdict Pick,20:25 Musselburgh,Gallus Norman,3.0,5.0,7,True
2026-07-31,Control: favourite,20:25 Musselburgh,Gallus Norman,3.0,5.0,7,True
2026-07-31,Analyst Verdict Pick,20:32 Newmarket,Mertoun,2.38,4.0,7,True
2026-07-31,Control: favourite,20:32 Newmarket,Mertoun,2.38,4.0,7,True
2026-07-31,Analyst Verdict Pick,20:40 Galway,Uxmal,2.5,4.0,6,False
2026-07-31,Control: favourite,20:40 Galway,Uxmal,2.5,4.0,6,False
2026-07-31,Analyst Verdict Pick,20:55 Musselburgh,Thornaby Pearl,6.5,1.0,6,True
2026-07-31,Control: favourite,20:55 Musselburgh,Golden Havana,3.25,5.0,6,True
2026-08-01,Analyst Verdict Pick,13:33 Newmarket,Romantic Symphony,2.25,1.0,9,False
2026-08-01,Control: favourite,13:33 Newmarket,Romantic Symphony,2.25,1.0,9,False
2026-08-01,Analyst Verdict Pick,13:38 Thirsk,Battle Fever,3.25,1.0,8,False
2026-08-01,Control: favourite,13:38 Thirsk,Palm Reader,2.25,4.0,8,False
2026-08-01,Analyst Verdict Pick,13:50 Goodwood,Sing Us A Song,7.0,6.0,14,True
2026-08-01,Control: favourite,13:50 Goodwood,Valedictory,3.5,5.0,14,True
2026-08-01,Analyst Verdict Pick,13:55 Doncaster,Brash,3.75,2.0,6,False
2026-08-01,Control: favourite,13:55 Doncaster,Kohana Nation,1.4,1.0,6,False
2026-08-01,Analyst Verdict Pick,14:02 Galway,Columbus,1.91,1.0,21,False
2026-08-01,Control: favourite,14:02 Galway,Columbus,1.91,1.0,21,False
2026-08-01,Analyst Verdict Pick,14:08 Thirsk,Mirsky,4.0,9.0,12,True
2026-08-01,Control: favourite,14:08 Thirsk,Jeddaal,4.0,4.0,12,True
2026-08-01,Analyst Verdict Pick,14:13 Newmarket,Rollthedicebaby,6.5,6.0,9,False
2026-08-01,Control: favourite,14:13 Newmarket,Love A Giggle,3.0,4.0,9,False
2026-08-01,Analyst Verdict Pick,14:25 Goodwood,In My Teens,4.0,6.0,8,False
2026-08-01,Control: favourite,14:25 Goodwood,Opportunity,2.88,2.0,8,False
2026-08-01,Analyst Verdict Pick,14:30 Doncaster,Weleyff,2.25,1.0,5,False
2026-08-01,Control: favourite,14:30 Doncaster,Weleyff,2.25,1.0,5,False
2026-08-01,Analyst Verdict Pick,14:37 Galway,Paul's Dream,4.33,3.0,22,True
2026-08-01,Control: favourite,14:37 Galway,Paul's Dream,4.33,3.0,22,True
2026-08-01,Analyst Verdict Pick,14:43 Thirsk,Brighton Beach,1.83,1.0,7,False
2026-08-01,Control: favourite,14:43 Thirsk,Brighton Beach,1.83,1.0,7,False
2026-08-01,Analyst Verdict Pick,14:48 Newmarket,Spirited Gesture,2.5,1.0,7,False
2026-08-01,Control: favourite,14:48 Newmarket,Haleema,2.1,4.0,7,False
2026-08-01,Analyst Verdict Pick,15:00 Goodwood,Waardah,3.25,3.0,7,False
2026-08-01,Control: favourite,15:00 Goodwood,Waardah,3.25,3.0,7,False
2026-08-01,Analyst Verdict Pick,15:05 Doncaster,Tiora Time,2.88,1.0,13,False
2026-08-01,Control: favourite,15:05 Doncaster,Tiora Time,2.88,1.0,13,False
2026-08-01,Analyst Verdict Pick,15:12 Galway,Comfort Zone,4.0,10.0,20,True
2026-08-01,Control: favourite,15:12 Galway,Comfort Zone,4.0,10.0,20,True
2026-08-01,Analyst Verdict Pick,15:17 Thirsk,Rotokura Belle,3.75,7.0,12,True
2026-08-01,Control: favourite,15:17 Thirsk,Rotokura Belle,3.75,7.0,12,True
2026-08-01,Analyst Verdict Pick,15:23 Newmarket,Sierra Sands,6.0,4.0,6,True
2026-08-01,Control: favourite,15:23 Newmarket,Lion of Mali,3.5,2.0,6,True
2026-08-01,Analyst Verdict Pick,15:35 Goodwood,Far Above Dream,7.0,6.0,28,True
2026-08-01,Control: favourite,15:35 Goodwood,Two Tribes,6.5,10.0,28,True
2026-08-01,Analyst Verdict Pick,15:40 Doncaster,Mariner,2.75,1.0,6,True
2026-08-01,Control: favourite,15:40 Doncaster,Super Hit,2.2,3.0,6,True
2026-08-01,Analyst Verdict Pick,15:47 Thirsk,Asuka,2.88,1.0,16,True
2026-08-01,Control: favourite,15:47 Thirsk,Asuka,2.88,1.0,16,True
2026-08-01,Analyst Verdict Pick,15:52 Galway,Fleur Dino,4.0,2.0,20,False
2026-08-01,Control: favourite,15:52 Galway,Fleur Dino,4.0,2.0,20,False
2026-08-01,Analyst Verdict Pick,15:58 Newmarket,Divine Knight,2.25,5.0,8,True
2026-08-01,Control: favourite,15:58 Newmarket,Divine Knight,2.25,5.0,8,True
2026-08-01,Analyst Verdict Pick,16:10 Goodwood,We're Goosers,2.38,3.0,13,True
2026-08-01,Control: favourite,16:10 Goodwood,We're Goosers,2.38,3.0,13,True
2026-08-01,Analyst Verdict Pick,16:15 Doncaster,First Time,3.25,5.0,6,True
2026-08-01,Control: favourite,16:15 Doncaster,First Time,3.25,5.0,6,True
2026-08-01,Analyst Verdict Pick,16:22 Thirsk,La Peregrina,1.57,1.0,4,True
2026-08-01,Control: favourite,16:22 Thirsk,La Peregrina,1.57,1.0,4,True
2026-08-01,Analyst Verdict Pick,16:27 Galway,Victory Speech,2.1,1.0,4,False
2026-08-01,Control: favourite,16:27 Galway,Victory Speech,2.1,1.0,4,False
2026-08-01,Analyst Verdict Pick,16:33 Newmarket,Food For Thought,1.91,2.0,4,True
2026-08-01,Control: favourite,16:33 Newmarket,Food For Thought,1.91,2.0,4,True
2026-08-01,Analyst Verdict Pick,16:45 Goodwood,Al Wathba,,,14,False
2026-08-01,Control: favourite,16:45 Goodwood,Speakers Corner,2.63,10.0,14,False
2026-08-01,Analyst Verdict Pick,16:50 Doncaster,Get Up Everybody,4.0,3.0,11,True
2026-08-01,Control: favourite,16:50 Doncaster,Get Up Everybody,4.0,3.0,11,True
2026-08-01,Analyst Verdict Pick,16:55 Thirsk,Great,4.5,3.0,9,True
2026-08-01,Control: favourite,16:55 Thirsk,Northcliff,2.5,2.0,9,True
2026-08-01,Analyst Verdict Pick,17:00 Galway,Gliondar,,,15,False
2026-08-01,Control: favourite,17:00 Galway,Royal Bones,2.75,2.0,15,False
2026-08-01,Analyst Verdict Pick,17:05 Lingfield,Bintknight,2.63,1.0,5,True
2026-08-01,Control: favourite,17:05 Lingfield,Bintknight,2.63,1.0,5,True
2026-08-01,Analyst Verdict Pick,17:10 Newmarket,Silky Robin,7.0,3.0,6,True
2026-08-01,Control: favourite,17:10 Newmarket,Sound And Vision,3.0,2.0,6,True
2026-08-01,Analyst Verdict Pick,17:20 Goodwood,Blue Courvoisier,4.33,3.0,18,True
2026-08-01,Control: favourite,17:20 Goodwood,Blue Courvoisier,4.33,3.0,18,True
2026-08-01,Analyst Verdict Pick,17:25 Doncaster,Von Trotter,4.33,1.0,10,True
2026-08-01,Control: favourite,17:25 Doncaster,Wilde And Dandy,3.5,2.0,10,True
2026-08-01,Analyst Verdict Pick,17:35 Galway,Apache Outlaw,5.0,3.0,18,True
2026-08-01,Control: favourite,17:35 Galway,San Aer,2.25,5.0,18,True
2026-08-01,Analyst Verdict Pick,17:40 Lingfield,Zafaan,3.25,5.0,6,False
2026-08-01,Control: favourite,17:40 Lingfield,Panthere Noir,2.25,1.0,6,False
2026-08-01,Analyst Verdict Pick,17:50 Hamilton Park,California School,2.0,3.0,5,False
2026-08-01,Control: favourite,17:50 Hamilton Park,California School,2.0,3.0,5,False
2026-08-01,Analyst Verdict Pick,18:00 Doncaster,Another Investment,3.0,2.0,8,True
2026-08-01,Control: favourite,18:00 Doncaster,Another Investment,3.0,2.0,8,True
2026-08-01,Analyst Verdict Pick,18:05 Galway,Fratas,2.2,10.0,18,True
2026-08-01,Control: favourite,18:05 Galway,Fratas,2.2,10.0,18,True
2026-08-01,Analyst Verdict Pick,18:15 Lingfield,Campeona,1.53,1.0,4,True
2026-08-01,Control: favourite,18:15 Lingfield,Campeona,1.53,1.0,4,True
2026-08-01,Analyst Verdict Pick,18:25 Hamilton Park,Kissmehoneyhoney,6.0,2.0,5,False
2026-08-01,Control: favourite,18:25 Hamilton Park,According To Mark,2.25,3.0,5,False
2026-08-01,Analyst Verdict Pick,18:45 Lingfield,Rogue Exile,1.33,1.0,6,False
2026-08-01,Control: favourite,18:45 Lingfield,Rogue Exile,1.33,1.0,6,False
2026-08-01,Analyst Verdict Pick,19:00 Hamilton Park,Cotton Bud,5.0,4.0,11,True
2026-08-01,Control: favourite,19:00 Hamilton Park,Cabrera,3.13,1.0,11,True
2026-08-01,Analyst Verdict Pick,19:15 Lingfield,Laylaty,3.25,1.0,7,False
2026-08-01,Control: favourite,19:15 Lingfield,Laylaty,3.25,1.0,7,False
2026-08-01,Analyst Verdict Pick,19:30 Hamilton Park,Corolla Point,4.0,1.0,14,True
2026-08-01,Control: favourite,19:30 Hamilton Park,Corolla Point,4.0,1.0,14,True
2026-08-01,Analyst Verdict Pick,19:45 Lingfield,Musical Soldier,4.0,1.0,8,True
2026-08-01,Control: favourite,19:45 Lingfield,Creciente,3.5,2.0,8,True
2026-08-01,Analyst Verdict Pick,20:00 Hamilton Park,Hundred Caps,6.0,3.0,12,True
2026-08-01,Control: favourite,20:00 Hamilton Park,Little Mi Mi,5.0,1.0,12,True
2026-08-01,Analyst Verdict Pick,20:15 Lingfield,Allegrino,3.0,2.0,5,True
2026-08-01,Control: favourite,20:15 Lingfield,Distinct Spirit,2.25,1.0,5,True
2026-08-01,Analyst Verdict Pick,20:30 Hamilton Park,Mwafaq,3.5,2.0,10,True
2026-08-01,Control: favourite,20:30 Hamilton Park,Mwafaq,3.5,2.0,10,True
2026-08-01,Analyst Verdict Pick,21:00 Hamilton Park,Pisanello,2.1,1.0,9,True
2026-08-01,Control: favourite,21:00 Hamilton Park,Pisanello,2.1,1.0,9,True
2026-08-02,Analyst Verdict Pick,13:50 Galway,Teed Up,4.0,3.0,18,True
2026-08-02,Control: favourite,13:50 Galway,Teed Up,4.0,3.0,18,True
2026-08-02,Analyst Verdict Pick,14:10 Chester,Timber Twelve,3.75,7.0,7,True
2026-08-02,Control: favourite,14:10 Chester,Level Look,2.75,2.0,7,True
2026-08-02,Analyst Verdict Pick,14:20 Galway,Sir Allen,,,22,True
2026-08-02,Control: favourite,14:20 Galway,High Court Cave,4.33,10.0,22,True
2026-08-02,Analyst Verdict Pick,14:35 Yarmouth,Brighton View,1.5,1.0,3,True
2026-08-02,Control: favourite,14:35 Yarmouth,Brighton View,1.5,1.0,3,True
2026-08-02,Analyst Verdict Pick,14:45 Chester,Pure Grit,1.44,1.0,5,False
2026-08-02,Control: favourite,14:45 Chester,Pure Grit,1.44,1.0,5,False
2026-08-02,Analyst Verdict Pick,14:55 Galway,Jukebox Johnny,5.5,1.0,18,True
2026-08-02,Control: favourite,14:55 Galway,Golden Temple,5.0,,18,True
2026-08-02,Analyst Verdict Pick,15:08 Yarmouth,Keep Grating,2.1,1.0,9,False
2026-08-02,Control: favourite,15:08 Yarmouth,Keep Grating,2.1,1.0,9,False
2026-08-02,Analyst Verdict Pick,15:20 Chester,Calico Blue,2.2,2.0,9,False
2026-08-02,Control: favourite,15:20 Chester,Calico Blue,2.2,2.0,9,False
2026-08-02,Analyst Verdict Pick,15:30 Galway,Blood Destiny,6.0,1.0,12,True
2026-08-02,Control: favourite,15:30 Galway,Itsalladream,4.5,7.0,12,True
2026-08-02,Analyst Verdict Pick,15:38 Yarmouth,Nicely Curved,3.75,3.0,6,False
2026-08-02,Control: favourite,15:38 Yarmouth,Valsharah,2.88,6.0,6,False
2026-08-02,Analyst Verdict Pick,15:52 Chester,Dance In The Storm,2.0,1.0,10,True
2026-08-02,Control: favourite,15:52 Chester,Dance In The Storm,2.0,1.0,10,True
2026-08-02,Analyst Verdict Pick,16:00 Galway,Pierre Royal,2.75,4.0,16,True
2026-08-02,Control: favourite,16:00 Galway,Pierre Royal,2.75,4.0,16,True
2026-08-02,Analyst Verdict Pick,16:08 Yarmouth,Okiru,7.0,5.0,6,True
2026-08-02,Control: favourite,16:08 Yarmouth,Guest House,2.0,1.0,6,True
2026-08-02,Analyst Verdict Pick,16:22 Chester,Blue Prince,2.63,1.0,6,False
2026-08-02,Control: favourite,16:22 Chester,Blue Prince,2.63,1.0,6,False
2026-08-02,Analyst Verdict Pick,16:30 Galway,Star Glory,4.0,5.0,10,False
2026-08-02,Control: favourite,16:30 Galway,Seaxburh,3.25,3.0,10,False
2026-08-02,Analyst Verdict Pick,16:38 Yarmouth,The Ubermensch,2.38,5.0,5,True
2026-08-02,Control: favourite,16:38 Yarmouth,The Ubermensch,2.38,5.0,5,True
2026-08-02,Analyst Verdict Pick,16:52 Chester,Saligo Bay,8.0,8.0,10,True
2026-08-02,Control: favourite,16:52 Chester,Tiger,3.0,1.0,10,True
2026-08-02,Analyst Verdict Pick,17:00 Galway,Iamimmaculate,2.25,2.0,13,True
2026-08-02,Control: favourite,17:00 Galway,Iamimmaculate,2.25,2.0,13,True
2026-08-02,Analyst Verdict Pick,17:08 Yarmouth,Papa Don't Preach,2.1,2.0,7,True
2026-08-02,Control: favourite,17:08 Yarmouth,Papa Don't Preach,2.1,2.0,7,True
2026-08-02,Analyst Verdict Pick,17:30 Galway,Linford,1.18,2.0,7,False
2026-08-02,Control: favourite,17:30 Galway,Linford,1.18,2.0,7,False
2026-08-03,Analyst Verdict Pick,14:17 Naas,Likedbymike,1.44,1.0,6,False
2026-08-03,Control: favourite,14:17 Naas,Likedbymike,1.44,1.0,6,False
2026-08-03,Analyst Verdict Pick,14:24 Ripon,The Mean Fiddler,2.25,2.0,4,False
2026-08-03,Control: favourite,14:24 Ripon,The Mean Fiddler,2.25,2.0,4,False
2026-08-03,Analyst Verdict Pick,14:30 Cork,Emerald Enigma,1.67,3.0,18,False
2026-08-03,Control: favourite,14:30 Cork,Emerald Enigma,1.67,3.0,18,False
2026-08-03,Analyst Verdict Pick,14:40 Nottingham,Aura Champagne,2.38,3.0,6,False
2026-08-03,Control: favourite,14:40 Nottingham,Moonlit Surf,2.0,2.0,6,False
2026-08-03,Analyst Verdict Pick,14:47 Naas,Gotta Catch'em All,4.33,2.0,11,True
2026-08-03,Control: favourite,14:47 Naas,Gotta Catch'em All,4.33,2.0,11,True
2026-08-03,Analyst Verdict Pick,14:54 Ripon,Queen Sana,1.62,4.0,6,False
2026-08-03,Control: favourite,14:54 Ripon,Queen Sana,1.62,4.0,6,False
2026-08-03,Analyst Verdict Pick,15:00 Cork,Metamorpheus,4.33,2.0,12,True
2026-08-03,Control: favourite,15:00 Cork,Gino Bella,4.33,1.0,12,True
2026-08-03,Analyst Verdict Pick,15:10 Nottingham,Blue Sign,5.0,5.0,7,False
2026-08-03,Control: favourite,15:10 Nottingham,Lady Leora,1.83,2.0,7,False
2026-08-03,Analyst Verdict Pick,15:17 Naas,Hot To Foxtrot,11.0,10.0,15,True
2026-08-03,Control: favourite,15:17 Naas,Jackandthefox,5.0,5.0,15,True
2026-08-03,Analyst Verdict Pick,15:24 Ripon,Zoustar Dreams,4.33,4.0,5,True
2026-08-03,Control: favourite,15:24 Ripon,Angel Numbers,2.63,1.0,5,True
2026-08-03,Analyst Verdict Pick,15:30 Cork,Ina Mina,6.5,1.0,16,True
2026-08-03,Control: favourite,15:30 Cork,Maxicourt,3.0,7.0,16,True
2026-08-03,Analyst Verdict Pick,15:40 Nottingham,Mobadir,2.2,1.0,7,True
2026-08-03,Control: favourite,15:40 Nottingham,Mobadir,2.2,1.0,7,True
2026-08-03,Analyst Verdict Pick,15:47 Naas,Bear Right,5.0,2.0,17,True
2026-08-03,Control: favourite,15:47 Naas,Bear Right,5.0,2.0,17,True
2026-08-03,Analyst Verdict Pick,15:54 Ripon,Dark Cloud Rising,2.88,2.0,7,True
2026-08-03,Control: favourite,15:54 Ripon,Dark Cloud Rising,2.88,2.0,7,True
2026-08-03,Analyst Verdict Pick,16:00 Cork,Uptaurintop,6.5,3.0,16,True
2026-08-03,Control: favourite,16:00 Cork,Toon Town,5.0,7.0,16,True
2026-08-03,Analyst Verdict Pick,16:10 Nottingham,Star Marian,15.0,5.0,6,True
2026-08-03,Control: favourite,16:10 Nottingham,Sergeant Mayer,2.88,1.0,6,True
2026-08-03,Analyst Verdict Pick,16:17 Naas,Hamiyan,7.5,10.0,11,True
2026-08-03,Control: favourite,16:17 Naas,My Girl Grace,4.5,7.0,11,True
2026-08-03,Analyst Verdict Pick,16:24 Ripon,Polygram,2.75,2.0,5,True
2026-08-03,Control: favourite,16:24 Ripon,Polygram,2.75,2.0,5,True
2026-08-03,Analyst Verdict Pick,16:30 Cork,Livio,2.0,1.0,19,False
2026-08-03,Control: favourite,16:30 Cork,Livio,2.0,1.0,19,False
2026-08-03,Analyst Verdict Pick,16:40 Nottingham,Del Corso,1.5,1.0,4,True
2026-08-03,Control: favourite,16:40 Nottingham,Del Corso,1.5,1.0,4,True
2026-08-03,Analyst Verdict Pick,16:47 Naas,Livenka,1.67,1.0,12,False
2026-08-03,Control: favourite,16:47 Naas,Livenka,1.67,1.0,12,False
2026-08-03,Analyst Verdict Pick,16:54 Ripon,Amber Hamur,3.0,1.0,8,True
2026-08-03,Control: favourite,16:54 Ripon,Amber Hamur,3.0,1.0,8,True
2026-08-03,Analyst Verdict Pick,17:00 Cork,O'grady Cracker,2.5,1.0,19,True
2026-08-03,Control: favourite,17:00 Cork,O'grady Cracker,2.5,1.0,19,True
2026-08-03,Analyst Verdict Pick,17:10 Nottingham,Venetian Lion,1.83,1.0,6,True
2026-08-03,Control: favourite,17:10 Nottingham,Venetian Lion,1.83,1.0,6,True
2026-08-03,Analyst Verdict Pick,17:20 Naas,Nautic Star,3.0,2.0,18,False
2026-08-03,Control: favourite,17:20 Naas,Nautic Star,3.0,2.0,18,False
2026-08-03,Analyst Verdict Pick,17:30 Cork,Green Style,1.91,1.0,17,False
2026-08-03,Control: favourite,17:30 Cork,Green Style,1.91,1.0,17,False
2026-08-03,Analyst Verdict Pick,18:00 Windsor,Green Team,8.0,7.0,8,True
2026-08-03,Control: favourite,18:00 Windsor,I'd Go Maniac,3.75,1.0,8,True
2026-08-03,Analyst Verdict Pick,18:30 Windsor,Lovely Dark Angel,2.75,4.0,7,False
2026-08-03,Control: favourite,18:30 Windsor,Rocsane,2.2,2.0,7,False
2026-08-03,Analyst Verdict Pick,19:00 Windsor,Night Shining,1.8,3.0,8,False
2026-08-03,Control: favourite,19:00 Windsor,Night Shining,1.8,3.0,8,False
2026-08-03,Analyst Verdict Pick,19:30 Windsor,Saucy Jane,3.5,1.0,5,True
2026-08-03,Control: favourite,19:30 Windsor,Lahina Bay,2.5,3.0,5,True
2026-08-03,Analyst Verdict Pick,20:00 Windsor,Letsbeatsepsis,3.75,1.0,12,False
2026-08-03,Control: favourite,20:00 Windsor,Panthere Noir,3.5,3.0,12,False
2026-08-03,Analyst Verdict Pick,20:30 Windsor,Chilly Breeze,2.2,2.0,9,True
2026-08-03,Control: favourite,20:30 Windsor,Chilly Breeze,2.2,2.0,9,True
2026-08-04,Analyst Verdict Pick,14:15 Catterick Bridge,Waakabb,2.75,1.0,7,False
2026-08-04,Control: favourite,14:15 Catterick Bridge,National Pride,2.38,2.0,7,False
2026-08-04,Analyst Verdict Pick,14:30 Ffos Las,Newsreader,3.5,4.0,7,True
2026-08-04,Control: favourite,14:30 Ffos Las,Newsreader,3.5,4.0,7,True
2026-08-04,Analyst Verdict Pick,14:45 Catterick Bridge,Iconic Times,2.0,1.0,7,False
2026-08-04,Control: favourite,14:45 Catterick Bridge,Iconic Times,2.0,1.0,7,False
2026-08-04,Analyst Verdict Pick,15:00 Ffos Las,Avionics,4.0,6.0,7,False
2026-08-04,Control: favourite,15:00 Ffos Las,Perfect Nation,2.63,1.0,7,False
2026-08-04,Analyst Verdict Pick,15:15 Catterick Bridge,Slack Alice,3.0,7.0,9,True
2026-08-04,Control: favourite,15:15 Catterick Bridge,Free World,3.0,1.0,9,True
2026-08-04,Analyst Verdict Pick,15:30 Ffos Las,Bird Of War,4.33,6.0,9,True
2026-08-04,Control: favourite,15:30 Ffos Las,Cypriot Diaspora,2.63,2.0,9,True
2026-08-04,Analyst Verdict Pick,15:45 Catterick Bridge,Captain Cess,2.1,2.0,8,True
2026-08-04,Control: favourite,15:45 Catterick Bridge,Captain Cess,2.1,2.0,8,True
2026-08-04,Analyst Verdict Pick,16:00 Ffos Las,Kaleidoscope Eyes,4.0,1.0,9,True
2026-08-04,Control: favourite,16:00 Ffos Las,Rosemary's Rose,2.0,3.0,9,True
2026-08-04,Analyst Verdict Pick,16:15 Catterick Bridge,Halimede,3.25,1.0,8,True
2026-08-04,Control: favourite,16:15 Catterick Bridge,Hansteen,1.73,2.0,8,True
2026-08-04,Analyst Verdict Pick,16:30 Ffos Las,Arbaawy,2.63,3.0,8,False
2026-08-04,Control: favourite,16:30 Ffos Las,Wootz,1.91,1.0,8,False
2026-08-04,Analyst Verdict Pick,16:45 Catterick Bridge,Doralee,2.5,3.0,7,True
2026-08-04,Control: favourite,16:45 Catterick Bridge,Doralee,2.5,3.0,7,True
2026-08-04,Analyst Verdict Pick,17:00 Ffos Las,Gelato,13.0,5.0,5,True
2026-08-04,Control: favourite,17:00 Ffos Las,Mythological Star,1.67,1.0,5,True
2026-08-04,Analyst Verdict Pick,17:18 Lingfield,Mister Mojito,3.25,1.0,11,True
2026-08-04,Control: favourite,17:18 Lingfield,Mister Mojito,3.25,1.0,11,True
2026-08-04,Analyst Verdict Pick,17:25 Roscommon,Tumbling In,2.1,1.0,18,False
2026-08-04,Control: favourite,17:25 Roscommon,Tumbling In,2.1,1.0,18,False
2026-08-04,Analyst Verdict Pick,17:30 Ffos Las,Grindleton,6.0,2.0,10,True
2026-08-04,Control: favourite,17:30 Ffos Las,Condotti,2.63,5.0,10,True
2026-08-04,Analyst Verdict Pick,17:48 Lingfield,Langdale Lass,1.67,6.0,10,False
2026-08-04,Control: favourite,17:48 Lingfield,Langdale Lass,1.67,6.0,10,False
2026-08-04,Analyst Verdict Pick,18:00 Roscommon,Clay Pigeons,1.73,1.0,18,False
2026-08-04,Control: favourite,18:00 Roscommon,Clay Pigeons,1.73,1.0,18,False
2026-08-04,Analyst Verdict Pick,18:18 Lingfield,Jazzy Blue,2.25,4.0,9,False
2026-08-04,Control: favourite,18:18 Lingfield,Jazzy Blue,2.25,4.0,9,False
2026-08-04,Analyst Verdict Pick,18:30 Roscommon,Knocknagoran Lady,4.5,4.0,18,True
2026-08-04,Control: favourite,18:30 Roscommon,Knocknagoran Lady,4.5,4.0,18,True
2026-08-04,Analyst Verdict Pick,18:48 Lingfield,Style King,2.88,2.0,12,True
2026-08-04,Control: favourite,18:48 Lingfield,Style King,2.88,2.0,12,True
2026-08-04,Analyst Verdict Pick,19:00 Roscommon,Hashtag Pretender,2.25,1.0,7,False
2026-08-04,Control: favourite,19:00 Roscommon,Hashtag Pretender,2.25,1.0,7,False
2026-08-04,Analyst Verdict Pick,19:18 Lingfield,Tabasko,1.8,1.0,4,True
2026-08-04,Control: favourite,19:18 Lingfield,Tabasko,1.8,1.0,4,True
2026-08-04,Analyst Verdict Pick,19:30 Roscommon,Ladies Well,4.33,2.0,16,True
2026-08-04,Control: favourite,19:30 Roscommon,Ladies Well,4.33,2.0,16,True
2026-08-04,Analyst Verdict Pick,19:48 Lingfield,Hope Rising,3.0,1.0,7,True
2026-08-04,Control: favourite,19:48 Lingfield,Koko Blue,2.38,3.0,7,True
2026-08-04,Analyst Verdict Pick,20:00 Roscommon,Il Silenzio,4.5,1.0,17,True
2026-08-04,Control: favourite,20:00 Roscommon,Il Silenzio,4.5,1.0,17,True
2026-08-04,Analyst Verdict Pick,20:18 Lingfield,D Day Major Winter,5.5,5.0,6,True
2026-08-04,Control: favourite,20:18 Lingfield,Offiah's Boy,1.83,1.0,6,True
2026-08-04,Analyst Verdict Pick,20:30 Roscommon,Lonelyharbourwall,10.0,10.0,17,False
2026-08-04,Control: favourite,20:30 Roscommon,Lola O C,2.63,1.0,17,False
2026-08-05,Analyst Verdict Pick,14:30 Brighton,Love Alive,4.0,5.0,5,True
2026-08-05,Control: favourite,14:30 Brighton,Cape Toronada,2.38,1.0,5,True
2026-08-05,Analyst Verdict Pick,14:45 Pontefract,Glitter Code,6.0,6.0,7,True
2026-08-05,Control: favourite,14:45 Pontefract,Star Start,3.75,1.0,7,True
2026-08-05,Analyst Verdict Pick,15:00 Brighton,Rovinia,3.75,2.0,9,False
2026-08-05,Control: favourite,15:00 Brighton,River Wharfe,3.0,1.0,9,False
2026-08-05,Analyst Verdict Pick,15:15 Pontefract,Rock Steady Beat,1.73,6.0,8,False
2026-08-05,Control: favourite,15:15 Pontefract,Rock Steady Beat,1.73,6.0,8,False
2026-08-05,Analyst Verdict Pick,15:30 Brighton,Silca Bay,3.75,5.0,9,True
2026-08-05,Control: favourite,15:30 Brighton,Silca Bay,3.75,5.0,9,True
2026-08-05,Analyst Verdict Pick,15:45 Pontefract,Spirit Genie,3.25,1.0,6,True
2026-08-05,Control: favourite,15:45 Pontefract,Garden Oasis,2.1,3.0,6,True
2026-08-05,Analyst Verdict Pick,16:00 Brighton,Buckland Belle,2.1,3.0,6,True
2026-08-05,Control: favourite,16:00 Brighton,Buckland Belle,2.1,3.0,6,True
2026-08-05,Analyst Verdict Pick,16:15 Pontefract,Betweenthesticks,5.0,4.0,10,True
2026-08-05,Control: favourite,16:15 Pontefract,Great,3.5,1.0,10,True
2026-08-05,Analyst Verdict Pick,16:30 Brighton,Havana Mojito,1.91,6.0,9,True
2026-08-05,Control: favourite,16:30 Brighton,Havana Mojito,1.91,6.0,9,True
2026-08-05,Analyst Verdict Pick,16:45 Pontefract,Alfa Whiteburd,3.25,1.0,9,True
2026-08-05,Control: favourite,16:45 Pontefract,Alfa Whiteburd,3.25,1.0,9,True
2026-08-05,Analyst Verdict Pick,17:00 Brighton,Starsong,,,7,True
2026-08-05,Control: favourite,17:00 Brighton,Faustus,3.13,5.0,7,True
2026-08-05,Analyst Verdict Pick,17:15 Pontefract,Something,5.0,3.0,3,True
2026-08-05,Control: favourite,17:15 Pontefract,Division Day,1.5,1.0,3,True
2026-08-05,Analyst Verdict Pick,17:20 Kempton Park,Crowned,3.0,5.0,12,False
2026-08-05,Control: favourite,17:20 Kempton Park,Crowned,3.0,5.0,12,False
2026-08-05,Analyst Verdict Pick,17:30 Sligo,Taj Crown,7.0,1.0,14,False
2026-08-05,Control: favourite,17:30 Sligo,Shemiyka,4.0,4.0,14,False
2026-08-05,Analyst Verdict Pick,17:40 Yarmouth,Luminous Warrior,4.5,1.0,7,True
2026-08-05,Control: favourite,17:40 Yarmouth,Luminous Warrior,4.5,1.0,7,True
2026-08-05,Analyst Verdict Pick,17:50 Kempton Park,Chymbulak,4.0,2.0,9,False
2026-08-05,Control: favourite,17:50 Kempton Park,Off The Peg,2.2,1.0,9,False
2026-08-05,Analyst Verdict Pick,18:00 Sligo,Cornelienne,8.5,5.0,6,True
2026-08-05,Control: favourite,18:00 Sligo,Thatwilldoso,2.63,1.0,6,True
2026-08-05,Analyst Verdict Pick,18:10 Yarmouth,Speed of Sound,1.83,1.0,10,False
2026-08-05,Control: favourite,18:10 Yarmouth,Speed of Sound,1.83,1.0,10,False
2026-08-05,Analyst Verdict Pick,18:20 Kempton Park,Clive The Writer,2.88,1.0,9,False
2026-08-05,Control: favourite,18:20 Kempton Park,Clive The Writer,2.88,1.0,9,False
2026-08-05,Analyst Verdict Pick,18:30 Sligo,Lady Patrona,2.0,1.0,13,False
2026-08-05,Control: favourite,18:30 Sligo,Lady Patrona,2.0,1.0,13,False
2026-08-05,Analyst Verdict Pick,18:40 Yarmouth,Dubai Charm,3.75,3.0,5,False
2026-08-05,Control: favourite,18:40 Yarmouth,Dowman,3.0,2.0,5,False
2026-08-05,Analyst Verdict Pick,18:50 Kempton Park,Black Chiffon,3.75,4.0,14,False
2026-08-05,Control: favourite,18:50 Kempton Park,Gavriel,3.5,2.0,14,False
2026-08-05,Analyst Verdict Pick,19:00 Sligo,Tatianna,17.0,5.0,13,True
2026-08-05,Control: favourite,19:00 Sligo,Hi Corbett Court,1.91,1.0,13,True
2026-08-05,Analyst Verdict Pick,19:10 Yarmouth,Liberate,1.62,2.0,5,False
2026-08-05,Control: favourite,19:10 Yarmouth,Liberate,1.62,2.0,5,False
2026-08-05,Analyst Verdict Pick,19:20 Kempton Park,Dialstone,1.83,2.0,12,False
2026-08-05,Control: favourite,19:20 Kempton Park,Dialstone,1.83,2.0,12,False
2026-08-05,Analyst Verdict Pick,19:30 Sligo,Glen Breeze,5.0,5.0,14,True
2026-08-05,Control: favourite,19:30 Sligo,Dubai Opulence,5.0,4.0,14,True
2026-08-05,Analyst Verdict Pick,19:40 Yarmouth,Highland Harvey,2.5,3.0,7,True
2026-08-05,Control: favourite,19:40 Yarmouth,Highland Harvey,2.5,3.0,7,True
2026-08-05,Analyst Verdict Pick,19:50 Kempton Park,Cloud Forest,1.91,2.0,11,False
2026-08-05,Control: favourite,19:50 Kempton Park,Cloud Forest,1.91,2.0,11,False
2026-08-05,Analyst Verdict Pick,20:00 Sligo,Mare Crisium,17.0,4.0,11,True
2026-08-05,Control: favourite,20:00 Sligo,Private Larry,3.0,6.0,11,True
2026-08-05,Analyst Verdict Pick,20:10 Yarmouth,Pure Passion,4.5,1.0,8,False
2026-08-05,Control: favourite,20:10 Yarmouth,Banana,2.63,4.0,8,False
2026-08-05,Analyst Verdict Pick,20:20 Kempton Park,Jumeirah Sands,5.0,7.0,8,True
2026-08-05,Control: favourite,20:20 Kempton Park,Angel Gabriel,5.0,3.0,8,True
2026-08-05,Analyst Verdict Pick,20:30 Sligo,Deluca Chop,7.5,5.0,14,True
2026-08-05,Control: favourite,20:30 Sligo,Without Love,4.0,6.0,14,True
2026-08-05,Analyst Verdict Pick,20:50 Kempton Park,Desert Belle,2.25,2.0,8,True
2026-08-05,Control: favourite,20:50 Kempton Park,Desert Belle,2.25,2.0,8,True
2026-08-06,Analyst Verdict Pick,14:20 Newmarket,Panelli,4.33,7.0,7,True
2026-08-06,Control: favourite,14:20 Newmarket,Just Typical,4.33,4.0,7,True
2026-08-06,Analyst Verdict Pick,14:38 Brighton,River Wharfe,1.73,3.0,8,False
2026-08-06,Control: favourite,14:38 Brighton,River Wharfe,1.73,3.0,8,False
2026-08-06,Analyst Verdict Pick,14:55 Newmarket,Lord Ragnar,2.38,4.0,5,False
2026-08-06,Control: favourite,14:55 Newmarket,Lord Ragnar,2.38,4.0,5,False
2026-08-06,Analyst Verdict Pick,15:13 Brighton,The Monkey King,2.0,1.0,5,False
2026-08-06,Control: favourite,15:13 Brighton,The Monkey King,2.0,1.0,5,False
2026-08-06,Analyst Verdict Pick,15:30 Newmarket,Fast Performer,1.57,4.0,7,False
2026-08-06,Control: favourite,15:30 Newmarket,Fast Performer,1.57,4.0,7,False
2026-08-06,Analyst Verdict Pick,15:50 Brighton,Kondratiev Wave,9.0,4.0,6,True
2026-08-06,Control: favourite,15:50 Brighton,Gone Rogue,2.2,1.0,6,True
2026-08-06,Analyst Verdict Pick,16:00 Newmarket,Cerro Blanco,1.04,1.0,4,False
2026-08-06,Control: favourite,16:00 Newmarket,Cerro Blanco,1.04,1.0,4,False
2026-08-06,Analyst Verdict Pick,16:25 Brighton,Sarangpur,1.91,3.0,6,True
2026-08-06,Control: favourite,16:25 Brighton,Sarangpur,1.91,3.0,6,True
2026-08-06,Analyst Verdict Pick,16:33 Newmarket,Minhad,13.0,4.0,5,True
2026-08-06,Control: favourite,16:33 Newmarket,High Fibre,2.2,1.0,5,True
2026-08-06,Analyst Verdict Pick,16:40 Sligo,Raydamann,,,10,False
2026-08-06,Control: favourite,16:40 Sligo,Rich Belief,4.33,3.0,10,False
2026-08-06,Analyst Verdict Pick,16:50 Leopardstown,Francillon,1.53,4.0,9,False
2026-08-06,Control: favourite,16:50 Leopardstown,Francillon,1.53,4.0,9,False
2026-08-06,Analyst Verdict Pick,16:55 Brighton,Gearing's Point,,,6,False
2026-08-06,Control: favourite,16:55 Brighton,Foinix,2.1,2.0,6,False
2026-08-06,Analyst Verdict Pick,17:00 Sandown Park,What's The Plan,2.25,2.0,7,True
2026-08-06,Control: favourite,17:00 Sandown Park,What's The Plan,2.25,2.0,7,True
2026-08-06,Analyst Verdict Pick,17:04 Southwell,Distillation,3.75,5.0,10,True
2026-08-06,Control: favourite,17:04 Southwell,Distillation,3.75,5.0,10,True
2026-08-06,Analyst Verdict Pick,17:08 Newmarket,Educator,2.1,1.0,6,True
2026-08-06,Control: favourite,17:08 Newmarket,Educator,2.1,1.0,6,True
2026-08-06,Analyst Verdict Pick,17:15 Sligo,Circus Hill,1.33,2.0,13,False
2026-08-06,Control: favourite,17:15 Sligo,Circus Hill,1.33,2.0,13,False
2026-08-06,Analyst Verdict Pick,17:20 Chepstow,Double Red,3.5,5.0,7,True
2026-08-06,Control: favourite,17:20 Chepstow,Double Red,3.5,5.0,7,True
2026-08-06,Analyst Verdict Pick,17:25 Leopardstown,Hard Promises,2.25,1.0,15,False
2026-08-06,Control: favourite,17:25 Leopardstown,Hard Promises,2.25,1.0,15,False
2026-08-06,Analyst Verdict Pick,17:30 Brighton,Silver Trumpet,4.0,5.0,7,True
2026-08-06,Control: favourite,17:30 Brighton,North View,3.25,3.0,7,True
2026-08-06,Analyst Verdict Pick,17:34 Southwell,Elashgar,3.0,7.0,9,True
2026-08-06,Control: favourite,17:34 Southwell,Elashgar,3.0,7.0,9,True
2026-08-06,Analyst Verdict Pick,17:38 Sandown Park,Catching Dreams,1.67,3.0,9,False
2026-08-06,Control: favourite,17:38 Sandown Park,Catching Dreams,1.67,3.0,9,False
2026-08-06,Analyst Verdict Pick,17:45 Sligo,Manoir De Mirande,4.0,2.0,5,False
2026-08-06,Control: favourite,17:45 Sligo,Luker's Tipple,2.5,1.0,5,False
2026-08-06,Analyst Verdict Pick,17:55 Chepstow,Downonmainstreet,2.0,1.0,4,False
2026-08-06,Control: favourite,17:55 Chepstow,Downonmainstreet,2.0,1.0,4,False
2026-08-06,Analyst Verdict Pick,18:00 Leopardstown,Audience,7.5,3.0,9,False
2026-08-06,Control: favourite,18:00 Leopardstown,Sparan Nua,2.5,4.0,9,False
2026-08-06,Analyst Verdict Pick,18:06 Southwell,Filly Eilish,4.0,5.0,11,True
2026-08-06,Control: favourite,18:06 Southwell,Filly Eilish,4.0,5.0,11,True
2026-08-06,Analyst Verdict Pick,18:13 Sandown Park,First Law,1.73,1.0,4,False
2026-08-06,Control: favourite,18:13 Sandown Park,First Law,1.73,1.0,4,False
2026-08-06,Analyst Verdict Pick,18:20 Sligo,Justicialism,7.5,1.0,16,True
2026-08-06,Control: favourite,18:20 Sligo,Phoenix Arizona,5.0,2.0,16,True
2026-08-06,Analyst Verdict Pick,18:30 Chepstow,Rogue Bullet,4.0,2.0,7,True
2026-08-06,Control: favourite,18:30 Chepstow,Solar Edge,2.88,1.0,7,True
2026-08-06,Analyst Verdict Pick,18:35 Leopardstown,Ethical Diamond,2.1,1.0,9,False
2026-08-06,Control: favourite,18:35 Leopardstown,Ethical Diamond,2.1,1.0,9,False
2026-08-06,Analyst Verdict Pick,18:41 Southwell,Bullrider,3.75,5.0,8,False
2026-08-06,Control: favourite,18:41 Southwell,Baarberini,1.83,2.0,8,False
2026-08-06,Analyst Verdict Pick,18:48 Sandown Park,Interstate,4.0,2.0,3,True
2026-08-06,Control: favourite,18:48 Sandown Park,Edwin Hubble,1.83,1.0,3,True
2026-08-06,Analyst Verdict Pick,18:55 Sligo,Minella Moon Shine,,,9,False
2026-08-06,Control: favourite,18:55 Sligo,Cut The Rope,1.67,4.0,9,False
2026-08-06,Analyst Verdict Pick,19:05 Chepstow,Revelance,3.25,1.0,7,True
2026-08-06,Control: favourite,19:05 Chepstow,Revelance,3.25,1.0,7,True
2026-08-06,Analyst Verdict Pick,19:10 Leopardstown,Imperial Dream,19.0,10.0,20,True
2026-08-06,Control: favourite,19:10 Leopardstown,Pete's Dream,4.0,10.0,20,True
2026-08-06,Analyst Verdict Pick,19:16 Southwell,Pickersgill,6.0,8.0,10,True
2026-08-06,Control: favourite,19:16 Southwell,Ziggy's Condor,3.25,2.0,10,True
2026-08-06,Analyst Verdict Pick,19:23 Sandown Park,Ascending Star,2.75,3.0,6,True
2026-08-06,Control: favourite,19:23 Sandown Park,Ascending Star,2.75,3.0,6,True
2026-08-06,Analyst Verdict Pick,19:30 Sligo,Littlebiggie,8.5,8.0,9,True
2026-08-06,Control: favourite,19:30 Sligo,Run For The Border,3.25,4.0,9,True
2026-08-06,Analyst Verdict Pick,19:40 Chepstow,Clementines Star,2.0,3.0,7,True
2026-08-06,Control: favourite,19:40 Chepstow,Clementines Star,2.0,3.0,7,True
2026-08-06,Analyst Verdict Pick,19:45 Leopardstown,Sinbad My Dad,8.0,9.0,23,True
2026-08-06,Control: favourite,19:45 Leopardstown,Darkdeserthighway,5.5,2.0,23,True
2026-08-06,Analyst Verdict Pick,19:51 Southwell,Jesse Luc,6.5,7.0,9,True
2026-08-06,Control: favourite,19:51 Southwell,Dorney Lake,5.5,1.0,9,True
2026-08-06,Analyst Verdict Pick,19:58 Sandown Park,Great Blasket,1.4,3.0,6,True
2026-08-06,Control: favourite,19:58 Sandown Park,Great Blasket,1.4,3.0,6,True
2026-08-06,Analyst Verdict Pick,20:05 Sligo,Peat Sounds,2.25,3.0,12,False
2026-08-06,Control: favourite,20:05 Sligo,Peat Sounds,2.25,3.0,12,False
2026-08-06,Analyst Verdict Pick,20:15 Chepstow,Hallandale Beach,2.2,3.0,4,True
2026-08-06,Control: favourite,20:15 Chepstow,Hallandale Beach,2.2,3.0,4,True
2026-08-06,Analyst Verdict Pick,20:20 Leopardstown,He Who Dares,6.0,4.0,10,True
2026-08-06,Control: favourite,20:20 Leopardstown,Boxing Great,2.75,1.0,10,True
2026-08-06,Analyst Verdict Pick,20:26 Southwell,Ultrasoul,4.5,10.0,13,True
2026-08-06,Control: favourite,20:26 Southwell,Port Of London,4.0,9.0,13,True
2026-08-06,Analyst Verdict Pick,21:00 Southwell,Meet Me In Meraki,,,13,True
2026-08-06,Control: favourite,21:00 Southwell,Into Combat,3.75,10.0,13,True
2026-08-07,Analyst Verdict Pick,13:50 Musselburgh,Miners Gamble,6.0,3.0,7,True
2026-08-07,Control: favourite,13:50 Musselburgh,Falcon Nine,3.75,2.0,7,True
2026-08-07,Analyst Verdict Pick,14:10 Thirsk,Tarlac,3.5,8.0,9,False
2026-08-07,Control: favourite,14:10 Thirsk,Tarlac,3.5,8.0,9,False
2026-08-07,Analyst Verdict Pick,14:20 Musselburgh,Minster Man,4.0,1.0,5,False
2026-08-07,Control: favourite,14:20 Musselburgh,Faith In Florence,2.2,3.0,5,False
2026-08-07,Analyst Verdict Pick,14:30 Brighton,Recon Mission,7.5,3.0,7,True
2026-08-07,Control: favourite,14:30 Brighton,Diomed Spirit,3.0,1.0,7,True
2026-08-07,Analyst Verdict Pick,14:40 Thirsk,Inglewood,3.13,3.0,13,False
2026-08-07,Control: favourite,14:40 Thirsk,My Maria,2.88,2.0,13,False
2026-08-07,Analyst Verdict Pick,14:50 Musselburgh,Bigalo,1.8,2.0,5,True
2026-08-07,Control: favourite,14:50 Musselburgh,Bigalo,1.8,2.0,5,True
2026-08-07,Analyst Verdict Pick,15:00 Brighton,Red Tail,4.0,2.0,5,False
2026-08-07,Control: favourite,15:00 Brighton,Enamored,1.73,1.0,5,False
2026-08-07,Analyst Verdict Pick,15:10 Thirsk,Gerry's Darling,3.75,3.0,7,False
2026-08-07,Control: favourite,15:10 Thirsk,Bymiddaytomorrow,2.38,1.0,7,False
2026-08-07,Analyst Verdict Pick,15:20 Musselburgh,Gweedore,15.0,10.0,11,True
2026-08-07,Control: favourite,15:20 Musselburgh,Eagle Bay,4.0,7.0,11,True
2026-08-07,Analyst Verdict Pick,15:30 Brighton,Myna,4.0,4.0,6,False
2026-08-07,Control: favourite,15:30 Brighton,Celebrating Ethel,4.0,1.0,6,False
2026-08-07,Analyst Verdict Pick,15:40 Thirsk,Azuinthejungle,3.25,1.0,6,True
2026-08-07,Control: favourite,15:40 Thirsk,Azuinthejungle,3.25,1.0,6,True
2026-08-07,Analyst Verdict Pick,15:50 Musselburgh,Woohoo,3.25,2.0,6,True
2026-08-07,Control: favourite,15:50 Musselburgh,Montezuma,3.0,5.0,6,True
2026-08-07,Analyst Verdict Pick,16:00 Brighton,Marcellinus,4.5,1.0,10,True
2026-08-07,Control: favourite,16:00 Brighton,Marcellinus,4.5,1.0,10,True
2026-08-07,Analyst Verdict Pick,16:10 Thirsk,Sudu,3.0,6.0,6,True
2026-08-07,Control: favourite,16:10 Thirsk,Sudu,3.0,6.0,6,True
2026-08-07,Analyst Verdict Pick,16:24 Musselburgh,Roc De Fer,2.1,2.0,7,True
2026-08-07,Control: favourite,16:24 Musselburgh,Roc De Fer,2.1,2.0,7,True
2026-08-07,Analyst Verdict Pick,16:30 Brighton,Dragon God,3.75,3.0,7,True
2026-08-07,Control: favourite,16:30 Brighton,Mart,3.5,6.0,7,True
2026-08-07,Analyst Verdict Pick,16:40 Thirsk,Great Profit,4.5,1.0,11,True
2026-08-07,Control: favourite,16:40 Thirsk,Great Profit,4.5,1.0,11,True
2026-08-07,Analyst Verdict Pick,16:45 Wexford,Tomthescaffolder,1.91,4.0,15,False
2026-08-07,Control: favourite,16:45 Wexford,Tomthescaffolder,1.91,4.0,15,False
2026-08-07,Analyst Verdict Pick,16:54 Musselburgh,Misemerald,3.25,3.0,6,True
2026-08-07,Control: favourite,16:54 Musselburgh,Monhammer,2.5,1.0,6,True
2026-08-07,Analyst Verdict Pick,17:00 Brighton,Arvana Belle,5.5,4.0,7,True
2026-08-07,Control: favourite,17:00 Brighton,Shes Got The Blues,2.75,3.0,7,True
2026-08-07,Analyst Verdict Pick,17:05 Gowran Park,Princess Chloe,4.5,5.0,14,False
2026-08-07,Control: favourite,17:05 Gowran Park,Profit Surge,3.25,1.0,14,False
2026-08-07,Analyst Verdict Pick,17:16 Wexford,Chosen Shant,3.75,5.0,15,True
2026-08-07,Control: favourite,17:16 Wexford,Chosen Shant,3.75,5.0,15,True
2026-08-07,Analyst Verdict Pick,17:27 Newmarket,Desert Castle,1.5,1.0,8,False
2026-08-07,Control: favourite,17:27 Newmarket,Desert Castle,1.5,1.0,8,False
2026-08-07,Control: favourite,17:30 Brighton,Fareedhat El Izz (A),2.25,2.0,5,False
2026-08-07,Analyst Verdict Pick,17:35 Gowran Park,Mallavelly,5.0,6.0,9,True
2026-08-07,Control: favourite,17:35 Gowran Park,Rebel Wave,3.25,1.0,9,True
2026-08-07,Analyst Verdict Pick,17:43 Haydock Park,Ancestor,1.53,1.0,3,False
2026-08-07,Control: favourite,17:43 Haydock Park,Ancestor,1.53,1.0,3,False
2026-08-07,Analyst Verdict Pick,17:51 Wexford,Shaboozee,4.33,5.0,8,True
2026-08-07,Control: favourite,17:51 Wexford,Shaboozee,4.33,5.0,8,True
2026-08-07,Analyst Verdict Pick,18:02 Newmarket,Oh Sweet Adare,2.88,4.0,4,False
2026-08-07,Control: favourite,18:02 Newmarket,Zarakova,2.5,1.0,4,False
2026-08-07,Analyst Verdict Pick,18:10 Gowran Park,Tokyo Treasure,5.5,2.0,13,True
2026-08-07,Control: favourite,18:10 Gowran Park,Neo Smart,5.0,4.0,13,True
2026-08-07,Analyst Verdict Pick,18:18 Haydock Park,Edward Sexton,2.0,1.0,8,True
2026-08-07,Control: favourite,18:18 Haydock Park,Edward Sexton,2.0,1.0,8,True
2026-08-07,Analyst Verdict Pick,18:26 Wexford,Set The Tone,4.0,6.0,15,True
2026-08-07,Control: favourite,18:26 Wexford,Set The Tone,4.0,6.0,15,True
2026-08-07,Analyst Verdict Pick,18:37 Newmarket,Nabati,1.4,1.0,5,False
2026-08-07,Control: favourite,18:37 Newmarket,Nabati,1.4,1.0,5,False
2026-08-07,Analyst Verdict Pick,18:45 Gowran Park,Sunrise Angel,8.0,6.0,15,True
2026-08-07,Control: favourite,18:45 Gowran Park,Oppenheimer,2.2,4.0,15,True
2026-08-07,Analyst Verdict Pick,18:53 Haydock Park,Casino Star,3.0,3.0,6,False
2026-08-07,Control: favourite,18:53 Haydock Park,Casino Star,3.0,3.0,6,False
2026-08-07,Analyst Verdict Pick,19:01 Wexford,Deise Crystal,7.0,5.0,14,True
2026-08-07,Control: favourite,19:01 Wexford,Barrogstown Girl,4.0,10.0,14,True
2026-08-07,Analyst Verdict Pick,19:12 Newmarket,Fenlander,5.0,5.0,10,True
2026-08-07,Control: favourite,19:12 Newmarket,Havana Blue,3.75,2.0,10,True
2026-08-07,Analyst Verdict Pick,19:20 Gowran Park,Sergei Diaghilev,3.5,1.0,6,False
2026-08-07,Control: favourite,19:20 Gowran Park,City of Dubai,3.25,2.0,6,False
2026-08-07,Analyst Verdict Pick,19:28 Haydock Park,Arthurian,2.5,2.0,6,False
2026-08-07,Control: favourite,19:28 Haydock Park,Golden Falcon,2.38,5.0,6,False
2026-08-07,Analyst Verdict Pick,19:36 Wexford,Poppycon,4.0,10.0,14,True
2026-08-07,Control: favourite,19:36 Wexford,Poppycon,4.0,10.0,14,True
2026-08-07,Analyst Verdict Pick,19:47 Newmarket,Hilltop,3.75,4.0,7,True
2026-08-07,Control: favourite,19:47 Newmarket,Areti,3.0,7.0,7,True
2026-08-07,Analyst Verdict Pick,19:55 Gowran Park,Benevento,9.0,1.0,7,False
2026-08-07,Control: favourite,19:55 Gowran Park,Celtic Motif,1.91,4.0,7,False
2026-08-07,Analyst Verdict Pick,20:03 Haydock Park,Syndicale,2.1,2.0,9,False
2026-08-07,Control: favourite,20:03 Haydock Park,Syndicale,2.1,2.0,9,False
2026-08-07,Analyst Verdict Pick,20:11 Wexford,Shuil Solas,2.75,9.0,12,False
2026-08-07,Control: favourite,20:11 Wexford,Shuil Solas,2.75,9.0,12,False
2026-08-07,Analyst Verdict Pick,20:22 Newmarket,Lucky Hero,1.83,1.0,3,True
2026-08-07,Control: favourite,20:22 Newmarket,Lucky Hero,1.83,1.0,3,True
2026-08-07,Analyst Verdict Pick,20:30 Gowran Park,Forthill,3.0,5.0,11,True
2026-08-07,Control: favourite,20:30 Gowran Park,Forthill,3.0,5.0,11,True
2026-08-07,Analyst Verdict Pick,20:38 Haydock Park,Tokyo Joe,3.25,8.0,11,True
2026-08-07,Control: favourite,20:38 Haydock Park,Tokyo Joe,3.25,8.0,11,True
2026-08-08,Analyst Verdict Pick,13:35 Ascot,Fandom,6.0,3.0,10,True
2026-08-08,Control: favourite,13:35 Ascot,All Ways Glamorous,4.33,4.0,10,True
2026-08-08,Analyst Verdict Pick,13:50 Haydock Park,Brighton View,1.4,3.0,6,True
2026-08-08,Control: favourite,13:50 Haydock Park,Brighton View,1.4,3.0,6,True
2026-08-08,Analyst Verdict Pick,13:55 Newmarket,Graceful Song,3.25,5.0,7,False
2026-08-08,Control: favourite,13:55 Newmarket,Nuit D'eclair,2.5,2.0,7,False
2026-08-08,Analyst Verdict Pick,14:02 Redcar,Raggaas,2.88,1.0,8,False
2026-08-08,Control: favourite,14:02 Redcar,Yimmna,1.57,2.0,8,False
2026-08-08,Analyst Verdict Pick,14:10 Ascot,Pole Star,7.5,5.0,10,True
2026-08-08,Control: favourite,14:10 Ascot,Shrimp Shady,2.1,2.0,10,True
2026-08-08,Analyst Verdict Pick,14:15 Wexford,Tell The Boys,2.38,,12,False
2026-08-08,Control: favourite,14:15 Wexford,Tell The Boys,2.38,,12,False
2026-08-08,Analyst Verdict Pick,14:25 Haydock Park,Sallaal,1.5,1.0,5,False
2026-08-08,Control: favourite,14:25 Haydock Park,Sallaal,1.5,1.0,5,False
2026-08-08,Analyst Verdict Pick,14:30 Newmarket,Sanbona Warrior,3.75,4.0,8,False
2026-08-08,Control: favourite,14:30 Newmarket,Mysterious Times,2.2,2.0,8,False
2026-08-08,Analyst Verdict Pick,14:37 Redcar,Saxon Grace,4.0,1.0,8,True
2026-08-08,Control: favourite,14:37 Redcar,Here Comes Louie,2.63,7.0,8,True
2026-08-08,Analyst Verdict Pick,14:45 Ascot,Stem,5.5,10.0,10,True
2026-08-08,Control: favourite,14:45 Ascot,Night Breeze,3.25,5.0,10,True
2026-08-08,Analyst Verdict Pick,14:50 Wexford,Ocean Murphy,2.63,2.0,7,True
2026-08-08,Control: favourite,14:50 Wexford,Ocean Murphy,2.63,2.0,7,True
2026-08-08,Analyst Verdict Pick,15:00 Haydock Park,Fallen Angel,2.38,3.0,11,False
2026-08-08,Control: favourite,15:00 Haydock Park,Fallen Angel,2.38,3.0,11,False
2026-08-08,Analyst Verdict Pick,15:05 Newmarket,Danse Royale,,,8,False
2026-08-08,Control: favourite,15:05 Newmarket,Watch Party,2.63,3.0,8,False
2026-08-08,Analyst Verdict Pick,15:12 Redcar,Frankies Dream,5.5,8.0,14,True
2026-08-08,Control: favourite,15:12 Redcar,Illy's Roo,4.5,4.0,14,True
2026-08-08,Analyst Verdict Pick,15:20 Ascot,Thunder Call,3.0,2.0,10,True
2026-08-08,Control: favourite,15:20 Ascot,Red Spells Danger,3.0,1.0,10,True
2026-08-08,Analyst Verdict Pick,15:25 Wexford,Nadia's Boy,1.36,6.0,7,False
2026-08-08,Control: favourite,15:25 Wexford,Nadia's Boy,1.36,6.0,7,False
2026-08-08,Analyst Verdict Pick,15:34 Haydock Park,Moonshine,5.5,,7,True
2026-08-08,Control: favourite,15:34 Haydock Park,Crimson Spirit,3.5,2.0,7,True
2026-08-08,Analyst Verdict Pick,15:40 Newmarket,Castle Rock,3.5,2.0,10,True
2026-08-08,Control: favourite,15:40 Newmarket,Castle Rock,3.5,2.0,10,True
2026-08-08,Analyst Verdict Pick,15:47 Redcar,Democracy Dilemma,2.25,5.0,5,True
2026-08-08,Control: favourite,15:47 Redcar,Democracy Dilemma,2.25,5.0,5,True
2026-08-08,Analyst Verdict Pick,15:55 Ascot,Hoseki,2.63,4.0,10,True
2026-08-08,Control: favourite,15:55 Ascot,Hoseki,2.63,4.0,10,True
2026-08-08,Analyst Verdict Pick,16:00 Wexford,Leave In Secret,2.25,2.0,9,True
2026-08-08,Control: favourite,16:00 Wexford,Leave In Secret,2.25,2.0,9,True
2026-08-08,Analyst Verdict Pick,16:09 Haydock Park,Norcross Brow,5.0,1.0,10,True
2026-08-08,Control: favourite,16:09 Haydock Park,Norfolk Blue,2.88,5.0,10,True
2026-08-08,Analyst Verdict Pick,16:14 Newmarket,Drymee,4.33,3.0,7,True
2026-08-08,Control: favourite,16:14 Newmarket,Runswick,3.5,6.0,7,True
2026-08-08,Analyst Verdict Pick,16:19 Redcar,Doralee,4.0,1.0,8,False
2026-08-08,Control: favourite,16:19 Redcar,Ellie's De Vega,2.75,2.0,8,False
2026-08-08,Analyst Verdict Pick,16:30 Ascot,Bullet Point,4.5,2.0,10,True
2026-08-08,Control: favourite,16:30 Ascot,Bullet Point,4.5,2.0,10,True
2026-08-08,Analyst Verdict Pick,16:35 Wexford,Rockonliam,2.75,1.0,7,True
2026-08-08,Control: favourite,16:35 Wexford,Rockonliam,2.75,1.0,7,True
2026-08-08,Analyst Verdict Pick,16:40 Haydock Park,Lost Signal,4.33,4.0,14,True
2026-08-08,Control: favourite,16:40 Haydock Park,Lost Signal,4.33,4.0,14,True
2026-08-08,Analyst Verdict Pick,16:50 Newmarket,Brave Nation,2.88,1.0,6,True
2026-08-08,Control: favourite,16:50 Newmarket,Brave Nation,2.88,1.0,6,True
2026-08-08,Analyst Verdict Pick,16:57 Redcar,Newport,3.0,1.0,10,True
2026-08-08,Control: favourite,16:57 Redcar,Dubai Venture,2.75,2.0,10,True
2026-08-08,Analyst Verdict Pick,17:05 Wexford,Rightfolksplease,3.0,1.0,7,True
2026-08-08,Control: favourite,17:05 Wexford,Rightfolksplease,3.0,1.0,7,True
2026-08-08,Analyst Verdict Pick,17:10 Haydock Park,Suggy,3.5,4.0,8,True
2026-08-08,Control: favourite,17:10 Haydock Park,Suggy,3.5,4.0,8,True
2026-08-08,Analyst Verdict Pick,17:18 Kilbeggan,Captain Hanley,7.0,4.0,11,False
2026-08-08,Control: favourite,17:18 Kilbeggan,Facile Ocean,3.0,1.0,11,False
2026-08-08,Analyst Verdict Pick,17:23 Newmarket,Jack Langley,2.38,2.0,6,True
2026-08-08,Control: favourite,17:23 Newmarket,Jack Langley,2.38,2.0,6,True
2026-08-08,Analyst Verdict Pick,17:27 Ayr,Roman Crystal,4.5,1.0,10,False
2026-08-08,Control: favourite,17:27 Ayr,Beechwood Glory,2.63,2.0,10,False
2026-08-08,Analyst Verdict Pick,17:31 Redcar,French Affair,2.63,1.0,7,True
2026-08-08,Control: favourite,17:31 Redcar,French Affair,2.63,1.0,7,True
2026-08-08,Analyst Verdict Pick,17:35 Wexford,Alicious,2.75,1.0,10,False
2026-08-08,Control: favourite,17:35 Wexford,Honey Buck's,2.1,6.0,10,False
2026-08-08,Analyst Verdict Pick,17:40 Lingfield,Si White,3.0,5.0,10,True
2026-08-08,Control: favourite,17:40 Lingfield,Si White,3.0,5.0,10,True
2026-08-08,Analyst Verdict Pick,17:48 Kilbeggan,Corkbeg,10.0,4.0,14,True
2026-08-08,Control: favourite,17:48 Kilbeggan,Syosset,2.75,3.0,14,True
2026-08-08,Analyst Verdict Pick,18:00 Ayr,Harry Mole,6.5,3.0,13,True
2026-08-08,Control: favourite,18:00 Ayr,Harb,5.0,5.0,13,True
2026-08-08,Analyst Verdict Pick,18:10 Lingfield,Sunlit Sea,2.2,2.0,6,True
2026-08-08,Control: favourite,18:10 Lingfield,Sunlit Sea,2.2,2.0,6,True
2026-08-08,Analyst Verdict Pick,18:18 Kilbeggan,Tyson Fury,2.2,2.0,13,False
2026-08-08,Control: favourite,18:18 Kilbeggan,Tyson Fury,2.2,2.0,13,False
2026-08-08,Analyst Verdict Pick,18:30 Ayr,Tiger,2.2,2.0,14,True
2026-08-08,Control: favourite,18:30 Ayr,Tiger,2.2,2.0,14,True
2026-08-08,Analyst Verdict Pick,18:40 Lingfield,Halimede,1.53,1.0,7,True
2026-08-08,Control: favourite,18:40 Lingfield,Halimede,1.53,1.0,7,True
2026-08-08,Analyst Verdict Pick,18:48 Kilbeggan,Pets Georgina,3.0,4.0,5,False
2026-08-08,Control: favourite,18:48 Kilbeggan,Rocky's Diamond,1.91,1.0,5,False
2026-08-08,Analyst Verdict Pick,19:00 Ayr,Jannas Journey,5.0,9.0,10,True
2026-08-08,Control: favourite,19:00 Ayr,Military Leader,4.5,2.0,10,True
2026-08-08,Analyst Verdict Pick,19:10 Lingfield,Kanzi,1.73,1.0,7,False
2026-08-08,Control: favourite,19:10 Lingfield,Kanzi,1.73,1.0,7,False
2026-08-08,Analyst Verdict Pick,19:18 Kilbeggan,Anodandawink,2.2,1.0,5,True
2026-08-08,Control: favourite,19:18 Kilbeggan,Anodandawink,2.2,1.0,5,True
2026-08-08,Analyst Verdict Pick,19:30 Ayr,Mr Cool,4.5,3.0,13,True
2026-08-08,Control: favourite,19:30 Ayr,Kelpie Grey,4.33,8.0,13,True
2026-08-08,Analyst Verdict Pick,19:40 Lingfield,Huscal,2.0,1.0,7,True
2026-08-08,Control: favourite,19:40 Lingfield,Huscal,2.0,1.0,7,True
2026-08-08,Analyst Verdict Pick,19:48 Kilbeggan,Mickie Angel,4.33,3.0,8,True
2026-08-08,Control: favourite,19:48 Kilbeggan,Mickie Angel,4.33,3.0,8,True
2026-08-08,Analyst Verdict Pick,20:00 Ayr,Black Storm,7.5,3.0,13,True
2026-08-08,Control: favourite,20:00 Ayr,Runninsonofagun,5.0,2.0,13,True
2026-08-08,Analyst Verdict Pick,20:10 Lingfield,A Lott Of Kane,2.5,1.0,10,False
2026-08-08,Control: favourite,20:10 Lingfield,A Lott Of Kane,2.5,1.0,10,False
2026-08-08,Analyst Verdict Pick,20:18 Kilbeggan,Appy Ways,4.0,5.0,6,False
2026-08-08,Control: favourite,20:18 Kilbeggan,Hot Rock Harry,3.0,2.0,6,False
2026-08-08,Analyst Verdict Pick,20:30 Ayr,Wicklow Way,4.5,4.0,13,False
2026-08-08,Control: favourite,20:30 Ayr,Flying Moonlight,3.25,2.0,13,False
2026-08-09,Analyst Verdict Pick,13:15 Curragh,New Bond Street,4.0,3.0,19,False
2026-08-09,Control: favourite,13:15 Curragh,Snowing,2.75,6.0,19,False
2026-08-09,Analyst Verdict Pick,13:45 Curragh,Ibelieveicanfly,2.63,1.0,18,False
2026-08-09,Control: favourite,13:45 Curragh,Ibelieveicanfly,2.63,1.0,18,False
2026-08-09,Analyst Verdict Pick,13:58 Downpatrick,Shoda,1.8,1.0,7,False
2026-08-09,Control: favourite,13:58 Downpatrick,Shoda,1.8,1.0,7,False
2026-08-09,Analyst Verdict Pick,14:06 Chepstow,Sundiata Keita,4.5,4.0,8,True
2026-08-09,Control: favourite,14:06 Chepstow,Be An Angel,4.5,6.0,8,True
2026-08-09,Analyst Verdict Pick,14:15 Curragh,Shakespeare,1.53,1.0,13,False
2026-08-09,Control: favourite,14:15 Curragh,Shakespeare,1.53,1.0,13,False
2026-08-09,Analyst Verdict Pick,14:24 Leicester,Al Wathba,1.18,2.0,3,False
2026-08-09,Control: favourite,14:24 Leicester,Al Wathba,1.18,2.0,3,False
2026-08-09,Analyst Verdict Pick,14:33 Downpatrick,Cosmos D'ainay,,,7,False
2026-08-09,Control: favourite,14:33 Downpatrick,Chanceawetmorning,1.8,3.0,7,False
2026-08-09,Analyst Verdict Pick,14:41 Chepstow,Dreamlover,4.5,7.0,8,False
2026-08-09,Control: favourite,14:41 Chepstow,Crystal Kraken,3.75,2.0,8,False
2026-08-09,Analyst Verdict Pick,14:50 Curragh,Headmaster,5.5,10.0,14,True
2026-08-09,Control: favourite,14:50 Curragh,Genesis,5.0,2.0,14,True
2026-08-09,Analyst Verdict Pick,14:59 Leicester,Greek Symphony,3.25,3.0,6,False
2026-08-09,Control: favourite,14:59 Leicester,Love Rome,3.0,2.0,6,False
2026-08-09,Analyst Verdict Pick,15:08 Downpatrick,Tropical Twist,4.0,8.0,12,True
2026-08-09,Control: favourite,15:08 Downpatrick,Tropical Twist,4.0,8.0,12,True
2026-08-09,Analyst Verdict Pick,15:16 Chepstow,Global Success,2.25,2.0,10,False
2026-08-09,Analyst Each-Way,15:16 Chepstow,Bahia Bonita,8.5,3.0,10,False
2026-08-09,Control: favourite,15:16 Chepstow,Global Success,2.25,2.0,10,False
2026-08-09,Analyst Verdict Pick,15:25 Curragh,Big Mojo,2.25,1.0,5,False
2026-08-09,Control: favourite,15:25 Curragh,Big Mojo,2.25,1.0,5,False
2026-08-09,Analyst Verdict Pick,15:34 Leicester,Barak Warrior,2.5,3.0,6,True
2026-08-09,Control: favourite,15:34 Leicester,Barak Warrior,2.5,3.0,6,True
2026-08-09,Analyst Verdict Pick,15:43 Downpatrick,Samba Train,4.0,9.0,12,True
2026-08-09,Control: favourite,15:43 Downpatrick,Samba Train,4.0,9.0,12,True
2026-08-09,Analyst Verdict Pick,15:51 Chepstow,Go Victor,2.75,3.0,8,True
2026-08-09,Control: favourite,15:51 Chepstow,Go Victor,2.75,3.0,8,True
2026-08-09,Analyst Verdict Pick,16:00 Curragh,Celeron,2.5,7.0,8,False
2026-08-09,Control: favourite,16:00 Curragh,Sun Goddess,2.25,1.0,8,False
2026-08-09,Analyst Verdict Pick,16:09 Leicester,Tamzan,3.0,1.0,5,True
2026-08-09,Control: favourite,16:09 Leicester,Tamzan,3.0,1.0,5,True
2026-08-09,Analyst Verdict Pick,16:18 Downpatrick,Young Doran,5.0,3.0,9,False
2026-08-09,Control: favourite,16:18 Downpatrick,Thesilverbridle,2.25,2.0,9,False
2026-08-09,Analyst Verdict Pick,16:26 Chepstow,Desert Charm,3.25,8.0,13,True
2026-08-09,Control: favourite,16:26 Chepstow,Desert Charm,3.25,8.0,13,True
2026-08-09,Analyst Verdict Pick,16:35 Curragh,Lohoobb,6.5,8.0,15,True
2026-08-09,Control: favourite,16:35 Curragh,Go Athletico,4.33,5.0,15,True
2026-08-09,Analyst Verdict Pick,16:44 Leicester,Art Lover,,,6,True
2026-08-09,Control: favourite,16:44 Leicester,Sea Cookie,2.38,2.0,6,True
2026-08-09,Analyst Verdict Pick,16:53 Downpatrick,Georgia Celena,4.5,5.0,11,True
2026-08-09,Control: favourite,16:53 Downpatrick,Georgia Celena,4.5,5.0,11,True
2026-08-09,Analyst Verdict Pick,17:01 Chepstow,Crimson Road,2.2,1.0,6,True
2026-08-09,Control: favourite,17:01 Chepstow,Crimson Road,2.2,1.0,6,True
2026-08-09,Analyst Verdict Pick,17:10 Curragh,Marmeladova,4.33,10.0,12,True
2026-08-09,Control: favourite,17:10 Curragh,Marmeladova,4.33,10.0,12,True
2026-08-09,Analyst Verdict Pick,17:19 Leicester,Pisanello,5.0,2.0,6,True
2026-08-09,Control: favourite,17:19 Leicester,Ricardo Phillips,2.5,1.0,6,True
2026-08-09,Analyst Verdict Pick,17:28 Downpatrick,Culldoo,2.63,2.0,6,False
2026-08-09,Control: favourite,17:28 Downpatrick,Culldoo,2.63,2.0,6,False
2026-08-10,Analyst Verdict Pick,13:45 Ayr,Next Of Kin,1.91,1.0,9,False
2026-08-10,Control: favourite,13:45 Ayr,Next Of Kin,1.91,1.0,9,False
2026-08-10,Analyst Verdict Pick,14:15 Ayr,Hostelry,3.5,1.0,12,False
2026-08-10,Control: favourite,14:15 Ayr,Hostelry,3.5,1.0,12,False
2026-08-10,Analyst Verdict Pick,14:30 Kempton Park,Tikka,6.5,1.0,12,False
2026-08-10,Control: favourite,14:30 Kempton Park,Rhythm Of My Heart,3.75,2.0,12,False
2026-08-10,Analyst Verdict Pick,14:45 Ayr,Keep Me Stable,10.0,3.0,13,True
2026-08-10,Control: favourite,14:45 Ayr,Kelpie Grey,4.0,10.0,13,True
2026-08-10,Analyst Verdict Pick,15:00 Kempton Park,Thespian Queen,9.5,2.0,12,False
2026-08-10,Control: favourite,15:00 Kempton Park,Dreamed,3.75,4.0,12,False
2026-08-10,Analyst Verdict Pick,15:15 Ayr,Star Cast,7.0,2.0,14,True
2026-08-10,Control: favourite,15:15 Ayr,Pearl Eye,4.33,6.0,14,True
2026-08-10,Analyst Verdict Pick,15:30 Kempton Park,Magical Life,4.0,1.0,9,False
2026-08-10,Control: favourite,15:30 Kempton Park,Bollengo Boy,4.0,2.0,9,False
2026-08-10,Analyst Verdict Pick,15:45 Ayr,Velvet Skies,9.0,10.0,16,True
2026-08-10,Control: favourite,15:45 Ayr,Edmond Halley,4.0,3.0,16,True
2026-08-10,Analyst Verdict Pick,16:00 Kempton Park,Fallacious Promise,4.0,1.0,14,True
2026-08-10,Control: favourite,16:00 Kempton Park,Roi De Coeur,3.0,5.0,14,True
2026-08-10,Analyst Verdict Pick,16:15 Ayr,Lesrico,5.0,7.0,12,True
2026-08-10,Control: favourite,16:15 Ayr,Naturalia,4.0,1.0,12,True
2026-08-10,Analyst Verdict Pick,16:30 Kempton Park,Mohaab,4.33,7.0,10,True
2026-08-10,Control: favourite,16:30 Kempton Park,Flightofthephoenix,4.33,1.0,10,True
2026-08-10,Analyst Verdict Pick,16:45 Ayr,Motawaared,13.0,4.0,12,True
2026-08-10,Control: favourite,16:45 Ayr,Royal Blaze,4.33,10.0,12,True
2026-08-10,Analyst Verdict Pick,17:00 Kempton Park,Premiere Ligne,15.0,6.0,12,True
2026-08-10,Control: favourite,17:00 Kempton Park,Maxident,3.0,2.0,12,True
2026-08-10,Analyst Verdict Pick,17:15 Ayr,Paroda Diva,7.0,6.0,10,True
2026-08-10,Control: favourite,17:15 Ayr,Keep An Eye On It,4.0,1.0,10,True
2026-08-10,Analyst Verdict Pick,17:26 Ballinrobe,Minella Buoy,3.0,2.0,13,False
2026-08-10,Control: favourite,17:26 Ballinrobe,Minella Buoy,3.0,2.0,13,False
2026-08-10,Analyst Verdict Pick,17:45 Windsor,Mythological Star,3.0,1.0,6,True
2026-08-10,Control: favourite,17:45 Windsor,Mythological Star,3.0,1.0,6,True
2026-08-10,Analyst Verdict Pick,17:57 Ballinrobe,How's Ellie,1.83,,15,False
2026-08-10,Control: favourite,17:57 Ballinrobe,How's Ellie,1.83,,15,False
2026-08-10,Analyst Verdict Pick,18:15 Windsor,Harry Knows,1.8,3.0,5,False
2026-08-10,Control: favourite,18:15 Windsor,Harry Knows,1.8,3.0,5,False
2026-08-10,Analyst Verdict Pick,18:27 Ballinrobe,Chemdawg,4.0,5.0,14,True
2026-08-10,Control: favourite,18:27 Ballinrobe,Chemdawg,4.0,5.0,14,True
2026-08-10,Analyst Verdict Pick,18:45 Windsor,Real Bullet,2.2,1.0,6,False
2026-08-10,Control: favourite,18:45 Windsor,Wateera,1.73,2.0,6,False
2026-08-10,Analyst Verdict Pick,18:57 Ballinrobe,Cool Summer,5.0,2.0,16,True
2026-08-10,Control: favourite,18:57 Ballinrobe,Max Meridius,4.5,5.0,16,True
2026-08-10,Analyst Verdict Pick,19:15 Windsor,Trefor,7.5,1.0,16,True
2026-08-10,Control: favourite,19:15 Windsor,King Of Light,4.5,6.0,16,True
2026-08-10,Analyst Verdict Pick,19:27 Ballinrobe,Down Around,4.5,1.0,8,True
2026-08-10,Control: favourite,19:27 Ballinrobe,Ladiam,3.5,4.0,8,True
2026-08-10,Analyst Verdict Pick,19:45 Windsor,Princess Honey Bee,1.57,4.0,8,False
2026-08-10,Control: favourite,19:45 Windsor,Princess Honey Bee,1.57,4.0,8,False
2026-08-10,Analyst Verdict Pick,19:57 Ballinrobe,Keep Em Quite,2.88,2.0,15,False
2026-08-10,Control: favourite,19:57 Ballinrobe,Keep Em Quite,2.88,2.0,15,False
2026-08-10,Analyst Verdict Pick,20:15 Windsor,Creciente,5.5,3.0,11,True
2026-08-10,Control: favourite,20:15 Windsor,My Old Mate,1.53,1.0,11,True
2026-08-10,Analyst Verdict Pick,20:30 Ballinrobe,Pilgrims Walk,9.0,3.0,18,True
2026-08-10,Control: favourite,20:30 Ballinrobe,Poetic Focus,5.0,2.0,18,True
2026-08-11,Analyst Verdict Pick,14:30 Lingfield,Shifra,5.0,2.0,14,True
2026-08-11,Control: favourite,14:30 Lingfield,Chico Dulce,3.0,5.0,14,True
2026-08-11,Analyst Verdict Pick,14:45 Carlisle,Tees George,4.5,4.0,8,True
2026-08-11,Control: favourite,14:45 Carlisle,Hostility,3.0,1.0,8,True
2026-08-11,Analyst Verdict Pick,15:00 Lingfield,Ouragan,2.38,5.0,5,False
2026-08-11,Control: favourite,15:00 Lingfield,Ouragan,2.38,5.0,5,False
2026-08-11,Analyst Verdict Pick,15:15 Carlisle,Rogue Passion,1.3,1.0,5,False
2026-08-11,Control: favourite,15:15 Carlisle,Rogue Passion,1.3,1.0,5,False
2026-08-11,Analyst Verdict Pick,15:30 Lingfield,Spirit Of Athene,4.0,5.0,10,True
2026-08-11,Control: favourite,15:30 Lingfield,Distant Shore,3.25,6.0,10,True
2026-08-11,Analyst Verdict Pick,15:45 Carlisle,Influencer Man,3.0,1.0,7,False
2026-08-11,Control: favourite,15:45 Carlisle,Influencer Man,3.0,1.0,7,False
2026-08-11,Analyst Verdict Pick,16:00 Lingfield,Tiger Beetle,6.0,5.0,11,False
2026-08-11,Control: favourite,16:00 Lingfield,Charencey,3.25,3.0,11,False
2026-08-11,Analyst Verdict Pick,16:15 Carlisle,Great,4.5,7.0,9,True
2026-08-11,Control: favourite,16:15 Carlisle,Great,4.5,7.0,9,True
2026-08-11,Analyst Verdict Pick,16:30 Lingfield,Do Bronxs,5.5,2.0,7,True
2026-08-11,Control: favourite,16:30 Lingfield,Bone Marra,3.0,3.0,7,True
2026-08-11,Analyst Verdict Pick,16:45 Carlisle,Talismans Time,3.25,4.0,8,True
2026-08-11,Control: favourite,16:45 Carlisle,Asia Force,2.5,1.0,8,True
2026-08-11,Analyst Verdict Pick,17:00 Lingfield,Jackson Street,5.0,7.0,11,True
2026-08-11,Control: favourite,17:00 Lingfield,Jackson Street,5.0,7.0,11,True
2026-08-11,Analyst Verdict Pick,17:15 Carlisle,Leelawadee,2.88,7.0,9,True
2026-08-11,Control: favourite,17:15 Carlisle,Leelawadee,2.88,7.0,9,True
2026-08-11,Analyst Verdict Pick,17:30 Hamilton Park,Cotai Starlight,10.0,5.0,8,True
2026-08-11,Control: favourite,17:30 Hamilton Park,Ukiyo,4.0,6.0,8,True
2026-08-11,Analyst Verdict Pick,17:45 Nottingham,Apulia Bay,1.17,1.0,2,False
2026-08-11,Control: favourite,17:45 Nottingham,Apulia Bay,1.17,1.0,2,False
2026-08-11,Analyst Verdict Pick,18:00 Hamilton Park,Baldetti,3.0,5.0,6,False
2026-08-11,Control: favourite,18:00 Hamilton Park,Harley,2.2,1.0,6,False
2026-08-11,Analyst Verdict Pick,18:15 Nottingham,Baddaddan,3.0,1.0,3,False
2026-08-11,Control: favourite,18:15 Nottingham,Blessed Voyager,1.67,2.0,3,False
2026-08-11,Analyst Verdict Pick,18:30 Hamilton Park,Sheikhnshah,1.44,3.0,8,False
2026-08-11,Control: favourite,18:30 Hamilton Park,Sheikhnshah,1.44,3.0,8,False
2026-08-11,Analyst Verdict Pick,18:45 Nottingham,Free World,,,6,True
2026-08-11,Control: favourite,18:45 Nottingham,Hope Rising,1.29,1.0,6,True
2026-08-11,Analyst Verdict Pick,19:00 Hamilton Park,Return To Unit,13.0,10.0,14,True
2026-08-11,Control: favourite,19:00 Hamilton Park,Spoken Truth,4.0,3.0,14,True
2026-08-11,Analyst Verdict Pick,19:15 Nottingham,Diane Chasseresse,3.75,8.0,8,True
2026-08-11,Control: favourite,19:15 Nottingham,Midnight Media,3.5,1.0,8,True
2026-08-11,Analyst Verdict Pick,19:30 Hamilton Park,Second Fiddle,6.0,3.0,10,True
2026-08-11,Control: favourite,19:30 Hamilton Park,Sanafi Zabeel,2.1,1.0,10,True
2026-08-11,Analyst Verdict Pick,19:45 Nottingham,Moulin Booj,2.5,1.0,7,True
2026-08-11,Control: favourite,19:45 Nottingham,Moulin Booj,2.5,1.0,7,True
2026-08-11,Analyst Verdict Pick,20:00 Hamilton Park,Territorial Knight,7.0,5.0,14,True
2026-08-11,Control: favourite,20:00 Hamilton Park,Milford,4.33,2.0,14,True
2026-08-11,Analyst Verdict Pick,20:15 Nottingham,Thunderous Love,2.88,2.0,6,True
2026-08-11,Control: favourite,20:15 Nottingham,Thunderous Love,2.88,2.0,6,True
2026-08-11,Analyst Verdict Pick,20:30 Hamilton Park,Fairydale,4.5,7.0,9,True
2026-08-11,Control: favourite,20:30 Hamilton Park,Patrick Street,2.88,4.0,9,True
2026-08-12,Analyst Verdict Pick,14:15 Beverley,Mugheer,,,14,False
2026-08-12,Control: favourite,14:15 Beverley,Ard As A Rock,1.73,4.0,14,False
2026-08-12,Analyst Verdict Pick,14:22 Gowran Park,Liberate,,,17,False
2026-08-12,Control: favourite,14:22 Gowran Park,Minaun View,3.0,1.0,17,False
2026-08-12,Analyst Verdict Pick,14:30 Salisbury,Easy Answer,2.75,3.0,10,False
2026-08-12,Control: favourite,14:30 Salisbury,Easy Answer,2.75,3.0,10,False
2026-08-12,Analyst Verdict Pick,14:45 Beverley,Coco Nova,1.67,3.0,13,False
2026-08-12,Control: favourite,14:45 Beverley,Coco Nova,1.67,3.0,13,False
2026-08-12,Analyst Verdict Pick,14:52 Gowran Park,Citrus Springs,6.5,1.0,17,False
2026-08-12,Control: favourite,14:52 Gowran Park,Not You Too,3.5,4.0,17,False
2026-08-12,Analyst Verdict Pick,15:00 Salisbury,Regional Rock,6.0,4.0,7,True
2026-08-12,Control: favourite,15:00 Salisbury,So Darn Hot,2.63,3.0,7,True
2026-08-12,Analyst Verdict Pick,15:15 Beverley,King Sharja,4.33,6.0,14,True
2026-08-12,Control: favourite,15:15 Beverley,The New Bay Pearl,3.75,3.0,14,True
2026-08-12,Analyst Verdict Pick,15:22 Gowran Park,Pretty Omagh Girl,6.5,7.0,7,True
2026-08-12,Control: favourite,15:22 Gowran Park,Little Empire,3.0,3.0,7,True
2026-08-12,Analyst Verdict Pick,15:30 Salisbury,Quest For Stars,3.75,1.0,8,False
2026-08-12,Control: favourite,15:30 Salisbury,Scommessa Sicura,1.73,2.0,8,False
2026-08-12,Analyst Verdict Pick,15:37 Ffos Las,Eskimo Pie,1.44,1.0,5,False
2026-08-12,Control: favourite,15:37 Ffos Las,Eskimo Pie,1.44,1.0,5,False
2026-08-12,Analyst Verdict Pick,15:45 Beverley,Alpha Capture,2.63,2.0,11,True
2026-08-12,Control: favourite,15:45 Beverley,Alpha Capture,2.63,2.0,11,True
2026-08-12,Analyst Verdict Pick,15:52 Gowran Park,Moonlit Sun,,,8,False
2026-08-12,Control: favourite,15:52 Gowran Park,Skydance,2.25,5.0,8,False
2026-08-12,Analyst Verdict Pick,16:00 Salisbury,Remi Mae,2.25,3.0,7,False
2026-08-12,Control: favourite,16:00 Salisbury,Bold Shout,2.0,1.0,7,False
2026-08-12,Analyst Verdict Pick,16:07 Ffos Las,Sheik Yerbouti,19.0,7.0,9,True
2026-08-12,Control: favourite,16:07 Ffos Las,The Coffee Pod,2.1,2.0,9,True
2026-08-12,Analyst Verdict Pick,16:15 Beverley,Dr Rio,13.0,3.0,8,True
2026-08-12,Control: favourite,16:15 Beverley,Ciao Capo,3.0,1.0,8,True
2026-08-12,Analyst Verdict Pick,16:22 Gowran Park,Navy Waters,4.0,3.0,11,True
2026-08-12,Control: favourite,16:22 Gowran Park,Fixation,3.25,1.0,11,True
2026-08-12,Analyst Verdict Pick,16:30 Salisbury,Felicitas,2.63,3.0,7,False
2026-08-12,Control: favourite,16:30 Salisbury,Felicitas,2.63,3.0,7,False
2026-08-12,Analyst Verdict Pick,16:37 Ffos Las,Narrjoo,2.1,1.0,7,False
2026-08-12,Control: favourite,16:37 Ffos Las,Narrjoo,2.1,1.0,7,False
2026-08-12,Analyst Verdict Pick,16:45 Beverley,Angel Numbers,5.5,10.0,11,True
2026-08-12,Control: favourite,16:45 Beverley,Angel Numbers,5.5,10.0,11,True
2026-08-12,Analyst Verdict Pick,16:52 Gowran Park,Gliondar,1.36,5.0,15,False
2026-08-12,Control: favourite,16:52 Gowran Park,Gliondar,1.36,5.0,15,False
2026-08-12,Analyst Verdict Pick,17:00 Salisbury,Fox Avatar,4.5,3.0,7,True
2026-08-12,Control: favourite,17:00 Salisbury,Londoner,3.75,4.0,7,True
2026-08-12,Analyst Verdict Pick,17:10 Ffos Las,Nammos,4.0,4.0,10,True
2026-08-12,Control: favourite,17:10 Ffos Las,Nammos,4.0,4.0,10,True
2026-08-12,Analyst Verdict Pick,17:22 Gowran Park,Keilah,26.0,10.0,18,True
2026-08-12,Control: favourite,17:22 Gowran Park,Connova,3.25,4.0,18,True
2026-08-12,Analyst Verdict Pick,17:30 Kempton Park,Coaxed,5.5,1.0,13,False
2026-08-12,Control: favourite,17:30 Kempton Park,Marsala,2.5,7.0,13,False
2026-08-12,Analyst Verdict Pick,17:40 Ffos Las,Royal Bodyguard,4.0,2.0,6,True
2026-08-12,Control: favourite,17:40 Ffos Las,John Harrison,2.5,3.0,6,True
2026-08-12,Analyst Verdict Pick,17:52 Gowran Park,Thegooseiscooked,4.5,10.0,17,True
2026-08-12,Control: favourite,17:52 Gowran Park,Thegooseiscooked,4.5,10.0,17,True
2026-08-12,Analyst Verdict Pick,18:00 Kempton Park,Manaar,1.33,3.0,5,False
2026-08-12,Control: favourite,18:00 Kempton Park,Manaar,1.33,3.0,5,False
2026-08-12,Analyst Verdict Pick,18:10 Ffos Las,A Daughters Love,2.75,2.0,6,True
2026-08-12,Control: favourite,18:10 Ffos Las,A Daughters Love,2.75,2.0,6,True
2026-08-12,Analyst Verdict Pick,18:30 Kempton Park,Dapper Guest,7.5,10.0,12,True
2026-08-12,Control: favourite,18:30 Kempton Park,Sea Founder,3.5,2.0,12,True
2026-08-12,Analyst Verdict Pick,19:00 Kempton Park,Metal Merchant,6.0,9.0,11,True
2026-08-12,Control: favourite,19:00 Kempton Park,Philanthropist,3.75,2.0,11,True
2026-08-12,Analyst Verdict Pick,19:30 Kempton Park,Grey Soul,8.5,6.0,10,True
2026-08-12,Control: favourite,19:30 Kempton Park,Warrior Mode,2.25,1.0,10,True
2026-08-12,Analyst Verdict Pick,20:00 Kempton Park,Rogue Allegiance,5.5,1.0,10,True
2026-08-12,Control: favourite,20:00 Kempton Park,Final Night,3.0,2.0,10,True
2026-08-12,Analyst Verdict Pick,20:30 Kempton Park,Kokbastau,2.1,1.0,12,True
2026-08-12,Control: favourite,20:30 Kempton Park,Kokbastau,2.1,1.0,12,True
2026-08-12,Analyst Verdict Pick,21:00 Kempton Park,Crooked Path,3.75,1.0,11,True
2026-08-12,Control: favourite,21:00 Kempton Park,Solanna,3.0,6.0,11,True
2026-08-13,Analyst Verdict Pick,14:15 Beverley,What A Girl Wants,1.83,4.0,6,False
2026-08-13,Control: favourite,14:15 Beverley,What A Girl Wants,1.83,4.0,6,False
2026-08-13,Analyst Verdict Pick,14:45 Beverley,Concert Pitch,1.53,1.0,10,False
2026-08-13,Control: favourite,14:45 Beverley,Concert Pitch,1.53,1.0,10,False
2026-08-13,Analyst Verdict Pick,15:15 Beverley,Ariane Sky,2.0,3.0,11,False
2026-08-13,Control: favourite,15:15 Beverley,Ariane Sky,2.0,3.0,11,False
2026-08-13,Analyst Verdict Pick,15:45 Beverley,American Bay,2.75,7.0,12,True
2026-08-13,Control: favourite,15:45 Beverley,American Bay,2.75,7.0,12,True
2026-08-13,Analyst Verdict Pick,16:15 Beverley,Mr Moonshine,3.25,3.0,6,True
2026-08-13,Control: favourite,16:15 Beverley,Wardlaw,2.38,1.0,6,True
2026-08-13,Analyst Verdict Pick,16:45 Beverley,Saxon Grace,2.2,1.0,10,True
2026-08-13,Control: favourite,16:45 Beverley,Saxon Grace,2.2,1.0,10,True
2026-08-13,Analyst Verdict Pick,17:11 Tramore,Killeemore Lad,3.5,2.0,6,False
2026-08-13,Control: favourite,17:11 Tramore,Luker's Tipple,2.63,1.0,6,False
2026-08-13,Analyst Verdict Pick,17:23 Lingfield,Eagles Attire,,,9,True
2026-08-13,Control: favourite,17:23 Lingfield,Booziebrunch,3.25,4.0,9,True
2026-08-13,Analyst Verdict Pick,17:30 Salisbury,Sydney Rock,2.38,2.0,7,True
2026-08-13,Control: favourite,17:30 Salisbury,Sydney Rock,2.38,2.0,7,True
2026-08-13,Analyst Verdict Pick,17:36 Windsor,Solar Invincible,5.5,10.0,11,True
2026-08-13,Control: favourite,17:36 Windsor,Maid In Devon,4.0,3.0,11,True
2026-08-13,Analyst Verdict Pick,17:46 Tramore,Juke Hill,6.5,7.0,9,False
2026-08-13,Control: favourite,17:46 Tramore,Coded Welder,4.0,5.0,9,False
2026-08-13,Analyst Verdict Pick,17:58 Lingfield,Huwa Baree,4.0,1.0,12,False
2026-08-13,Control: favourite,17:58 Lingfield,Aljoon,2.0,3.0,12,False
2026-08-13,Analyst Verdict Pick,18:04 Salisbury,Flooding,2.0,1.0,5,False
2026-08-13,Control: favourite,18:04 Salisbury,Flooding,2.0,1.0,5,False
2026-08-13,Analyst Verdict Pick,18:11 Windsor,Methgal,4.33,1.0,12,True
2026-08-13,Control: favourite,18:11 Windsor,Beelzebub,3.25,6.0,12,True
2026-08-13,Analyst Verdict Pick,18:18 Tramore,Spanish Rising,3.25,6.0,12,False
2026-08-13,Control: favourite,18:18 Tramore,Rosarian,3.0,4.0,12,False
2026-08-13,Analyst Verdict Pick,18:28 Lingfield,Captive Beauty,19.0,8.0,13,True
2026-08-13,Control: favourite,18:28 Lingfield,Elvetham,4.5,10.0,13,True
2026-08-13,Analyst Verdict Pick,18:34 Salisbury,Serenetta,1.29,2.0,2,False
2026-08-13,Control: favourite,18:34 Salisbury,Serenetta,1.29,2.0,2,False
2026-08-13,Analyst Verdict Pick,18:41 Windsor,Too Hot To Tango,8.5,5.0,8,True
2026-08-13,Control: favourite,18:41 Windsor,Colourband,2.63,1.0,8,True
2026-08-13,Analyst Verdict Pick,18:48 Tramore,Churchwarden,2.5,2.0,6,True
2026-08-13,Control: favourite,18:48 Tramore,Churchwarden,2.5,2.0,6,True
2026-08-13,Analyst Verdict Pick,18:58 Lingfield,Zaltalla,2.63,3.0,9,False
2026-08-13,Control: favourite,18:58 Lingfield,Zaltalla,2.63,3.0,9,False
2026-08-13,Analyst Verdict Pick,19:04 Salisbury,Siena Storm,1.4,1.0,5,False
2026-08-13,Control: favourite,19:04 Salisbury,Siena Storm,1.4,1.0,5,False
2026-08-13,Analyst Verdict Pick,19:11 Windsor,Waterford Castle,1.67,1.0,6,False
2026-08-13,Control: favourite,19:11 Windsor,Waterford Castle,1.67,1.0,6,False
2026-08-13,Analyst Verdict Pick,19:18 Tramore,Mr Master Mac,4.0,2.0,7,False
2026-08-13,Control: favourite,19:18 Tramore,Lureka Du Noyer,3.5,1.0,7,False
2026-08-13,Analyst Verdict Pick,19:28 Lingfield,Shangri La,5.0,3.0,9,False
2026-08-13,Control: favourite,19:28 Lingfield,Dove Tale,2.38,1.0,9,False
2026-08-13,Analyst Verdict Pick,19:34 Salisbury,Ruby Wedding,5.5,1.0,8,True
2026-08-13,Control: favourite,19:34 Salisbury,Green Sky,2.2,4.0,8,True
2026-08-13,Analyst Verdict Pick,19:41 Windsor,A Major Payne,4.33,3.0,8,True
2026-08-13,Control: favourite,19:41 Windsor,A Major Payne,4.33,3.0,8,True
2026-08-13,Analyst Verdict Pick,19:48 Tramore,Princess Felicia,5.5,2.0,17,True
2026-08-13,Analyst Each-Way,19:48 Tramore,Arctic Piper,41.0,9.0,17,True
2026-08-13,Control: favourite,19:48 Tramore,Maxicourt,5.5,5.0,17,True
2026-08-13,Analyst Verdict Pick,19:58 Lingfield,South West,2.75,9.0,10,False
2026-08-13,Control: favourite,19:58 Lingfield,South West,2.75,9.0,10,False
2026-08-13,Analyst Verdict Pick,20:04 Salisbury,Seven Sisters,1.91,4.0,6,True
2026-08-13,Control: favourite,20:04 Salisbury,Seven Sisters,1.91,4.0,6,True
2026-08-13,Analyst Verdict Pick,20:11 Windsor,Impossible Mission,4.0,4.0,4,True
2026-08-13,Control: favourite,20:11 Windsor,Mythological Star,1.67,3.0,4,True
2026-08-13,Analyst Verdict Pick,20:18 Tramore,Dream On Baby,2.75,1.0,11,False
2026-08-13,Control: favourite,20:18 Tramore,Paul's Dream,2.25,3.0,11,False
2026-08-14,Analyst Verdict Pick,14:03 Yarmouth,Matins,1.03,1.0,2,False
2026-08-14,Control: favourite,14:03 Yarmouth,Matins,1.03,1.0,2,False
2026-08-14,Analyst Verdict Pick,14:38 Yarmouth,Rock Montreal,1.4,1.0,7,False
2026-08-14,Control: favourite,14:38 Yarmouth,Rock Montreal,1.4,1.0,7,False
2026-08-14,Analyst Verdict Pick,14:48 Epsom Downs,Wise And Wonderful,2.75,2.0,5,False
2026-08-14,Control: favourite,14:48 Epsom Downs,Wise And Wonderful,2.75,2.0,5,False
2026-08-14,Analyst Verdict Pick,15:00 Newbury,We Ride At Dawn,1.91,1.0,5,True
2026-08-14,Control: favourite,15:00 Newbury,We Ride At Dawn,1.91,1.0,5,True
2026-08-14,Analyst Verdict Pick,15:13 Yarmouth,Arcturus Flame,2.2,2.0,4,True
2026-08-14,Control: favourite,15:13 Yarmouth,Arcturus Flame,2.2,2.0,4,True
2026-08-14,Analyst Verdict Pick,15:23 Epsom Downs,Tiora Time,,,5,False
2026-08-14,Control: favourite,15:23 Epsom Downs,Tansy Lane,1.62,1.0,5,False
2026-08-14,Analyst Verdict Pick,15:35 Newbury,Quicken Away,2.25,2.0,7,False
2026-08-14,Control: favourite,15:35 Newbury,Quicken Away,2.25,2.0,7,False
2026-08-14,Analyst Verdict Pick,15:48 Yarmouth,Letsbeatsepsis,2.38,7.0,10,False
2026-08-14,Control: favourite,15:48 Yarmouth,Letsbeatsepsis,2.38,7.0,10,False
2026-08-14,Analyst Verdict Pick,16:00 Epsom Downs,Sir Garfield,2.5,2.0,8,True
2026-08-14,Control: favourite,16:00 Epsom Downs,Sir Garfield,2.5,2.0,8,True
2026-08-14,Analyst Verdict Pick,16:10 Newbury,Sweetwonderfulyou,1.67,1.0,5,False
2026-08-14,Control: favourite,16:10 Newbury,Sweetwonderfulyou,1.67,1.0,5,False
2026-08-14,Analyst Verdict Pick,16:25 Yarmouth,Rumble Ruby,4.0,3.0,8,True
2026-08-14,Control: favourite,16:25 Yarmouth,Always Perfect,2.63,1.0,8,True
2026-08-14,Analyst Verdict Pick,16:38 Epsom Downs,Time To Sparkle,,,11,True
2026-08-14,Control: favourite,16:38 Epsom Downs,Mrembo,4.0,2.0,11,True
2026-08-14,Analyst Verdict Pick,16:45 Newbury,Evenfall,2.2,1.0,6,False
2026-08-14,Control: favourite,16:45 Newbury,Evenfall,2.2,1.0,6,False
2026-08-14,Analyst Verdict Pick,16:53 Cork,Southern Boulevard,2.38,2.0,16,False
2026-08-14,Control: favourite,16:53 Cork,Southern Boulevard,2.38,2.0,16,False
2026-08-14,Analyst Verdict Pick,17:00 Yarmouth,Mayflower Rock,8.0,6.0,9,False
2026-08-14,Control: favourite,17:00 Yarmouth,Mister Sandman,4.0,4.0,9,False
2026-08-14,Analyst Verdict Pick,17:05 Tramore,More Coko,3.75,2.0,5,False
2026-08-14,Control: favourite,17:05 Tramore,Rocky's Diamond,1.83,3.0,5,False
2026-08-14,Analyst Verdict Pick,17:13 Epsom Downs,Chantelle,1.91,3.0,4,True
2026-08-14,Control: favourite,17:13 Epsom Downs,Chantelle,1.91,3.0,4,True
2026-08-14,Analyst Verdict Pick,17:18 Newmarket,Necromancer,3.5,6.0,12,False
2026-08-14,Control: favourite,17:18 Newmarket,Sontsivka,3.25,2.0,12,False
2026-08-14,Analyst Verdict Pick,17:23 Newbury,Fast Track,3.25,2.0,13,False
2026-08-14,Control: favourite,17:23 Newbury,Fast Track,3.25,2.0,13,False
2026-08-14,Analyst Verdict Pick,17:28 Cork,Amerilis,6.5,1.0,12,True
2026-08-14,Control: favourite,17:28 Cork,Simmering Seas,3.75,2.0,12,True
2026-08-14,Analyst Verdict Pick,17:33 Thirsk,Final Objective,1.17,1.0,11,False
2026-08-14,Analyst Each-Way,17:33 Thirsk,Knightbolt,13.0,4.0,11,False
2026-08-14,Control: favourite,17:33 Thirsk,Final Objective,1.17,1.0,11,False
2026-08-14,Analyst Verdict Pick,17:40 Tramore,Menas Miracle,7.5,3.0,15,True
2026-08-14,Control: favourite,17:40 Tramore,Bob The Builder,5.5,,15,True
2026-08-14,Analyst Verdict Pick,17:48 Epsom Downs,Ice Cube,6.5,4.0,9,True
2026-08-14,Control: favourite,17:48 Epsom Downs,Spacewoman,4.0,3.0,9,True
2026-08-14,Control: favourite,17:53 Newmarket,Gilding The Lily,1.4,1.0,3,False
2026-08-14,Analyst Verdict Pick,17:58 Newbury,Zatsgood,6.5,2.0,8,True
2026-08-14,Control: favourite,17:58 Newbury,Lyra Lea,3.75,6.0,8,True
2026-08-14,Analyst Verdict Pick,18:03 Cork,Alwaysanangel,3.5,1.0,11,False
2026-08-14,Control: favourite,18:03 Cork,Maire Rua,2.25,3.0,11,False
2026-08-14,Analyst Verdict Pick,18:08 Thirsk,Varzi,,,6,False
2026-08-14,Control: favourite,18:08 Thirsk,National Honour,1.2,1.0,6,False
2026-08-14,Analyst Verdict Pick,18:15 Tramore,Simple Things,2.5,1.0,13,False
2026-08-14,Control: favourite,18:15 Tramore,Simple Things,2.5,1.0,13,False
2026-08-14,Analyst Verdict Pick,18:27 Newmarket,The Sweet Escape,3.75,1.0,8,True
2026-08-14,Control: favourite,18:27 Newmarket,Rising Force,2.38,6.0,8,True
2026-08-14,Control: favourite,18:30 Newbury,Nehmo De Carrere (A),2.5,2.0,5,False
2026-08-14,Analyst Verdict Pick,18:35 Cork,Princess Child,6.0,10.0,12,False
2026-08-14,Control: favourite,18:35 Cork,Suzie Songs,3.5,1.0,12,False
2026-08-14,Analyst Verdict Pick,18:43 Thirsk,Emerald Harmony,6.0,6.0,9,True
2026-08-14,Control: favourite,18:43 Thirsk,Moulin Booj,3.25,5.0,9,True
2026-08-14,Analyst Verdict Pick,18:50 Tramore,Tingarran Express,7.0,3.0,10,True
2026-08-14,Control: favourite,18:50 Tramore,Galileo Springs,5.0,,10,True
2026-08-14,Analyst Verdict Pick,19:02 Newmarket,Fifty Nifty,3.25,3.0,12,True
2026-08-14,Control: favourite,19:02 Newmarket,Fifty Nifty,3.25,3.0,12,True
2026-08-14,Analyst Verdict Pick,19:10 Cork,Bosphorus Rose,3.5,5.0,9,False
2026-08-14,Control: favourite,19:10 Cork,Believed,3.25,1.0,9,False
2026-08-14,Analyst Verdict Pick,19:18 Thirsk,Return Of The Gods,1.83,2.0,8,True
2026-08-14,Control: favourite,19:18 Thirsk,Return Of The Gods,1.83,2.0,8,True
2026-08-14,Analyst Verdict Pick,19:25 Tramore,Quiet In Bresil,5.0,7.0,16,False
2026-08-14,Control: favourite,19:25 Tramore,Hello Below,3.75,3.0,16,False
2026-08-14,Analyst Verdict Pick,19:37 Newmarket,Hickory,7.5,5.0,10,True
2026-08-14,Control: favourite,19:37 Newmarket,Storm Star,6.5,8.0,10,True
2026-08-14,Analyst Verdict Pick,19:45 Cork,Garden Party,2.2,1.0,12,False
2026-08-14,Control: favourite,19:45 Cork,Garden Party,2.2,1.0,12,False
2026-08-14,Analyst Verdict Pick,19:50 Thirsk,Military Leader,2.88,1.0,15,True
2026-08-14,Control: favourite,19:50 Thirsk,Military Leader,2.88,1.0,15,True
2026-08-14,Analyst Verdict Pick,19:55 Tramore,Mighty Berkshire,2.75,2.0,12,True
2026-08-14,Control: favourite,19:55 Tramore,Mighty Berkshire,2.75,2.0,12,True
2026-08-14,Analyst Verdict Pick,20:10 Newmarket,Free World,2.63,4.0,7,True
2026-08-14,Control: favourite,20:10 Newmarket,An Bradan Feasa,2.63,2.0,7,True
2026-08-14,Analyst Verdict Pick,20:15 Cork,Leannespour,8.0,8.0,19,True
2026-08-14,Control: favourite,20:15 Cork,Reponse Finale,2.38,2.0,19,True
2026-08-14,Analyst Verdict Pick,20:20 Thirsk,Halimede,1.29,2.0,3,True
2026-08-14,Control: favourite,20:20 Thirsk,Halimede,1.29,2.0,3,True
2026-08-14,Analyst Verdict Pick,20:25 Tramore,Long'way,1.8,1.0,8,False
2026-08-14,Control: favourite,20:25 Tramore,Long'way,1.8,1.0,8,False
2026-08-15,Analyst Verdict Pick,13:15 Dundalk,Institute,2.38,1.0,14,False
2026-08-15,Control: favourite,13:15 Dundalk,Institute,2.38,1.0,14,False
2026-08-15,Analyst Verdict Pick,13:25 Newbury,Dubai Honour,3.0,3.0,6,False
2026-08-15,Control: favourite,13:25 Newbury,Dubai Honour,3.0,3.0,6,False
2026-08-15,Analyst Verdict Pick,13:35 Newmarket,Bin Jahwar,1.33,1.0,3,False
2026-08-15,Control: favourite,13:35 Newmarket,Bin Jahwar,1.33,1.0,3,False
2026-08-15,Analyst Verdict Pick,13:40 Perth,Biggles,4.0,4.0,7,False
2026-08-15,Control: favourite,13:40 Perth,Try Them,2.75,1.0,7,False
2026-08-15,Analyst Verdict Pick,13:45 Ripon,Coral Cove,1.25,1.0,13,False
2026-08-15,Control: favourite,13:45 Ripon,Coral Cove,1.25,1.0,13,False
2026-08-15,Analyst Verdict Pick,13:50 Dundalk,Starlit,3.75,10.0,14,False
2026-08-15,Control: favourite,13:50 Dundalk,Crayons In The Sky,2.88,2.0,14,False
2026-08-15,Analyst Verdict Pick,13:55 Newbury,Kinswoman,5.0,4.0,13,True
2026-08-15,Control: favourite,13:55 Newbury,Rhythm N Hooves,4.5,1.0,13,True
2026-08-15,Analyst Verdict Pick,14:00 Doncaster,Project Geofin,3.75,3.0,7,True
2026-08-15,Control: favourite,14:00 Doncaster,Amidst The Chaos,3.75,2.0,7,True
2026-08-15,Analyst Verdict Pick,14:10 Newmarket,Havana Blue,2.5,1.0,10,True
2026-08-15,Control: favourite,14:10 Newmarket,Havana Blue,2.5,1.0,10,True
2026-08-15,Analyst Verdict Pick,14:15 Perth,Ras Kassar,3.0,2.0,5,True
2026-08-15,Control: favourite,14:15 Perth,Tamarind Bay,2.2,,5,True
2026-08-15,Analyst Verdict Pick,14:20 Ripon,Rogue Jewel,1.83,1.0,5,False
2026-08-15,Control: favourite,14:20 Ripon,Rogue Jewel,1.83,1.0,5,False
2026-08-15,Analyst Verdict Pick,14:25 Dundalk,Sir Les Patterson,5.0,3.0,12,True
2026-08-15,Control: favourite,14:25 Dundalk,Dark Ace,4.5,1.0,12,True
2026-08-15,Analyst Verdict Pick,14:30 Doncaster,One Of The Boys,4.0,4.0,4,False
2026-08-15,Control: favourite,14:30 Doncaster,Wuood,1.3,1.0,4,False
2026-08-15,Analyst Verdict Pick,14:35 Newbury,Scoville,3.5,3.0,8,True
2026-08-15,Control: favourite,14:35 Newbury,Scoville,3.5,3.0,8,True
2026-08-15,Analyst Verdict Pick,14:43 Newmarket,Green Sky,,,6,True
2026-08-15,Control: favourite,14:43 Newmarket,Reem Rak,2.75,3.0,6,True
2026-08-15,Analyst Verdict Pick,14:50 Perth,Lets Mingle,7.0,5.0,11,True
2026-08-15,Control: favourite,14:50 Perth,Follow Charlie,4.5,1.0,11,True
2026-08-15,Analyst Verdict Pick,14:55 Ripon,Woodstock,6.5,1.0,20,True
2026-08-15,Control: favourite,14:55 Ripon,Magic Boy,4.5,3.0,20,True
2026-08-15,Analyst Verdict Pick,15:00 Dundalk,Punica Granatum,2.2,3.0,14,False
2026-08-15,Control: favourite,15:00 Dundalk,Punica Granatum,2.2,3.0,14,False
2026-08-15,Analyst Verdict Pick,15:05 Doncaster,Noble Prince,1.4,2.0,6,False
2026-08-15,Control: favourite,15:05 Doncaster,Noble Prince,1.4,2.0,6,False
2026-08-15,Analyst Verdict Pick,15:10 Newbury,Extremely Zain,5.0,7.0,9,False
2026-08-15,Control: favourite,15:10 Newbury,Symbol Of Honour,3.5,3.0,9,False
2026-08-15,Analyst Verdict Pick,15:13 Newmarket,Eabha,1.5,3.0,5,False
2026-08-15,Control: favourite,15:13 Newmarket,Eabha,1.5,3.0,5,False
2026-08-15,Analyst Verdict Pick,15:25 Ripon,Lord Roxby,4.33,3.0,15,True
2026-08-15,Control: favourite,15:25 Ripon,Lord Roxby,4.33,3.0,15,True
2026-08-15,Analyst Verdict Pick,15:30 Dundalk,Ile de France,1.8,1.0,13,False
2026-08-15,Control: favourite,15:30 Dundalk,Ile de France,1.8,1.0,13,False
2026-08-15,Analyst Verdict Pick,15:32 Perth,Broken Ice,4.33,3.0,11,True
2026-08-15,Control: favourite,15:32 Perth,Drumlee Myth,3.75,6.0,11,True
2026-08-15,Analyst Verdict Pick,15:37 Doncaster,Nyman,9.5,9.0,13,True
2026-08-15,Control: favourite,15:37 Doncaster,Rock Opera,5.0,10.0,13,True
2026-08-15,Analyst Verdict Pick,15:42 Newbury,Mosheer,3.25,7.0,13,False
2026-08-15,Control: favourite,15:42 Newbury,Mosheer,3.25,7.0,13,False
2026-08-15,Analyst Verdict Pick,15:50 Newmarket,Del Corso,1.33,3.0,4,True
2026-08-15,Control: favourite,15:50 Newmarket,Del Corso,1.33,3.0,4,True
2026-08-15,Analyst Verdict Pick,15:55 Ripon,Murashah,2.63,1.0,11,True
2026-08-15,Control: favourite,15:55 Ripon,Murashah,2.63,1.0,11,True
2026-08-15,Analyst Verdict Pick,16:00 Dundalk,Famous Enough,6.0,9.0,14,True
2026-08-15,Control: favourite,16:00 Dundalk,Reponse Finale,2.5,1.0,14,True
2026-08-15,Analyst Verdict Pick,16:05 Perth,Pure Gold,8.0,4.0,8,True
2026-08-15,Control: favourite,16:05 Perth,Filibustering,4.0,3.0,8,True
2026-08-15,Analyst Verdict Pick,16:10 Doncaster,Golden Long,3.5,1.0,10,True
2026-08-15,Control: favourite,16:10 Doncaster,Golden Long,3.5,1.0,10,True
2026-08-15,Analyst Verdict Pick,16:20 Newbury,Great Bedwyn,4.0,3.0,6,True
2026-08-15,Control: favourite,16:20 Newbury,Masterinthewoods,2.38,2.0,6,True
2026-08-15,Analyst Verdict Pick,16:25 Newmarket,Stormy Music,2.75,3.0,5,True
2026-08-15,Control: favourite,16:25 Newmarket,Lovers Leap,2.75,2.0,5,True
2026-08-15,Analyst Verdict Pick,16:30 Ripon,Clocker,1.91,1.0,5,True
2026-08-15,Control: favourite,16:30 Ripon,Clocker,1.91,1.0,5,True
2026-08-15,Analyst Verdict Pick,16:35 Dundalk,Slieve Binnian,4.5,4.0,14,True
2026-08-15,Control: favourite,16:35 Dundalk,Slieve Binnian,4.5,4.0,14,True
2026-08-15,Analyst Verdict Pick,16:40 Perth,Collingham,7.5,3.0,7,True
2026-08-15,Control: favourite,16:40 Perth,McGregors Charge,4.0,2.0,7,True
2026-08-15,Analyst Verdict Pick,16:45 Doncaster,Celtic Chariot,2.88,6.0,7,True
2026-08-15,Control: favourite,16:45 Doncaster,Celtic Chariot,2.88,6.0,7,True
2026-08-15,Analyst Verdict Pick,16:50 Tramore,Mawhibah,2.25,2.0,6,False
2026-08-15,Control: favourite,16:50 Tramore,Mawhibah,2.25,2.0,6,False
2026-08-15,Analyst Verdict Pick,16:55 Newbury,Lost Signal,,,6,True
2026-08-15,Control: favourite,16:55 Newbury,Golden Knight,2.75,3.0,6,True
2026-08-15,Analyst Verdict Pick,17:00 Newmarket,Norcross Brow,4.0,2.0,7,True
2026-08-15,Control: favourite,17:00 Newmarket,Cherry Cobbler,3.0,1.0,7,True
2026-08-15,Analyst Verdict Pick,17:05 Ripon,Saxon Grace,2.5,1.0,15,True
2026-08-15,Control: favourite,17:05 Ripon,Saxon Grace,2.5,1.0,15,True
2026-08-15,Analyst Verdict Pick,17:10 Dundalk,Retro Gal,13.0,10.0,14,True
2026-08-15,Control: favourite,17:10 Dundalk,Dancing Steve,4.33,3.0,14,True
2026-08-15,Analyst Verdict Pick,17:13 Lingfield,Sea Of Charm,17.0,2.0,9,True
2026-08-15,Control: favourite,17:13 Lingfield,Belle Of Kt,2.38,1.0,9,True
2026-08-15,Analyst Verdict Pick,17:15 Perth,Game Shadow,2.63,1.0,4,False
2026-08-15,Control: favourite,17:15 Perth,Downtown Nashville,2.2,2.0,4,False
2026-08-15,Analyst Verdict Pick,17:20 Doncaster,Sound Gloria,1.83,2.0,8,True
2026-08-15,Control: favourite,17:20 Doncaster,Sound Gloria,1.83,2.0,8,True
2026-08-15,Analyst Verdict Pick,17:25 Tramore,Solness,2.2,2.0,10,False
2026-08-15,Control: favourite,17:25 Tramore,Solness,2.2,2.0,10,False
2026-08-15,Analyst Verdict Pick,17:30 Market Rasen,Park Hall,4.0,6.0,10,False
2026-08-15,Control: favourite,17:30 Market Rasen,Centurion's Sister,3.75,1.0,10,False
2026-08-15,Analyst Verdict Pick,17:46 Lingfield,Uncle Frank,2.2,1.0,11,False
2026-08-15,Control: favourite,17:46 Lingfield,Uncle Frank,2.2,1.0,11,False
2026-08-15,Analyst Verdict Pick,17:55 Tramore,Maxminelli,4.33,4.0,8,False
2026-08-15,Control: favourite,17:55 Tramore,Rodeo Blues,2.75,5.0,8,False
2026-08-15,Analyst Verdict Pick,18:04 Market Rasen,Eternal Angel,1.57,2.0,4,False
2026-08-15,Control: favourite,18:04 Market Rasen,Eternal Angel,1.57,2.0,4,False
2026-08-15,Analyst Verdict Pick,18:16 Lingfield,Wyle Cop,1.44,1.0,4,True
2026-08-15,Control: favourite,18:16 Lingfield,Wyle Cop,1.44,1.0,4,True
2026-08-15,Analyst Verdict Pick,18:25 Tramore,Limestone Red,11.0,3.0,11,True
2026-08-15,Control: favourite,18:25 Tramore,Stepdance,3.5,4.0,11,True
2026-08-15,Analyst Verdict Pick,18:34 Market Rasen,Dog Fox,4.5,6.0,8,True
2026-08-15,Control: favourite,18:34 Market Rasen,Ghasham,4.33,3.0,8,True
2026-08-15,Analyst Verdict Pick,18:46 Lingfield,Logi Bear,3.25,1.0,8,True
2026-08-15,Control: favourite,18:46 Lingfield,Logi Bear,3.25,1.0,8,True
2026-08-15,Analyst Verdict Pick,18:55 Tramore,Rakki,4.5,1.0,7,True
2026-08-15,Control: favourite,18:55 Tramore,Churchwarden,3.0,3.0,7,True
2026-08-15,Analyst Verdict Pick,19:04 Market Rasen,Belvedere Blast,4.33,5.0,6,True
2026-08-15,Control: favourite,19:04 Market Rasen,Ernest Gray,4.0,2.0,6,True
2026-08-15,Analyst Verdict Pick,19:16 Lingfield,Sansanetti,1.91,1.0,8,True
2026-08-15,Control: favourite,19:16 Lingfield,Sansanetti,1.91,1.0,8,True
2026-08-15,Analyst Verdict Pick,19:25 Tramore,Spasiba,4.0,1.0,9,True
2026-08-15,Control: favourite,19:25 Tramore,Delta,3.25,4.0,9,True
2026-08-15,Analyst Verdict Pick,19:34 Market Rasen,Huit Reflets,,,8,True
2026-08-15,Control: favourite,19:34 Market Rasen,Huckleberry Sting,2.1,1.0,8,True
2026-08-15,Analyst Verdict Pick,19:46 Lingfield,Fallacious Promise,1.5,1.0,6,True
2026-08-15,Control: favourite,19:46 Lingfield,Fallacious Promise,1.5,1.0,6,True
2026-08-15,Analyst Verdict Pick,19:55 Tramore,Vervain,7.0,5.0,14,True
2026-08-15,Control: favourite,19:55 Tramore,Bynx,3.0,4.0,14,True
2026-08-15,Analyst Verdict Pick,20:04 Market Rasen,Ashdown Forest,2.88,3.0,10,True
2026-08-15,Control: favourite,20:04 Market Rasen,Ashdown Forest,2.88,3.0,10,True
2026-08-16,Analyst Verdict Pick,13:30 Southwell,Cliff Danger,7.0,1.0,12,True
2026-08-16,Control: favourite,13:30 Southwell,Astrological,2.38,2.0,12,True
2026-08-16,Analyst Verdict Pick,13:35 Curragh,Banks Of The Boyne,4.5,4.0,9,True
2026-08-16,Control: favourite,13:35 Curragh,Banks Of The Boyne,4.5,4.0,9,True
2026-08-16,Analyst Verdict Pick,13:45 Tramore,Speed For Fun,2.5,2.0,10,False
2026-08-16,Control: favourite,13:45 Tramore,Speed For Fun,2.5,2.0,10,False
2026-08-16,Analyst Verdict Pick,14:00 Southwell,Tardaff,11.0,9.0,14,True
2026-08-16,Control: favourite,14:00 Southwell,Ribston Pippin,5.0,10.0,14,True
2026-08-16,Analyst Verdict Pick,14:10 Curragh,The Pipeman,6.0,7.0,19,False
2026-08-16,Control: favourite,14:10 Curragh,Coincidenza,2.88,9.0,19,False
2026-08-16,Analyst Verdict Pick,14:20 Tramore,Surviving Murmansk,6.0,10.0,16,True
2026-08-16,Control: favourite,14:20 Tramore,Ina Mina,4.0,1.0,16,True
2026-08-16,Analyst Verdict Pick,14:35 Southwell,Palladas,1.18,1.0,11,False
2026-08-16,Control: favourite,14:35 Southwell,Palladas,1.18,1.0,11,False
2026-08-16,Analyst Verdict Pick,14:45 Curragh,Bundle Of Interest,9.5,7.0,16,True
2026-08-16,Control: favourite,14:45 Curragh,Neo Smart,4.5,6.0,16,True
2026-08-16,Analyst Verdict Pick,14:55 Tramore,Lady Lena,1.83,1.0,11,False
2026-08-16,Control: favourite,14:55 Tramore,Lady Lena,1.83,1.0,11,False
2026-08-16,Analyst Verdict Pick,15:10 Southwell,Prosperity,1.67,1.0,11,False
2026-08-16,Control: favourite,15:10 Southwell,Prosperity,1.67,1.0,11,False
2026-08-16,Analyst Verdict Pick,15:20 Curragh,Zarak Pasha,2.5,1.0,11,False
2026-08-16,Control: favourite,15:20 Curragh,Thomas Chippendale,2.38,6.0,11,False
2026-08-16,Analyst Verdict Pick,15:30 Tramore,La Note Verte,2.63,1.0,9,False
2026-08-16,Control: favourite,15:30 Tramore,La Note Verte,2.63,1.0,9,False
2026-08-16,Analyst Verdict Pick,15:40 Southwell,Valvano,6.0,1.0,14,True
2026-08-16,Control: favourite,15:40 Southwell,Sovereign Ocean,4.33,2.0,14,True
2026-08-16,Analyst Verdict Pick,15:45 Pontefract,Varzi,1.8,1.0,5,False
2026-08-16,Control: favourite,15:45 Pontefract,Varzi,1.8,1.0,5,False
2026-08-16,Analyst Verdict Pick,15:55 Curragh,Blackjack Hills,7.5,8.0,12,True
2026-08-16,Control: favourite,15:55 Curragh,Thyer,4.0,2.0,12,True
2026-08-16,Analyst Verdict Pick,16:05 Tramore,A Snow White Park,5.5,1.0,10,True
2026-08-16,Control: favourite,16:05 Tramore,A Snow White Park,5.5,1.0,10,True
2026-08-16,Analyst Verdict Pick,16:10 Southwell,Space Party,4.0,3.0,10,False
2026-08-16,Control: favourite,16:10 Southwell,Poison Arrow,3.0,2.0,10,False
2026-08-16,Analyst Verdict Pick,16:15 Pontefract,Si Grass,5.0,5.0,5,True
2026-08-16,Control: favourite,16:15 Pontefract,Luna Celeste,2.88,1.0,5,True
2026-08-16,Analyst Verdict Pick,16:25 Curragh,A Boy Named Susie,1.14,1.0,5,False
2026-08-16,Control: favourite,16:25 Curragh,A Boy Named Susie,1.14,1.0,5,False
2026-08-16,Analyst Verdict Pick,16:35 Tramore,Bossing It,4.33,5.0,10,True
2026-08-16,Control: favourite,16:35 Tramore,Bossing It,4.33,5.0,10,True
2026-08-16,Analyst Verdict Pick,16:40 Southwell,Black Orchid,5.5,2.0,9,False
2026-08-16,Control: favourite,16:40 Southwell,Yordan,2.2,1.0,9,False
2026-08-16,Analyst Verdict Pick,16:45 Pontefract,America Queen,2.1,1.0,11,False
2026-08-16,Control: favourite,16:45 Pontefract,America Queen,2.1,1.0,11,False
2026-08-16,Analyst Verdict Pick,16:55 Curragh,Armor Supreme,2.63,1.0,10,False
2026-08-16,Control: favourite,16:55 Curragh,Armor Supreme,2.63,1.0,10,False
2026-08-16,Analyst Verdict Pick,17:05 Tramore,Myluckymaker,3.0,2.0,12,False
2026-08-16,Control: favourite,17:05 Tramore,Village Dream,1.8,1.0,12,False
2026-08-16,Analyst Verdict Pick,17:10 Southwell,Massimo Blue,6.0,1.0,14,True
2026-08-16,Control: favourite,17:10 Southwell,Tough Enough,4.33,7.0,14,True
2026-08-16,Analyst Verdict Pick,17:15 Pontefract,High Degree,2.5,1.0,8,True
2026-08-16,Control: favourite,17:15 Pontefract,High Degree,2.5,1.0,8,True
2026-08-16,Analyst Verdict Pick,17:25 Curragh,Bold Optimist,5.0,3.0,12,True
2026-08-16,Control: favourite,17:25 Curragh,Happy Henry,4.33,9.0,12,True
2026-08-16,Control: favourite,17:40 Southwell,Ashj'Aa (A),1.67,3.0,4,True
2026-08-16,Analyst Verdict Pick,17:45 Pontefract,Kylian,10.0,4.0,8,True
2026-08-16,Control: favourite,17:45 Pontefract,Fluorescence,3.0,1.0,8,True
2026-08-16,Analyst Verdict Pick,18:15 Pontefract,Letsbefrank,5.5,1.0,6,True
2026-08-16,Control: favourite,18:15 Pontefract,Campeona,2.5,2.0,6,True
2026-08-16,Analyst Verdict Pick,18:45 Pontefract,Veblen Good,3.5,4.0,9,True
2026-08-16,Control: favourite,18:45 Pontefract,Alfa Whiteburd,3.5,6.0,9,True
2026-08-17,Analyst Verdict Pick,14:15 Catterick Bridge,Stellarmasterpiece,4.5,1.0,7,True
2026-08-17,Control: favourite,14:15 Catterick Bridge,Austrian Theory,3.25,3.0,7,True
2026-08-17,Analyst Verdict Pick,14:30 Lingfield,Magical Life,6.5,4.0,6,False
2026-08-17,Control: favourite,14:30 Lingfield,Pequenita,1.91,2.0,6,False
2026-08-17,Analyst Verdict Pick,14:45 Catterick Bridge,So Tempting,7.5,5.0,8,False
2026-08-17,Control: favourite,14:45 Catterick Bridge,Harry's Pop,3.0,1.0,8,False
2026-08-17,Analyst Verdict Pick,15:00 Lingfield,Justice Court,2.5,8.0,10,False
2026-08-17,Control: favourite,15:00 Lingfield,Justice Court,2.5,8.0,10,False
2026-08-17,Analyst Verdict Pick,15:15 Catterick Bridge,Papa Don't Preach,7.0,6.0,9,True
2026-08-17,Control: favourite,15:15 Catterick Bridge,Edmond Halley,3.25,3.0,9,True
2026-08-17,Analyst Verdict Pick,15:30 Lingfield,Le Rouge Chinois,2.63,2.0,6,True
2026-08-17,Control: favourite,15:30 Lingfield,Belle Of Kt,1.57,3.0,6,True
2026-08-17,Analyst Verdict Pick,15:45 Catterick Bridge,Night Shining,1.57,2.0,6,False
2026-08-17,Control: favourite,15:45 Catterick Bridge,Night Shining,1.57,2.0,6,False
2026-08-17,Analyst Verdict Pick,16:00 Lingfield,Veil Of Clouds,1.57,1.0,5,True
2026-08-17,Control: favourite,16:00 Lingfield,Veil Of Clouds,1.57,1.0,5,True
2026-08-17,Analyst Verdict Pick,16:15 Catterick Bridge,Tees Aggregates,6.5,10.0,11,True
2026-08-17,Control: favourite,16:15 Catterick Bridge,Staniel Cay,4.33,4.0,11,True
2026-08-17,Analyst Verdict Pick,16:30 Lingfield,Pure Passion,1.5,1.0,6,True
2026-08-17,Control: favourite,16:30 Lingfield,Pure Passion,1.5,1.0,6,True
2026-08-17,Analyst Verdict Pick,16:45 Catterick Bridge,Evocative Spark,10.0,9.0,10,True
2026-08-17,Control: favourite,16:45 Catterick Bridge,Runninsonofagun,3.5,6.0,10,True
2026-08-17,Analyst Verdict Pick,17:00 Lingfield,Hove Ranger,4.0,1.0,8,True
2026-08-17,Control: favourite,17:00 Lingfield,Boston Run,3.5,2.0,8,True
2026-08-17,Analyst Verdict Pick,17:10 Wolverhampton,Ziggy's Queen,21.0,9.0,10,True
2026-08-17,Control: favourite,17:10 Wolverhampton,So Sassy,4.0,1.0,10,True
2026-08-17,Analyst Verdict Pick,17:20 Windsor,Sunlit Sea,7.0,3.0,9,True
2026-08-17,Control: favourite,17:20 Windsor,South Shore,4.33,2.0,9,True
2026-08-17,Analyst Verdict Pick,17:40 Wolverhampton,Halcon,5.0,6.0,9,False
2026-08-17,Control: favourite,17:40 Wolverhampton,Forest Berry,3.25,1.0,9,False
2026-08-17,Analyst Verdict Pick,17:55 Windsor,Mithaaly,1.44,1.0,11,False
2026-08-17,Control: favourite,17:55 Windsor,Mithaaly,1.44,1.0,11,False
2026-08-17,Analyst Verdict Pick,18:10 Wolverhampton,Sydney Grace,6.5,2.0,10,False
2026-08-17,Control: favourite,18:10 Wolverhampton,Horndean,5.0,6.0,10,False
2026-08-17,Analyst Verdict Pick,18:25 Windsor,Paper View,5.0,3.0,6,False
2026-08-17,Control: favourite,18:25 Windsor,Sky Secret,2.63,5.0,6,False
2026-08-17,Analyst Verdict Pick,18:40 Wolverhampton,Rex Regum,4.0,2.0,10,False
2026-08-17,Control: favourite,18:40 Wolverhampton,Invincible Isaac,4.0,3.0,10,False
2026-08-17,Analyst Verdict Pick,18:55 Windsor,Ray Mon Dough,2.5,8.0,9,True
2026-08-17,Control: favourite,18:55 Windsor,Ray Mon Dough,2.5,8.0,9,True
2026-08-17,Analyst Verdict Pick,19:10 Wolverhampton,Style King,3.5,2.0,10,True
2026-08-17,Control: favourite,19:10 Wolverhampton,Style King,3.5,2.0,10,True
2026-08-17,Analyst Verdict Pick,19:25 Windsor,Yes Waliim,5.0,2.0,12,True
2026-08-17,Control: favourite,19:25 Windsor,Jackie Brown,4.0,6.0,12,True
2026-08-17,Analyst Verdict Pick,19:40 Wolverhampton,Megaphone,5.0,6.0,9,False
2026-08-17,Control: favourite,19:40 Wolverhampton,Alafdhal,4.5,7.0,9,False
2026-08-17,Analyst Verdict Pick,19:55 Windsor,Highland Harvey,3.25,3.0,9,True
2026-08-17,Control: favourite,19:55 Windsor,Highland Harvey,3.25,3.0,9,True
2026-08-17,Analyst Verdict Pick,20:10 Wolverhampton,James Choice,2.25,2.0,11,True
2026-08-17,Control: favourite,20:10 Wolverhampton,James Choice,2.25,2.0,11,True
2026-08-18,Analyst Verdict Pick,14:15 Chepstow,Hope Rising,1.06,1.0,2,True
2026-08-18,Control: favourite,14:15 Chepstow,Hope Rising,1.06,1.0,2,True
2026-08-18,Analyst Verdict Pick,14:30 Lingfield,Circuit Breaker,2.0,4.0,8,True
2026-08-18,Control: favourite,14:30 Lingfield,Circuit Breaker,2.0,4.0,8,True
2026-08-18,Analyst Verdict Pick,14:45 Chepstow,Soeur De Flash,3.0,3.0,8,False
2026-08-18,Control: favourite,14:45 Chepstow,Delighfully Hot,3.0,4.0,8,False
2026-08-18,Analyst Verdict Pick,15:00 Lingfield,Romotoso,1.73,2.0,10,False
2026-08-18,Control: favourite,15:00 Lingfield,Romotoso,1.73,2.0,10,False
2026-08-18,Analyst Verdict Pick,15:15 Chepstow,Grove Street,1.4,2.0,6,False
2026-08-18,Control: favourite,15:15 Chepstow,Grove Street,1.4,2.0,6,False
2026-08-18,Analyst Verdict Pick,15:33 Lingfield,Charles Morin,5.5,1.0,10,False
2026-08-18,Control: favourite,15:33 Lingfield,Pride Eye,3.75,5.0,10,False
2026-08-18,Analyst Verdict Pick,15:50 Chepstow,Risen Again,9.5,2.0,8,True
2026-08-18,Control: favourite,15:50 Chepstow,Law Of Design,3.75,5.0,8,True
2026-08-18,Analyst Verdict Pick,16:08 Lingfield,My Old Mate,1.91,3.0,7,True
2026-08-18,Control: favourite,16:08 Lingfield,My Old Mate,1.91,3.0,7,True
2026-08-18,Analyst Verdict Pick,16:25 Chepstow,Von Trotter,3.75,2.0,7,True
2026-08-18,Control: favourite,16:25 Chepstow,Von Trotter,3.75,2.0,7,True
2026-08-18,Analyst Verdict Pick,16:45 Lingfield,Zaltalla,5.0,5.0,12,False
2026-08-18,Control: favourite,16:45 Lingfield,Edergole's Gift,4.0,4.0,12,False
2026-08-18,Analyst Verdict Pick,17:00 Chepstow,Arnaz,2.2,1.0,10,True
2026-08-18,Control: favourite,17:00 Chepstow,Arnaz,2.2,1.0,10,True
2026-08-18,Analyst Verdict Pick,17:10 Roscommon,She's Ideal,2.25,3.0,11,False
2026-08-18,Control: favourite,17:10 Roscommon,She's Ideal,2.25,3.0,11,False
2026-08-18,Analyst Verdict Pick,17:20 Lingfield,Rovinia,1.83,1.0,11,False
2026-08-18,Control: favourite,17:20 Lingfield,Rovinia,1.83,1.0,11,False
2026-08-18,Analyst Verdict Pick,17:30 Wolverhampton,Saifo,3.25,2.0,6,False
2026-08-18,Control: favourite,17:30 Wolverhampton,Franschhoek,1.53,1.0,6,False
2026-08-18,Analyst Verdict Pick,17:45 Roscommon,Eighteenth Smiles,9.5,3.0,12,False
2026-08-18,Control: favourite,17:45 Roscommon,Someday Somewhere,3.13,4.0,12,False
2026-08-18,Analyst Verdict Pick,17:52 Lingfield,Happier,4.0,2.0,10,True
2026-08-18,Control: favourite,17:52 Lingfield,Dashing Donkey,3.5,3.0,10,True
2026-08-18,Analyst Verdict Pick,18:00 Wolverhampton,Javelot,2.0,1.0,12,False
2026-08-18,Control: favourite,18:00 Wolverhampton,Javelot,2.0,1.0,12,False
2026-08-18,Analyst Verdict Pick,18:15 Roscommon,Seven Nation Army,3.25,2.0,9,False
2026-08-18,Control: favourite,18:15 Roscommon,Seven Nation Army,3.25,2.0,9,False
2026-08-18,Analyst Verdict Pick,18:22 Lingfield,Von Krolock,7.0,1.0,9,True
2026-08-18,Control: favourite,18:22 Lingfield,My Mate Kev,3.25,2.0,9,True
2026-08-18,Analyst Verdict Pick,18:30 Wolverhampton,Spaceman,3.0,1.0,10,True
2026-08-18,Control: favourite,18:30 Wolverhampton,Spaceman,3.0,1.0,10,True
2026-08-18,Analyst Verdict Pick,18:45 Roscommon,Almeiyda,3.0,7.0,16,False
2026-08-18,Control: favourite,18:45 Roscommon,Almeiyda,3.0,7.0,16,False
2026-08-18,Analyst Verdict Pick,19:00 Wolverhampton,Sailor's Return,,,10,True
2026-08-18,Control: favourite,19:00 Wolverhampton,Samra Star,3.0,7.0,10,True
2026-08-18,Analyst Verdict Pick,19:15 Roscommon,Contrary To Law,4.5,6.0,16,True
2026-08-18,Control: favourite,19:15 Roscommon,Contrary To Law,4.5,6.0,16,True
2026-08-18,Analyst Verdict Pick,19:30 Wolverhampton,Sargent Dennis,4.33,8.0,8,True
2026-08-18,Control: favourite,19:30 Wolverhampton,Acclaimed Freedom,2.1,2.0,8,True
2026-08-18,Analyst Verdict Pick,19:45 Roscommon,Almazann,2.25,2.0,16,False
2026-08-18,Control: favourite,19:45 Roscommon,Magnum Cor,2.0,1.0,16,False
2026-08-18,Analyst Verdict Pick,20:00 Wolverhampton,Flash Kozo,4.5,2.0,9,True
2026-08-18,Control: favourite,20:00 Wolverhampton,Heroics,2.25,1.0,9,True
2026-08-18,Analyst Verdict Pick,20:15 Roscommon,Coulstys Way,4.5,9.0,16,True
2026-08-18,Control: favourite,20:15 Roscommon,Coulstys Way,4.5,9.0,16,True
2026-08-19,Analyst Verdict Pick,13:50 York,Corolla Point,6.0,2.0,22,True
2026-08-19,Control: favourite,13:50 York,Corolla Point,6.0,2.0,22,True
2026-08-19,Analyst Verdict Pick,14:05 Carlisle,Guadalevin,2.2,2.0,7,False
2026-08-19,Control: favourite,14:05 Carlisle,Guadalevin,2.2,2.0,7,False
2026-08-19,Analyst Verdict Pick,14:25 York,Haffner,2.38,1.0,11,False
2026-08-19,Control: favourite,14:25 York,Haffner,2.38,1.0,11,False
2026-08-19,Analyst Verdict Pick,14:38 Carlisle,Aleatrix,,,4,False
2026-08-19,Control: favourite,14:38 Carlisle,Peace Belle,1.44,2.0,4,False
2026-08-19,Analyst Verdict Pick,15:00 York,Pierre Bonnard,4.33,2.0,6,False
2026-08-19,Control: favourite,15:00 York,Christmas Day,2.5,3.0,6,False
2026-08-19,Analyst Verdict Pick,15:13 Carlisle,Fate's Gambit,9.0,4.0,10,True
2026-08-19,Control: favourite,15:13 Carlisle,Reenie's Dream,3.5,8.0,10,True
2026-08-19,Analyst Verdict Pick,15:35 York,Ombudsman,1.83,4.0,9,False
2026-08-19,Control: favourite,15:35 York,Ombudsman,1.83,4.0,9,False
2026-08-19,Analyst Verdict Pick,15:48 Carlisle,Hey Havana,2.38,4.0,9,True
2026-08-19,Control: favourite,15:48 Carlisle,Hey Havana,2.38,4.0,9,True
2026-08-19,Analyst Verdict Pick,16:10 York,Kirchner,5.0,6.0,17,True
2026-08-19,Control: favourite,16:10 York,Small Fry,3.0,1.0,17,True
2026-08-19,Analyst Verdict Pick,16:20 Carlisle,Misunderstood,6.5,5.0,12,True
2026-08-19,Control: favourite,16:20 Carlisle,Native Instinct,4.33,4.0,12,True
2026-08-19,Analyst Verdict Pick,16:45 York,Schrodinger's Cat,7.5,6.0,19,True
2026-08-19,Control: favourite,16:45 York,Naana's Shadow,5.0,3.0,19,True
2026-08-19,Analyst Verdict Pick,16:55 Carlisle,Yellow Diamonds,2.88,2.0,8,True
2026-08-19,Control: favourite,16:55 Carlisle,Yellow Diamonds,2.88,2.0,8,True
2026-08-19,Analyst Verdict Pick,17:02 Worcester,Muskerry Rock,5.5,,6,True
2026-08-19,Control: favourite,17:02 Worcester,Smugglers Haven,2.75,3.0,6,True
2026-08-19,Analyst Verdict Pick,17:07 Sligo,Cotswold Blue,1.62,2.0,9,False
2026-08-19,Control: favourite,17:07 Sligo,Cotswold Blue,1.62,2.0,9,False
2026-08-19,Analyst Verdict Pick,17:20 York,Henley On Thames,5.0,1.0,22,False
2026-08-19,Control: favourite,17:20 York,Henley On Thames,5.0,1.0,22,False
2026-08-19,Analyst Verdict Pick,17:25 Kempton Park,Withtearsinmyeyes,1.8,2.0,9,False
2026-08-19,Control: favourite,17:25 Kempton Park,Withtearsinmyeyes,1.8,2.0,9,False
2026-08-19,Analyst Verdict Pick,17:30 Carlisle,Keep An Eye On It,3.75,2.0,11,True
2026-08-19,Control: favourite,17:30 Carlisle,Keep An Eye On It,3.75,2.0,11,True
2026-08-19,Analyst Verdict Pick,17:33 Worcester,Mr Mcwhinny,2.88,4.0,10,True
2026-08-19,Control: favourite,17:33 Worcester,Mr Mcwhinny,2.88,4.0,10,True
2026-08-19,Analyst Verdict Pick,17:42 Sligo,Fremantle Doctor,4.33,2.0,13,True
2026-08-19,Control: favourite,17:42 Sligo,Granlahan,3.75,4.0,13,True
2026-08-19,Analyst Verdict Pick,17:58 Kempton Park,Beach Ahead,26.0,6.0,13,False
2026-08-19,Control: favourite,17:58 Kempton Park,Sakowin,3.25,1.0,13,False
2026-08-19,Analyst Verdict Pick,18:03 Worcester,Sparkling Water,2.88,9.0,15,False
2026-08-19,Control: favourite,18:03 Worcester,Sparkling Water,2.88,9.0,15,False
2026-08-19,Analyst Verdict Pick,18:17 Sligo,Kisuton Enki,2.5,5.0,8,False
2026-08-19,Control: favourite,18:17 Sligo,Kisuton Enki,2.5,5.0,8,False
2026-08-19,Analyst Verdict Pick,18:30 Kempton Park,Algaihabane,2.1,7.0,13,False
2026-08-19,Control: favourite,18:30 Kempton Park,Algaihabane,2.1,7.0,13,False
2026-08-19,Analyst Verdict Pick,18:38 Worcester,Handmedownastar,,,12,False
2026-08-19,Control: favourite,18:38 Worcester,Newbrook Diamond,3.25,5.0,12,False
2026-08-19,Analyst Verdict Pick,18:48 Sligo,Phoenix Arizona,4.5,8.0,18,True
2026-08-19,Control: favourite,18:48 Sligo,Phoenix Arizona,4.5,8.0,18,True
2026-08-19,Analyst Verdict Pick,19:00 Kempton Park,Feelin' Free,21.0,5.0,12,False
2026-08-19,Control: favourite,19:00 Kempton Park,Bankatary,3.5,6.0,12,False
2026-08-19,Analyst Verdict Pick,19:08 Worcester,Starshine Legend,15.0,1.0,10,True
2026-08-19,Control: favourite,19:08 Worcester,Gone In Sixty,4.33,4.0,10,True
2026-08-19,Analyst Verdict Pick,19:18 Sligo,Harpy Eagle,4.33,2.0,11,True
2026-08-19,Control: favourite,19:18 Sligo,Harpy Eagle,4.33,2.0,11,True
2026-08-19,Analyst Verdict Pick,19:30 Kempton Park,Lake Como,2.75,4.0,10,True
2026-08-19,Control: favourite,19:30 Kempton Park,Lake Como,2.75,4.0,10,True
2026-08-19,Analyst Verdict Pick,19:38 Worcester,Onehundredneighty,,,10,True
2026-08-19,Control: favourite,19:38 Worcester,Crafty Gael,4.0,2.0,10,True
2026-08-19,Analyst Verdict Pick,19:48 Sligo,Strong Contender,5.0,1.0,12,True
2026-08-19,Control: favourite,19:48 Sligo,Strong Contender,5.0,1.0,12,True
2026-08-19,Analyst Verdict Pick,20:00 Kempton Park,Racingbreaks Ryder,5.5,8.0,10,True
2026-08-19,Control: favourite,20:00 Kempton Park,Exposure,3.25,4.0,10,True
2026-08-19,Analyst Verdict Pick,20:08 Worcester,The Great Escape,5.0,9.0,17,True
2026-08-19,Control: favourite,20:08 Worcester,Mancero,2.88,8.0,17,True
2026-08-19,Analyst Verdict Pick,20:18 Sligo,Run For Fun,3.0,2.0,8,False
2026-08-19,Control: favourite,20:18 Sligo,Orderly Conduct,2.75,3.0,8,False
2026-08-19,Analyst Verdict Pick,20:30 Kempton Park,Cavolo Nero,2.63,1.0,9,True
2026-08-19,Control: favourite,20:30 Kempton Park,Cavolo Nero,2.63,1.0,9,True
2026-08-19,Analyst Verdict Pick,21:00 Kempton Park,Obsidian Verse,5.0,8.0,11,True
2026-08-19,Control: favourite,21:00 Kempton Park,Obsidian Verse,5.0,8.0,11,True
2026-08-20,Analyst Verdict Pick,13:50 York,Libertango,4.0,1.0,19,False
2026-08-20,Control: favourite,13:50 York,Star Of State,3.25,2.0,19,False
2026-08-20,Analyst Verdict Pick,14:00 Newmarket,Minkaas,2.0,1.0,6,False
2026-08-20,Control: favourite,14:00 Newmarket,Minkaas,2.0,1.0,6,False
2026-08-20,Analyst Verdict Pick,14:10 Lingfield,Inglewood,1.67,2.0,9,False
2026-08-20,Control: favourite,14:10 Lingfield,Inglewood,1.67,2.0,9,False
2026-08-20,Analyst Verdict Pick,14:25 York,Sun Goddess,2.0,1.0,22,False
2026-08-20,Control: favourite,14:25 York,Sun Goddess,2.0,1.0,22,False
2026-08-20,Analyst Verdict Pick,14:35 Newmarket,Tie A Navyribbon,4.33,1.0,6,False
2026-08-20,Control: favourite,14:35 Newmarket,Missouri Waltz,2.5,2.0,6,False
2026-08-20,Analyst Verdict Pick,14:45 Lingfield,One Number,1.8,1.0,8,False
2026-08-20,Control: favourite,14:45 Lingfield,One Number,1.8,1.0,8,False
2026-08-20,Analyst Verdict Pick,15:00 York,Centigrade,3.5,6.0,17,True
2026-08-20,Control: favourite,15:00 York,Centigrade,3.5,6.0,17,True
2026-08-20,Analyst Verdict Pick,15:10 Newmarket,Venetian Lion,3.25,1.0,8,True
2026-08-20,Control: favourite,15:10 Newmarket,Glen Nevis,3.25,2.0,8,True
2026-08-20,Analyst Verdict Pick,15:20 Lingfield,Ocean Force,2.88,6.0,12,True
2026-08-20,Control: favourite,15:20 Lingfield,Ocean Force,2.88,6.0,12,True
2026-08-20,Analyst Verdict Pick,15:35 York,Kalpana,1.91,1.0,9,False
2026-08-20,Control: favourite,15:35 York,Kalpana,1.91,1.0,9,False
2026-08-20,Analyst Verdict Pick,15:45 Newmarket,Round The Table,3.0,5.0,6,True
2026-08-20,Control: favourite,15:45 Newmarket,Race To The Stars,2.88,1.0,6,True
2026-08-20,Analyst Verdict Pick,15:55 Lingfield,Gunfighter,5.0,5.0,14,True
2026-08-20,Control: favourite,15:55 Lingfield,Gunfighter,5.0,5.0,14,True
2026-08-20,Analyst Verdict Pick,16:10 York,Morrophore,6.5,10.0,15,False
2026-08-20,Control: favourite,16:10 York,Vauntingly,4.33,5.0,15,False
2026-08-20,Analyst Verdict Pick,16:20 Newmarket,Cherry Cobbler,2.38,2.0,10,True
2026-08-20,Control: favourite,16:20 Newmarket,Cherry Cobbler,2.38,2.0,10,True
2026-08-20,Analyst Verdict Pick,16:30 Lingfield,Pennine Way,5.0,8.0,12,True
2026-08-20,Control: favourite,16:30 Lingfield,Royal County Glory,3.25,2.0,12,True
2026-08-20,Analyst Verdict Pick,16:35 Killarney,Harmani,4.0,,11,False
2026-08-20,Control: favourite,16:35 Killarney,Sea Of Dubka,2.25,1.0,11,False
2026-08-20,Analyst Verdict Pick,16:45 York,Mia Fantasia,4.0,1.0,22,False
2026-08-20,Control: favourite,16:45 York,Mia Fantasia,4.0,1.0,22,False
2026-08-20,Control: favourite,16:51 Newmarket,Jack Langley,3.5,4.0,5,True
2026-08-20,Analyst Verdict Pick,16:56 Leopardstown,So Lovely,1.4,1.0,15,False
2026-08-20,Control: favourite,16:56 Leopardstown,So Lovely,1.4,1.0,15,False
2026-08-20,Analyst Verdict Pick,17:01 Lingfield,Fiorella Princess,3.5,2.0,8,True
2026-08-20,Control: favourite,17:01 Lingfield,Fiorella Princess,3.5,2.0,8,True
2026-08-20,Analyst Verdict Pick,17:08 Killarney,Gino Bella,4.5,3.0,10,True
2026-08-20,Control: favourite,17:08 Killarney,Autumn Twist,4.5,1.0,10,True
2026-08-20,Analyst Verdict Pick,17:20 York,Starlight Lass,4.0,10.0,21,True
2026-08-20,Control: favourite,17:20 York,Starlight Lass,4.0,10.0,21,True
2026-08-20,Analyst Verdict Pick,17:27 Leopardstown,Banks Of The Boyne,3.25,1.0,16,False
2026-08-20,Control: favourite,17:27 Leopardstown,Banks Of The Boyne,3.25,1.0,16,False
2026-08-20,Analyst Verdict Pick,17:35 Stratford-on-Avon,Porcupine Bank,1.3,2.0,2,False
2026-08-20,Control: favourite,17:35 Stratford-on-Avon,Porcupine Bank,1.3,2.0,2,False
2026-08-20,Analyst Verdict Pick,17:43 Killarney,Diamond Du Berlais,1.44,1.0,6,False
2026-08-20,Control: favourite,17:43 Killarney,Diamond Du Berlais,1.44,1.0,6,False
2026-08-20,Analyst Verdict Pick,18:00 Leopardstown,Faoladh,,,21,True
2026-08-20,Control: favourite,18:00 Leopardstown,Bear Right,4.0,4.0,21,True
2026-08-20,Analyst Verdict Pick,18:06 Stratford-on-Avon,Notnowlinda,6.5,4.0,5,True
2026-08-20,Control: favourite,18:06 Stratford-on-Avon,Rebel Tribesman,3.0,1.0,5,True
2026-08-20,Analyst Verdict Pick,18:13 Killarney,Lemmy Caution,5.0,4.0,8,False
2026-08-20,Control: favourite,18:13 Killarney,Affinity Rock,2.75,3.0,8,False
2026-08-20,Analyst Verdict Pick,18:19 Newcastle,Niffler,2.63,1.0,14,True
2026-08-20,Control: favourite,18:19 Newcastle,Niffler,2.63,1.0,14,True
2026-08-20,Analyst Verdict Pick,18:30 Leopardstown,Wyman,4.33,4.0,9,False
2026-08-20,Control: favourite,18:30 Leopardstown,Abbotsford,3.75,7.0,9,False
2026-08-20,Analyst Verdict Pick,18:36 Stratford-on-Avon,Captain Cool,3.25,1.0,6,True
2026-08-20,Control: favourite,18:36 Stratford-on-Avon,Captain Cool,3.25,1.0,6,True
2026-08-20,Analyst Verdict Pick,18:45 Killarney,Ladies Well,4.0,1.0,13,True
2026-08-20,Control: favourite,18:45 Killarney,Ladies Well,4.0,1.0,13,True
2026-08-20,Analyst Verdict Pick,18:54 Newcastle,Queen's Hame,1.53,2.0,9,False
2026-08-20,Control: favourite,18:54 Newcastle,Queen's Hame,1.53,2.0,9,False
2026-08-20,Analyst Verdict Pick,19:00 Leopardstown,Party Dress,,,12,True
2026-08-20,Control: favourite,19:00 Leopardstown,Ben Hur,2.75,1.0,12,True
2026-08-20,Analyst Verdict Pick,19:06 Stratford-on-Avon,Dunkerque,2.38,1.0,3,True
2026-08-20,Control: favourite,19:06 Stratford-on-Avon,Dunkerque,2.38,1.0,3,True
2026-08-20,Analyst Verdict Pick,19:15 Killarney,Miners Bridge,2.63,1.0,11,True
2026-08-20,Control: favourite,19:15 Killarney,Miners Bridge,2.63,1.0,11,True
2026-08-20,Analyst Verdict Pick,19:24 Newcastle,Spirited Gesture,1.17,1.0,8,False
2026-08-20,Control: favourite,19:24 Newcastle,Spirited Gesture,1.17,1.0,8,False
2026-08-20,Analyst Verdict Pick,19:30 Leopardstown,Goddess Of War,3.5,3.0,14,False
2026-08-20,Control: favourite,19:30 Leopardstown,Goddess Of War,3.5,3.0,14,False
2026-08-20,Analyst Verdict Pick,19:36 Stratford-on-Avon,Glenmalure Flyer,4.0,1.0,6,True
2026-08-20,Control: favourite,19:36 Stratford-on-Avon,Glenmalure Flyer,4.0,1.0,6,True
2026-08-20,Analyst Verdict Pick,19:45 Killarney,Femme Magnifique,,,9,True
2026-08-20,Analyst Verdict Pick,19:54 Newcastle,Influencer Man,5.0,4.0,6,False
2026-08-20,Control: favourite,19:54 Newcastle,Star People,2.75,2.0,6,False
2026-08-20,Analyst Verdict Pick,20:00 Leopardstown,Tachos,4.0,1.0,8,True
2026-08-20,Control: favourite,20:00 Leopardstown,Tachos,4.0,1.0,8,True
2026-08-20,Analyst Verdict Pick,20:06 Stratford-on-Avon,Berry Edge,,,12,True
2026-08-20,Control: favourite,20:06 Stratford-on-Avon,Reteti,4.33,1.0,12,True
2026-08-20,Analyst Verdict Pick,20:15 Killarney,Iron Sword,,,9,False
2026-08-20,Analyst Verdict Pick,20:24 Newcastle,Copper Knight,26.0,9.0,13,True
2026-08-20,Control: favourite,20:24 Newcastle,Lethal Nymph,4.0,1.0,13,True
2026-08-20,Analyst Verdict Pick,20:54 Newcastle,Gemini Star,9.5,10.0,14,True
2026-08-20,Control: favourite,20:54 Newcastle,Mount Ruapehu,5.0,8.0,14,True
2026-08-21,Analyst Verdict Pick,13:50 York,Zennor Storm,5.5,8.0,20,True
2026-08-21,Control: favourite,13:50 York,Zennor Storm,5.5,8.0,20,True
2026-08-21,Analyst Verdict Pick,14:00 Newmarket,Beguiled,1.33,1.0,7,False
2026-08-21,Control: favourite,14:00 Newmarket,Beguiled,1.33,1.0,7,False
2026-08-21,Analyst Verdict Pick,14:10 Ffos Las,Sixtygeesbaby,2.25,3.0,6,True
2026-08-21,Control: favourite,14:10 Ffos Las,Sixtygeesbaby,2.25,3.0,6,True
2026-08-21,Analyst Verdict Pick,14:25 York,Amiloc,4.33,7.0,9,False
2026-08-21,Control: favourite,14:25 York,Caballo De Mar,2.75,4.0,9,False
2026-08-21,Analyst Verdict Pick,14:35 Newmarket,Majestic Jude,3.0,1.0,6,False
2026-08-21,Control: favourite,14:35 Newmarket,Al Jabbar,1.44,2.0,6,False
2026-08-21,Analyst Verdict Pick,14:45 Ffos Las,Oviedo,1.5,1.0,7,True
2026-08-21,Control: favourite,14:45 Ffos Las,Oviedo,1.5,1.0,7,True
2026-08-21,Analyst Verdict Pick,15:00 York,Arapaho Gold,3.0,1.0,12,False
2026-08-21,Control: favourite,15:00 York,Marco Polo,2.63,8.0,12,False
2026-08-21,Analyst Verdict Pick,15:10 Newmarket,Shallow,4.0,2.0,8,True
2026-08-21,Control: favourite,15:10 Newmarket,Angel Shared,3.75,1.0,8,True
2026-08-21,Analyst Verdict Pick,15:20 Ffos Las,Korbut,1.62,1.0,3,False
2026-08-21,Control: favourite,15:20 Ffos Las,Korbut,1.62,1.0,3,False
2026-08-21,Analyst Verdict Pick,15:35 York,Bacio,4.0,1.0,18,False
2026-08-21,Control: favourite,15:35 York,Bacio,4.0,1.0,18,False
2026-08-21,Analyst Verdict Pick,15:45 Newmarket,Fanciulla Del West,3.0,5.0,5,True
2026-08-21,Control: favourite,15:45 Newmarket,Fanciulla Del West,3.0,5.0,5,True
2026-08-21,Analyst Verdict Pick,15:55 Ffos Las,Willowinghurn,6.0,3.0,12,True
2026-08-21,Control: favourite,15:55 Ffos Las,Diamond Ali,5.0,7.0,12,True
2026-08-21,Analyst Verdict Pick,16:10 York,French Duke,15.0,2.0,17,True
2026-08-21,Control: favourite,16:10 York,Primo Lara,4.33,4.0,17,True
2026-08-21,Analyst Verdict Pick,16:20 Newmarket,Rizal,1.73,4.0,4,True
2026-08-21,Control: favourite,16:20 Newmarket,Rizal,1.73,4.0,4,True
2026-08-21,Analyst Verdict Pick,16:30 Ffos Las,Gert Lush,3.5,2.0,11,False
2026-08-21,Control: favourite,16:30 Ffos Las,Gert Lush,3.5,2.0,11,False
2026-08-21,Analyst Verdict Pick,16:33 Hamilton Park,Pikachu,1.04,1.0,3,False
2026-08-21,Control: favourite,16:33 Hamilton Park,Pikachu,1.04,1.0,3,False
2026-08-21,Analyst Verdict Pick,16:45 York,Lancaster Tower,3.5,8.0,15,False
2026-08-21,Control: favourite,16:45 York,Oklahoma,2.63,7.0,15,False
2026-08-21,Analyst Verdict Pick,16:51 Newmarket,Ghisa,,,9,True
2026-08-21,Control: favourite,16:51 Newmarket,Allegrino,3.0,1.0,9,True
2026-08-21,Analyst Verdict Pick,16:56 Kilbeggan,Kimi De Mai,2.0,2.0,14,False
2026-08-21,Control: favourite,16:56 Kilbeggan,Kimi De Mai,2.0,2.0,14,False
2026-08-21,Analyst Verdict Pick,17:02 Ffos Las,Atalanta Mist,3.25,2.0,10,True
2026-08-21,Control: favourite,17:02 Ffos Las,Atalanta Mist,3.25,2.0,10,True
2026-08-21,Analyst Verdict Pick,17:07 Hamilton Park,Wild Dahlia,2.88,6.0,9,True
2026-08-21,Control: favourite,17:07 Hamilton Park,Wild Dahlia,2.88,6.0,9,True
2026-08-21,Analyst Verdict Pick,17:12 Killarney,Seaxburh,4.0,1.0,8,True
2026-08-21,Control: favourite,17:12 Killarney,Belicoso,2.5,5.0,8,True
2026-08-21,Analyst Verdict Pick,17:20 York,Silver Lake,2.1,1.0,17,True
2026-08-21,Control: favourite,17:20 York,Silver Lake,2.1,1.0,17,True
2026-08-21,Analyst Verdict Pick,17:27 Salisbury,Darvel,4.33,5.0,8,True
2026-08-21,Control: favourite,17:27 Salisbury,Darvel,4.33,5.0,8,True
2026-08-21,Analyst Verdict Pick,17:32 Kilbeggan,Rosie's Wings,3.0,3.0,9,False
2026-08-21,Control: favourite,17:32 Kilbeggan,Rosie's Wings,3.0,3.0,9,False
2026-08-21,Analyst Verdict Pick,17:40 Hamilton Park,Lord D'or,1.44,2.0,3,False
2026-08-21,Control: favourite,17:40 Hamilton Park,Lord D'or,1.44,2.0,3,False
2026-08-21,Analyst Verdict Pick,17:47 Killarney,Manton Bay,2.63,1.0,8,False
2026-08-21,Control: favourite,17:47 Killarney,Manton Bay,2.63,1.0,8,False
2026-08-21,Analyst Verdict Pick,17:57 Salisbury,Spirit Of Lyra,1.57,2.0,14,False
2026-08-21,Control: favourite,17:57 Salisbury,Spirit Of Lyra,1.57,2.0,14,False
2026-08-21,Analyst Verdict Pick,18:05 Kilbeggan,Diamond Tipp,5.0,7.0,16,True
2026-08-21,Control: favourite,18:05 Kilbeggan,Diamond Tipp,5.0,7.0,16,True
2026-08-21,Analyst Verdict Pick,18:15 Hamilton Park,Yabher,5.5,3.0,15,True
2026-08-21,Control: favourite,18:15 Hamilton Park,Tiernan,4.33,5.0,15,True
2026-08-21,Analyst Verdict Pick,18:20 Killarney,Hardy Warrior,2.38,3.0,11,False
2026-08-21,Control: favourite,18:20 Killarney,Hardy Warrior,2.38,3.0,11,False
2026-08-21,Analyst Verdict Pick,18:27 Salisbury,Kohana Nation,3.25,3.0,7,True
2026-08-21,Control: favourite,18:27 Salisbury,Kohana Nation,3.25,3.0,7,True
2026-08-21,Analyst Verdict Pick,18:35 Kilbeggan,Dad Sez,1.67,1.0,8,False
2026-08-21,Control: favourite,18:35 Kilbeggan,Dad Sez,1.67,1.0,8,False
2026-08-21,Analyst Verdict Pick,18:45 Hamilton Park,Eternal Sunshine,4.33,1.0,13,True
2026-08-21,Control: favourite,18:45 Hamilton Park,Eternal Sunshine,4.33,1.0,13,True
2026-08-21,Analyst Verdict Pick,18:50 Killarney,Sweet Baby Zou,9.0,3.0,10,True
2026-08-21,Control: favourite,18:50 Killarney,Chirac,4.5,4.0,10,True
2026-08-21,Analyst Verdict Pick,18:57 Salisbury,Violet Goldsmith,4.33,2.0,8,True
2026-08-21,Control: favourite,18:57 Salisbury,Footstepinthewoods,3.25,5.0,8,True
2026-08-21,Analyst Verdict Pick,19:05 Kilbeggan,Fr Gilligansvoyge,7.0,1.0,14,True
2026-08-21,Control: favourite,19:05 Kilbeggan,Lecale's Diamond,5.0,9.0,14,True
2026-08-21,Analyst Verdict Pick,19:15 Hamilton Park,Sir Garfield,4.0,8.0,11,True
2026-08-21,Control: favourite,19:15 Hamilton Park,Sir Garfield,4.0,8.0,11,True
2026-08-21,Analyst Verdict Pick,19:20 Killarney,Eagle Fang,4.0,8.0,13,True
2026-08-21,Control: favourite,19:20 Killarney,Eagle Fang,4.0,8.0,13,True
2026-08-21,Analyst Verdict Pick,19:27 Salisbury,Bintward,1.06,1.0,5,False
2026-08-21,Control: favourite,19:27 Salisbury,Bintward,1.06,1.0,5,False
2026-08-21,Analyst Verdict Pick,19:35 Kilbeggan,Charlie Luciano,3.5,2.0,9,True
2026-08-21,Control: favourite,19:35 Kilbeggan,Charlie Luciano,3.5,2.0,9,True
2026-08-21,Analyst Verdict Pick,19:45 Hamilton Park,Dandy Magic,5.0,3.0,10,True
2026-08-21,Control: favourite,19:45 Hamilton Park,City Captain,4.0,1.0,10,True
2026-08-21,Analyst Verdict Pick,19:50 Killarney,Lady Plimsoll,2.63,2.0,10,True
2026-08-21,Control: favourite,19:50 Killarney,Lady Plimsoll,2.63,2.0,10,True
2026-08-21,Analyst Verdict Pick,19:57 Salisbury,A Daughters Love,2.88,4.0,6,True
2026-08-21,Control: favourite,19:57 Salisbury,A Daughters Love,2.88,4.0,6,True
2026-08-21,Analyst Verdict Pick,20:05 Kilbeggan,Bellahill,5.0,2.0,11,False
2026-08-21,Control: favourite,20:05 Kilbeggan,Hill Silver,2.2,1.0,11,False
2026-08-21,Analyst Verdict Pick,20:15 Hamilton Park,Tanjen,2.38,3.0,13,True
2026-08-21,Control: favourite,20:15 Hamilton Park,Tanjen,2.38,3.0,13,True
2026-08-21,Analyst Verdict Pick,20:20 Killarney,Samui,6.5,4.0,8,False
2026-08-21,Control: favourite,20:20 Killarney,Ragmans Corner,2.1,1.0,8,False
2026-08-22,Analyst Verdict Pick,13:05 Curragh,Monogram,1.67,1.0,16,False
2026-08-22,Control: favourite,13:05 Curragh,Monogram,1.67,1.0,16,False
2026-08-22,Analyst Verdict Pick,13:25 Killarney,Airds Moss,3.75,4.0,17,False
2026-08-22,Control: favourite,13:25 Killarney,Kingstonian,2.88,3.0,17,False
2026-08-22,Analyst Verdict Pick,13:34 Newmarket,Walkin On The Moon,4.33,5.0,7,False
2026-08-22,Control: favourite,13:34 Newmarket,Great Balls O'Fire,2.5,1.0,7,False
2026-08-22,Analyst Verdict Pick,13:40 Curragh,Handani,3.5,3.0,14,False
2026-08-22,Control: favourite,13:40 Curragh,Acula,2.38,1.0,14,False
2026-08-22,Analyst Verdict Pick,13:50 York,Geryon,5.5,5.0,13,False
2026-08-22,Control: favourite,13:50 York,Damysus,3.75,4.0,13,False
2026-08-22,Control: favourite,13:55 Newton Abbot,Playful Fox,1.15,1.0,6,False
2026-08-22,Analyst Verdict Pick,14:00 Killarney,Golden Handshake,1.91,1.0,17,False
2026-08-22,Control: favourite,14:00 Killarney,Golden Handshake,1.91,1.0,17,False
2026-08-22,Analyst Verdict Pick,14:05 Chester,Rhoscolyn,7.0,10.0,14,True
2026-08-22,Control: favourite,14:05 Chester,Asuka,2.63,3.0,14,True
2026-08-22,Analyst Verdict Pick,14:09 Newmarket,Pilu,5.0,1.0,13,True
2026-08-22,Control: favourite,14:09 Newmarket,Rajaking,4.0,3.0,13,True
2026-08-22,Analyst Verdict Pick,14:15 Curragh,Genesis,6.5,3.0,12,True
2026-08-22,Control: favourite,14:15 Curragh,Keke,4.33,4.0,12,True
2026-08-22,Analyst Verdict Pick,14:25 York,Infraad,4.33,1.0,17,True
2026-08-22,Control: favourite,14:25 York,Infraad,4.33,1.0,17,True
2026-08-22,Analyst Verdict Pick,14:30 Newton Abbot,Sir Carnegie,7.0,5.0,6,True
2026-08-22,Control: favourite,14:30 Newton Abbot,My Girl Katie,2.88,1.0,6,True
2026-08-22,Analyst Verdict Pick,14:35 Killarney,Silin Alainn,13.0,10.0,17,True
2026-08-22,Control: favourite,14:35 Killarney,Ballindenisk,6.0,10.0,17,True
2026-08-22,Analyst Verdict Pick,14:40 Chester,By The Book,3.0,2.0,8,False
2026-08-22,Control: favourite,14:40 Chester,By The Book,3.0,2.0,8,False
2026-08-22,Analyst Verdict Pick,14:44 Newmarket,Napolian,6.0,6.0,8,True
2026-08-22,Control: favourite,14:44 Newmarket,Guest House,3.25,4.0,8,True
2026-08-22,Analyst Verdict Pick,14:50 Curragh,Alpha,1.67,3.0,5,False
2026-08-22,Control: favourite,14:50 Curragh,Alpha,1.67,3.0,5,False
2026-08-22,Analyst Verdict Pick,15:00 York,Notable Speech,3.25,1.0,14,False
2026-08-22,Control: favourite,15:00 York,Notable Speech,3.25,1.0,14,False
2026-08-22,Analyst Verdict Pick,15:05 Newton Abbot,Ice Jet,1.8,2.0,4,True
2026-08-22,Control: favourite,15:05 Newton Abbot,Ice Jet,1.8,2.0,4,True
2026-08-22,Analyst Verdict Pick,15:10 Killarney,Jupiter Du Gite,3.75,2.0,14,True
2026-08-22,Control: favourite,15:10 Killarney,Jupiter Du Gite,3.75,2.0,14,True
2026-08-22,Analyst Verdict Pick,15:15 Chester,Nicely,3.0,1.0,7,False
2026-08-22,Control: favourite,15:15 Chester,Nicely,3.0,1.0,7,False
2026-08-22,Analyst Verdict Pick,15:19 Newmarket,Prince Of India,2.5,1.0,8,False
2026-08-22,Control: favourite,15:19 Newmarket,Prince Of India,2.5,1.0,8,False
2026-08-22,Analyst Verdict Pick,15:25 Curragh,Giant Sequoia,3.0,1.0,6,False
2026-08-22,Control: favourite,15:25 Curragh,Giant Sequoia,3.0,1.0,6,False
2026-08-22,Analyst Verdict Pick,15:35 York,Love Me Tender,4.5,10.0,22,True
2026-08-22,Control: favourite,15:35 York,Love Me Tender,4.5,10.0,22,True
2026-08-22,Analyst Verdict Pick,15:40 Newton Abbot,Uncle Remus,7.5,,11,True
2026-08-22,Control: favourite,15:40 Newton Abbot,Mi Sueno,3.0,2.0,11,True
2026-08-22,Analyst Verdict Pick,15:45 Killarney,Daddy Long Legs,2.63,1.0,6,False
2026-08-22,Control: favourite,15:45 Killarney,Daddy Long Legs,2.63,1.0,6,False
2026-08-22,Analyst Verdict Pick,15:50 Chester,Ivory Moon,1.67,1.0,7,False
2026-08-22,Control: favourite,15:50 Chester,Ivory Moon,1.67,1.0,7,False
2026-08-22,Analyst Verdict Pick,15:54 Newmarket,Night In Vegas,2.2,1.0,20,False
2026-08-22,Control: favourite,15:54 Newmarket,Night In Vegas,2.2,1.0,20,False
2026-08-22,Analyst Verdict Pick,16:00 Curragh,Navy Waters,6.0,3.0,12,True
2026-08-22,Control: favourite,16:00 Curragh,Yousaynothingatall,3.25,1.0,12,True
2026-08-22,Analyst Verdict Pick,16:10 York,Dance In The Storm,3.13,4.0,20,True
2026-08-22,Control: favourite,16:10 York,Dance In The Storm,3.13,4.0,20,True
2026-08-22,Analyst Verdict Pick,16:15 Newton Abbot,Letterston Lily,,,8,True
2026-08-22,Control: favourite,16:15 Newton Abbot,Morning Mayhem,2.75,4.0,8,True
2026-08-22,Analyst Verdict Pick,16:18 Redcar,Callisterra,6.0,3.0,12,False
2026-08-22,Control: favourite,16:18 Redcar,Don't Stop Movin,3.0,2.0,12,False
2026-08-22,Analyst Verdict Pick,16:20 Killarney,Butch Cassidy,1.5,1.0,5,False
2026-08-22,Control: favourite,16:20 Killarney,Butch Cassidy,1.5,1.0,5,False
2026-08-22,Analyst Verdict Pick,16:25 Chester,U S S Charleston,3.0,3.0,7,True
2026-08-22,Control: favourite,16:25 Chester,Alfa Duplicate,2.75,6.0,7,True
2026-08-22,Analyst Verdict Pick,16:29 Newmarket,Pearl River,6.0,4.0,5,True
2026-08-22,Control: favourite,16:29 Newmarket,Goblet Of Fire,2.5,2.0,5,True
2026-08-22,Analyst Verdict Pick,16:35 Curragh,Carmers,1.67,5.0,7,False
2026-08-22,Control: favourite,16:35 Curragh,Carmers,1.67,5.0,7,False
2026-08-22,Analyst Verdict Pick,16:45 York,Adonius,3.0,2.0,12,False
2026-08-22,Control: favourite,16:45 York,Adonius,3.0,2.0,12,False
2026-08-22,Analyst Verdict Pick,16:50 Redcar,Bigalo,1.91,3.0,11,False
2026-08-22,Control: favourite,16:50 Redcar,Bigalo,1.91,3.0,11,False
2026-08-22,Analyst Verdict Pick,16:52 Newton Abbot,Lunar Orbit,2.25,2.0,6,True
2026-08-22,Control: favourite,16:52 Newton Abbot,Lunar Orbit,2.25,2.0,6,True
2026-08-22,Analyst Verdict Pick,16:55 Killarney,Boston Rover,11.0,,12,True
2026-08-22,Control: favourite,16:55 Killarney,Jalila Moriviere,3.25,1.0,12,True
2026-08-22,Analyst Verdict Pick,17:00 Chester,Roman Dragon,5.0,7.0,14,True
2026-08-22,Control: favourite,17:00 Chester,American Style,5.0,2.0,14,True
2026-08-22,Analyst Verdict Pick,17:04 Newmarket,Diomed Duke,4.0,3.0,7,True
2026-08-22,Control: favourite,17:04 Newmarket,Tiva,3.25,4.0,7,True
2026-08-22,Analyst Verdict Pick,17:08 Curragh,Soulful Diva,11.0,10.0,31,True
2026-08-22,Control: favourite,17:08 Curragh,Hugo's Girl,5.0,5.0,31,True
2026-08-22,Analyst Verdict Pick,17:10 Lingfield,Cloth Of Gold,3.25,3.0,9,True
2026-08-22,Control: favourite,17:10 Lingfield,Cloth Of Gold,3.25,3.0,9,True
2026-08-22,Analyst Verdict Pick,17:20 York,Erzindjan,15.0,10.0,22,True
2026-08-22,Control: favourite,17:20 York,Raammee,2.63,1.0,22,True
2026-08-22,Analyst Verdict Pick,17:25 Redcar,Queen Tamara,3.75,3.0,10,True
2026-08-22,Control: favourite,17:25 Redcar,Queen Tamara,3.75,3.0,10,True
2026-08-22,Analyst Verdict Pick,17:30 Killarney,Teofil,1.73,1.0,9,False
2026-08-22,Control: favourite,17:30 Killarney,Teofil,1.73,1.0,9,False
2026-08-22,Analyst Verdict Pick,17:35 Chester,Sea And Sun,3.25,2.0,9,True
2026-08-22,Control: favourite,17:35 Chester,Sea And Sun,3.25,2.0,9,True
2026-08-22,Analyst Verdict Pick,17:40 Lingfield,Crazy Plan,3.5,2.0,10,True
2026-08-22,Control: favourite,17:40 Lingfield,Lady Of Clover,3.0,1.0,10,True
2026-08-22,Analyst Verdict Pick,18:00 Redcar,Mighty Quiet,5.0,9.0,9,True
2026-08-22,Control: favourite,18:00 Redcar,Mudita,4.33,4.0,9,True
2026-08-22,Analyst Verdict Pick,18:15 Lingfield,Last Trump,4.33,5.0,6,True
2026-08-22,Control: favourite,18:15 Lingfield,Mountbatten,1.8,6.0,6,True
2026-08-22,Analyst Verdict Pick,18:30 Redcar,Always Blue,3.25,4.0,9,True
2026-08-22,Control: favourite,18:30 Redcar,Always Blue,3.25,4.0,9,True
2026-08-22,Analyst Verdict Pick,18:45 Lingfield,Norham,9.0,1.0,13,False
2026-08-22,Control: favourite,18:45 Lingfield,Eighth Immortal,1.91,2.0,13,False
2026-08-22,Analyst Verdict Pick,19:00 Redcar,Ingleby Archie,5.0,8.0,11,True
2026-08-22,Control: favourite,19:00 Redcar,Ingleby Archie,5.0,8.0,11,True
2026-08-22,Analyst Verdict Pick,19:15 Lingfield,Dannick,3.5,5.0,8,True
2026-08-22,Control: favourite,19:15 Lingfield,Madame De Sevigne,3.25,4.0,8,True
2026-08-22,Analyst Verdict Pick,19:30 Redcar,Men Of Honour,11.0,5.0,10,True
2026-08-22,Control: favourite,19:30 Redcar,Farandaway,3.0,2.0,10,True
2026-08-22,Analyst Verdict Pick,19:45 Lingfield,Harry Brown,2.88,8.0,8,True
2026-08-22,Control: favourite,19:45 Lingfield,Harry Brown,2.88,8.0,8,True
2026-08-22,Analyst Verdict Pick,20:00 Redcar,Mrs Trump,5.0,7.0,20,True
2026-08-22,Control: favourite,20:00 Redcar,Night Emperor,4.5,4.0,20,True
2026-08-23,Analyst Verdict Pick,14:08 Worcester,Camino Rocio,8.0,,9,True
2026-08-23,Control: favourite,14:08 Worcester,Axel Bleue,3.5,1.0,9,True
2026-08-23,Analyst Verdict Pick,14:20 Brighton,Sea Of Charm,4.0,4.0,6,True
2026-08-23,Control: favourite,14:20 Brighton,Highland Harvey,3.0,3.0,6,True
2026-08-23,Analyst Verdict Pick,14:30 Naas,Silver Kiss,2.2,3.0,17,False
2026-08-23,Control: favourite,14:30 Naas,Silver Kiss,2.2,3.0,17,False
2026-08-23,Analyst Verdict Pick,14:38 Worcester,At The Oche,2.38,,10,True
2026-08-23,Control: favourite,14:38 Worcester,At The Oche,2.38,,10,True
2026-08-23,Analyst Verdict Pick,14:50 Brighton,Tree Wizard,5.5,3.0,6,False
2026-08-23,Control: favourite,14:50 Brighton,Last Dandelion,3.5,2.0,6,False
2026-08-23,Analyst Verdict Pick,15:00 Naas,Argentarius,3.25,4.0,16,False
2026-08-23,Control: favourite,15:00 Naas,Formous,2.63,5.0,16,False
2026-08-23,Analyst Verdict Pick,15:08 Worcester,Thetype Istitle,8.5,9.0,11,False
2026-08-23,Control: favourite,15:08 Worcester,Pedro's Moon,3.25,8.0,11,False
2026-08-23,Analyst Verdict Pick,15:20 Brighton,Crowned,2.88,2.0,6,False
2026-08-23,Control: favourite,15:20 Brighton,Crowned,2.88,2.0,6,False
2026-08-23,Analyst Verdict Pick,15:30 Naas,Zoar,2.1,1.0,16,False
2026-08-23,Control: favourite,15:30 Naas,Zoar,2.1,1.0,16,False
2026-08-23,Analyst Verdict Pick,15:38 Worcester,Down To Business,1.67,1.0,12,False
2026-08-23,Control: favourite,15:38 Worcester,Down To Business,1.67,1.0,12,False
2026-08-23,Analyst Verdict Pick,15:50 Brighton,Secret Handsheikh,12.0,5.0,16,True
2026-08-23,Control: favourite,15:50 Brighton,Arnaz,3.5,6.0,16,True
2026-08-23,Analyst Verdict Pick,16:00 Naas,First Instinct,2.88,5.0,8,False
2026-08-23,Control: favourite,16:00 Naas,First Instinct,2.88,5.0,8,False
2026-08-23,Analyst Verdict Pick,16:08 Worcester,Raffles Nobu,5.5,5.0,14,True
2026-08-23,Control: favourite,16:08 Worcester,Kernie D'airy,5.5,4.0,14,True
2026-08-23,Analyst Verdict Pick,16:20 Brighton,Knights Gold,3.0,1.0,7,True
2026-08-23,Control: favourite,16:20 Brighton,Knights Gold,3.0,1.0,7,True
2026-08-23,Analyst Verdict Pick,16:30 Naas,Dandy Land,6.0,8.0,19,True
2026-08-23,Control: favourite,16:30 Naas,Simmering Seas,4.5,4.0,19,True
2026-08-23,Analyst Verdict Pick,16:38 Worcester,Tintintin,15.0,7.0,8,True
2026-08-23,Control: favourite,16:38 Worcester,Letterston Lily,3.25,1.0,8,True
2026-08-23,Analyst Verdict Pick,16:50 Brighton,My Old Mate,1.5,2.0,5,True
2026-08-23,Control: favourite,16:50 Brighton,My Old Mate,1.5,2.0,5,True
2026-08-23,Analyst Verdict Pick,17:00 Naas,Millhone,5.0,3.0,17,True
2026-08-23,Control: favourite,17:00 Naas,Millhone,5.0,3.0,17,True
2026-08-23,Analyst Verdict Pick,17:08 Worcester,Diamond White,3.5,6.0,13,True
2026-08-23,Control: favourite,17:08 Worcester,Diamond White,3.5,6.0,13,True
2026-08-23,Analyst Verdict Pick,17:30 Naas,Ob La Di,6.5,3.0,10,True
2026-08-23,Control: favourite,17:30 Naas,Alice Monet,4.5,4.0,10,True
2026-08-24,Analyst Verdict Pick,14:15 Musselburgh,The Mean Fiddler,1.33,1.0,8,False
2026-08-24,Control: favourite,14:15 Musselburgh,The Mean Fiddler,1.33,1.0,8,False
2026-08-24,Analyst Verdict Pick,14:30 Brighton,South Shore,3.0,2.0,6,True
2026-08-24,Control: favourite,14:30 Brighton,South Shore,3.0,2.0,6,True
2026-08-24,Analyst Verdict Pick,14:45 Musselburgh,Forest Berry,1.8,1.0,7,False
2026-08-24,Control: favourite,14:45 Musselburgh,Forest Berry,1.8,1.0,7,False
2026-08-24,Analyst Verdict Pick,15:00 Brighton,Rogue Imperial,2.88,1.0,6,False
2026-08-24,Control: favourite,15:00 Brighton,Roll Up Raymond,2.63,2.0,6,False
2026-08-24,Analyst Verdict Pick,15:15 Musselburgh,Falcon Nine,5.5,8.0,11,True
2026-08-24,Control: favourite,15:15 Musselburgh,Runninsonofagun,3.25,1.0,11,True
2026-08-24,Analyst Verdict Pick,15:30 Brighton,Von Krolock,,,8,True
2026-08-24,Control: favourite,15:30 Brighton,Blue Anthem,1.83,3.0,8,True
2026-08-24,Analyst Verdict Pick,15:45 Musselburgh,Blakefell,3.25,2.0,10,True
2026-08-24,Control: favourite,15:45 Musselburgh,Blakefell,3.25,2.0,10,True
2026-08-24,Analyst Verdict Pick,16:00 Brighton,Crimson Road,5.0,1.0,8,True
2026-08-24,Control: favourite,16:00 Brighton,It's Life,4.0,5.0,8,True
2026-08-24,Analyst Verdict Pick,16:15 Musselburgh,So Grateful,4.5,8.0,10,True
2026-08-24,Control: favourite,16:15 Musselburgh,Wee Mary,3.0,10.0,10,True
2026-08-24,Analyst Verdict Pick,16:30 Brighton,River Wharfe,3.0,4.0,9,True
2026-08-24,Control: favourite,16:30 Brighton,River Wharfe,3.0,4.0,9,True
2026-08-24,Analyst Verdict Pick,16:45 Musselburgh,Due Respect,10.0,8.0,13,True
2026-08-24,Control: favourite,16:45 Musselburgh,Misemerald,4.0,1.0,13,True
2026-08-24,Analyst Verdict Pick,16:51 Ballinrobe,Coolishael,1.53,3.0,16,False
2026-08-24,Control: favourite,16:51 Ballinrobe,Coolishael,1.53,3.0,16,False
2026-08-24,Analyst Verdict Pick,17:00 Brighton,Nautical Sky,6.5,7.0,9,True
2026-08-24,Control: favourite,17:00 Brighton,Kondratiev Wave,4.0,3.0,9,True
2026-08-24,Analyst Verdict Pick,17:13 Windsor,Sunday Girl,2.88,1.0,5,False
2026-08-24,Control: favourite,17:13 Windsor,Encore,2.0,2.0,5,False
2026-08-24,Analyst Verdict Pick,17:26 Ballinrobe,O'grady Cracker,2.2,5.0,6,True
2026-08-24,Control: favourite,17:26 Ballinrobe,O'grady Cracker,2.2,5.0,6,True
2026-08-24,Analyst Verdict Pick,17:48 Windsor,Nakila Sun,2.63,1.0,10,False
2026-08-24,Control: favourite,17:48 Windsor,Camarda Rc,1.8,2.0,10,False
2026-08-24,Analyst Verdict Pick,18:00 Ballinrobe,Cool Native,,,13,False
2026-08-24,Control: favourite,18:00 Ballinrobe,Amina,2.5,1.0,13,False
2026-08-24,Analyst Verdict Pick,18:18 Windsor,Cape Fear,3.0,1.0,7,True
2026-08-24,Control: favourite,18:18 Windsor,Cape Fear,3.0,1.0,7,True
2026-08-24,Analyst Verdict Pick,18:30 Ballinrobe,Princess Felicia,4.0,1.0,16,True
2026-08-24,Control: favourite,18:30 Ballinrobe,Princess Felicia,4.0,1.0,16,True
2026-08-24,Analyst Verdict Pick,18:48 Windsor,Buckland Belle,2.75,2.0,6,True
2026-08-24,Control: favourite,18:48 Windsor,Buckland Belle,2.75,2.0,6,True
2026-08-24,Analyst Verdict Pick,19:00 Ballinrobe,Bunting,1.91,1.0,6,False
2026-08-24,Control: favourite,19:00 Ballinrobe,Bunting,1.91,1.0,6,False
2026-08-24,Analyst Verdict Pick,19:18 Windsor,Molly Mac,2.38,5.0,9,True
2026-08-24,Control: favourite,19:18 Windsor,Molly Mac,2.38,5.0,9,True
2026-08-24,Analyst Verdict Pick,19:30 Ballinrobe,Rusty Harkness,3.5,1.0,9,False
2026-08-24,Control: favourite,19:30 Ballinrobe,Jeroboam Machin,3.5,4.0,9,False
2026-08-24,Analyst Verdict Pick,19:48 Windsor,Faustus,5.5,1.0,9,True
2026-08-24,Control: favourite,19:48 Windsor,Just Jump,2.1,,9,True
2026-08-24,Analyst Verdict Pick,20:00 Ballinrobe,Zara's Dream,2.75,5.0,12,False
2026-08-24,Control: favourite,20:00 Ballinrobe,Zara's Dream,2.75,5.0,12,False
2026-08-25,Analyst Verdict Pick,14:15 Musselburgh,Vegasmile,1.57,4.0,10,False
2026-08-25,Control: favourite,14:15 Musselburgh,Vegasmile,1.57,4.0,10,False
2026-08-25,Analyst Verdict Pick,14:30 Lingfield,Great Blasket,5.5,3.0,9,True
2026-08-25,Control: favourite,14:30 Lingfield,Amused,3.25,7.0,9,True
2026-08-25,Analyst Verdict Pick,14:45 Musselburgh,Lauralynn,3.5,2.0,8,False
2026-08-25,Control: favourite,14:45 Musselburgh,Lauralynn,3.5,2.0,8,False
2026-08-25,Analyst Verdict Pick,15:00 Lingfield,Lazurite,1.4,1.0,7,False
2026-08-25,Control: favourite,15:00 Lingfield,Lazurite,1.4,1.0,7,False
2026-08-25,Analyst Verdict Pick,15:15 Musselburgh,Amber Hamur,2.2,3.0,8,True
2026-08-25,Control: favourite,15:15 Musselburgh,Amber Hamur,2.2,3.0,8,True
2026-08-25,Analyst Verdict Pick,15:30 Lingfield,Let's Go Hugo,2.63,1.0,10,False
2026-08-25,Control: favourite,15:30 Lingfield,Jungle Dance,2.63,4.0,10,False
2026-08-25,Analyst Verdict Pick,15:45 Musselburgh,Ned Broy,,,11,True
2026-08-25,Control: favourite,15:45 Musselburgh,Vaguely Royal,5.0,6.0,11,True
2026-08-25,Analyst Verdict Pick,16:00 Lingfield,Viking Glory,,,10,True
2026-08-25,Control: favourite,16:00 Lingfield,Bird Of War,3.25,3.0,10,True
2026-08-25,Analyst Verdict Pick,16:15 Musselburgh,Edmond Halley,3.0,5.0,11,True
2026-08-25,Control: favourite,16:15 Musselburgh,Edmond Halley,3.0,5.0,11,True
2026-08-25,Analyst Verdict Pick,16:20 Bellewstown,Karrygrant,1.91,2.0,15,False
2026-08-25,Control: favourite,16:20 Bellewstown,Karrygrant,1.91,2.0,15,False
2026-08-25,Analyst Verdict Pick,16:30 Lingfield,Dialstone,,,8,False
2026-08-25,Control: favourite,16:30 Lingfield,Devil's Brigade,2.88,2.0,8,False
2026-08-25,Analyst Verdict Pick,16:45 Musselburgh,South Parade,2.25,5.0,6,True
2026-08-25,Control: favourite,16:45 Musselburgh,South Parade,2.25,5.0,6,True
2026-08-25,Analyst Verdict Pick,16:55 Bellewstown,Launch Time,3.0,2.0,15,True
2026-08-25,Control: favourite,16:55 Bellewstown,Launch Time,3.0,2.0,15,True
2026-08-25,Analyst Verdict Pick,17:02 Lingfield,Hove Ranger,,,8,True
2026-08-25,Control: favourite,17:02 Lingfield,Time To Sparkle,3.25,1.0,8,True
2026-08-25,Analyst Verdict Pick,17:10 Stratford-on-Avon,Diamond Grace,2.75,5.0,8,False
2026-08-25,Control: favourite,17:10 Stratford-on-Avon,Diamond Grace,2.75,5.0,8,False
2026-08-25,Analyst Verdict Pick,17:30 Bellewstown,Land Of The Giants,,,15,True
2026-08-25,Analyst Verdict Pick,17:40 Stratford-on-Avon,French Diablo,1.67,,8,True
2026-08-25,Control: favourite,17:40 Stratford-on-Avon,French Diablo,1.67,,8,True
2026-08-25,Analyst Verdict Pick,18:02 Bellewstown,Elusive Path,,,16,True
2026-08-25,Analyst Verdict Pick,18:15 Stratford-on-Avon,Beorma,1.44,,4,True
2026-08-25,Control: favourite,18:15 Stratford-on-Avon,Beorma,1.44,,4,True
2026-08-25,Analyst Verdict Pick,18:32 Bellewstown,Annie Batt,,,8,False
2026-08-25,Analyst Verdict Pick,18:45 Stratford-on-Avon,Juggernaut,6.0,3.0,8,True
2026-08-25,Control: favourite,18:45 Stratford-on-Avon,Mi Sueno,2.38,1.0,8,True
2026-08-25,Analyst Verdict Pick,19:02 Bellewstown,Harry's Hill,,,11,True
2026-08-25,Analyst Verdict Pick,19:15 Stratford-on-Avon,Youdecide,2.0,1.0,8,True
2026-08-25,Control: favourite,19:15 Stratford-on-Avon,Youdecide,2.0,1.0,8,True
2026-08-25,Analyst Verdict Pick,19:32 Bellewstown,Zadawa,,,11,False
2026-08-25,Analyst Verdict Pick,19:45 Stratford-on-Avon,Goliath Power,3.25,1.0,9,False
2026-08-25,Control: favourite,19:45 Stratford-on-Avon,Goliath Power,3.25,1.0,9,False
2026-08-25,Analyst Verdict Pick,20:02 Bellewstown,Catalani,,,11,True
2026-08-26,Analyst Verdict Pick,14:00 Wolverhampton,Sub Thirteen,2.25,3.0,7,True
2026-08-26,Control: favourite,14:00 Wolverhampton,Sub Thirteen,2.25,3.0,7,True
2026-08-26,Analyst Verdict Pick,14:15 Catterick Bridge,Mugheer,2.0,1.0,9,False
2026-08-26,Control: favourite,14:15 Catterick Bridge,Mugheer,2.0,1.0,9,False
2026-08-26,Analyst Verdict Pick,14:30 Wolverhampton,Lovely Dark Angel,2.25,2.0,12,False
2026-08-26,Control: favourite,14:30 Wolverhampton,Lovely Dark Angel,2.25,2.0,12,False
2026-08-26,Analyst Verdict Pick,14:45 Catterick Bridge,Moonlight Melody,5.0,3.0,8,False
2026-08-26,Control: favourite,14:45 Catterick Bridge,Lady Gormire,2.2,1.0,8,False
2026-08-26,Analyst Verdict Pick,15:00 Wolverhampton,Currahee,4.0,7.0,9,True
2026-08-26,Control: favourite,15:00 Wolverhampton,Night Mission,3.5,8.0,9,True
2026-08-26,Analyst Verdict Pick,15:15 Catterick Bridge,Run This Way,3.5,3.0,6,True
2026-08-26,Control: favourite,15:15 Catterick Bridge,Battenburg Belle,3.5,1.0,6,True
2026-08-26,Analyst Verdict Pick,15:30 Wolverhampton,Boilermaker,2.0,1.0,7,True
2026-08-26,Control: favourite,15:30 Wolverhampton,Boilermaker,2.0,1.0,7,True
2026-08-26,Analyst Verdict Pick,15:45 Catterick Bridge,Niffler,1.36,1.0,8,True
2026-08-26,Control: favourite,15:45 Catterick Bridge,Niffler,1.36,1.0,8,True
2026-08-26,Analyst Verdict Pick,15:51 Bellewstown,Rocky's Howya,6.0,1.0,14,False
2026-08-26,Control: favourite,15:51 Bellewstown,Oh So Charming,5.0,,14,False
2026-08-26,Analyst Verdict Pick,16:00 Wolverhampton,Spaceage Love Song,6.5,3.0,11,False
2026-08-26,Control: favourite,16:00 Wolverhampton,Smoker Bellamy,3.75,6.0,11,False
2026-08-26,Analyst Verdict Pick,16:10 Newbury,Primal,2.63,2.0,15,False
2026-08-26,Control: favourite,16:10 Newbury,Primal,2.63,2.0,15,False
2026-08-26,Analyst Verdict Pick,16:15 Catterick Bridge,Fidelius,7.5,6.0,10,True
2026-08-26,Control: favourite,16:15 Catterick Bridge,Our Absent Friends,4.33,5.0,10,True
2026-08-26,Analyst Verdict Pick,16:25 Bellewstown,Thesilverbridle,2.75,1.0,15,False
2026-08-26,Control: favourite,16:25 Bellewstown,Whats New,2.63,3.0,15,False
2026-08-26,Analyst Verdict Pick,16:35 Wolverhampton,Book Of Life,5.0,3.0,12,True
2026-08-26,Control: favourite,16:35 Wolverhampton,Book Of Life,5.0,3.0,12,True
2026-08-26,Analyst Verdict Pick,16:45 Newbury,Crusherman,3.75,1.0,10,False
2026-08-26,Control: favourite,16:45 Newbury,Crusherman,3.75,1.0,10,False
2026-08-26,Analyst Verdict Pick,16:52 Catterick Bridge,Without Delay,3.5,3.0,14,False
2026-08-26,Control: favourite,16:52 Catterick Bridge,Without Delay,3.5,3.0,14,False
2026-08-26,Analyst Verdict Pick,17:00 Bellewstown,Cornaroya Rocco,12.0,4.0,16,True
2026-08-26,Control: favourite,17:00 Bellewstown,Goin',3.75,3.0,16,True
2026-08-26,Control: favourite,17:10 Wolverhampton,Victoria (A),3.25,6.0,8,True
2026-08-26,Analyst Verdict Pick,17:20 Newbury,Battleworthy,4.0,7.0,9,False
2026-08-26,Control: favourite,17:20 Newbury,Kingdom Of Kush,3.13,2.0,9,False
2026-08-26,Analyst Verdict Pick,17:35 Bellewstown,Theflyingbee,5.0,5.0,13,True
2026-08-26,Control: favourite,17:35 Bellewstown,Theflyingbee,5.0,5.0,13,True
2026-08-26,Analyst Verdict Pick,17:55 Newbury,Somers Isles,3.0,3.0,11,False
2026-08-26,Control: favourite,17:55 Newbury,Somers Isles,3.0,3.0,11,False
2026-08-26,Analyst Verdict Pick,18:05 Bellewstown,Fastnet Crystal,1.62,3.0,7,False
2026-08-26,Control: favourite,18:05 Bellewstown,Fastnet Crystal,1.62,3.0,7,False
2026-08-26,Analyst Verdict Pick,18:20 Kempton Park,Al Wathba,1.57,1.0,8,False
2026-08-26,Control: favourite,18:20 Kempton Park,Al Wathba,1.57,1.0,8,False
2026-08-26,Analyst Verdict Pick,18:30 Newbury,Accademia,5.5,5.0,13,True
2026-08-26,Control: favourite,18:30 Newbury,Abundant,2.75,1.0,13,True
2026-08-26,Analyst Verdict Pick,18:38 Bellewstown,Let It Settle,17.0,,15,True
2026-08-26,Control: favourite,18:38 Bellewstown,Masego,4.5,10.0,15,True
2026-08-26,Analyst Verdict Pick,18:51 Kempton Park,Kaindy,1.22,1.0,8,False
2026-08-26,Control: favourite,18:51 Kempton Park,Kaindy,1.22,1.0,8,False
2026-08-26,Analyst Verdict Pick,19:00 Newbury,Bold Shout,3.25,3.0,6,True
2026-08-26,Control: favourite,19:00 Newbury,Lion of Mali,2.5,1.0,6,True
2026-08-26,Analyst Verdict Pick,19:08 Bellewstown,Syosset,,,16,True
2026-08-26,Analyst Verdict Pick,19:21 Kempton Park,Ribenska,7.0,6.0,10,True
2026-08-26,Control: favourite,19:21 Kempton Park,Merry,2.75,2.0,10,True
2026-08-26,Analyst Verdict Pick,19:30 Newbury,Empirical,4.0,2.0,9,True
2026-08-26,Control: favourite,19:30 Newbury,Edwin Hubble,2.75,3.0,9,True
2026-08-26,Analyst Verdict Pick,19:38 Bellewstown,Myluckymaker,,,14,False
2026-08-26,Analyst Verdict Pick,19:51 Kempton Park,Aphrodite Spirit,11.0,2.0,8,True
2026-08-26,Control: favourite,19:51 Kempton Park,Bint Kilfrush,3.0,3.0,8,True
2026-08-26,Analyst Verdict Pick,20:21 Kempton Park,Arry Up,3.25,6.0,12,True
2026-08-26,Control: favourite,20:21 Kempton Park,Arry Up,3.25,6.0,12,True
2026-08-26,Analyst Verdict Pick,20:51 Kempton Park,Hot Silk,5.0,5.0,12,True
2026-08-26,Control: favourite,20:51 Kempton Park,Madjid,4.33,1.0,12,True
2026-08-27,Analyst Verdict Pick,13:44 Navan,Howlin Wolf,5.5,2.0,8,True
2026-08-27,Control: favourite,13:44 Navan,Supreme Lord,2.38,1.0,8,True
2026-08-27,Analyst Verdict Pick,14:00 Carlisle,Epidavros,4.5,8.0,9,True
2026-08-27,Control: favourite,14:00 Carlisle,Sanafi Zabeel,2.88,3.0,9,True
2026-08-27,Analyst Verdict Pick,14:14 Navan,All The Girls,,,14,True
2026-08-27,Control: favourite,14:14 Navan,Gotta Catch'em All,4.5,3.0,14,True
2026-08-27,Analyst Verdict Pick,14:22 Lingfield,No More Pino,3.25,5.0,11,False
2026-08-27,Control: favourite,14:22 Lingfield,No More Pino,3.25,5.0,11,False
2026-08-27,Analyst Verdict Pick,14:30 Carlisle,Benbecula,6.5,5.0,11,False
2026-08-27,Control: favourite,14:30 Carlisle,Sarasota Blue Blue,3.5,7.0,11,False
2026-08-27,Analyst Verdict Pick,14:37 Ffos Las,Laylaty,3.0,2.0,7,False
2026-08-27,Control: favourite,14:37 Ffos Las,Laylaty,3.0,2.0,7,False
2026-08-27,Analyst Verdict Pick,14:44 Navan,Atlantic Bridge,1.73,1.0,9,False
2026-08-27,Control: favourite,14:44 Navan,Atlantic Bridge,1.73,1.0,9,False
2026-08-27,Analyst Verdict Pick,14:52 Lingfield,Scrappetalene,4.0,3.0,5,False
2026-08-27,Control: favourite,14:52 Lingfield,Please Don't Go,2.38,2.0,5,False
2026-08-27,Analyst Verdict Pick,15:00 Carlisle,Kanzi,3.5,5.0,5,False
2026-08-27,Control: favourite,15:00 Carlisle,Ten Clarets,3.0,3.0,5,False
2026-08-27,Analyst Verdict Pick,15:07 Ffos Las,Tumishi,1.73,1.0,6,False
2026-08-27,Control: favourite,15:07 Ffos Las,Tumishi,1.73,1.0,6,False
2026-08-27,Analyst Verdict Pick,15:14 Navan,Leadlight,1.4,2.0,7,False
2026-08-27,Control: favourite,15:14 Navan,Leadlight,1.4,2.0,7,False
2026-08-27,Analyst Verdict Pick,15:22 Lingfield,Black Chiffon,4.0,2.0,7,False
2026-08-27,Control: favourite,15:22 Lingfield,Enoch,1.4,1.0,7,False
2026-08-27,Analyst Verdict Pick,15:30 Carlisle,Go Vince Go,4.5,3.0,10,True
2026-08-27,Control: favourite,15:30 Carlisle,Town Queen,2.88,7.0,10,True
2026-08-27,Analyst Verdict Pick,15:37 Ffos Las,Outer Edge,4.33,3.0,9,False
2026-08-27,Control: favourite,15:37 Ffos Las,Macarone,3.5,1.0,9,False
2026-08-27,Analyst Verdict Pick,15:44 Navan,Alto Sax,5.5,2.0,14,True
2026-08-27,Control: favourite,15:44 Navan,Go Out,5.0,4.0,14,True
2026-08-27,Analyst Verdict Pick,15:52 Lingfield,General Assembly,4.0,5.0,6,True
2026-08-27,Control: favourite,15:52 Lingfield,Desert Treasure,3.75,2.0,6,True
2026-08-27,Analyst Verdict Pick,16:00 Carlisle,Harry Mole,4.5,4.0,14,True
2026-08-27,Control: favourite,16:00 Carlisle,Harry Mole,4.5,4.0,14,True
2026-08-27,Analyst Verdict Pick,16:07 Ffos Las,Last Flight,3.25,1.0,9,True
2026-08-27,Control: favourite,16:07 Ffos Las,Lusaka,2.88,2.0,9,True
2026-08-27,Analyst Verdict Pick,16:15 Navan,Sherekiya,,,14,True
2026-08-27,Control: favourite,16:15 Navan,Avec Grand Plaisir,4.0,1.0,14,True
2026-08-27,Analyst Verdict Pick,16:22 Lingfield,Taskheer,4.0,3.0,14,False
2026-08-27,Control: favourite,16:22 Lingfield,Taskheer,4.0,3.0,14,False
2026-08-27,Analyst Verdict Pick,16:30 Carlisle,Taylormade Lad,2.63,2.0,10,True
2026-08-27,Control: favourite,16:30 Carlisle,Taylormade Lad,2.63,2.0,10,True
2026-08-27,Analyst Verdict Pick,16:37 Ffos Las,Blue Hercules,2.2,2.0,6,False
2026-08-27,Control: favourite,16:37 Ffos Las,Blue Hercules,2.2,2.0,6,False
2026-08-27,Analyst Verdict Pick,16:42 Newton Abbot,St Just In Time,1.44,1.0,6,False
2026-08-27,Control: favourite,16:42 Newton Abbot,St Just In Time,1.44,1.0,6,False
2026-08-27,Analyst Verdict Pick,16:49 Navan,Millhone,4.0,2.0,18,True
2026-08-27,Control: favourite,16:49 Navan,Millhone,4.0,2.0,18,True
2026-08-27,Analyst Verdict Pick,16:55 Lingfield,Royal County Glory,1.57,1.0,12,True
2026-08-27,Control: favourite,16:55 Lingfield,Royal County Glory,1.57,1.0,12,True
2026-08-27,Analyst Verdict Pick,17:00 Carlisle,Idyllic,4.0,6.0,9,True
2026-08-27,Control: favourite,17:00 Carlisle,Annandale,3.75,2.0,9,True
2026-08-27,Analyst Verdict Pick,17:07 Ffos Las,Grand Pier,4.33,1.0,10,True
2026-08-27,Control: favourite,17:07 Ffos Las,Grand Pier,4.33,1.0,10,True
2026-08-27,Analyst Verdict Pick,17:12 Newton Abbot,Flashy Boy,2.63,1.0,5,True
2026-08-27,Control: favourite,17:12 Newton Abbot,Flashy Boy,2.63,1.0,5,True
2026-08-27,Analyst Verdict Pick,17:24 Navan,Miss Crinshawn,10.0,10.0,25,True
2026-08-27,Control: favourite,17:24 Navan,Without Love,4.5,8.0,25,True
2026-08-27,Analyst Verdict Pick,17:42 Newton Abbot,Run Away Joe,,,7,True
2026-08-27,Control: favourite,17:42 Newton Abbot,Buxted Reel,2.38,1.0,7,True
2026-08-27,Analyst Verdict Pick,18:00 Southwell,Heretic,3.0,1.0,10,True
2026-08-27,Control: favourite,18:00 Southwell,Heretic,3.0,1.0,10,True
2026-08-27,Analyst Verdict Pick,18:12 Newton Abbot,Gore Point,1.83,4.0,6,True
2026-08-27,Control: favourite,18:12 Newton Abbot,Gore Point,1.83,4.0,6,True
2026-08-27,Analyst Verdict Pick,18:30 Southwell,Adelaide Bay,2.75,3.0,10,True
2026-08-27,Control: favourite,18:30 Southwell,Adelaide Bay,2.75,3.0,10,True
2026-08-27,Analyst Verdict Pick,18:42 Newton Abbot,Jack The Savage,4.5,5.0,7,True
2026-08-27,Control: favourite,18:42 Newton Abbot,My Girl Katie,2.88,1.0,7,True
2026-08-27,Analyst Verdict Pick,19:00 Southwell,Carron,23.0,10.0,11,True
2026-08-27,Control: favourite,19:00 Southwell,Mr Noble,2.75,1.0,11,True
2026-08-27,Analyst Verdict Pick,19:12 Newton Abbot,Thickthorn Tom,2.25,1.0,5,True
2026-08-27,Control: favourite,19:12 Newton Abbot,Thickthorn Tom,2.25,1.0,5,True
2026-08-27,Analyst Verdict Pick,19:30 Southwell,Night Of Gold,1.83,3.0,10,False
2026-08-27,Control: favourite,19:30 Southwell,Night Of Gold,1.83,3.0,10,False
2026-08-27,Analyst Verdict Pick,19:42 Newton Abbot,Donnie Azoff,1.62,2.0,4,True
2026-08-27,Control: favourite,19:42 Newton Abbot,Donnie Azoff,1.62,2.0,4,True
2026-08-27,Analyst Verdict Pick,20:00 Southwell,Nour,5.0,1.0,7,False
2026-08-27,Control: favourite,20:00 Southwell,Trust Yourself,2.75,3.0,7,False
2026-08-27,Analyst Verdict Pick,20:30 Southwell,Massimo Blue,2.38,1.0,11,True
2026-08-27,Control: favourite,20:30 Southwell,Massimo Blue,2.38,1.0,11,True
2026-08-27,Analyst Verdict Pick,21:00 Southwell,Captain Cairney,4.0,1.0,5,True
2026-08-27,Control: favourite,21:00 Southwell,Currumbin,3.0,2.0,5,True
2026-08-28,Analyst Verdict Pick,14:00 Ffos Las,Forever Glamorous,3.0,5.0,8,True
2026-08-28,Control: favourite,14:00 Ffos Las,Forever Glamorous,3.0,5.0,8,True
2026-08-28,Analyst Verdict Pick,14:13 Thirsk,Deep Sleep,5.5,10.0,11,True
2026-08-28,Control: favourite,14:13 Thirsk,Misemerald,4.0,3.0,11,True
2026-08-28,Analyst Verdict Pick,14:25 Sandown Park,Arabica Queen,9.0,5.0,8,False
2026-08-28,Control: favourite,14:25 Sandown Park,Innichen,4.0,3.0,8,False
2026-08-28,Analyst Verdict Pick,14:35 Ffos Las,Bella Bisbee,4.0,6.0,10,True
2026-08-28,Control: favourite,14:35 Ffos Las,The Stone Power,3.25,3.0,10,True
2026-08-28,Analyst Verdict Pick,14:48 Thirsk,Wootz,,,9,False
2026-08-28,Analyst Verdict Pick,15:00 Sandown Park,Good Earth,5.0,4.0,9,True
2026-08-28,Control: favourite,15:00 Sandown Park,South Shore,2.75,1.0,9,True
2026-08-28,Analyst Verdict Pick,15:10 Ffos Las,Withtearsinmyeyes,2.0,1.0,5,False
2026-08-28,Control: favourite,15:10 Ffos Las,Withtearsinmyeyes,2.0,1.0,5,False
2026-08-28,Analyst Verdict Pick,15:25 Thirsk,Baarberini,,,15,False
2026-08-28,Analyst Verdict Pick,15:35 Sandown Park,Thunder Home,2.63,3.0,11,False
2026-08-28,Control: favourite,15:35 Sandown Park,Thunder Home,2.63,3.0,11,False
2026-08-28,Analyst Verdict Pick,15:40 Wexford,Game Point,1.36,1.0,13,False
2026-08-28,Control: favourite,15:40 Wexford,Game Point,1.36,1.0,13,False
2026-08-28,Analyst Verdict Pick,15:45 Ffos Las,Alice's Influence,4.5,4.0,10,False
2026-08-28,Control: favourite,15:45 Ffos Las,Dinah Myte,3.0,6.0,10,False
2026-08-28,Analyst Verdict Pick,16:00 Thirsk,Anyasi,4.0,5.0,20,True
2026-08-28,Control: favourite,16:00 Thirsk,Anyasi,4.0,5.0,20,True
2026-08-28,Analyst Verdict Pick,16:05 Fontwell Park,Break Point,8.0,2.0,5,True
2026-08-28,Control: favourite,16:05 Fontwell Park,Easter Icon,2.63,,5,True
2026-08-28,Analyst Verdict Pick,16:10 Sandown Park,Drymee,2.38,1.0,8,True
2026-08-28,Control: favourite,16:10 Sandown Park,Drymee,2.38,1.0,8,True
2026-08-28,Analyst Verdict Pick,16:15 Wexford,Room For One More,15.0,7.0,15,True
2026-08-28,Control: favourite,16:15 Wexford,The Toothpicker,4.0,,15,True
2026-08-28,Analyst Verdict Pick,16:20 Ffos Las,Sunshine And Roses,4.0,10.0,11,True
2026-08-28,Control: favourite,16:20 Ffos Las,Grindleton,4.0,4.0,11,True
2026-08-28,Analyst Verdict Pick,16:25 Sedgefield,Datstheholyallofit,1.8,3.0,8,False
2026-08-28,Control: favourite,16:25 Sedgefield,Datstheholyallofit,1.8,3.0,8,False
2026-08-28,Analyst Verdict Pick,16:30 Down Royal,Nicky Larson,1.62,1.0,9,False
2026-08-28,Control: favourite,16:30 Down Royal,Nicky Larson,1.62,1.0,9,False
2026-08-28,Analyst Verdict Pick,16:35 Goodwood,Motown Filly,2.2,2.0,6,False
2026-08-28,Control: favourite,16:35 Goodwood,Motown Filly,2.2,2.0,6,False
2026-08-28,Analyst Verdict Pick,16:38 Thirsk,Mirsky,,,14,True
2026-08-28,Analyst Verdict Pick,16:40 Fontwell Park,Salkadan,1.67,1.0,8,False
2026-08-28,Control: favourite,16:40 Fontwell Park,Salkadan,1.67,1.0,8,False
2026-08-28,Analyst Verdict Pick,16:45 Sandown Park,Kino Plasmat,5.5,5.0,8,True
2026-08-28,Control: favourite,16:45 Sandown Park,Poets Praise,3.75,1.0,8,True
2026-08-28,Analyst Verdict Pick,16:50 Wexford,Mahler's Best,19.0,8.0,14,True
2026-08-28,Control: favourite,16:50 Wexford,Boola Times,5.0,1.0,14,True
2026-08-28,Analyst Verdict Pick,16:55 Ffos Las,Crackergee,2.38,5.0,8,True
2026-08-28,Control: favourite,16:55 Ffos Las,Crackergee,2.38,5.0,8,True
2026-08-28,Analyst Verdict Pick,17:00 Sedgefield,Littletown Lad,3.5,1.0,10,True
2026-08-28,Control: favourite,17:00 Sedgefield,Yanka Blue,3.25,7.0,10,True
2026-08-28,Analyst Verdict Pick,17:05 Down Royal,Cosmic Front,3.25,6.0,11,False
2026-08-28,Control: favourite,17:05 Down Royal,Rare Times,2.2,1.0,11,False
2026-08-28,Analyst Verdict Pick,17:10 Goodwood,Hauteluce,6.0,6.0,13,True
2026-08-28,Control: favourite,17:10 Goodwood,Brighton Beach,5.0,3.0,13,True
2026-08-28,Analyst Verdict Pick,17:13 Thirsk,Pinatique,,,7,True
2026-08-28,Analyst Verdict Pick,17:15 Fontwell Park,Delgany Second Now,3.25,1.0,7,True
2026-08-28,Control: favourite,17:15 Fontwell Park,Onehundredneighty,2.2,2.0,7,True
2026-08-28,Analyst Verdict Pick,17:20 Sandown Park,Sovereign View,4.5,1.0,9,True
2026-08-28,Control: favourite,17:20 Sandown Park,Oh Yes You Do,3.5,2.0,9,True
2026-08-28,Analyst Verdict Pick,17:25 Wexford,Chosen Princess,5.0,3.0,14,True
2026-08-28,Control: favourite,17:25 Wexford,Sekakarma,4.33,1.0,14,True
2026-08-28,Analyst Verdict Pick,17:32 Sedgefield,Tom Creen,17.0,7.0,9,True
2026-08-28,Control: favourite,17:32 Sedgefield,Delpotro,3.5,3.0,9,True
2026-08-28,Analyst Verdict Pick,17:37 Down Royal,Lips Freedom,,,16,True
2026-08-28,Control: favourite,17:37 Down Royal,Dairy Force,4.5,,16,True
2026-08-28,Analyst Verdict Pick,17:45 Goodwood,Ammoony,2.38,4.0,9,True
2026-08-28,Control: favourite,17:45 Goodwood,Ammoony,2.38,4.0,9,True
2026-08-28,Analyst Verdict Pick,17:50 Fontwell Park,Of Corse I Can,5.5,4.0,7,True
2026-08-28,Control: favourite,17:50 Fontwell Park,Youdecide,1.62,1.0,7,True
2026-08-28,Analyst Verdict Pick,17:57 Wexford,Clody Diamond,2.63,7.0,13,False
2026-08-28,Control: favourite,17:57 Wexford,Clody Diamond,2.63,7.0,13,False
2026-08-28,Analyst Verdict Pick,18:05 Sedgefield,Fine Point,5.0,4.0,6,True
2026-08-28,Control: favourite,18:05 Sedgefield,Machete Beach,3.5,6.0,6,True
2026-08-28,Analyst Verdict Pick,18:12 Down Royal,Wackestone,2.75,3.0,8,False
2026-08-28,Control: favourite,18:12 Down Royal,Santa Domingo,2.75,5.0,8,False
2026-08-28,Analyst Verdict Pick,18:20 Goodwood,Ruby's Profit,3.25,5.0,9,True
2026-08-28,Control: favourite,18:20 Goodwood,Ruby's Profit,3.25,5.0,9,True
2026-08-28,Analyst Verdict Pick,18:25 Fontwell Park,Steal A Glance,,,7,True
2026-08-28,Control: favourite,18:25 Fontwell Park,Mobile Mamma,2.75,3.0,7,True
2026-08-28,Analyst Verdict Pick,18:32 Wexford,Le Coq Hardi,2.38,,5,False
2026-08-28,Control: favourite,18:32 Wexford,Le Coq Hardi,2.38,,5,False
2026-08-28,Analyst Verdict Pick,18:40 Sedgefield,Jeteye,3.25,2.0,7,True
2026-08-28,Control: favourite,18:40 Sedgefield,Jeteye,3.25,2.0,7,True
2026-08-28,Analyst Verdict Pick,18:47 Down Royal,Rocky's Diamond,3.75,3.0,9,False
2026-08-28,Control: favourite,18:47 Down Royal,Reverend Hubert,3.25,1.0,9,False
2026-08-28,Analyst Verdict Pick,18:55 Goodwood,Veil Of Clouds,,,10,True
2026-08-28,Control: favourite,18:55 Goodwood,Northcliff,3.5,2.0,10,True
2026-08-28,Analyst Verdict Pick,19:00 Fontwell Park,Person Of Interest,3.25,,6,True
2026-08-28,Control: favourite,19:00 Fontwell Park,Person Of Interest,3.25,,6,True
2026-08-28,Analyst Verdict Pick,19:07 Wexford,Kasper Hauser,4.5,5.0,10,True
2026-08-28,Control: favourite,19:07 Wexford,Catalani,4.5,3.0,10,True
2026-08-28,Analyst Verdict Pick,19:15 Sedgefield,William Yeats,2.25,1.0,10,True
2026-08-28,Control: favourite,19:15 Sedgefield,William Yeats,2.25,1.0,10,True
2026-08-28,Analyst Verdict Pick,19:22 Down Royal,Knocknagoran Lady,9.0,1.0,21,True
2026-08-28,Control: favourite,19:22 Down Royal,Fire Coral,4.5,3.0,21,True
2026-08-28,Analyst Verdict Pick,19:28 Goodwood,Kimeko Glory,3.25,2.0,10,True
2026-08-28,Control: favourite,19:28 Goodwood,Beach Point,3.13,1.0,10,True
2026-08-28,Analyst Verdict Pick,19:33 Fontwell Park,Double Power,8.5,9.0,9,True
2026-08-28,Control: favourite,19:33 Fontwell Park,Aggagio,4.0,4.0,9,True
2026-08-28,Analyst Verdict Pick,19:38 Wexford,Thewaybackhome,4.5,1.0,16,True
2026-08-28,Control: favourite,19:38 Wexford,Thewaybackhome,4.5,1.0,16,True
2026-08-28,Analyst Verdict Pick,19:50 Sedgefield,Reverse Charge,3.25,7.0,9,False
2026-08-28,Control: favourite,19:50 Sedgefield,You Be Lucky Jean,3.0,1.0,9,False
2026-08-28,Analyst Verdict Pick,19:56 Down Royal,Hilly Filly,3.5,2.0,12,False
2026-08-28,Control: favourite,19:56 Down Royal,Hilly Filly,3.5,2.0,12,False
2026-08-29,Analyst Verdict Pick,13:18 Curragh,Darkness Falls,1.67,1.0,16,False
2026-08-29,Control: favourite,13:18 Curragh,Darkness Falls,1.67,1.0,16,False
2026-08-29,Analyst Verdict Pick,13:25 Goodwood,Majestic Flame,4.5,9.0,13,False
2026-08-29,Control: favourite,13:25 Goodwood,Lily Pink,3.25,5.0,13,False
2026-08-29,Analyst Verdict Pick,13:40 Sandown Park,Thi Qar,,,9,False
2026-08-29,Control: favourite,13:40 Sandown Park,Flower Show,2.5,3.0,9,False
2026-08-29,Analyst Verdict Pick,13:45 Beverley,Solar Aclaim,,,11,True
2026-08-29,Control: favourite,13:45 Beverley,Lethal Nymph,4.0,3.0,11,True
2026-08-29,Analyst Verdict Pick,13:53 Curragh,Bellesque,7.5,8.0,10,False
2026-08-29,Control: favourite,13:53 Curragh,So Lovely,2.38,6.0,10,False
2026-08-29,Analyst Verdict Pick,14:00 Goodwood,Forty Years On,2.5,1.0,15,True
2026-08-29,Control: favourite,14:00 Goodwood,Forty Years On,2.5,1.0,15,True
2026-08-29,Analyst Verdict Pick,14:05 Cartmel,Mr Lincoln,5.5,7.0,12,True
2026-08-29,Control: favourite,14:05 Cartmel,Mi Sueno,3.0,6.0,12,True
2026-08-29,Analyst Verdict Pick,14:15 Sandown Park,Kokbastau,5.5,1.0,13,True
2026-08-29,Control: favourite,14:15 Sandown Park,Alcarath,4.0,2.0,13,True
2026-08-29,Analyst Verdict Pick,14:20 Beverley,Prince Of Calypso,6.0,5.0,9,True
2026-08-29,Control: favourite,14:20 Beverley,Northern Brave,3.5,3.0,9,True
2026-08-29,Analyst Verdict Pick,14:28 Curragh,Margot Mae,4.33,5.0,6,True
2026-08-29,Control: favourite,14:28 Curragh,Luca Brillante,2.88,2.0,6,True
2026-08-29,Analyst Verdict Pick,14:35 Goodwood,Tony Montana,4.33,9.0,9,True
2026-08-29,Control: favourite,14:35 Goodwood,High Degree,3.0,2.0,9,True
2026-08-29,Analyst Verdict Pick,14:40 Cartmel,Gambino,1.3,1.0,10,False
2026-08-29,Control: favourite,14:40 Cartmel,Gambino,1.3,1.0,10,False
2026-08-29,Analyst Verdict Pick,14:50 Sandown Park,Secret Of Life,5.0,4.0,10,False
2026-08-29,Control: favourite,14:50 Sandown Park,Kon Tiki,4.0,9.0,10,False
2026-08-29,Analyst Verdict Pick,14:55 Beverley,Ciao Capo,4.0,3.0,11,True
2026-08-29,Control: favourite,14:55 Beverley,Ciao Capo,4.0,3.0,11,True
2026-08-29,Analyst Verdict Pick,15:03 Curragh,Great Barrier Reef,1.8,2.0,7,False
2026-08-29,Control: favourite,15:03 Curragh,Great Barrier Reef,1.8,2.0,7,False
2026-08-29,Analyst Verdict Pick,15:10 Goodwood,Zavateri,2.1,1.0,9,False
2026-08-29,Control: favourite,15:10 Goodwood,Zavateri,2.1,1.0,9,False
2026-08-29,Analyst Verdict Pick,15:15 Cartmel,Another Pearl,7.0,,14,True
2026-08-29,Control: favourite,15:15 Cartmel,Kingofthegame,5.0,10.0,14,True
2026-08-29,Analyst Verdict Pick,15:30 Sandown Park,Rock Montreal,,,10,False
2026-08-29,Control: favourite,15:30 Sandown Park,Mia Fantasia,3.25,5.0,10,False
2026-08-29,Analyst Verdict Pick,15:35 Beverley,Saffron Bay,2.63,5.0,14,False
2026-08-29,Control: favourite,15:35 Beverley,Saffron Bay,2.63,5.0,14,False
2026-08-29,Analyst Verdict Pick,15:40 Curragh,Faiyum,4.0,2.0,15,False
2026-08-29,Control: favourite,15:40 Curragh,Faiyum,4.0,2.0,15,False
2026-08-29,Analyst Verdict Pick,15:45 Goodwood,Evening Call,3.75,8.0,8,False
2026-08-29,Control: favourite,15:45 Goodwood,Tropical Sands,3.25,5.0,8,False
2026-08-29,Analyst Verdict Pick,15:53 Cartmel,Got Grey,13.0,6.0,14,True
2026-08-29,Control: favourite,15:53 Cartmel,My Chiquita,4.33,4.0,14,True
2026-08-29,Analyst Verdict Pick,16:05 Sandown Park,Desert Shadow,3.0,2.0,10,True
2026-08-29,Control: favourite,16:05 Sandown Park,Desert Shadow,3.0,2.0,10,True
2026-08-29,Analyst Verdict Pick,16:10 Beverley,Son,3.75,3.0,13,True
2026-08-29,Control: favourite,16:10 Beverley,One Night Thunder,3.75,5.0,13,True
2026-08-29,Analyst Verdict Pick,16:15 Curragh,Pierre Royal,5.0,3.0,18,True
2026-08-29,Control: favourite,16:15 Curragh,Pierre Royal,5.0,3.0,18,True
2026-08-29,Analyst Verdict Pick,16:20 Goodwood,Zachary Hickes,3.5,2.0,12,True
2026-08-29,Control: favourite,16:20 Goodwood,Arcturus Flame,3.13,5.0,12,True
2026-08-29,Analyst Verdict Pick,16:25 Cartmel,Passing Diamond,1.53,1.0,5,True
2026-08-29,Control: favourite,16:25 Cartmel,Passing Diamond,1.53,1.0,5,True
2026-08-29,Analyst Verdict Pick,16:30 Windsor,Bulletsnap,3.0,4.0,10,False
2026-08-29,Control: favourite,16:30 Windsor,Crown And Two,1.91,1.0,10,False
2026-08-29,Analyst Verdict Pick,16:35 Sandown Park,La Fuerza,8.5,5.0,8,False
2026-08-29,Control: favourite,16:35 Sandown Park,Victory Gold,2.75,1.0,8,False
2026-08-29,Analyst Verdict Pick,16:40 Chepstow,Minster Man,1.4,1.0,4,False
2026-08-29,Control: favourite,16:40 Chepstow,Minster Man,1.4,1.0,4,False
2026-08-29,Analyst Verdict Pick,16:45 Beverley,Glen Nevis,5.0,9.0,12,True
2026-08-29,Control: favourite,16:45 Beverley,Glen Nevis,5.0,9.0,12,True
2026-08-29,Analyst Verdict Pick,16:50 Curragh,Tawaazon,13.0,5.0,21,True
2026-08-29,Control: favourite,16:50 Curragh,Rosato,6.0,10.0,21,True
2026-08-29,Analyst Verdict Pick,16:55 Goodwood,Dyonisos,,,8,True
2026-08-29,Control: favourite,16:55 Goodwood,Toca Madera,2.88,2.0,8,True
2026-08-29,Analyst Verdict Pick,17:00 Windsor,Lequinto,5.0,7.0,9,True
2026-08-29,Control: favourite,17:00 Windsor,Supreme King,3.75,6.0,9,True
2026-08-29,Analyst Verdict Pick,17:05 Cartmel,Aill Dubh,5.5,5.0,11,True
2026-08-29,Control: favourite,17:05 Cartmel,Roi Du Roume,3.75,2.0,11,True
2026-08-29,Analyst Verdict Pick,17:10 Sandown Park,Hypnotised,,,10,True
2026-08-29,Control: favourite,17:10 Sandown Park,Rosario,2.2,1.0,10,True
2026-08-29,Analyst Verdict Pick,17:15 Chepstow,Dowman,4.0,5.0,7,False
2026-08-29,Control: favourite,17:15 Chepstow,Dowman,4.0,5.0,7,False
2026-08-29,Control: favourite,17:25 Curragh,Ndaawi,1.83,1.0,19,False
2026-08-29,Analyst Verdict Pick,17:30 Windsor,Crafty Blue,5.0,2.0,9,True
2026-08-29,Control: favourite,17:30 Windsor,Angel Gabriel,3.75,1.0,9,True
2026-08-29,Analyst Verdict Pick,17:45 Chepstow,Flight Tracker,,,6,False
2026-08-29,Control: favourite,17:45 Chepstow,Midgham Man,1.62,1.0,6,False
2026-08-29,Analyst Verdict Pick,18:00 Windsor,Stoney Wood,5.0,5.0,11,False
2026-08-29,Control: favourite,18:00 Windsor,Crowned,1.83,2.0,11,False
2026-08-29,Analyst Verdict Pick,18:15 Chepstow,No More Pino,,,11,False
2026-08-29,Control: favourite,18:15 Chepstow,Sovereign Beach,2.88,8.0,11,False
2026-08-29,Analyst Verdict Pick,18:30 Windsor,Warrant Holder,,,9,False
2026-08-29,Control: favourite,18:30 Windsor,White Birch,2.88,3.0,9,False
2026-08-29,Analyst Verdict Pick,18:45 Chepstow,Emery Down,3.75,1.0,8,True
2026-08-29,Control: favourite,18:45 Chepstow,Emery Down,3.75,1.0,8,True
2026-08-29,Analyst Verdict Pick,19:00 Windsor,Maximising,4.0,1.0,11,True
2026-08-29,Control: favourite,19:00 Windsor,Bubbles Wonky,4.0,3.0,11,True
2026-08-29,Analyst Verdict Pick,19:15 Chepstow,Dash Of Class,5.5,7.0,8,True
2026-08-29,Control: favourite,19:15 Chepstow,Head Girl,2.75,2.0,8,True
2026-08-29,Analyst Verdict Pick,19:30 Windsor,Goldfinder,4.33,10.0,15,True
2026-08-29,Control: favourite,19:30 Windsor,Goldfinder,4.33,10.0,15,True
2026-08-29,Analyst Verdict Pick,19:45 Chepstow,City Escape,8.0,4.0,8,True
2026-08-29,Control: favourite,19:45 Chepstow,Pepper Fizz,4.0,3.0,8,True
2026-08-30,Analyst Verdict Pick,13:25 Goodwood,Flight Tracker,4.5,2.0,9,False
2026-08-30,Control: favourite,13:25 Goodwood,George Cross,2.5,1.0,9,False
2026-08-30,Analyst Verdict Pick,13:40 Beverley,Galyx,3.5,1.0,13,True
2026-08-30,Control: favourite,13:40 Beverley,Galyx,3.5,1.0,13,True
2026-08-30,Analyst Verdict Pick,13:50 Cork,Togetherwearefree,12.0,10.0,15,False
2026-08-30,Control: favourite,13:50 Cork,Mirren,4.0,7.0,15,False
2026-08-30,Analyst Verdict Pick,14:00 Goodwood,Silca Bay,10.0,7.0,11,True
2026-08-30,Control: favourite,14:00 Goodwood,Oliver Show,4.5,2.0,11,True
2026-08-30,Analyst Verdict Pick,14:15 Beverley,Jm Jungle,2.75,1.0,11,False
2026-08-30,Analyst Each-Way,14:15 Beverley,Fluorescence,,,11,False
2026-08-30,Control: favourite,14:15 Beverley,Jm Jungle,2.75,1.0,11,False
2026-08-30,Analyst Verdict Pick,14:20 Yarmouth,Rocsane,2.1,3.0,11,False
2026-08-30,Control: favourite,14:20 Yarmouth,Rocsane,2.1,3.0,11,False
2026-08-30,Analyst Verdict Pick,14:25 Cork,Due In June,15.0,7.0,16,True
2026-08-30,Control: favourite,14:25 Cork,Glamazon,6.0,10.0,16,True
2026-08-30,Analyst Verdict Pick,14:35 Goodwood,Purosangue,9.5,9.0,15,True
2026-08-30,Control: favourite,14:35 Goodwood,Flash Harry,2.88,1.0,15,True
2026-08-30,Analyst Verdict Pick,14:50 Beverley,Pivotal Voyage,5.0,1.0,13,False
2026-08-30,Control: favourite,14:50 Beverley,Eleven Eighty Two,4.0,8.0,13,False
2026-08-30,Analyst Verdict Pick,14:55 Yarmouth,Adrestia,,,9,True
2026-08-30,Control: favourite,14:55 Yarmouth,Kinswoman,1.44,1.0,9,True
2026-08-30,Analyst Verdict Pick,15:00 Cork,Gleneagle Bay,,,9,False
2026-08-30,Control: favourite,15:00 Cork,Bamako Beach,2.38,1.0,9,False
2026-08-30,Analyst Verdict Pick,15:10 Goodwood,Aperoll,5.5,5.0,10,False
2026-08-30,Control: favourite,15:10 Goodwood,Bayside View,3.75,6.0,10,False
2026-08-30,Analyst Verdict Pick,15:20 Beverley,On The River,3.75,2.0,13,True
2026-08-30,Control: favourite,15:20 Beverley,On The River,3.75,2.0,13,True
2026-08-30,Analyst Verdict Pick,15:25 Yarmouth,Solanna,15.0,5.0,9,True
2026-08-30,Control: favourite,15:25 Yarmouth,Something Splendid,3.25,1.0,9,True
2026-08-30,Analyst Verdict Pick,15:30 Cork,Catalina Delcarpio,2.88,10.0,14,False
2026-08-30,Control: favourite,15:30 Cork,Catalina Delcarpio,2.88,10.0,14,False
2026-08-30,Analyst Verdict Pick,15:45 Goodwood,Gloryous,2.75,2.0,8,False
2026-08-30,Control: favourite,15:45 Goodwood,Dunkeld Dreamer,2.75,3.0,8,False
2026-08-30,Analyst Verdict Pick,15:55 Beverley,Managing Director,,,15,True
2026-08-30,Control: favourite,15:55 Beverley,Tiriac,4.0,5.0,15,True
2026-08-30,Analyst Verdict Pick,16:00 Yarmouth,Methgal,3.5,2.0,11,True
2026-08-30,Control: favourite,16:00 Yarmouth,Court Drive,3.5,1.0,11,True
2026-08-30,Analyst Verdict Pick,16:05 Cork,Rosie Frith,,,10,False
2026-08-30,Control: favourite,16:05 Cork,Likedbymike,3.75,1.0,10,False
2026-08-30,Analyst Verdict Pick,16:20 Goodwood,Squire Danagher,10.0,9.0,11,True
2026-08-30,Control: favourite,16:20 Goodwood,Maxident,2.75,1.0,11,True
2026-08-30,Analyst Verdict Pick,16:30 Beverley,Printing Money,3.75,9.0,12,False
2026-08-30,Control: favourite,16:30 Beverley,Printing Money,3.75,9.0,12,False
2026-08-30,Analyst Verdict Pick,16:35 Yarmouth,Oh So Perfect,5.5,6.0,14,True
2026-08-30,Control: favourite,16:35 Yarmouth,Campani,3.25,2.0,14,True
2026-08-30,Analyst Verdict Pick,16:40 Cork,Otsana,,,17,False
2026-08-30,Control: favourite,16:40 Cork,Grande Cuvee,4.0,2.0,17,False
2026-08-30,Analyst Verdict Pick,16:55 Goodwood,Thinthread,7.0,7.0,11,True
2026-08-30,Control: favourite,16:55 Goodwood,Bearish,4.5,9.0,11,True
2026-08-30,Analyst Verdict Pick,17:05 Beverley,Spooky Wooky,,,8,True
2026-08-30,Control: favourite,17:05 Beverley,Shopaholic,3.25,6.0,8,True
2026-08-30,Analyst Verdict Pick,17:10 Yarmouth,Piazza,4.33,2.0,8,True
2026-08-30,Control: favourite,17:10 Yarmouth,Ecclefechan,3.25,1.0,8,True
2026-08-30,Analyst Verdict Pick,17:15 Cork,Justenzia,9.0,2.0,18,True
2026-08-30,Control: favourite,17:15 Cork,Lauderdale King,3.0,1.0,18,True
2026-08-31,Analyst Verdict Pick,13:32 Southwell,Cosmic Mystery,3.25,8.0,10,False
2026-08-31,Control: favourite,13:32 Southwell,Cosmic Mystery,3.25,8.0,10,False
2026-08-31,Analyst Verdict Pick,13:45 Chepstow,Crystal Kraken,1.53,3.0,6,False
2026-08-31,Control: favourite,13:45 Chepstow,Crystal Kraken,1.53,3.0,6,False
2026-08-31,Analyst Verdict Pick,13:50 Epsom Downs,Twirler,4.5,3.0,7,True
2026-08-31,Control: favourite,13:50 Epsom Downs,Em Four,2.88,5.0,7,True
2026-08-31,Analyst Verdict Pick,13:55 Ripon,Arenite,2.0,3.0,8,False
2026-08-31,Control: favourite,13:55 Ripon,Arenite,2.0,3.0,8,False
2026-08-31,Analyst Verdict Pick,14:07 Southwell,Blue Tulip,2.5,2.0,7,True
2026-08-31,Control: favourite,14:07 Southwell,Blue Tulip,2.5,2.0,7,True
2026-08-31,Analyst Verdict Pick,14:12 Downpatrick,Euro Agent,2.88,2.0,9,False
2026-08-31,Control: favourite,14:12 Downpatrick,Eben Zaabeel,1.91,1.0,9,False
2026-08-31,Analyst Verdict Pick,14:20 Chepstow,Washington Royale,3.0,1.0,7,False
2026-08-31,Control: favourite,14:20 Chepstow,Ischgl,1.62,4.0,7,False
2026-08-31,Analyst Verdict Pick,14:25 Epsom Downs,Summer Triangle,2.38,1.0,8,False
2026-08-31,Control: favourite,14:25 Epsom Downs,Summer Triangle,2.38,1.0,8,False
2026-08-31,Analyst Verdict Pick,14:30 Ripon,Time Thief,1.33,2.0,5,False
2026-08-31,Control: favourite,14:30 Ripon,Time Thief,1.33,2.0,5,False
2026-08-31,Analyst Verdict Pick,14:35 Cartmel,Vietnorm,1.73,,7,False
2026-08-31,Control: favourite,14:35 Cartmel,Vietnorm,1.73,,7,False
2026-08-31,Analyst Verdict Pick,14:42 Southwell,Faeberon,1.91,4.0,8,True
2026-08-31,Control: favourite,14:42 Southwell,Faeberon,1.91,4.0,8,True
2026-08-31,Analyst Verdict Pick,14:47 Downpatrick,Pahlavi,10.0,6.0,12,True
2026-08-31,Control: favourite,14:47 Downpatrick,He Who Dares,2.38,5.0,12,True
2026-08-31,Analyst Verdict Pick,14:55 Chepstow,Perola,,,6,False
2026-08-31,Control: favourite,14:55 Chepstow,Persian Gate,1.44,3.0,6,False
2026-08-31,Analyst Verdict Pick,15:00 Epsom Downs,Velvet Rhythm,8.0,7.0,8,True
2026-08-31,Control: favourite,15:00 Epsom Downs,Rhoscolyn,4.0,2.0,8,True
2026-08-31,Analyst Verdict Pick,15:05 Ripon,Rogue Jewel,3.25,2.0,8,False
2026-08-31,Control: favourite,15:05 Ripon,Silent Beauty,2.88,1.0,8,False
2026-08-31,Analyst Verdict Pick,15:10 Cartmel,Handmedownastar,2.5,5.0,13,True
2026-08-31,Control: favourite,15:10 Cartmel,Handmedownastar,2.5,5.0,13,True
2026-08-31,Analyst Verdict Pick,15:17 Southwell,Just Typical,4.5,4.0,14,True
2026-08-31,Control: favourite,15:17 Southwell,Avatar Jet,4.5,5.0,14,True
2026-08-31,Analyst Verdict Pick,15:22 Downpatrick,Coded Welder,2.0,3.0,10,False
2026-08-31,Control: favourite,15:22 Downpatrick,Coded Welder,2.0,3.0,10,False
2026-08-31,Analyst Verdict Pick,15:30 Chepstow,Escape Magic,3.25,2.0,11,True
2026-08-31,Control: favourite,15:30 Chepstow,Escape Magic,3.25,2.0,11,True
2026-08-31,Analyst Verdict Pick,15:35 Epsom Downs,Edward Sexton,3.75,3.0,14,True
2026-08-31,Control: favourite,15:35 Epsom Downs,Divine Knight,2.75,4.0,14,True
2026-08-31,Analyst Verdict Pick,15:40 Ripon,Majestic Dane,15.0,9.0,9,True
2026-08-31,Control: favourite,15:40 Ripon,Spoken Truth,2.5,1.0,9,True
2026-08-31,Analyst Verdict Pick,15:45 Cartmel,Al Sayah,7.5,3.0,7,True
2026-08-31,Control: favourite,15:45 Cartmel,Kayf Dancer,4.33,2.0,7,True
2026-08-31,Analyst Verdict Pick,15:51 Southwell,Test Run,29.0,10.0,10,True
2026-08-31,Control: favourite,15:51 Southwell,Vega Storm,3.75,4.0,10,True
2026-08-31,Analyst Verdict Pick,15:55 Downpatrick,Tell Nobody Nothin,7.5,8.0,11,True
2026-08-31,Control: favourite,15:55 Downpatrick,Bruant,4.0,1.0,11,True
2026-08-31,Analyst Verdict Pick,16:00 Chepstow,Rovinia,3.0,3.0,11,True
2026-08-31,Analyst Each-Way,16:00 Chepstow,A Rose Adaay,3.5,1.0,11,True
2026-08-31,Control: favourite,16:00 Chepstow,Rovinia,3.0,3.0,11,True
2026-08-31,Analyst Verdict Pick,16:05 Epsom Downs,Double Red,6.0,8.0,10,True
2026-08-31,Control: favourite,16:05 Epsom Downs,Almekarem,3.75,2.0,10,True
2026-08-31,Analyst Verdict Pick,16:10 Ripon,Rock Of England,3.75,1.0,9,True
2026-08-31,Control: favourite,16:10 Ripon,Rock Of England,3.75,1.0,9,True
2026-08-31,Analyst Verdict Pick,16:19 Cartmel,Tamarind Bay,,,7,True
2026-08-31,Control: favourite,16:19 Cartmel,Caughtinyourtrance,2.88,2.0,7,True
2026-08-31,Analyst Verdict Pick,16:25 Southwell,Ballybunion,4.5,3.0,9,True
2026-08-31,Control: favourite,16:25 Southwell,Roi De Coeur,3.25,2.0,9,True
2026-08-31,Analyst Verdict Pick,16:29 Downpatrick,Killeemore Lad,4.5,1.0,7,False
2026-08-31,Control: favourite,16:29 Downpatrick,Jabbar,3.5,2.0,7,False
2026-08-31,Analyst Verdict Pick,16:35 Chepstow,Thanos,6.0,1.0,17,True
2026-08-31,Control: favourite,16:35 Chepstow,Revelance,3.5,6.0,17,True
2026-08-31,Analyst Verdict Pick,16:40 Epsom Downs,Eduardo Calderon,4.5,2.0,8,True
2026-08-31,Control: favourite,16:40 Epsom Downs,Amused,4.5,6.0,8,True
2026-08-31,Analyst Verdict Pick,16:45 Ripon,Little Ted,3.75,2.0,10,False
2026-08-31,Control: favourite,16:45 Ripon,Little Ted,3.75,2.0,10,False
2026-08-31,Analyst Verdict Pick,16:50 Roscommon,Ruler's Control,3.25,4.0,9,False
2026-08-31,Control: favourite,16:50 Roscommon,Joga Bonito,2.75,2.0,9,False
2026-08-31,Analyst Verdict Pick,16:55 Cartmel,King Roly,3.5,2.0,8,True
2026-08-31,Control: favourite,16:55 Cartmel,King Roly,3.5,2.0,8,True
2026-08-31,Analyst Verdict Pick,17:00 Southwell,Travel Agent,8.0,5.0,12,True
2026-08-31,Control: favourite,17:00 Southwell,Dicko The Legend,3.75,8.0,12,True
2026-08-31,Analyst Verdict Pick,17:04 Downpatrick,The Cobblers Wife,4.33,4.0,16,True
2026-08-31,Control: favourite,17:04 Downpatrick,The Cobblers Wife,4.33,4.0,16,True
2026-08-31,Analyst Verdict Pick,17:10 Chepstow,Magna,6.5,6.0,7,True
2026-08-31,Control: favourite,17:10 Chepstow,Connie's Rose,3.5,3.0,7,True
2026-08-31,Analyst Verdict Pick,17:15 Epsom Downs,French Affair,2.2,3.0,6,True
2026-08-31,Control: favourite,17:15 Epsom Downs,French Affair,2.2,3.0,6,True
2026-08-31,Analyst Verdict Pick,17:20 Ripon,Ten Sixty Six,5.5,2.0,10,False
2026-08-31,Control: favourite,17:20 Ripon,Evelyn's Phoenix,3.75,3.0,10,False
2026-08-31,Analyst Verdict Pick,17:25 Roscommon,Bullet Bourbon,6.0,10.0,16,True
2026-08-31,Control: favourite,17:25 Roscommon,Givehertilxmas,2.88,2.0,16,True
2026-08-31,Analyst Verdict Pick,17:30 Cartmel,Cuzco Du Mathan,4.33,3.0,8,True
2026-08-31,Control: favourite,17:30 Cartmel,Ghasham,2.75,2.0,8,True
2026-08-31,Analyst Verdict Pick,17:35 Southwell,Surgeon Commander,5.0,6.0,14,True
2026-08-31,Control: favourite,17:35 Southwell,Based,4.0,10.0,14,True
2026-08-31,Analyst Verdict Pick,17:39 Downpatrick,Rightfolksplease,,,7,True
2026-08-31,Control: favourite,17:39 Downpatrick,Piccolo Player,3.75,4.0,7,True
2026-08-31,Analyst Verdict Pick,17:45 Chepstow,Ghost Story,3.0,4.0,6,True
2026-08-31,Control: favourite,17:45 Chepstow,Meet Me In Meraki,2.88,2.0,6,True
2026-08-31,Analyst Verdict Pick,17:50 Ripon,Star Start,4.0,2.0,10,True
2026-08-31,Control: favourite,17:50 Ripon,Spirit Catcher,4.0,4.0,10,True
2026-08-31,Analyst Verdict Pick,17:55 Roscommon,Merisi Diamond,12.0,5.0,13,True
2026-08-31,Control: favourite,17:55 Roscommon,Goal Exceeded,4.5,1.0,13,True
2026-08-31,Analyst Verdict Pick,18:25 Roscommon,Hazdann,2.0,1.0,5,False
2026-08-31,Control: favourite,18:25 Roscommon,Hazdann,2.0,1.0,5,False
2026-08-31,Analyst Verdict Pick,18:55 Roscommon,Almazann,1.67,4.0,17,False
2026-08-31,Control: favourite,18:55 Roscommon,Almazann,1.67,4.0,17,False
2026-08-31,Analyst Verdict Pick,19:25 Roscommon,Fratas,4.0,7.0,17,True
2026-08-31,Control: favourite,19:25 Roscommon,Fratas,4.0,7.0,17,True
2026-08-31,Analyst Verdict Pick,19:55 Roscommon,Augusta Rock,7.5,5.0,18,True
2026-08-31,Control: favourite,19:55 Roscommon,Glen Echo,5.0,2.0,18,True
2026-09-01,Analyst Verdict Pick,14:00 Gowran Park,Zenith Blaze,2.0,3.0,17,False
2026-09-01,Control: favourite,14:00 Gowran Park,Zenith Blaze,2.0,3.0,17,False
2026-09-01,Analyst Verdict Pick,14:10 Ripon,His Finest Hour,3.5,5.0,8,True
2026-09-01,Control: favourite,14:10 Ripon,His Finest Hour,3.5,5.0,8,True
2026-09-01,Analyst Verdict Pick,14:20 Lingfield,Divot,2.75,4.0,10,True
2026-09-01,Control: favourite,14:20 Lingfield,Divot,2.75,4.0,10,True
2026-09-01,Analyst Verdict Pick,14:30 Gowran Park,Drumbeat,2.25,1.0,16,False
2026-09-01,Control: favourite,14:30 Gowran Park,Drumbeat,2.25,1.0,16,False
2026-09-01,Analyst Verdict Pick,14:40 Ripon,Empress Princess,1.5,3.0,7,False
2026-09-01,Control: favourite,14:40 Ripon,Empress Princess,1.5,3.0,7,False
2026-09-01,Analyst Verdict Pick,14:50 Lingfield,Storm Force,1.44,1.0,4,False
2026-09-01,Control: favourite,14:50 Lingfield,Storm Force,1.44,1.0,4,False
2026-09-01,Analyst Verdict Pick,15:00 Gowran Park,Starborn Legend,2.5,1.0,17,False
2026-09-01,Control: favourite,15:00 Gowran Park,Starborn Legend,2.5,1.0,17,False
2026-09-01,Analyst Verdict Pick,15:10 Ripon,Star People,2.88,2.0,6,False
2026-09-01,Control: favourite,15:10 Ripon,Star People,2.88,2.0,6,False
2026-09-01,Analyst Verdict Pick,15:20 Lingfield,Reader,1.8,4.0,7,False
2026-09-01,Control: favourite,15:20 Lingfield,Reader,1.8,4.0,7,False
2026-09-01,Analyst Verdict Pick,15:30 Gowran Park,Motta Alta,,,12,True
2026-09-01,Control: favourite,15:30 Gowran Park,Nazario,4.0,4.0,12,True
2026-09-01,Analyst Verdict Pick,15:40 Ripon,Yes I'm Mali,1.73,1.0,10,True
2026-09-01,Control: favourite,15:40 Ripon,Yes I'm Mali,1.73,1.0,10,True
2026-09-01,Analyst Verdict Pick,15:50 Lingfield,Dontspoilasale,,,6,True
2026-09-01,Control: favourite,15:50 Lingfield,Elvetham,2.25,1.0,6,True
2026-09-01,Analyst Verdict Pick,16:00 Gowran Park,Profit Surge,4.0,4.0,9,False
2026-09-01,Control: favourite,16:00 Gowran Park,Minaun View,2.5,5.0,9,False
2026-09-01,Analyst Verdict Pick,16:06 Brighton,London Is Blue,3.0,5.0,6,True
2026-09-01,Control: favourite,16:06 Brighton,London Is Blue,3.0,5.0,6,True
2026-09-01,Analyst Verdict Pick,16:13 Ripon,Almarada Prince,4.33,2.0,10,True
2026-09-01,Control: favourite,16:13 Ripon,Mister Sox,3.75,3.0,10,True
2026-09-01,Analyst Verdict Pick,16:20 Lingfield,Hope Rising,3.75,1.0,5,True
2026-09-01,Control: favourite,16:20 Lingfield,La Peregrina,1.8,3.0,5,True
2026-09-01,Analyst Verdict Pick,16:30 Gowran Park,Selective Power,6.0,4.0,17,True
2026-09-01,Control: favourite,16:30 Gowran Park,Navajo Point,5.0,1.0,17,True
2026-09-01,Analyst Verdict Pick,16:36 Brighton,Norfolk Blue,1.36,1.0,4,False
2026-09-01,Control: favourite,16:36 Brighton,Norfolk Blue,1.36,1.0,4,False
2026-09-01,Analyst Verdict Pick,16:42 Wolverhampton,Federal Envoy,2.5,1.0,9,True
2026-09-01,Control: favourite,16:42 Wolverhampton,Federal Envoy,2.5,1.0,9,True
2026-09-01,Analyst Verdict Pick,16:48 Ripon,Donna Nook,4.5,9.0,13,True
2026-09-01,Control: favourite,16:48 Ripon,Donna Nook,4.5,9.0,13,True
2026-09-01,Analyst Verdict Pick,16:55 Lingfield,Musical Soldier,2.38,2.0,5,True
2026-09-01,Control: favourite,16:55 Lingfield,Musical Soldier,2.38,2.0,5,True
2026-09-01,Analyst Verdict Pick,17:00 Gowran Park,Mr Perth,3.5,7.0,16,True
2026-09-01,Control: favourite,17:00 Gowran Park,Mr Perth,3.5,7.0,16,True
2026-09-01,Analyst Verdict Pick,17:06 Brighton,Makes Me Wonder,4.0,2.0,10,True
2026-09-01,Control: favourite,17:06 Brighton,Makes Me Wonder,4.0,2.0,10,True
2026-09-01,Analyst Verdict Pick,17:12 Wolverhampton,Jessica,2.2,4.0,10,False
2026-09-01,Control: favourite,17:12 Wolverhampton,Jessica,2.2,4.0,10,False
2026-09-01,Analyst Verdict Pick,17:18 Ripon,Femme Fatale,,,7,True
2026-09-01,Control: favourite,17:18 Ripon,Si White,2.75,6.0,7,True
2026-09-01,Analyst Verdict Pick,17:25 Lingfield,Phoenix Moon,7.0,6.0,8,True
2026-09-01,Control: favourite,17:25 Lingfield,Far Too Fizzy,3.0,3.0,8,True
2026-09-01,Analyst Verdict Pick,17:32 Gowran Park,Bartholomew,2.63,7.0,14,False
2026-09-01,Control: favourite,17:32 Gowran Park,Bartholomew,2.63,7.0,14,False
2026-09-01,Analyst Verdict Pick,17:40 Brighton,Highland Harvey,2.75,2.0,8,True
2026-09-01,Control: favourite,17:40 Brighton,Highland Harvey,2.75,2.0,8,True
2026-09-01,Analyst Verdict Pick,17:45 Wolverhampton,Media Legend,1.83,4.0,6,True
2026-09-01,Control: favourite,17:45 Wolverhampton,Media Legend,1.83,4.0,6,True
2026-09-01,Control: favourite,17:55 Lingfield,Rb Yas Sir (A),1.4,1.0,5,False
2026-09-01,Analyst Verdict Pick,18:15 Brighton,Shes Got The Blues,4.33,1.0,9,True
2026-09-01,Control: favourite,18:15 Brighton,King David,3.0,2.0,9,True
2026-09-01,Analyst Verdict Pick,18:20 Wolverhampton,Knowledge,3.0,3.0,6,True
2026-09-01,Control: favourite,18:20 Wolverhampton,Booziebrunch,2.75,1.0,6,True
2026-09-01,Analyst Verdict Pick,18:45 Brighton,Serenity Dream,3.0,2.0,6,True
2026-09-01,Control: favourite,18:45 Brighton,Serenity Dream,3.0,2.0,6,True
2026-09-01,Analyst Verdict Pick,18:55 Wolverhampton,Pipily,15.0,3.0,10,True
2026-09-01,Control: favourite,18:55 Wolverhampton,Midnight Media,2.38,2.0,10,True
2026-09-01,Analyst Verdict Pick,19:15 Brighton,Diomed Spirit,3.0,1.0,6,True
2026-09-01,Control: favourite,19:15 Brighton,Diomed Spirit,3.0,1.0,6,True
2026-09-01,Analyst Verdict Pick,19:30 Wolverhampton,Sheik Yerbouti,,,9,True
2026-09-01,Control: favourite,19:30 Wolverhampton,She's A Gift,4.33,5.0,9,True
2026-09-01,Analyst Verdict Pick,20:00 Wolverhampton,Rye,3.75,1.0,11,True
2026-09-01,Control: favourite,20:00 Wolverhampton,Rye,3.75,1.0,11,True
2026-09-01,Analyst Verdict Pick,20:30 Wolverhampton,Phaedra,9.0,6.0,7,True
2026-09-01,Control: favourite,20:30 Wolverhampton,Sansanetti,2.5,4.0,7,True
2026-09-02,Analyst Verdict Pick,13:45 Newcastle,Koko Blue,2.38,1.0,8,True
2026-09-02,Control: favourite,13:45 Newcastle,Koko Blue,2.38,1.0,8,True
2026-09-02,Analyst Verdict Pick,14:00 Bath,Etienne,1.04,1.0,6,False
2026-09-02,Control: favourite,14:00 Bath,Etienne,1.04,1.0,6,False
2026-09-02,Analyst Verdict Pick,14:15 Newcastle,Baldosa,5.5,6.0,12,True
2026-09-02,Control: favourite,14:15 Newcastle,Dalamara,4.0,3.0,12,True
2026-09-02,Analyst Verdict Pick,14:30 Bath,Starsong,2.63,4.0,9,True
2026-09-02,Control: favourite,14:30 Bath,Starsong,2.63,4.0,9,True
2026-09-02,Analyst Verdict Pick,14:45 Newcastle,Yordan,1.15,1.0,11,False
2026-09-02,Control: favourite,14:45 Newcastle,Yordan,1.15,1.0,11,False
2026-09-02,Analyst Verdict Pick,15:00 Bath,Honour Your Dreams,7.0,2.0,9,True
2026-09-02,Control: favourite,15:00 Bath,Geemann,4.0,1.0,9,True
2026-09-02,Analyst Verdict Pick,15:15 Newcastle,Beattie Is Back,4.0,1.0,12,True
2026-09-02,Control: favourite,15:15 Newcastle,Beattie Is Back,4.0,1.0,12,True
2026-09-02,Analyst Verdict Pick,15:30 Bath,Wedgewood,10.0,8.0,10,True
2026-09-02,Control: favourite,15:30 Bath,Call Time,2.5,5.0,10,True
2026-09-02,Analyst Verdict Pick,15:45 Newcastle,Profitability,4.0,10.0,11,False
2026-09-02,Control: favourite,15:45 Newcastle,Profitability,4.0,10.0,11,False
2026-09-02,Analyst Verdict Pick,16:00 Bath,Just Adair,2.63,3.0,10,True
2026-09-02,Control: favourite,16:00 Bath,Just Adair,2.63,3.0,10,True
2026-09-02,Analyst Verdict Pick,16:07 Navan,Annie Batt,2.38,2.0,11,False
2026-09-02,Control: favourite,16:07 Navan,Annie Batt,2.38,2.0,11,False
2026-09-02,Analyst Verdict Pick,16:15 Newcastle,Criminal Shore,5.0,3.0,11,True
2026-09-02,Control: favourite,16:15 Newcastle,Criminal Shore,5.0,3.0,11,True
2026-09-02,Analyst Verdict Pick,16:30 Bath,Buckland Belle,1.83,1.0,14,True
2026-09-02,Control: favourite,16:30 Bath,Buckland Belle,1.83,1.0,14,True
2026-09-02,Analyst Verdict Pick,16:38 Navan,Prairie Girl,7.0,6.0,18,True
2026-09-02,Control: favourite,16:38 Navan,Bad Boy Rizz,5.0,8.0,18,True
2026-09-02,Analyst Verdict Pick,16:45 Newcastle,Papa Don't Preach,5.0,6.0,9,True
2026-09-02,Control: favourite,16:45 Newcastle,Ellie's De Vega,4.0,1.0,9,True
2026-09-02,Analyst Verdict Pick,16:50 Hamilton Park,Sod Hall Lane,2.38,1.0,8,False
2026-09-02,Control: favourite,16:50 Hamilton Park,Royal Strike,2.1,2.0,8,False
2026-09-02,Analyst Verdict Pick,17:02 Bath,Quebella,3.0,4.0,6,True
2026-09-02,Control: favourite,17:02 Bath,Quebella,3.0,4.0,6,True
2026-09-02,Analyst Verdict Pick,17:08 Navan,Timurshah,3.0,1.0,17,True
2026-09-02,Control: favourite,17:08 Navan,Timurshah,3.0,1.0,17,True
2026-09-02,Analyst Verdict Pick,17:15 Newcastle,Book Of Life,3.25,2.0,10,True
2026-09-02,Control: favourite,17:15 Newcastle,Book Of Life,3.25,2.0,10,True
2026-09-02,Analyst Verdict Pick,17:20 Hamilton Park,Impressor,8.0,10.0,13,True
2026-09-02,Control: favourite,17:20 Hamilton Park,Valentine Catcher,4.5,3.0,13,True
2026-09-02,Analyst Verdict Pick,17:30 Kempton Park,Superstorm,2.1,4.0,8,True
2026-09-02,Control: favourite,17:30 Kempton Park,Superstorm,2.1,4.0,8,True
2026-09-02,Analyst Verdict Pick,17:35 Bath,Belle Amie,2.75,1.0,6,True
2026-09-02,Control: favourite,17:35 Bath,Belle Amie,2.75,1.0,6,True
2026-09-02,Analyst Verdict Pick,17:40 Navan,Let's Smash It,2.63,9.0,14,False
2026-09-02,Control: favourite,17:40 Navan,Let's Smash It,2.63,9.0,14,False
2026-09-02,Analyst Verdict Pick,17:45 Newcastle,Itszaboy,11.0,5.0,9,True
2026-09-02,Control: favourite,17:45 Newcastle,Barleybrown,3.0,2.0,9,True
2026-09-02,Analyst Verdict Pick,17:50 Hamilton Park,Perseus Way,3.0,1.0,12,True
2026-09-02,Control: favourite,17:50 Hamilton Park,Clocker,2.88,8.0,12,True
2026-09-02,Analyst Verdict Pick,18:00 Kempton Park,Gold Army,3.25,2.0,11,False
2026-09-02,Control: favourite,18:00 Kempton Park,Anahona,3.0,5.0,11,False
2026-09-02,Analyst Verdict Pick,18:10 Navan,Chou Chou,5.0,3.0,17,True
2026-09-02,Control: favourite,18:10 Navan,Chou Chou,5.0,3.0,17,True
2026-09-02,Analyst Verdict Pick,18:20 Hamilton Park,Battle Fever,2.0,3.0,8,False
2026-09-02,Control: favourite,18:20 Hamilton Park,Battle Fever,2.0,3.0,8,False
2026-09-02,Analyst Verdict Pick,18:30 Kempton Park,Sierra Belle,3.0,1.0,12,False
2026-09-02,Control: favourite,18:30 Kempton Park,Sierra Belle,3.0,1.0,12,False
2026-09-02,Analyst Verdict Pick,18:40 Navan,Moyassr,4.5,2.0,17,True
2026-09-02,Control: favourite,18:40 Navan,Thompson Gunner,4.33,5.0,17,True
2026-09-02,Analyst Verdict Pick,18:50 Hamilton Park,Mae Amor,5.0,4.0,10,True
2026-09-02,Control: favourite,18:50 Hamilton Park,Mae Amor,5.0,4.0,10,True
2026-09-02,Analyst Verdict Pick,19:00 Kempton Park,Fortitudine,1.25,1.0,6,False
2026-09-02,Control: favourite,19:00 Kempton Park,Fortitudine,1.25,1.0,6,False
2026-09-02,Analyst Verdict Pick,19:10 Navan,Daler,8.0,3.0,19,True
2026-09-02,Control: favourite,19:10 Navan,Zaraahmando,5.5,4.0,19,True
2026-09-02,Analyst Verdict Pick,19:20 Hamilton Park,Tee Aitch Aye,2.75,1.0,10,True
2026-09-02,Control: favourite,19:20 Hamilton Park,Tee Aitch Aye,2.75,1.0,10,True
2026-09-02,Analyst Verdict Pick,19:30 Kempton Park,Got The Booty,4.5,5.0,8,True
2026-09-02,Control: favourite,19:30 Kempton Park,Remi Mae,4.33,1.0,8,True
2026-09-02,Analyst Verdict Pick,19:40 Navan,Sunatia,6.0,2.0,23,False
2026-09-02,Control: favourite,19:40 Navan,Saxony Charms,5.0,4.0,23,False
2026-09-02,Analyst Verdict Pick,19:50 Hamilton Park,Annandale,3.5,5.0,9,True
2026-09-02,Control: favourite,19:50 Hamilton Park,Annandale,3.5,5.0,9,True
2026-09-02,Analyst Verdict Pick,20:00 Kempton Park,Blakefell,2.5,3.0,8,True
2026-09-02,Control: favourite,20:00 Kempton Park,Blakefell,2.5,3.0,8,True
2026-09-02,Analyst Verdict Pick,20:30 Kempton Park,Madjid,1.44,2.0,6,True
2026-09-02,Control: favourite,20:30 Kempton Park,Madjid,1.44,2.0,6,True
2026-09-03,Analyst Verdict Pick,13:30 Haydock Park,Flightofthephoenix,4.5,6.0,13,True
2026-09-03,Control: favourite,13:30 Haydock Park,Spirit Catcher,3.75,2.0,13,True
2026-09-03,Analyst Verdict Pick,13:42 Newcastle,Satyress,4.5,1.0,9,True
2026-09-03,Control: favourite,13:42 Newcastle,Satyress,4.5,1.0,9,True
2026-09-03,Analyst Verdict Pick,13:53 Salisbury,Virtue Patience,7.0,4.0,8,True
2026-09-03,Control: favourite,13:53 Salisbury,Prince Rasam,3.5,3.0,8,True
2026-09-03,Analyst Verdict Pick,14:05 Haydock Park,Burning Up,1.44,1.0,9,False
2026-09-03,Control: favourite,14:05 Haydock Park,Burning Up,1.44,1.0,9,False
2026-09-03,Analyst Verdict Pick,14:17 Newcastle,Mwafaq,4.33,7.0,9,True
2026-09-03,Control: favourite,14:17 Newcastle,Qitaal,3.25,1.0,9,True
2026-09-03,Analyst Verdict Pick,14:28 Salisbury,Night Star,1.91,2.0,9,False
2026-09-03,Control: favourite,14:28 Salisbury,Night Star,1.91,2.0,9,False
2026-09-03,Analyst Verdict Pick,14:40 Haydock Park,Flying Pirate,2.25,1.0,7,False
2026-09-03,Control: favourite,14:40 Haydock Park,Flying Pirate,2.25,1.0,7,False
2026-09-03,Analyst Verdict Pick,14:52 Newcastle,Interstate,1.44,1.0,4,False
2026-09-03,Control: favourite,14:52 Newcastle,Interstate,1.44,1.0,4,False
2026-09-03,Analyst Verdict Pick,15:03 Salisbury,Hereward,2.5,2.0,9,False
2026-09-03,Control: favourite,15:03 Salisbury,Hereward,2.5,2.0,9,False
2026-09-03,Analyst Verdict Pick,15:10 Lingfield,Princess Honey Bee,3.25,1.0,5,False
2026-09-03,Control: favourite,15:10 Lingfield,Barbuda Bay,2.75,5.0,5,False
2026-09-03,Analyst Verdict Pick,15:17 Haydock Park,Green Titan,7.5,7.0,12,False
2026-09-03,Control: favourite,15:17 Haydock Park,Katie's Cavalier,4.33,6.0,12,False
2026-09-03,Analyst Verdict Pick,15:24 Newcastle,Home Secretary,1.3,1.0,4,True
2026-09-03,Control: favourite,15:24 Newcastle,Home Secretary,1.3,1.0,4,True
2026-09-03,Analyst Verdict Pick,15:30 Kilbeggan,Power Of Knowledge,1.91,5.0,13,False
2026-09-03,Control: favourite,15:30 Kilbeggan,Power Of Knowledge,1.91,5.0,13,False
2026-09-03,Analyst Verdict Pick,15:39 Salisbury,Thi Qar,3.5,2.0,9,False
2026-09-03,Control: favourite,15:39 Salisbury,Miss Miniver,2.1,1.0,9,False
2026-09-03,Analyst Verdict Pick,15:45 Lingfield,Twilight Moon,3.75,4.0,6,True
2026-09-03,Control: favourite,15:45 Lingfield,Mister Daydream,3.75,3.0,6,True
2026-09-03,Analyst Verdict Pick,15:52 Haydock Park,Sharadd,2.0,1.0,8,False
2026-09-03,Control: favourite,15:52 Haydock Park,Sharadd,2.0,1.0,8,False
2026-09-03,Analyst Verdict Pick,15:59 Newcastle,Mussab,1.25,1.0,9,False
2026-09-03,Control: favourite,15:59 Newcastle,Mussab,1.25,1.0,9,False
2026-09-03,Analyst Verdict Pick,16:05 Kilbeggan,Goeasyonme,4.33,2.0,14,False
2026-09-03,Control: favourite,16:05 Kilbeggan,Combs,3.0,1.0,14,False
2026-09-03,Analyst Verdict Pick,16:14 Salisbury,Dark Issue,7.0,2.0,11,False
2026-09-03,Control: favourite,16:14 Salisbury,Miss Kodi,2.63,6.0,11,False
2026-09-03,Analyst Verdict Pick,16:20 Lingfield,Noble Vow,,,6,True
2026-09-03,Control: favourite,16:20 Lingfield,Diomed Duke,2.5,1.0,6,True
2026-09-03,Analyst Verdict Pick,16:25 Haydock Park,Hoseki,2.25,1.0,7,True
2026-09-03,Control: favourite,16:25 Haydock Park,Hoseki,2.25,1.0,7,True
2026-09-03,Analyst Verdict Pick,16:30 Southwell,Invincible Crown,4.5,3.0,7,True
2026-09-03,Control: favourite,16:30 Southwell,Startling,2.0,1.0,7,True
2026-09-03,Analyst Verdict Pick,16:35 Newcastle,Willowinghurn,7.0,8.0,14,True
2026-09-03,Control: favourite,16:35 Newcastle,Victory Sound,3.0,1.0,14,True
2026-09-03,Analyst Verdict Pick,16:40 Kilbeggan,Rokanako,3.5,2.0,8,False
2026-09-03,Control: favourite,16:40 Kilbeggan,Splendid Fellow,1.57,1.0,8,False
2026-09-03,Analyst Verdict Pick,16:49 Salisbury,Miss Nightcap,,,11,True
2026-09-03,Control: favourite,16:49 Salisbury,Zen Diva,3.0,1.0,11,True
2026-09-03,Analyst Verdict Pick,16:55 Lingfield,Kamaal,3.25,3.0,5,False
2026-09-03,Control: favourite,16:55 Lingfield,Mouj Albuhoor,1.62,2.0,5,False
2026-09-03,Analyst Verdict Pick,17:00 Haydock Park,Nightsinwhitesatin,4.0,4.0,14,True
2026-09-03,Control: favourite,17:00 Haydock Park,Storm Point,3.5,5.0,14,True
2026-09-03,Analyst Verdict Pick,17:05 Southwell,Black Orchid,1.67,2.0,7,False
2026-09-03,Control: favourite,17:05 Southwell,Black Orchid,1.67,2.0,7,False
2026-09-03,Analyst Verdict Pick,17:10 Newcastle,Asadjumeirah,3.25,1.0,9,True
2026-09-03,Control: favourite,17:10 Newcastle,Asadjumeirah,3.25,1.0,9,True
2026-09-03,Analyst Verdict Pick,17:15 Kilbeggan,Steps In The Sand,6.5,7.0,16,True
2026-09-03,Control: favourite,17:15 Kilbeggan,Chemdawg,6.0,1.0,16,True
2026-09-03,Analyst Verdict Pick,17:24 Salisbury,Point Of Contact,5.0,5.0,11,True
2026-09-03,Control: favourite,17:24 Salisbury,Boyfriend,5.0,3.0,11,True
2026-09-03,Analyst Verdict Pick,17:30 Lingfield,Fabled Spirit,2.25,1.0,7,True
2026-09-03,Control: favourite,17:30 Lingfield,Fabled Spirit,2.25,1.0,7,True
2026-09-03,Analyst Verdict Pick,17:35 Southwell,Grand Pier,3.75,7.0,7,True
2026-09-03,Control: favourite,17:35 Southwell,Much,2.5,5.0,7,True
2026-09-03,Analyst Verdict Pick,17:40 Newcastle,Em Jay Kay,,,9,True
2026-09-03,Control: favourite,17:40 Newcastle,Uncle Sam,3.5,3.0,9,True
2026-09-03,Analyst Verdict Pick,17:48 Kilbeggan,Tutu Twist,1.8,2.0,11,False
2026-09-03,Control: favourite,17:48 Kilbeggan,Tutu Twist,1.8,2.0,11,False
2026-09-03,Analyst Verdict Pick,17:55 Salisbury,Kamaway,5.5,6.0,7,True
2026-09-03,Control: favourite,17:55 Salisbury,Aleatrix,2.75,5.0,7,True
2026-09-03,Analyst Verdict Pick,18:00 Lingfield,Angels' Share,2.38,1.0,10,True
2026-09-03,Control: favourite,18:00 Lingfield,Angels' Share,2.38,1.0,10,True
2026-09-03,Analyst Verdict Pick,18:10 Southwell,Castlemont,1.33,1.0,8,False
2026-09-03,Control: favourite,18:10 Southwell,Castlemont,1.33,1.0,8,False
2026-09-03,Analyst Verdict Pick,18:15 Newcastle,Harb,3.5,1.0,8,True
2026-09-03,Control: favourite,18:15 Newcastle,Dc Cogent,3.25,3.0,8,True
2026-09-03,Analyst Verdict Pick,18:18 Kilbeggan,Eye Contact,8.0,8.0,17,True
2026-09-03,Control: favourite,18:18 Kilbeggan,Blue Reed,5.5,2.0,17,True
2026-09-03,Analyst Verdict Pick,18:30 Lingfield,Go Lockers Go,11.0,7.0,8,True
2026-09-03,Control: favourite,18:30 Lingfield,Acclaimed Freedom,3.0,4.0,8,True
2026-09-03,Analyst Verdict Pick,18:40 Southwell,The Third Star,2.75,1.0,9,True
2026-09-03,Control: favourite,18:40 Southwell,The Third Star,2.75,1.0,9,True
2026-09-03,Analyst Verdict Pick,18:48 Kilbeggan,Ballito Beauty,7.5,4.0,11,False
2026-09-03,Control: favourite,18:48 Kilbeggan,Pat O's Rock,3.13,1.0,11,False
2026-09-03,Analyst Verdict Pick,19:00 Lingfield,Boston Run,3.5,1.0,7,True
2026-09-03,Control: favourite,19:00 Lingfield,Lady Of Clover,3.25,4.0,7,True
2026-09-03,Analyst Verdict Pick,19:10 Southwell,Franschhoek,2.75,6.0,9,True
2026-09-03,Control: favourite,19:10 Southwell,Franschhoek,2.75,6.0,9,True
2026-09-03,Analyst Verdict Pick,19:18 Kilbeggan,Ifuknowuknow,,,10,False
2026-09-03,Control: favourite,19:18 Kilbeggan,Myluckymaker,3.0,2.0,10,False
2026-09-03,Analyst Verdict Pick,19:40 Southwell,Piscean Star,5.0,5.0,9,True
2026-09-03,Control: favourite,19:40 Southwell,Korbut,2.75,2.0,9,True
2026-09-03,Analyst Verdict Pick,20:10 Southwell,Rock Opera,9.5,10.0,12,True
2026-09-03,Control: favourite,20:10 Southwell,Modern Times,4.0,7.0,12,True
2026-09-04,Analyst Verdict Pick,13:30 Haydock Park,Zimmerman,2.63,1.0,8,True
2026-09-04,Control: favourite,13:30 Haydock Park,Zimmerman,2.63,1.0,8,True
2026-09-04,Analyst Verdict Pick,13:40 Bangor-On-Dee,Hoe Joly Smoke,2.63,1.0,5,False
2026-09-04,Control: favourite,13:40 Bangor-On-Dee,Iamyouare,1.57,2.0,5,False
2026-09-04,Analyst Verdict Pick,13:55 Ascot,Dannick,7.5,2.0,11,True
2026-09-04,Control: favourite,13:55 Ascot,Tex,3.0,1.0,11,True
2026-09-04,Analyst Verdict Pick,14:05 Haydock Park,My Girl Dee Mo,2.75,3.0,4,False
2026-09-04,Control: favourite,14:05 Haydock Park,My Girl Dee Mo,2.75,3.0,4,False
2026-09-04,Analyst Verdict Pick,14:15 Bangor-On-Dee,Delgany Second Now,1.44,1.0,8,True
2026-09-04,Control: favourite,14:15 Bangor-On-Dee,Delgany Second Now,1.44,1.0,8,True
2026-09-04,Analyst Verdict Pick,14:30 Ascot,Korsakov,13.0,3.0,11,False
2026-09-04,Control: favourite,14:30 Ascot,San Jose,2.88,1.0,11,False
2026-09-04,Analyst Verdict Pick,14:40 Haydock Park,Etonnante,1.5,1.0,4,False
2026-09-04,Control: favourite,14:40 Haydock Park,Etonnante,1.5,1.0,4,False
2026-09-04,Analyst Verdict Pick,14:50 Bangor-On-Dee,Tamarind Bay,2.25,1.0,6,True
2026-09-04,Control: favourite,14:50 Bangor-On-Dee,Tamarind Bay,2.25,1.0,6,True
2026-09-04,Analyst Verdict Pick,15:05 Ascot,Claudette,5.5,5.0,11,False
2026-09-04,Control: favourite,15:05 Ascot,Divide And Conquer,3.5,2.0,11,False
2026-09-04,Analyst Verdict Pick,15:15 Haydock Park,Kodi Lion,4.5,1.0,14,True
2026-09-04,Control: favourite,15:15 Haydock Park,Kodi Lion,4.5,1.0,14,True
2026-09-04,Analyst Verdict Pick,15:25 Bangor-On-Dee,Ernest Gray,3.25,1.0,5,True
2026-09-04,Control: favourite,15:25 Bangor-On-Dee,Ernest Gray,3.25,1.0,5,True
2026-09-04,Analyst Verdict Pick,15:40 Ascot,Pure Mint,1.53,6.0,7,False
2026-09-04,Control: favourite,15:40 Ascot,Pure Mint,1.53,6.0,7,False
2026-09-04,Analyst Verdict Pick,15:47 Haydock Park,Parisiac,,,12,True
2026-09-04,Control: favourite,15:47 Haydock Park,Jer Batt,3.75,5.0,12,True
2026-09-04,Analyst Verdict Pick,15:53 Down Royal,Bit Of A Buzz,5.5,5.0,13,False
2026-09-04,Control: favourite,15:53 Down Royal,Monologue,2.63,4.0,13,False
2026-09-04,Analyst Verdict Pick,16:00 Bangor-On-Dee,Jammy Jay,2.0,2.0,6,True
2026-09-04,Control: favourite,16:00 Bangor-On-Dee,Jammy Jay,2.0,2.0,6,True
2026-09-04,Analyst Verdict Pick,16:07 Kilbeggan,How's Ellie,5.0,4.0,16,False
2026-09-04,Control: favourite,16:07 Kilbeggan,Dawn Coming,2.0,,16,False
2026-09-04,Analyst Verdict Pick,16:15 Ascot,Malachy's Wish,8.0,1.0,8,False
2026-09-04,Control: favourite,16:15 Ascot,Aalto,2.75,3.0,8,False
2026-09-04,Analyst Verdict Pick,16:20 Haydock Park,Clementines Star,9.0,10.0,12,True
2026-09-04,Control: favourite,16:20 Haydock Park,Cypriot Diaspora,2.88,3.0,12,True
2026-09-04,Analyst Verdict Pick,16:25 Down Royal,Forza Magico,2.0,1.0,12,False
2026-09-04,Control: favourite,16:25 Down Royal,Forza Magico,2.0,1.0,12,False
2026-09-04,Analyst Verdict Pick,16:30 Worcester,Jet Smart,7.0,2.0,6,True
2026-09-04,Control: favourite,16:30 Worcester,Dexperts Opinion,1.91,1.0,6,True
2026-09-04,Analyst Verdict Pick,16:35 Bangor-On-Dee,Depalma,4.0,2.0,8,True
2026-09-04,Control: favourite,16:35 Bangor-On-Dee,Harrys Hope,3.25,4.0,8,True
2026-09-04,Analyst Verdict Pick,16:42 Kilbeggan,Cocofred,3.25,9.0,10,True
2026-09-04,Control: favourite,16:42 Kilbeggan,Cocofred,3.25,9.0,10,True
2026-09-04,Control: favourite,16:48 Ascot,Spanish Voice,5.5,8.0,13,True
2026-09-04,Analyst Verdict Pick,16:53 Haydock Park,Lesrico,4.0,2.0,13,True
2026-09-04,Control: favourite,16:53 Haydock Park,Lesrico,4.0,2.0,13,True
2026-09-04,Analyst Verdict Pick,16:58 Down Royal,Whosinterviewinwho,2.63,10.0,15,False
2026-09-04,Control: favourite,16:58 Down Royal,Whosinterviewinwho,2.63,10.0,15,False
2026-09-04,Analyst Verdict Pick,17:03 Worcester,Holy Legend,2.25,1.0,6,True
2026-09-04,Control: favourite,17:03 Worcester,Holy Legend,2.25,1.0,6,True
2026-09-04,Analyst Verdict Pick,17:10 Bangor-On-Dee,Ashdown Forest,4.0,3.0,12,True
2026-09-04,Control: favourite,17:10 Bangor-On-Dee,Ashdown Forest,4.0,3.0,12,True
2026-09-04,Analyst Verdict Pick,17:15 Kilbeggan,Boo Radley,7.0,1.0,12,False
2026-09-04,Control: favourite,17:15 Kilbeggan,Speed For Fun,1.67,2.0,12,False
2026-09-04,Analyst Verdict Pick,17:21 Kempton Park,Sontsivka,1.5,1.0,14,False
2026-09-04,Control: favourite,17:21 Kempton Park,Sontsivka,1.5,1.0,14,False
2026-09-04,Analyst Verdict Pick,17:25 Ascot,First Legion,6.0,1.0,9,True
2026-09-04,Control: favourite,17:25 Ascot,Luansobe,4.5,5.0,9,True
2026-09-04,Analyst Verdict Pick,17:30 Down Royal,Fine Line,3.75,4.0,10,True
2026-09-04,Control: favourite,17:30 Down Royal,Fine Line,3.75,4.0,10,True
2026-09-04,Analyst Verdict Pick,17:36 Worcester,Brave Lion,2.25,2.0,10,False
2026-09-04,Control: favourite,17:36 Worcester,Brave Lion,2.25,2.0,10,False
2026-09-04,Analyst Verdict Pick,17:45 Kilbeggan,Itsaworkinmaniam,5.5,8.0,14,True
2026-09-04,Control: favourite,17:45 Kilbeggan,Mighty Berkshire,4.33,5.0,14,True
2026-09-04,Analyst Verdict Pick,17:54 Kempton Park,Huwa Baree,3.5,4.0,12,False
2026-09-04,Control: favourite,17:54 Kempton Park,Rogue Crusader,2.25,1.0,12,False
2026-09-04,Analyst Verdict Pick,18:00 Down Royal,Ragmans Corner,,,15,True
2026-09-04,Control: favourite,18:00 Down Royal,Boxing Great,4.33,1.0,15,True
2026-09-04,Analyst Verdict Pick,18:06 Worcester,Elated,1.83,2.0,12,False
2026-09-04,Control: favourite,18:06 Worcester,Elated,1.83,2.0,12,False
2026-09-04,Analyst Verdict Pick,18:15 Kilbeggan,Los Blanco,3.75,2.0,10,False
2026-09-04,Control: favourite,18:15 Kilbeggan,Fou De Toi,3.0,1.0,10,False
2026-09-04,Analyst Verdict Pick,18:24 Kempton Park,Gilding The Lily,1.62,1.0,4,False
2026-09-04,Control: favourite,18:24 Kempton Park,Gilding The Lily,1.62,1.0,4,False
2026-09-04,Analyst Verdict Pick,18:30 Down Royal,Chosen One,13.0,4.0,14,True
2026-09-04,Control: favourite,18:30 Down Royal,Sweet Baby Zou,4.0,2.0,14,True
2026-09-04,Analyst Verdict Pick,18:36 Worcester,Tilehurst,2.5,2.0,6,True
2026-09-04,Control: favourite,18:36 Worcester,Tilehurst,2.5,2.0,6,True
2026-09-04,Analyst Verdict Pick,18:45 Kilbeggan,Pinot Gris,4.0,5.0,13,True
2026-09-04,Control: favourite,18:45 Kilbeggan,Pinot Gris,4.0,5.0,13,True
2026-09-04,Analyst Verdict Pick,18:54 Kempton Park,Suggy,4.0,4.0,7,True
2026-09-04,Control: favourite,18:54 Kempton Park,Go Rimbaud,3.0,2.0,7,True
2026-09-04,Analyst Verdict Pick,19:00 Down Royal,Flagstone Lady,3.5,1.0,14,True
2026-09-04,Control: favourite,19:00 Down Royal,Flagstone Lady,3.5,1.0,14,True
2026-09-04,Analyst Verdict Pick,19:06 Worcester,That's Nice,5.5,1.0,8,True
2026-09-04,Control: favourite,19:06 Worcester,Theatre Tom,3.0,,8,True
2026-09-04,Analyst Verdict Pick,19:15 Kilbeggan,My Great Mate,1.67,,5,False
2026-09-04,Control: favourite,19:15 Kilbeggan,My Great Mate,1.67,,5,False
2026-09-04,Analyst Verdict Pick,19:24 Kempton Park,Kiniro,17.0,7.0,14,True
2026-09-04,Control: favourite,19:24 Kempton Park,Shiplake,2.5,1.0,14,True
2026-09-04,Analyst Verdict Pick,19:30 Down Royal,Connecteo,5.0,2.0,15,True
2026-09-04,Control: favourite,19:30 Down Royal,Connecteo,5.0,2.0,15,True
2026-09-04,Analyst Verdict Pick,19:36 Worcester,Sonyourastar,4.0,2.0,11,True
2026-09-04,Control: favourite,19:36 Worcester,Sonyourastar,4.0,2.0,11,True
2026-09-04,Analyst Verdict Pick,19:54 Kempton Park,Newsreader,3.75,5.0,7,True
2026-09-04,Control: favourite,19:54 Kempton Park,Peter The Wolf,3.5,1.0,7,True
2026-09-04,Analyst Verdict Pick,20:24 Kempton Park,Educator,4.5,7.0,8,True
2026-09-04,Control: favourite,20:24 Kempton Park,Educator,4.5,7.0,8,True
2026-09-05,Analyst Verdict Pick,13:25 Haydock Park,Needle Match,4.0,7.0,9,False
2026-09-05,Control: favourite,13:25 Haydock Park,Needle Match,4.0,7.0,9,False
2026-09-05,Analyst Verdict Pick,13:30 Navan,Your A Daisy,6.5,10.0,15,False
2026-09-05,Control: favourite,13:30 Navan,Roeillaun,2.25,1.0,15,False
2026-09-05,Analyst Verdict Pick,13:35 Thirsk,Empire Rising,6.5,3.0,9,False
2026-09-05,Control: favourite,13:35 Thirsk,The Monkey King,2.75,8.0,9,False
2026-09-05,Analyst Verdict Pick,13:40 Ascot,Thunder Call,2.0,1.0,10,True
2026-09-05,Control: favourite,13:40 Ascot,Thunder Call,2.0,1.0,10,True
2026-09-05,Analyst Verdict Pick,13:45 Kempton Park,Greek Symphony,7.0,5.0,8,True
2026-09-05,Control: favourite,13:45 Kempton Park,Woodhay Wayfarer,3.25,3.0,8,True
2026-09-05,Analyst Verdict Pick,13:55 Haydock Park,Rocket Boy,2.88,2.0,6,False
2026-09-05,Control: favourite,13:55 Haydock Park,First Law,2.5,1.0,6,False
2026-09-05,Analyst Verdict Pick,14:00 Navan,Supreme Lord,3.25,7.0,10,True
2026-09-05,Control: favourite,14:00 Navan,Supreme Lord,3.25,7.0,10,True
2026-09-05,Analyst Verdict Pick,14:05 Thirsk,Anchiano,8.5,7.0,9,False
2026-09-05,Control: favourite,14:05 Thirsk,Concert Pitch,4.33,6.0,9,False
2026-09-05,Analyst Verdict Pick,14:10 Ascot,Heyzoom,2.25,8.0,9,True
2026-09-05,Control: favourite,14:10 Ascot,Heyzoom,2.25,8.0,9,True
2026-09-05,Analyst Verdict Pick,14:20 Kempton Park,Cavolo Nero,7.0,9.0,14,True
2026-09-05,Control: favourite,14:20 Kempton Park,Warrior Mode,4.0,8.0,14,True
2026-09-05,Analyst Verdict Pick,14:30 Haydock Park,Galilean Quality,3.25,2.0,8,True
2026-09-05,Control: favourite,14:30 Haydock Park,Galilean Quality,3.25,2.0,8,True
2026-09-05,Analyst Verdict Pick,14:35 Navan,Rosato,7.5,9.0,19,True
2026-09-05,Control: favourite,14:35 Navan,The Love Machine,3.25,2.0,19,True
2026-09-05,Analyst Verdict Pick,14:40 Thirsk,Ma Blushin Rosie,5.0,5.0,13,False
2026-09-05,Control: favourite,14:40 Thirsk,Reddy,3.0,2.0,13,False
2026-09-05,Analyst Verdict Pick,14:45 Ascot,Dannahue,2.75,3.0,4,False
2026-09-05,Control: favourite,14:45 Ascot,Pensando A Te,2.2,1.0,4,False
2026-09-05,Analyst Verdict Pick,14:50 Kempton Park,Gethin,1.67,2.0,7,False
2026-09-05,Control: favourite,14:50 Kempton Park,Gethin,1.67,2.0,7,False
2026-09-05,Analyst Verdict Pick,15:05 Haydock Park,Aegean Prince,2.75,1.0,14,True
2026-09-05,Control: favourite,15:05 Haydock Park,Aegean Prince,2.75,1.0,14,True
2026-09-05,Analyst Verdict Pick,15:10 Navan,Namiid,7.0,2.0,8,True
2026-09-05,Control: favourite,15:10 Navan,Moltophino,3.75,1.0,8,True
2026-09-05,Analyst Verdict Pick,15:15 Thirsk,Oolong Poobong,2.25,1.0,6,True
2026-09-05,Control: favourite,15:15 Thirsk,Oolong Poobong,2.25,1.0,6,True
2026-09-05,Analyst Verdict Pick,15:20 Kempton Park,Tawakal,3.25,5.0,10,False
2026-09-05,Control: favourite,15:20 Kempton Park,Tawakal,3.25,5.0,10,False
2026-09-05,Analyst Verdict Pick,15:25 Ascot,Gavriel,3.5,1.0,7,True
2026-09-05,Control: favourite,15:25 Ascot,Kahin,3.25,4.0,7,True
2026-09-05,Analyst Verdict Pick,15:40 Haydock Park,Paborus,6.0,2.0,9,False
2026-09-05,Control: favourite,15:40 Haydock Park,Almeraq,3.25,1.0,9,False
2026-09-05,Analyst Verdict Pick,15:45 Navan,My Shayla,5.0,6.0,18,False
2026-09-05,Control: favourite,15:45 Navan,Divine Legend,4.5,2.0,18,False
2026-09-05,Analyst Verdict Pick,15:50 Thirsk,Commanche Falls,9.5,8.0,10,True
2026-09-05,Control: favourite,15:50 Thirsk,Dark Cloud Rising,6.0,6.0,10,True
2026-09-05,Analyst Verdict Pick,15:55 Kempton Park,Veil Of Clouds,2.38,1.0,11,True
2026-09-05,Control: favourite,15:55 Kempton Park,Veil Of Clouds,2.38,1.0,11,True
2026-09-05,Analyst Verdict Pick,16:00 Ascot,Rosa Inglesa,3.75,4.0,10,True
2026-09-05,Control: favourite,16:00 Ascot,Rosa Inglesa,3.75,4.0,10,True
2026-09-05,Analyst Verdict Pick,16:05 Stratford-on-Avon,At The Oche,2.38,2.0,7,True
2026-09-05,Control: favourite,16:05 Stratford-on-Avon,At The Oche,2.38,2.0,7,True
2026-09-05,Analyst Verdict Pick,16:10 Newcastle,Jujubella,2.5,2.0,7,True
2026-09-05,Control: favourite,16:10 Newcastle,Jujubella,2.5,2.0,7,True
2026-09-05,Analyst Verdict Pick,16:15 Haydock Park,Trilby,3.0,2.0,10,True
2026-09-05,Control: favourite,16:15 Haydock Park,Trilby,3.0,2.0,10,True
2026-09-05,Analyst Verdict Pick,16:20 Navan,Make The Tide,2.63,2.0,24,True
2026-09-05,Control: favourite,16:20 Navan,Make The Tide,2.63,2.0,24,True
2026-09-05,Analyst Verdict Pick,16:25 Thirsk,Wardlaw,2.38,2.0,8,True
2026-09-05,Control: favourite,16:25 Thirsk,Wardlaw,2.38,2.0,8,True
2026-09-05,Analyst Verdict Pick,16:30 Kempton Park,Primo Lara,3.5,1.0,11,True
2026-09-05,Control: favourite,16:30 Kempton Park,Primo Lara,3.5,1.0,11,True
2026-09-05,Analyst Verdict Pick,16:35 Ascot,Golden Long,,,15,True
2026-09-05,Control: favourite,16:35 Ascot,Fast Track Harry,6.0,5.0,15,True
2026-09-05,Analyst Verdict Pick,16:40 Stratford-on-Avon,Pioneer Pete,1.3,1.0,7,False
2026-09-05,Control: favourite,16:40 Stratford-on-Avon,Pioneer Pete,1.3,1.0,7,False
2026-09-05,Analyst Verdict Pick,16:45 Newcastle,Niffler,1.25,1.0,4,True
2026-09-05,Control: favourite,16:45 Newcastle,Niffler,1.25,1.0,4,True
2026-09-05,Analyst Verdict Pick,16:50 Haydock Park,Brighton Boy,9.0,5.0,12,True
2026-09-05,Control: favourite,16:50 Haydock Park,Rhoscolyn,3.25,2.0,12,True
2026-09-05,Analyst Verdict Pick,16:55 Navan,Millhone,5.0,1.0,23,True
2026-09-05,Control: favourite,16:55 Navan,Connova,4.33,2.0,23,True
2026-09-05,Analyst Verdict Pick,17:00 Thirsk,Frankies Dream,4.5,4.0,10,True
2026-09-05,Control: favourite,17:00 Thirsk,Misunderstood,3.25,2.0,10,True
2026-09-05,Analyst Verdict Pick,17:05 Kempton Park,Flash Kozo,3.25,2.0,6,True
2026-09-05,Control: favourite,17:05 Kempton Park,Flash Kozo,3.25,2.0,6,True
2026-09-05,Analyst Verdict Pick,17:10 Ascot,Dyonisos,9.0,2.0,13,True
2026-09-05,Control: favourite,17:10 Ascot,Manatee Mehmas,4.33,10.0,13,True
2026-09-05,Analyst Verdict Pick,17:15 Stratford-on-Avon,Lord Of The Glance,2.0,2.0,10,True
2026-09-05,Control: favourite,17:15 Stratford-on-Avon,Lord Of The Glance,2.0,2.0,10,True
2026-09-05,Analyst Verdict Pick,17:20 Newcastle,Foxy Night,3.5,7.0,9,False
2026-09-05,Control: favourite,17:20 Newcastle,Reformation,2.1,1.0,9,False
2026-09-05,Analyst Verdict Pick,17:25 Haydock Park,Crown Office,2.1,5.0,12,True
2026-09-05,Control: favourite,17:25 Haydock Park,Crown Office,2.1,5.0,12,True
2026-09-05,Analyst Verdict Pick,17:30 Navan,Handani,2.63,1.0,23,False
2026-09-05,Control: favourite,17:30 Navan,Handani,2.63,1.0,23,False
2026-09-05,Analyst Verdict Pick,17:35 Thirsk,Nyman,4.33,1.0,9,True
2026-09-05,Control: favourite,17:35 Thirsk,Nyman,4.33,1.0,9,True
2026-09-05,Analyst Verdict Pick,17:45 Stratford-on-Avon,Captain Cool,,,6,True
2026-09-05,Control: favourite,17:45 Stratford-on-Avon,Breaking Cover,2.0,1.0,6,True
2026-09-05,Analyst Verdict Pick,17:57 Newcastle,Geometry,2.38,3.0,8,False
2026-09-05,Control: favourite,17:57 Newcastle,Geometry,2.38,3.0,8,False
2026-09-05,Analyst Verdict Pick,18:15 Stratford-on-Avon,Porter In The Park,10.0,6.0,8,True
2026-09-05,Analyst Each-Way,18:15 Stratford-on-Avon,Porter In The Park,10.0,6.0,8,True
2026-09-05,Control: favourite,18:15 Stratford-on-Avon,Notnowlinda,3.75,5.0,8,True
2026-09-05,Analyst Verdict Pick,18:30 Newcastle,Lady Kodiac,2.88,1.0,7,True
2026-09-05,Control: favourite,18:30 Newcastle,Lady Kodiac,2.88,1.0,7,True
2026-09-05,Analyst Verdict Pick,18:45 Stratford-on-Avon,Danny's Friend,,,11,True
2026-09-05,Control: favourite,18:45 Stratford-on-Avon,Gone In Sixty,2.5,1.0,11,True
2026-09-05,Analyst Verdict Pick,19:00 Newcastle,Great Profit,4.5,3.0,14,True
2026-09-05,Control: favourite,19:00 Newcastle,Great Profit,4.5,3.0,14,True
2026-09-05,Analyst Verdict Pick,19:15 Stratford-on-Avon,Blackwater Lilly,5.5,3.0,10,True
2026-09-05,Control: favourite,19:15 Stratford-on-Avon,Parikarma,4.0,1.0,10,True
2026-09-05,Analyst Verdict Pick,19:30 Newcastle,Sunriseontheboyne,,,9,True
2026-09-05,Control: favourite,19:30 Newcastle,Criminal Shore,2.25,5.0,9,True
2026-09-05,Analyst Verdict Pick,20:00 Newcastle,Anthropologist,8.0,2.0,9,True
2026-09-05,Control: favourite,20:00 Newcastle,War Howl,2.25,3.0,9,True
2026-09-05,Analyst Verdict Pick,20:30 Newcastle,Starliner,2.5,1.0,9,True
2026-09-05,Control: favourite,20:30 Newcastle,Starliner,2.5,1.0,9,True
2026-09-06,Analyst Verdict Pick,13:30 York,Izuba,2.38,7.0,11,False
2026-09-06,Control: favourite,13:30 York,Izuba,2.38,7.0,11,False
2026-09-06,Analyst Verdict Pick,14:05 York,Explosive Finnish,6.0,3.0,22,True
2026-09-06,Control: favourite,14:05 York,Havana Rum,5.0,8.0,22,True
2026-09-06,Analyst Verdict Pick,14:20 Fontwell Park,Royal Rhythm,4.0,1.0,6,True
2026-09-06,Control: favourite,14:20 Fontwell Park,Atreides,3.75,3.0,6,True
2026-09-06,Analyst Verdict Pick,14:40 York,High Fibre,2.75,2.0,13,True
2026-09-06,Control: favourite,14:40 York,High Fibre,2.75,2.0,13,True
2026-09-06,Analyst Verdict Pick,14:55 Fontwell Park,Moab,2.0,1.0,5,False
2026-09-06,Control: favourite,14:55 Fontwell Park,Moab,2.0,1.0,5,False
2026-09-06,Analyst Verdict Pick,15:15 York,Besieged,,,17,True
2026-09-06,Control: favourite,15:15 York,Castle Stuart,4.5,3.0,17,True
2026-09-06,Analyst Verdict Pick,15:30 Fontwell Park,Gata Ban,2.75,3.0,6,True
2026-09-06,Control: favourite,15:30 Fontwell Park,Gata Ban,2.75,3.0,6,True
2026-09-06,Analyst Verdict Pick,15:50 York,Double Rush,2.2,2.0,9,False
2026-09-06,Control: favourite,15:50 York,Double Rush,2.2,2.0,9,False
2026-09-06,Analyst Verdict Pick,16:05 Fontwell Park,No More Bolero,2.5,3.0,5,True
2026-09-06,Control: favourite,16:05 Fontwell Park,No More Bolero,2.5,3.0,5,True
2026-09-06,Analyst Verdict Pick,16:25 York,Mr Noble,2.75,3.0,15,True
2026-09-06,Control: favourite,16:25 York,Mr Noble,2.75,3.0,15,True
2026-09-06,Analyst Verdict Pick,16:40 Fontwell Park,Midnight Jewel,1.57,1.0,4,True
2026-09-06,Control: favourite,16:40 Fontwell Park,Midnight Jewel,1.57,1.0,4,True
2026-09-06,Analyst Verdict Pick,17:00 York,Inspired,3.0,1.0,19,True
2026-09-06,Control: favourite,17:00 York,Inspired,3.0,1.0,19,True
2026-09-06,Analyst Verdict Pick,17:15 Fontwell Park,Delulu,,,7,False
2026-09-06,Control: favourite,17:15 Fontwell Park,Uptoyourselves,1.5,3.0,7,False
2026-09-07,Analyst Verdict Pick,14:00 Newton Abbot,Moment Of Light,1.4,1.0,7,False
2026-09-07,Control: favourite,14:00 Newton Abbot,Moment Of Light,1.4,1.0,7,False
2026-09-07,Analyst Verdict Pick,14:12 Windsor,Arnaz,7.0,5.0,15,True
2026-09-07,Control: favourite,14:12 Windsor,Distant Rumble,4.5,9.0,15,True
2026-09-07,Analyst Verdict Pick,14:20 Perth,Dunkerque,2.2,2.0,2,True
2026-09-07,Control: favourite,14:20 Perth,Follow Your Luck,1.67,1.0,2,True
2026-09-07,Analyst Verdict Pick,14:30 Newton Abbot,Explode,1.83,1.0,6,False
2026-09-07,Control: favourite,14:30 Newton Abbot,Explode,1.83,1.0,6,False
2026-09-07,Analyst Verdict Pick,14:42 Windsor,Romotoso,2.5,2.0,15,False
2026-09-07,Control: favourite,14:42 Windsor,Romotoso,2.5,2.0,15,False
2026-09-07,Analyst Verdict Pick,14:50 Perth,Cosmos D'ainay,1.53,1.0,5,False
2026-09-07,Control: favourite,14:50 Perth,Cosmos D'ainay,1.53,1.0,5,False
2026-09-07,Analyst Verdict Pick,15:00 Newton Abbot,Saint Polo,2.75,3.0,5,True
2026-09-07,Control: favourite,15:00 Newton Abbot,Saint Polo,2.75,3.0,5,True
2026-09-07,Analyst Verdict Pick,15:12 Windsor,Past Passion,6.0,3.0,15,False
2026-09-07,Control: favourite,15:12 Windsor,Devon Angel,5.5,2.0,15,False
2026-09-07,Analyst Verdict Pick,15:20 Perth,Castleheath,2.75,2.0,8,True
2026-09-07,Control: favourite,15:20 Perth,Castleheath,2.75,2.0,8,True
2026-09-07,Analyst Verdict Pick,15:30 Newton Abbot,My Girl Katie,3.0,2.0,7,True
2026-09-07,Control: favourite,15:30 Newton Abbot,My Girl Katie,3.0,2.0,7,True
2026-09-07,Analyst Verdict Pick,15:42 Windsor,Ecclefechan,4.5,7.0,9,True
2026-09-07,Control: favourite,15:42 Windsor,Ascending Star,3.0,3.0,9,True
2026-09-07,Analyst Verdict Pick,15:50 Perth,Regal Renaissance,2.25,2.0,5,True
2026-09-07,Control: favourite,15:50 Perth,Regal Renaissance,2.25,2.0,5,True
2026-09-07,Analyst Verdict Pick,16:00 Newton Abbot,Edelak,2.1,1.0,4,True
2026-09-07,Control: favourite,16:00 Newton Abbot,Edelak,2.1,1.0,4,True
2026-09-07,Control: favourite,16:07 Galway,En Or,2.75,2.0,20,False
2026-09-07,Analyst Verdict Pick,16:15 Windsor,Raaheeb,2.0,5.0,7,False
2026-09-07,Control: favourite,16:15 Windsor,Raaheeb,2.0,5.0,7,False
2026-09-07,Analyst Verdict Pick,16:20 Perth,Follow Charlie,4.0,3.0,10,True
2026-09-07,Control: favourite,16:20 Perth,Lowlands,3.25,,10,True
2026-09-07,Analyst Verdict Pick,16:30 Newton Abbot,Mr Mcwhinny,2.25,1.0,5,True
2026-09-07,Control: favourite,16:30 Newton Abbot,Mr Mcwhinny,2.25,1.0,5,True
2026-09-07,Analyst Verdict Pick,16:38 Galway,Euro Maker,7.0,3.0,20,True
2026-09-07,Control: favourite,16:38 Galway,Colin's Friend,3.75,4.0,20,True
2026-09-07,Analyst Verdict Pick,16:45 Windsor,Without Prejudice,1.25,1.0,8,False
2026-09-07,Control: favourite,16:45 Windsor,Without Prejudice,1.25,1.0,8,False
2026-09-07,Analyst Verdict Pick,16:50 Perth,Down Around,2.75,1.0,8,True
2026-09-07,Control: favourite,16:50 Perth,Down Around,2.75,1.0,8,True
2026-09-07,Analyst Verdict Pick,16:57 Wolverhampton,Roxa Love,1.8,1.0,7,False
2026-09-07,Control: favourite,16:57 Wolverhampton,Roxa Love,1.8,1.0,7,False
2026-09-07,Analyst Verdict Pick,17:02 Newton Abbot,Mother Ship,8.5,2.0,8,True
2026-09-07,Control: favourite,17:02 Newton Abbot,Ghost Jury,3.75,3.0,8,True
2026-09-07,Analyst Verdict Pick,17:09 Galway,Paul's Dream,5.5,1.0,8,False
2026-09-07,Control: favourite,17:09 Galway,Blood Destiny,2.38,6.0,8,False
2026-09-07,Analyst Verdict Pick,17:15 Windsor,Bated Breeze,4.33,3.0,12,True
2026-09-07,Control: favourite,17:15 Windsor,Bated Breeze,4.33,3.0,12,True
2026-09-07,Analyst Verdict Pick,17:30 Wolverhampton,Lauralynn,6.0,1.0,11,False
2026-09-07,Control: favourite,17:30 Wolverhampton,Calef,4.5,4.0,11,False
2026-09-07,Analyst Verdict Pick,17:41 Galway,John Storey,6.0,,20,True
2026-09-07,Control: favourite,17:41 Galway,Princess Felicia,5.0,10.0,20,True
2026-09-07,Analyst Verdict Pick,18:00 Wolverhampton,Pon Pon Dalia,1.18,1.0,7,False
2026-09-07,Control: favourite,18:00 Wolverhampton,Pon Pon Dalia,1.18,1.0,7,False
2026-09-07,Analyst Verdict Pick,18:11 Galway,Strong Contender,6.5,3.0,21,True
2026-09-07,Control: favourite,18:11 Galway,Poetic Focus,4.5,10.0,21,True
2026-09-07,Analyst Verdict Pick,18:30 Wolverhampton,Brunhilde,4.33,4.0,4,True
2026-09-07,Control: favourite,18:30 Wolverhampton,Level Look,2.1,1.0,4,True
2026-09-07,Analyst Verdict Pick,18:41 Galway,Ocastle Des Mottes,2.75,1.0,8,False
2026-09-07,Control: favourite,18:41 Galway,Ndaawi,1.91,4.0,8,False
2026-09-07,Analyst Verdict Pick,19:00 Wolverhampton,Ten Sixty Six,,,13,True
2026-09-07,Control: favourite,19:00 Wolverhampton,Miss Mambo,3.5,4.0,13,True
2026-09-07,Analyst Verdict Pick,19:11 Galway,Justatan,3.75,2.0,11,True
2026-09-07,Control: favourite,19:11 Galway,Justatan,3.75,2.0,11,True
2026-09-07,Analyst Verdict Pick,19:30 Wolverhampton,Midnight Media,1.73,2.0,13,True
2026-09-07,Control: favourite,19:30 Wolverhampton,Midnight Media,1.73,2.0,13,True
2026-09-07,Analyst Verdict Pick,19:41 Galway,Brickfield Belle,2.0,1.0,18,False
2026-09-07,Control: favourite,19:41 Galway,Brickfield Belle,2.0,1.0,18,False
2026-09-07,Analyst Verdict Pick,20:00 Wolverhampton,Commander Of Life,7.0,8.0,13,True
2026-09-07,Control: favourite,20:00 Wolverhampton,Dixieland Blues,4.5,5.0,13,True
2026-09-07,Analyst Verdict Pick,20:30 Wolverhampton,Fiorella Princess,,,11,True
2026-09-07,Control: favourite,20:30 Wolverhampton,Blue Force,2.88,4.0,11,True
2026-09-08,Analyst Verdict Pick,13:12 Leicester,Lizzie Bennet,4.33,5.0,9,False
2026-09-08,Control: favourite,13:12 Leicester,La Torre,3.0,3.0,9,False
2026-09-08,Analyst Verdict Pick,13:30 Goodwood,Najidi Storm,1.03,2.0,3,False
2026-09-08,Control: favourite,13:30 Goodwood,Najidi Storm,1.03,2.0,3,False
2026-09-08,Analyst Verdict Pick,13:42 Leicester,Iwasjustsaying,2.75,2.0,10,False
2026-09-08,Control: favourite,13:42 Leicester,Iwasjustsaying,2.75,2.0,10,False
2026-09-08,Analyst Verdict Pick,13:53 Catterick Bridge,Aura Of Melania,2.25,2.0,8,False
2026-09-08,Control: favourite,13:53 Catterick Bridge,Aura Of Melania,2.25,2.0,8,False
2026-09-08,Analyst Verdict Pick,14:05 Goodwood,Noble Traveller,2.5,4.0,9,False
2026-09-08,Control: favourite,14:05 Goodwood,Quicken Away,2.1,1.0,9,False
2026-09-08,Analyst Verdict Pick,14:17 Leicester,Magic Harry,2.63,1.0,9,False
2026-09-08,Control: favourite,14:17 Leicester,Magic Harry,2.63,1.0,9,False
2026-09-08,Analyst Verdict Pick,14:28 Catterick Bridge,Queen Sana,2.5,1.0,7,False
2026-09-08,Control: favourite,14:28 Catterick Bridge,Queen Sana,2.5,1.0,7,False
2026-09-08,Analyst Verdict Pick,14:40 Goodwood,Sorrengail,,,6,False
2026-09-08,Control: favourite,14:40 Goodwood,Spirit Tango,1.53,1.0,6,False
2026-09-08,Analyst Verdict Pick,14:52 Leicester,Arctic Tsar,6.5,1.0,10,False
2026-09-08,Control: favourite,14:52 Leicester,Hemustbeanangel,4.0,6.0,10,False
2026-09-08,Analyst Verdict Pick,15:03 Catterick Bridge,Methgal,2.5,2.0,10,True
2026-09-08,Control: favourite,15:03 Catterick Bridge,Methgal,2.5,2.0,10,True
2026-09-08,Analyst Verdict Pick,15:15 Goodwood,Over Spiced,4.0,2.0,7,True
2026-09-08,Control: favourite,15:15 Goodwood,Kiss And Run,4.0,1.0,7,True
2026-09-08,Analyst Verdict Pick,15:27 Leicester,Jojo Rabbit,12.0,9.0,11,True
2026-09-08,Control: favourite,15:27 Leicester,Act Of Violence,2.5,2.0,11,True
2026-09-08,Analyst Verdict Pick,15:36 Catterick Bridge,Hi Lord,10.0,5.0,10,True
2026-09-08,Control: favourite,15:36 Catterick Bridge,Kings Merchant,2.75,1.0,10,True
2026-09-08,Analyst Verdict Pick,15:43 Galway,Noble Exhibit,,,6,False
2026-09-08,Control: favourite,15:43 Galway,City Of Gold,1.57,2.0,6,False
2026-09-08,Analyst Verdict Pick,15:50 Goodwood,Manxman,1.73,1.0,5,True
2026-09-08,Control: favourite,15:50 Goodwood,Manxman,1.73,1.0,5,True
2026-09-08,Analyst Verdict Pick,16:02 Leicester,Harry's Halo,3.5,1.0,12,True
2026-09-08,Control: favourite,16:02 Leicester,Harry's Halo,3.5,1.0,12,True
2026-09-08,Analyst Verdict Pick,16:11 Catterick Bridge,Taaklam,4.5,9.0,12,True
2026-09-08,Control: favourite,16:11 Catterick Bridge,Lanarra,4.33,3.0,12,True
2026-09-08,Analyst Verdict Pick,16:18 Galway,Lord Massusus,6.0,1.0,9,False
2026-09-08,Control: favourite,16:18 Galway,Lady Arwen,4.5,2.0,9,False
2026-09-08,Analyst Verdict Pick,16:25 Goodwood,Blue Wonder,2.88,1.0,12,True
2026-09-08,Control: favourite,16:25 Goodwood,Blue Wonder,2.88,1.0,12,True
2026-09-08,Analyst Verdict Pick,16:32 Leicester,Gaspacho,2.75,4.0,9,True
2026-09-08,Control: favourite,16:32 Leicester,Gaspacho,2.75,4.0,9,True
2026-09-08,Analyst Verdict Pick,16:38 Bangor-On-Dee,Jiair Madrik,3.75,3.0,5,True
2026-09-08,Control: favourite,16:38 Bangor-On-Dee,Duel Au Soleil,2.88,1.0,5,True
2026-09-08,Analyst Verdict Pick,16:46 Catterick Bridge,Captain Cess,3.5,2.0,11,True
2026-09-08,Control: favourite,16:46 Catterick Bridge,Captain Cess,3.5,2.0,11,True
2026-09-08,Analyst Verdict Pick,16:53 Galway,Down The Glen,8.0,7.0,16,True
2026-09-08,Control: favourite,16:53 Galway,Nazario,5.0,8.0,16,True
2026-09-08,Analyst Verdict Pick,17:00 Goodwood,Marengo Storm,3.5,5.0,9,True
2026-09-08,Control: favourite,17:00 Goodwood,Old Is Gold,2.5,1.0,9,True
2026-09-08,Analyst Verdict Pick,17:07 Leicester,Little Tiger,4.33,2.0,11,True
2026-09-08,Control: favourite,17:07 Leicester,Ricardo Phillips,3.5,3.0,11,True
2026-09-08,Analyst Verdict Pick,17:12 Bangor-On-Dee,Captain Cool,1.91,1.0,4,True
2026-09-08,Control: favourite,17:12 Bangor-On-Dee,Captain Cool,1.91,1.0,4,True
2026-09-08,Analyst Verdict Pick,17:21 Catterick Bridge,Keldeo,4.5,9.0,10,True
2026-09-08,Control: favourite,17:21 Catterick Bridge,Hanney Girl,4.33,2.0,10,True
2026-09-08,Analyst Verdict Pick,17:30 Galway,Churchill Bond,2.88,3.0,12,False
2026-09-08,Control: favourite,17:30 Galway,Churchill Bond,2.88,3.0,12,False
2026-09-08,Analyst Verdict Pick,17:42 Bangor-On-Dee,Hidden Fortune,2.25,1.0,8,False
2026-09-08,Control: favourite,17:42 Bangor-On-Dee,Hidden Fortune,2.25,1.0,8,False
2026-09-08,Analyst Verdict Pick,17:51 Catterick Bridge,Zimmerman,2.0,1.0,9,True
2026-09-08,Control: favourite,17:51 Catterick Bridge,Zimmerman,2.0,1.0,9,True
2026-09-08,Analyst Verdict Pick,18:00 Galway,San Aer,4.33,5.0,12,True
2026-09-08,Control: favourite,18:00 Galway,Merisi Diamond,4.0,3.0,12,True
2026-09-08,Analyst Verdict Pick,18:12 Bangor-On-Dee,Lunar Orbit,4.5,,8,True
2026-09-08,Control: favourite,18:12 Bangor-On-Dee,Rock Hurley,3.75,2.0,8,True
2026-09-08,Analyst Verdict Pick,18:30 Galway,Beset,3.0,1.0,16,False
2026-09-08,Control: favourite,18:30 Galway,Beset,3.0,1.0,16,False
2026-09-08,Analyst Verdict Pick,18:42 Bangor-On-Dee,Syosset,5.0,4.0,6,True
2026-09-08,Control: favourite,18:42 Bangor-On-Dee,Playful Fox,4.0,5.0,6,True
2026-09-08,Analyst Verdict Pick,19:00 Galway,Party Dress,4.33,10.0,16,True
2026-09-08,Control: favourite,19:00 Galway,Faro Island,4.33,7.0,16,True
2026-09-08,Analyst Verdict Pick,19:12 Bangor-On-Dee,Scottish Dancer,7.0,1.0,8,True
2026-09-08,Control: favourite,19:12 Bangor-On-Dee,Fane Court,4.5,3.0,8,True
2026-09-08,Analyst Verdict Pick,19:30 Galway,Porters Corner,2.2,6.0,17,False
2026-09-08,Control: favourite,19:30 Galway,Porters Corner,2.2,6.0,17,False
2026-09-09,Analyst Verdict Pick,13:21 Redcar,Kirton Angel,4.5,7.0,9,False
2026-09-09,Control: favourite,13:21 Redcar,Benbecula,2.5,4.0,9,False
2026-09-09,Analyst Verdict Pick,13:51 Redcar,Luminous Warrior,11.0,2.0,18,True
2026-09-09,Control: favourite,13:51 Redcar,Hatamoto,3.5,4.0,18,True
2026-09-09,Analyst Verdict Pick,14:00 Sedgefield,Earnest Belief,5.5,4.0,5,False
2026-09-09,Control: favourite,14:00 Sedgefield,Way Maker,1.67,2.0,5,False
2026-09-09,Analyst Verdict Pick,14:12 Carlisle,Flower Youmzain,6.5,3.0,13,False
2026-09-09,Control: favourite,14:12 Carlisle,Sunset Cove,3.5,4.0,13,False
2026-09-09,Analyst Verdict Pick,14:21 Redcar,Al Jolson,1.17,1.0,11,False
2026-09-09,Control: favourite,14:21 Redcar,Al Jolson,1.17,1.0,11,False
2026-09-09,Analyst Verdict Pick,14:30 Sedgefield,Stellarmasterpiece,2.0,2.0,9,True
2026-09-09,Control: favourite,14:30 Sedgefield,Stellarmasterpiece,2.0,2.0,9,True
2026-09-09,Analyst Verdict Pick,14:42 Carlisle,Fast Performer,3.25,7.0,10,False
2026-09-09,Control: favourite,14:42 Carlisle,Fast Performer,3.25,7.0,10,False
2026-09-09,Analyst Verdict Pick,14:51 Redcar,Lucky Hero,2.75,3.0,11,True
2026-09-09,Control: favourite,14:51 Redcar,Lucky Hero,2.75,3.0,11,True
2026-09-09,Analyst Verdict Pick,15:00 Sedgefield,Glenmalure Flyer,3.75,3.0,4,True
2026-09-09,Control: favourite,15:00 Sedgefield,Limerick Leader,2.25,1.0,4,True
2026-09-09,Analyst Verdict Pick,15:12 Carlisle,Lord Byron,13.0,6.0,12,False
2026-09-09,Control: favourite,15:12 Carlisle,Act Of Generosity,2.63,4.0,12,False
2026-09-09,Analyst Verdict Pick,15:21 Redcar,Phantom Shadow,10.0,4.0,10,True
2026-09-09,Control: favourite,15:21 Redcar,Chesneys Charm,3.0,7.0,10,True
2026-09-09,Analyst Verdict Pick,15:30 Sedgefield,Dexter,3.75,3.0,9,True
2026-09-09,Control: favourite,15:30 Sedgefield,Dexter,3.75,3.0,9,True
2026-09-09,Analyst Verdict Pick,15:47 Carlisle,Royal Duke,12.0,5.0,13,True
2026-09-09,Control: favourite,15:47 Carlisle,Never Dark,4.33,7.0,13,True
2026-09-09,Analyst Verdict Pick,15:54 Redcar,Golden Caviar,12.0,6.0,9,True
2026-09-09,Control: favourite,15:54 Redcar,Sweet Kiss,2.38,2.0,9,True
2026-09-09,Analyst Verdict Pick,16:00 Sedgefield,Glory And Honour,4.33,3.0,5,True
2026-09-09,Control: favourite,16:00 Sedgefield,Ladies Day,2.75,2.0,5,True
2026-09-09,Analyst Verdict Pick,16:10 Cork,Fighting Tears,,,6,False
2026-09-09,Control: favourite,16:10 Cork,The Scallionator,1.57,1.0,6,False
2026-09-09,Analyst Verdict Pick,16:17 Carlisle,Donald,6.0,1.0,11,True
2026-09-09,Control: favourite,16:17 Carlisle,Zous Juice,4.5,10.0,11,True
2026-09-09,Analyst Verdict Pick,16:24 Redcar,Night Emperor,3.75,3.0,17,True
2026-09-09,Control: favourite,16:24 Redcar,Night Emperor,3.75,3.0,17,True
2026-09-09,Analyst Verdict Pick,16:30 Sedgefield,Moro Rock,,,6,True
2026-09-09,Control: favourite,16:30 Sedgefield,Luminaries,2.88,2.0,6,True
2026-09-09,Analyst Verdict Pick,16:40 Cork,Marco Polo,1.13,1.0,9,False
2026-09-09,Control: favourite,16:40 Cork,Marco Polo,1.13,1.0,9,False
2026-09-09,Analyst Verdict Pick,16:47 Carlisle,Zermatt Star,4.5,2.0,11,True
2026-09-09,Control: favourite,16:47 Carlisle,Hostility,2.88,9.0,11,True
2026-09-09,Analyst Verdict Pick,16:54 Redcar,Pisanello,7.0,7.0,20,True
2026-09-09,Control: favourite,16:54 Redcar,The New Bay Pearl,5.0,5.0,20,True
2026-09-09,Analyst Verdict Pick,17:00 Kempton Park,Viking Glory,8.5,7.0,14,True
2026-09-09,Control: favourite,17:00 Kempton Park,Mmmbop,3.75,4.0,14,True
2026-09-09,Analyst Verdict Pick,17:05 Sedgefield,Pergamon,2.63,1.0,4,True
2026-09-09,Control: favourite,17:05 Sedgefield,King Ulanda,2.38,3.0,4,True
2026-09-09,Analyst Verdict Pick,17:10 Cork,Gerrit's Gem,9.5,4.0,23,True
2026-09-09,Control: favourite,17:10 Cork,Grande Cuvee,7.5,10.0,23,True
2026-09-09,Analyst Verdict Pick,17:17 Carlisle,Von Trotter,9.0,1.0,11,True
2026-09-09,Control: favourite,17:17 Carlisle,One Night Thunder,4.5,3.0,11,True
2026-09-09,Analyst Verdict Pick,17:30 Kempton Park,Mercantile,1.5,1.0,12,False
2026-09-09,Control: favourite,17:30 Kempton Park,Mercantile,1.5,1.0,12,False
2026-09-09,Analyst Verdict Pick,17:45 Cork,Sarah's Choice,4.33,9.0,19,False
2026-09-09,Control: favourite,17:45 Cork,Hanawa,4.0,10.0,19,False
2026-09-09,Analyst Verdict Pick,18:00 Kempton Park,Between Me And U,,,14,True
2026-09-09,Control: favourite,18:00 Kempton Park,Potomac River,4.5,2.0,14,True
2026-09-09,Analyst Verdict Pick,18:15 Cork,Sayonara,7.5,10.0,22,True
2026-09-09,Control: favourite,18:15 Cork,Micasso,7.0,10.0,22,True
2026-09-09,Analyst Verdict Pick,18:30 Kempton Park,Pink Larkspur,9.0,2.0,7,False
2026-09-09,Control: favourite,18:30 Kempton Park,Lex Victoria,2.2,1.0,7,False
2026-09-09,Analyst Verdict Pick,18:45 Cork,Almeiyda,2.1,3.0,19,False
2026-09-09,Control: favourite,18:45 Cork,Almeiyda,2.1,3.0,19,False
2026-09-09,Analyst Verdict Pick,19:00 Kempton Park,Enchanted Queen,1.5,1.0,8,False
2026-09-09,Control: favourite,19:00 Kempton Park,Enchanted Queen,1.5,1.0,8,False
2026-09-09,Analyst Verdict Pick,19:15 Cork,Sherekiya,6.0,8.0,19,True
2026-09-09,Control: favourite,19:15 Cork,Highbury See See,4.33,2.0,19,True
2026-09-09,Analyst Verdict Pick,19:30 Kempton Park,Musical Soldier,4.5,2.0,14,True
2026-09-09,Control: favourite,19:30 Kempton Park,Dandy G Boy,4.0,7.0,14,True
2026-09-09,Analyst Verdict Pick,20:00 Kempton Park,Uzincso,4.33,6.0,12,True
2026-09-09,Control: favourite,20:00 Kempton Park,Tinsel,4.33,9.0,12,True
2026-09-09,Analyst Verdict Pick,20:30 Kempton Park,Augustus Gloop,5.0,1.0,7,True
2026-09-09,Control: favourite,20:30 Kempton Park,Bintaryana,2.38,3.0,7,True
2026-09-10,Analyst Verdict Pick,13:15 Doncaster,Wondervision,7.5,7.0,13,False
2026-09-10,Control: favourite,13:15 Doncaster,Speed of Sound,2.75,1.0,13,False
2026-09-10,Analyst Verdict Pick,13:40 Worcester,Jo Arengeot Bey Aa,3.0,3.0,6,True
2026-09-10,Control: favourite,13:40 Worcester,Kenzo Des Bruyeres,2.5,2.0,6,True
2026-09-10,Analyst Verdict Pick,13:50 Doncaster,Night In Vegas,1.83,1.0,17,False
2026-09-10,Control: favourite,13:50 Doncaster,Night In Vegas,1.83,1.0,17,False
2026-09-10,Analyst Verdict Pick,14:00 Epsom Downs,Astabuen,3.25,2.0,10,False
2026-09-10,Control: favourite,14:00 Epsom Downs,Astabuen,3.25,2.0,10,False
2026-09-10,Analyst Verdict Pick,14:10 Worcester,Youdecide,2.38,2.0,5,True
2026-09-10,Control: favourite,14:10 Worcester,Youdecide,2.38,2.0,5,True
2026-09-10,Analyst Verdict Pick,14:25 Doncaster,Besieged,5.5,10.0,11,True
2026-09-10,Control: favourite,14:25 Doncaster,Knights Charge,3.0,2.0,11,True
2026-09-10,Analyst Verdict Pick,14:35 Epsom Downs,Dapper Guest,10.0,1.0,9,True
2026-09-10,Control: favourite,14:35 Epsom Downs,Norcross Brow,3.75,3.0,9,True
2026-09-10,Analyst Verdict Pick,14:40 Lingfield,Horndean,4.0,2.0,12,False
2026-09-10,Control: favourite,14:40 Lingfield,Horndean,4.0,2.0,12,False
2026-09-10,Analyst Verdict Pick,14:45 Worcester,Delulu,2.1,3.0,9,False
2026-09-10,Control: favourite,14:45 Worcester,Delulu,2.1,3.0,9,False
2026-09-10,Analyst Verdict Pick,15:00 Doncaster,Danielle,4.33,2.0,9,False
2026-09-10,Control: favourite,15:00 Doncaster,Prizeland,3.25,4.0,9,False
2026-09-10,Analyst Verdict Pick,15:07 Epsom Downs,Carnival Day,3.5,1.0,10,True
2026-09-10,Control: favourite,15:07 Epsom Downs,Carnival Day,3.5,1.0,10,True
2026-09-10,Analyst Verdict Pick,15:13 Lingfield,Marquessofanglesey,1.83,1.0,8,False
2026-09-10,Control: favourite,15:13 Lingfield,Marquessofanglesey,1.83,1.0,8,False
2026-09-10,Analyst Verdict Pick,15:20 Worcester,Sytadel,4.0,2.0,14,False
2026-09-10,Control: favourite,15:20 Worcester,Lock Stock,1.91,1.0,14,False
2026-09-10,Analyst Verdict Pick,15:35 Doncaster,Musical Times,2.75,1.0,11,False
2026-09-10,Control: favourite,15:35 Doncaster,Musical Times,2.75,1.0,11,False
2026-09-10,Analyst Verdict Pick,15:42 Epsom Downs,Crooked Path,2.88,2.0,7,True
2026-09-10,Control: favourite,15:42 Epsom Downs,Crooked Path,2.88,2.0,7,True
2026-09-10,Analyst Verdict Pick,15:48 Lingfield,Takaaful,1.62,2.0,10,False
2026-09-10,Control: favourite,15:48 Lingfield,Takaaful,1.62,2.0,10,False
2026-09-10,Analyst Verdict Pick,15:55 Worcester,Crafty Gael,2.63,1.0,11,True
2026-09-10,Control: favourite,15:55 Worcester,Crafty Gael,2.63,1.0,11,True
2026-09-10,Analyst Verdict Pick,16:10 Doncaster,Waasil,3.75,3.0,6,False
2026-09-10,Control: favourite,16:10 Doncaster,Al Wathba,2.75,4.0,6,False
2026-09-10,Analyst Verdict Pick,16:17 Epsom Downs,Caraway,,,17,True
2026-09-10,Control: favourite,16:17 Epsom Downs,Shirakawa,3.75,4.0,17,True
2026-09-10,Analyst Verdict Pick,16:23 Lingfield,In The City,6.0,10.0,11,True
2026-09-10,Control: favourite,16:23 Lingfield,Federal Envoy,3.0,1.0,11,True
2026-09-10,Analyst Verdict Pick,16:30 Worcester,Berry Edge,2.75,2.0,10,True
2026-09-10,Control: favourite,16:30 Worcester,Berry Edge,2.75,2.0,10,True
2026-09-10,Analyst Verdict Pick,16:39 Laytown,Spirit Of Eagles,7.0,9.0,10,False
2026-09-10,Control: favourite,16:39 Laytown,Blue Anthem,3.75,2.0,10,False
2026-09-10,Analyst Verdict Pick,16:45 Doncaster,Undiscovered,4.33,5.0,9,False
2026-09-10,Control: favourite,16:45 Doncaster,Storm Blade,3.25,4.0,9,False
2026-09-10,Analyst Verdict Pick,16:52 Epsom Downs,Royal Bodyguard,7.5,10.0,10,True
2026-09-10,Control: favourite,16:52 Epsom Downs,Mayaada,3.25,8.0,10,True
2026-09-10,Analyst Verdict Pick,16:58 Lingfield,Midnight's Dream,4.33,3.0,11,True
2026-09-10,Control: favourite,16:58 Lingfield,Midnight's Dream,4.33,3.0,11,True
2026-09-10,Analyst Verdict Pick,17:05 Worcester,Bathara,5.0,9.0,9,True
2026-09-10,Control: favourite,17:05 Worcester,Ikigai Star,4.0,7.0,9,True
2026-09-10,Analyst Verdict Pick,17:14 Laytown,Moyassr,3.75,2.0,10,True
2026-09-10,Control: favourite,17:14 Laytown,Launch Time,3.75,6.0,10,True
2026-09-10,Analyst Verdict Pick,17:20 Doncaster,Itica,8.5,7.0,10,True
2026-09-10,Control: favourite,17:20 Doncaster,Devil's Peak,2.88,1.0,10,True
2026-09-10,Analyst Verdict Pick,17:27 Epsom Downs,Play Me,7.0,3.0,9,True
2026-09-10,Control: favourite,17:27 Epsom Downs,Oj Lifestyle,2.88,6.0,9,True
2026-09-10,Analyst Verdict Pick,17:33 Lingfield,Lake Como,6.5,1.0,6,True
2026-09-10,Control: favourite,17:33 Lingfield,Kaindy,1.73,2.0,6,True
2026-09-10,Analyst Verdict Pick,17:49 Laytown,Faoladh,6.5,5.0,11,True
2026-09-10,Control: favourite,17:49 Laytown,No More Porter,4.0,4.0,11,True
2026-09-10,Analyst Verdict Pick,18:05 Lingfield,Let's Go Hugo,6.0,1.0,9,True
2026-09-10,Control: favourite,18:05 Lingfield,A Lott Of Kane,3.75,4.0,9,True
2026-09-10,Analyst Verdict Pick,18:20 Laytown,Kakori,4.33,4.0,9,False
2026-09-10,Control: favourite,18:20 Laytown,Therewillbeglory,3.25,2.0,9,False
2026-09-10,Analyst Verdict Pick,18:35 Lingfield,Make It Up,3.25,7.0,9,True
2026-09-10,Control: favourite,18:35 Lingfield,Make It Up,3.25,7.0,9,True
2026-09-10,Analyst Verdict Pick,18:50 Laytown,Movin And Groovin,4.5,7.0,11,True
2026-09-10,Control: favourite,18:50 Laytown,Lohengrin,4.33,2.0,11,True
2026-09-10,Analyst Verdict Pick,19:05 Lingfield,Thunder Goddess,4.5,2.0,10,True
2026-09-10,Control: favourite,19:05 Lingfield,Thisonesforyou,2.25,1.0,10,True
2026-09-10,Analyst Verdict Pick,19:20 Laytown,Indigo Dream,4.0,9.0,11,True
2026-09-10,Control: favourite,19:20 Laytown,Indigo Dream,4.0,9.0,11,True
2026-09-11,Analyst Verdict Pick,13:15 Doncaster,Rock Montreal,3.5,2.0,9,False
2026-09-11,Control: favourite,13:15 Doncaster,Nabati,2.0,3.0,9,False
2026-09-11,Analyst Verdict Pick,13:37 Chester,Bearly Blue,2.88,4.0,11,False
2026-09-11,Control: favourite,13:37 Chester,Donna Beauty,2.75,1.0,11,False
2026-09-11,Analyst Verdict Pick,13:50 Doncaster,Anthropologist,5.5,8.0,14,False
2026-09-11,Control: favourite,13:50 Doncaster,Caragio,4.5,3.0,14,False
2026-09-11,Analyst Verdict Pick,14:01 Sandown Park,Ivory Moon,1.44,2.0,7,False
2026-09-11,Control: favourite,14:01 Sandown Park,Ivory Moon,1.44,2.0,7,False
2026-09-11,Analyst Verdict Pick,14:12 Chester,Dovecote,1.73,2.0,4,False
2026-09-11,Control: favourite,14:12 Chester,Dovecote,1.73,2.0,4,False
2026-09-11,Analyst Verdict Pick,14:25 Doncaster,Flann Sunna,4.0,3.0,12,False
2026-09-11,Control: favourite,14:25 Doncaster,Final Objective,3.25,1.0,12,False
2026-09-11,Analyst Verdict Pick,14:36 Sandown Park,Hint Of Humour,,,10,True
2026-09-11,Control: favourite,14:36 Sandown Park,Always Perfect,3.75,2.0,10,True
2026-09-11,Analyst Verdict Pick,14:47 Chester,Meet Me In Meraki,4.33,1.0,11,True
2026-09-11,Control: favourite,14:47 Chester,Meet Me In Meraki,4.33,1.0,11,True
2026-09-11,Analyst Verdict Pick,15:00 Doncaster,Queenstown,,,8,False
2026-09-11,Analyst Each-Way,15:00 Doncaster,Ascending,7.5,3.0,8,False
2026-09-11,Control: favourite,15:00 Doncaster,Caballo De Mar,1.83,1.0,8,False
2026-09-11,Analyst Verdict Pick,15:10 Sandown Park,Haldon Pier,7.0,1.0,6,False
2026-09-11,Control: favourite,15:10 Sandown Park,Must Be Love,2.25,4.0,6,False
2026-09-11,Analyst Verdict Pick,15:17 Chester,Baker Blue,4.0,1.0,10,True
2026-09-11,Control: favourite,15:17 Chester,Baker Blue,4.0,1.0,10,True
2026-09-11,Analyst Verdict Pick,15:24 Ballinrobe,We're Out Of Aces,6.5,6.0,13,False
2026-09-11,Control: favourite,15:24 Ballinrobe,Bell Ex Too,3.0,1.0,13,False
2026-09-11,Analyst Verdict Pick,15:35 Doncaster,Silver Lake,2.63,1.0,10,True
2026-09-11,Control: favourite,15:35 Doncaster,Silver Lake,2.63,1.0,10,True
2026-09-11,Analyst Verdict Pick,15:41 Salisbury,Waaqed,4.0,7.0,11,False
2026-09-11,Control: favourite,15:41 Salisbury,New Oxford,2.5,3.0,11,False
2026-09-11,Analyst Verdict Pick,15:47 Sandown Park,Norham,6.0,1.0,8,False
2026-09-11,Control: favourite,15:47 Sandown Park,Cilician,3.75,2.0,8,False
2026-09-11,Analyst Verdict Pick,15:53 Chester,Two Commanders,3.5,5.0,14,True
2026-09-11,Control: favourite,15:53 Chester,Two Commanders,3.5,5.0,14,True
2026-09-11,Analyst Verdict Pick,15:59 Ballinrobe,The Dotski,5.5,1.0,16,False
2026-09-11,Control: favourite,15:59 Ballinrobe,Ronnie's Rascal,2.2,3.0,16,False
2026-09-11,Analyst Verdict Pick,16:10 Doncaster,Victoria Night,1.8,1.0,5,False
2026-09-11,Control: favourite,16:10 Doncaster,Victoria Night,1.8,1.0,5,False
2026-09-11,Analyst Verdict Pick,16:16 Salisbury,Bold Shout,2.0,8.0,13,True
2026-09-11,Control: favourite,16:16 Salisbury,Bold Shout,2.0,8.0,13,True
2026-09-11,Analyst Verdict Pick,16:22 Sandown Park,Christian David,3.5,5.0,6,True
2026-09-11,Control: favourite,16:22 Sandown Park,Christian David,3.5,5.0,6,True
2026-09-11,Analyst Verdict Pick,16:28 Chester,Lady Gormire,7.5,10.0,14,True
2026-09-11,Control: favourite,16:28 Chester,Ghisa,4.5,1.0,14,True
2026-09-11,Analyst Verdict Pick,16:34 Ballinrobe,Take The Free,5.5,10.0,14,True
2026-09-11,Control: favourite,16:34 Ballinrobe,Jupiter Du Gite,4.33,9.0,14,True
2026-09-11,Analyst Verdict Pick,16:45 Doncaster,Pride Of Toledo,4.0,5.0,16,False
2026-09-11,Control: favourite,16:45 Doncaster,Pride Of Toledo,4.0,5.0,16,False
2026-09-11,Analyst Verdict Pick,16:51 Salisbury,The Quiet Gent,8.5,1.0,9,True
2026-09-11,Control: favourite,16:51 Salisbury,Sergeant Pep,4.5,2.0,9,True
2026-09-11,Analyst Verdict Pick,16:57 Sandown Park,Dream Vega,3.5,7.0,8,True
2026-09-11,Control: favourite,16:57 Sandown Park,Distant Shore,2.5,2.0,8,True
2026-09-11,Analyst Verdict Pick,17:03 Chester,Cascade Hall,3.0,1.0,13,True
2026-09-11,Control: favourite,17:03 Chester,Cascade Hall,3.0,1.0,13,True
2026-09-11,Analyst Verdict Pick,17:09 Ballinrobe,She'll Be Kept,7.5,,11,True
2026-09-11,Control: favourite,17:09 Ballinrobe,Theflyingbee,6.0,6.0,11,True
2026-09-11,Analyst Verdict Pick,17:20 Doncaster,Fans Favourite,5.0,10.0,19,True
2026-09-11,Control: favourite,17:20 Doncaster,Almekarem,4.5,1.0,19,True
2026-09-11,Analyst Verdict Pick,17:26 Salisbury,Absolute Diamond,5.0,4.0,10,False
2026-09-11,Control: favourite,17:26 Salisbury,Persian Land,3.25,2.0,10,False
2026-09-11,Analyst Verdict Pick,17:32 Sandown Park,Molo Del Palazzo,9.5,7.0,8,True
2026-09-11,Control: favourite,17:32 Sandown Park,Mr Seagull,3.0,5.0,8,True
2026-09-11,Analyst Verdict Pick,17:40 Ballinrobe,Carried With Love,4.0,1.0,9,False
2026-09-11,Control: favourite,17:40 Ballinrobe,Straight Home,2.38,2.0,9,False
2026-09-11,Analyst Verdict Pick,17:58 Salisbury,Amiloc,1.4,1.0,5,False
2026-09-11,Control: favourite,17:58 Salisbury,Amiloc,1.4,1.0,5,False
2026-09-11,Analyst Verdict Pick,18:10 Ballinrobe,Il Silenzio,7.5,3.0,16,True
2026-09-11,Control: favourite,18:10 Ballinrobe,Ladies Well,4.0,4.0,16,True
2026-09-11,Analyst Verdict Pick,18:28 Salisbury,Miss Guinevere,3.25,3.0,10,True
2026-09-11,Control: favourite,18:28 Salisbury,Miss Guinevere,3.25,3.0,10,True
2026-09-11,Analyst Verdict Pick,18:40 Ballinrobe,Leave In Secret,,,18,True
2026-09-11,Control: favourite,18:40 Ballinrobe,Lady Doyanne,5.5,3.0,18,True
2026-09-11,Analyst Verdict Pick,19:10 Ballinrobe,Iron Sword,2.2,1.0,6,False
2026-09-11,Control: favourite,19:10 Ballinrobe,Iron Sword,2.2,1.0,6,False
2026-09-12,Analyst Verdict Pick,13:10 Doncaster,Game Character,3.5,3.0,10,False
2026-09-12,Control: favourite,13:10 Doncaster,Game Character,3.5,3.0,10,False
2026-09-12,Analyst Verdict Pick,13:20 Bath,Arundel,,,9,True
2026-09-12,Control: favourite,13:20 Bath,Stintino Sunset,2.5,1.0,9,True
2026-09-12,Analyst Verdict Pick,13:30 Chester,Dubai Honour,1.57,3.0,6,False
2026-09-12,Control: favourite,13:30 Chester,Dubai Honour,1.57,3.0,6,False
2026-09-12,Analyst Verdict Pick,13:35 Leopardstown,Timeless Tale,3.0,2.0,11,False
2026-09-12,Control: favourite,13:35 Leopardstown,Timeless Tale,3.0,2.0,11,False
2026-09-12,Analyst Verdict Pick,13:38 Lingfield,Affettuoso,1.11,1.0,5,False
2026-09-12,Control: favourite,13:38 Lingfield,Affettuoso,1.11,1.0,5,False
2026-09-12,Analyst Verdict Pick,13:45 Doncaster,Desert Castle,2.0,1.0,6,False
2026-09-12,Control: favourite,13:45 Doncaster,Desert Castle,2.0,1.0,6,False
2026-09-12,Analyst Verdict Pick,13:55 Bath,Dialstone,2.0,1.0,6,False
2026-09-12,Control: favourite,13:55 Bath,Dialstone,2.0,1.0,6,False
2026-09-12,Analyst Verdict Pick,14:05 Chester,Cranachan,,,12,True
2026-09-12,Control: favourite,14:05 Chester,Stressfree,4.5,5.0,12,True
2026-09-12,Analyst Verdict Pick,14:10 Leopardstown,Vafortino,8.0,2.0,19,True
2026-09-12,Control: favourite,14:10 Leopardstown,Collecting Coin,7.0,5.0,19,True
2026-09-12,Analyst Verdict Pick,14:13 Lingfield,Pace Attack,2.88,3.0,10,True
2026-09-12,Control: favourite,14:13 Lingfield,James Choice,2.88,1.0,10,True
2026-09-12,Analyst Verdict Pick,14:20 Doncaster,Twilight Calls,6.5,2.0,22,True
2026-09-12,Control: favourite,14:20 Doncaster,Toca Madera,6.0,10.0,22,True
2026-09-12,Analyst Verdict Pick,14:30 Bath,Baarberini,3.0,5.0,14,False
2026-09-12,Control: favourite,14:30 Bath,Baarberini,3.0,5.0,14,False
2026-09-12,Analyst Verdict Pick,14:40 Chester,Night Star,2.5,3.0,8,False
2026-09-12,Control: favourite,14:40 Chester,National Pride,2.5,4.0,8,False
2026-09-12,Analyst Verdict Pick,14:45 Leopardstown,Darkness Falls,2.0,1.0,10,False
2026-09-12,Analyst Each-Way,14:45 Leopardstown,Nola Soul,8.5,6.0,10,False
2026-09-12,Control: favourite,14:45 Leopardstown,Darkness Falls,2.0,1.0,10,False
2026-09-12,Analyst Verdict Pick,14:49 Lingfield,Victory Sound,,,9,True
2026-09-12,Control: favourite,14:49 Lingfield,Taskheer,3.75,3.0,9,True
2026-09-12,Analyst Verdict Pick,14:55 Doncaster,More Thunder,1.8,1.0,8,False
2026-09-12,Control: favourite,14:55 Doncaster,More Thunder,1.8,1.0,8,False
2026-09-12,Analyst Verdict Pick,15:08 Bath,Knock Three Times,7.0,4.0,10,False
2026-09-12,Control: favourite,15:08 Bath,Pj's Corner,4.0,6.0,10,False
2026-09-12,Analyst Verdict Pick,15:15 Leopardstown,Purview,2.2,3.0,11,False
2026-09-12,Control: favourite,15:15 Leopardstown,Purview,2.2,3.0,11,False
2026-09-12,Analyst Verdict Pick,15:20 Chester,This Moment,3.25,1.0,10,False
2026-09-12,Control: favourite,15:20 Chester,This Moment,3.25,1.0,10,False
2026-09-12,Analyst Verdict Pick,15:23 Lingfield,Yazoo,1.67,3.0,10,True
2026-09-12,Control: favourite,15:23 Lingfield,Yazoo,1.67,3.0,10,True
2026-09-12,Analyst Verdict Pick,15:35 Doncaster,Christmas Day,2.75,9.0,11,False
2026-09-12,Control: favourite,15:35 Doncaster,Christmas Day,2.75,9.0,11,False
2026-09-12,Analyst Verdict Pick,15:45 Bath,Make A Splash,,,12,True
2026-09-12,Control: favourite,15:45 Bath,Fram Castle,2.1,,12,True
2026-09-12,Analyst Verdict Pick,15:50 Chester,Mano Chicago,13.0,10.0,11,True
2026-09-12,Control: favourite,15:50 Chester,Shafdar,2.5,1.0,11,True
2026-09-12,Analyst Verdict Pick,15:55 Leopardstown,Blue Bolt,1.8,1.0,9,False
2026-09-12,Control: favourite,15:55 Leopardstown,Blue Bolt,1.8,1.0,9,False
2026-09-12,Analyst Verdict Pick,16:00 Lingfield,Law Of Average,6.0,3.0,10,True
2026-09-12,Control: favourite,16:00 Lingfield,Dandana,5.0,4.0,10,True
2026-09-12,Analyst Verdict Pick,16:07 Musselburgh,Book Of Life,6.5,4.0,9,True
2026-09-12,Control: favourite,16:07 Musselburgh,Thats My Boy Luke,3.5,2.0,9,True
2026-09-12,Analyst Verdict Pick,16:15 Doncaster,Inspired,5.0,10.0,17,True
2026-09-12,Control: favourite,16:15 Doncaster,Inspired,5.0,10.0,17,True
2026-09-12,Analyst Verdict Pick,16:20 Bath,Some Nightmare,3.75,3.0,8,True
2026-09-12,Control: favourite,16:20 Bath,May Encounter,3.5,4.0,8,True
2026-09-12,Analyst Verdict Pick,16:25 Leopardstown,Isaac Newton,3.5,4.0,10,False
2026-09-12,Control: favourite,16:25 Leopardstown,Quddwah,2.0,1.0,10,False
2026-09-12,Analyst Verdict Pick,16:30 Chester,Hot Cash,5.0,2.0,10,True
2026-09-12,Control: favourite,16:30 Chester,Be Frank,5.0,5.0,10,True
2026-09-12,Analyst Verdict Pick,16:35 Lingfield,Angels' Share,2.0,4.0,10,True
2026-09-12,Control: favourite,16:35 Lingfield,Angels' Share,2.0,4.0,10,True
2026-09-12,Analyst Verdict Pick,16:42 Musselburgh,Extragalactic,1.73,2.0,9,False
2026-09-12,Control: favourite,16:42 Musselburgh,Extragalactic,1.73,2.0,9,False
2026-09-12,Analyst Verdict Pick,16:48 Doncaster,Thunder Run,3.75,1.0,13,True
2026-09-12,Control: favourite,16:48 Doncaster,Thunder Run,3.75,1.0,13,True
2026-09-12,Analyst Verdict Pick,17:00 Leopardstown,Item,3.0,6.0,8,False
2026-09-12,Control: favourite,17:00 Leopardstown,Constitution River,2.38,3.0,8,False
2026-09-12,Analyst Verdict Pick,17:05 Bath,Medyg,13.0,10.0,14,True
2026-09-12,Control: favourite,17:05 Bath,Green Icon,2.88,1.0,14,True
2026-09-12,Analyst Verdict Pick,17:10 Chester,Crazee Icon,3.25,1.0,9,True
2026-09-12,Control: favourite,17:10 Chester,Crazee Icon,3.25,1.0,9,True
2026-09-12,Analyst Verdict Pick,17:15 Lingfield,Strong Voice,3.5,2.0,9,True
2026-09-12,Control: favourite,17:15 Lingfield,Royal County Glory,2.0,1.0,9,True
2026-09-12,Analyst Verdict Pick,17:20 Musselburgh,Needin' U,3.75,3.0,9,False
2026-09-12,Control: favourite,17:20 Musselburgh,Star People,3.0,2.0,9,False
2026-09-12,Analyst Verdict Pick,17:35 Leopardstown,Immutable,26.0,1.0,23,True
2026-09-12,Control: favourite,17:35 Leopardstown,Cannes,4.0,7.0,23,True
2026-09-12,Analyst Verdict Pick,17:37 Bath,Who Is Alice,5.0,10.0,14,True
2026-09-12,Control: favourite,17:37 Bath,Typeface,4.0,4.0,14,True
2026-09-12,Analyst Verdict Pick,17:42 Chester,Nibras Gold,3.75,1.0,11,True
2026-09-12,Control: favourite,17:42 Chester,Nibras Gold,3.75,1.0,11,True
2026-09-12,Analyst Verdict Pick,17:47 Lingfield,Espanita,3.25,1.0,7,True
2026-09-12,Control: favourite,17:47 Lingfield,Lovers Leap,2.25,3.0,7,True
2026-09-12,Analyst Verdict Pick,17:50 Musselburgh,Callianassa,4.0,3.0,11,True
2026-09-12,Control: favourite,17:50 Musselburgh,Callianassa,4.0,3.0,11,True
2026-09-12,Analyst Verdict Pick,18:10 Leopardstown,Thrifty Of Digby,12.0,10.0,19,True
2026-09-12,Control: favourite,18:10 Leopardstown,Suzie Songs,6.5,4.0,19,True
2026-09-12,Analyst Verdict Pick,18:17 Lingfield,Iconic Dawn,5.5,1.0,10,True
2026-09-12,Control: favourite,18:17 Lingfield,Mart,5.0,9.0,10,True
2026-09-12,Analyst Verdict Pick,18:20 Musselburgh,Black Storm,3.5,5.0,10,True
2026-09-12,Control: favourite,18:20 Musselburgh,Black Storm,3.5,5.0,10,True
2026-09-12,Analyst Verdict Pick,18:50 Musselburgh,Fast Fred,4.33,2.0,7,True
2026-09-12,Control: favourite,18:50 Musselburgh,Boxing Great,1.83,1.0,7,True
2026-09-12,Analyst Verdict Pick,19:20 Musselburgh,So Grateful,9.0,4.0,13,True
2026-09-12,Control: favourite,19:20 Musselburgh,Royal Duke,4.5,3.0,13,True
2026-09-13,Analyst Verdict Pick,13:25 Doncaster,Adrestia,8.5,2.0,16,True
2026-09-13,Control: favourite,13:25 Doncaster,Ancient State,5.5,1.0,16,True
2026-09-13,Analyst Verdict Pick,13:45 Curragh,Keke,11.0,10.0,26,True
2026-09-13,Control: favourite,13:45 Curragh,Coul Angel,4.5,1.0,26,True
2026-09-13,Analyst Verdict Pick,13:55 Doncaster,Asuka,3.5,4.0,14,True
2026-09-13,Control: favourite,13:55 Doncaster,Asuka,3.5,4.0,14,True
2026-09-13,Analyst Verdict Pick,14:05 Bath,Kev,6.5,2.0,14,True
2026-09-13,Control: favourite,14:05 Bath,Shifra,4.33,1.0,14,True
2026-09-13,Analyst Verdict Pick,14:15 Curragh,Star Of State,1.2,1.0,16,False
2026-09-13,Control: favourite,14:15 Curragh,Star Of State,1.2,1.0,16,False
2026-09-13,Analyst Verdict Pick,14:30 Doncaster,Wechaad,3.25,4.0,14,True
2026-09-13,Control: favourite,14:30 Doncaster,Wechaad,3.25,4.0,14,True
2026-09-13,Analyst Verdict Pick,14:40 Bath,Q T Boy,2.5,1.0,11,False
2026-09-13,Control: favourite,14:40 Bath,Q T Boy,2.5,1.0,11,False
2026-09-13,Analyst Verdict Pick,14:50 Curragh,Sun Goddess,1.57,1.0,7,False
2026-09-13,Control: favourite,14:50 Curragh,Sun Goddess,1.57,1.0,7,False
2026-09-13,Analyst Verdict Pick,15:05 Doncaster,Forty Years On,2.25,4.0,20,False
2026-09-13,Analyst Each-Way,15:05 Doncaster,Copacabana Sands,21.0,6.0,20,False
2026-09-13,Control: favourite,15:05 Doncaster,Forty Years On,2.25,4.0,20,False
2026-09-13,Analyst Verdict Pick,15:15 Bath,Boilermaker,2.38,1.0,14,True
2026-09-13,Control: favourite,15:15 Bath,Boilermaker,2.38,1.0,14,True
2026-09-13,Analyst Verdict Pick,15:25 Curragh,Comanche Brave,3.5,1.0,18,False
2026-09-13,Control: favourite,15:25 Curragh,Comanche Brave,3.5,1.0,18,False
2026-09-13,Analyst Verdict Pick,15:40 Doncaster,Say What You See,7.0,3.0,9,True
2026-09-13,Control: favourite,15:40 Doncaster,Valedictory,2.75,1.0,9,True
2026-09-13,Analyst Verdict Pick,15:50 Bath,Mortubo,5.5,9.0,17,True
2026-09-13,Control: favourite,15:50 Bath,Legendsoftheland,5.0,2.0,17,True
2026-09-13,Analyst Verdict Pick,16:00 Curragh,Monogram,3.25,2.0,8,False
2026-09-13,Control: favourite,16:00 Curragh,Monogram,3.25,2.0,8,False
2026-09-13,Analyst Verdict Pick,16:15 Doncaster,Tiva,4.33,1.0,10,True
2026-09-13,Control: favourite,16:15 Doncaster,Tiva,4.33,1.0,10,True
2026-09-13,Analyst Verdict Pick,16:25 Bath,Big Hitter,1.62,1.0,7,False
2026-09-13,Control: favourite,16:25 Bath,Big Hitter,1.62,1.0,7,False
2026-09-13,Analyst Verdict Pick,16:35 Curragh,Scandinavia,1.36,1.0,7,False
2026-09-13,Control: favourite,16:35 Curragh,Scandinavia,1.36,1.0,7,False
2026-09-13,Analyst Verdict Pick,16:50 Doncaster,Maharajas Express,4.5,1.0,10,True
2026-09-13,Control: favourite,16:50 Doncaster,Maharajas Express,4.5,1.0,10,True
2026-09-13,Analyst Verdict Pick,17:00 Bath,Spirited Dancer,8.5,5.0,13,True
2026-09-13,Control: favourite,17:00 Bath,Outer Edge,4.5,4.0,13,True
2026-09-13,Analyst Verdict Pick,17:10 Curragh,Thundering On,2.25,1.0,10,False
2026-09-13,Control: favourite,17:10 Curragh,Thundering On,2.25,1.0,10,False
2026-09-13,Analyst Verdict Pick,17:20 Doncaster,Miraculous,7.5,10.0,16,True
2026-09-13,Control: favourite,17:20 Doncaster,Dandy Magic,5.5,2.0,16,True
2026-09-13,Analyst Verdict Pick,17:30 Bath,Tonal,9.5,10.0,11,True
2026-09-13,Control: favourite,17:30 Bath,Oviedo,2.38,2.0,11,True
2026-09-13,Analyst Verdict Pick,17:45 Curragh,High Degree,4.5,8.0,23,True
2026-09-13,Control: favourite,17:45 Curragh,High Degree,4.5,8.0,23,True
2026-09-13,Analyst Verdict Pick,18:00 Bath,Eutropia,4.0,9.0,11,True
2026-09-13,Control: favourite,18:00 Bath,Eutropia,4.0,9.0,11,True
2026-09-14,Analyst Verdict Pick,13:42 Windsor,Kiani King,6.0,10.0,13,True
2026-09-14,Control: favourite,13:42 Windsor,Mertoun,5.0,1.0,13,True
2026-09-14,Analyst Verdict Pick,14:00 Sedgefield,Fairlawn Skipper,2.38,2.0,3,True
2026-09-14,Control: favourite,14:00 Sedgefield,Fairlawn Skipper,2.38,2.0,3,True
2026-09-14,Analyst Verdict Pick,14:12 Windsor,Red Blue Point,1.73,2.0,10,False
2026-09-14,Control: favourite,14:12 Windsor,Red Blue Point,1.73,2.0,10,False
2026-09-14,Analyst Verdict Pick,14:21 Thirsk,Satyress,2.38,1.0,12,True
2026-09-14,Control: favourite,14:21 Thirsk,Satyress,2.38,1.0,12,True
2026-09-14,Analyst Verdict Pick,14:30 Sedgefield,Tralee Girl,1.44,1.0,7,False
2026-09-14,Control: favourite,14:30 Sedgefield,Tralee Girl,1.44,1.0,7,False
2026-09-14,Analyst Verdict Pick,14:42 Windsor,Wootz,1.44,2.0,7,False
2026-09-14,Control: favourite,14:42 Windsor,Wootz,1.44,2.0,7,False
2026-09-14,Analyst Verdict Pick,14:51 Thirsk,Bladey Lady,4.5,1.0,17,False
2026-09-14,Control: favourite,14:51 Thirsk,Dissenter,4.0,6.0,17,False
2026-09-14,Analyst Verdict Pick,15:00 Sedgefield,Jeteye,2.0,1.0,5,True
2026-09-14,Control: favourite,15:00 Sedgefield,Jeteye,2.0,1.0,5,True
2026-09-14,Analyst Verdict Pick,15:12 Windsor,Queen Of Scotland,1.53,1.0,7,False
2026-09-14,Control: favourite,15:12 Windsor,Queen Of Scotland,1.53,1.0,7,False
2026-09-14,Control: favourite,15:21 Thirsk,Majestic Jude,1.22,1.0,4,False
2026-09-14,Analyst Verdict Pick,15:30 Sedgefield,Mr Mcwhinny,1.91,1.0,5,True
2026-09-14,Control: favourite,15:30 Sedgefield,Mr Mcwhinny,1.91,1.0,5,True
2026-09-14,Analyst Verdict Pick,15:42 Windsor,Rebel Path,4.0,8.0,14,True
2026-09-14,Control: favourite,15:42 Windsor,Rebel Path,4.0,8.0,14,True
2026-09-14,Analyst Verdict Pick,15:51 Thirsk,Lamlash Bay,6.0,1.0,11,True
2026-09-14,Control: favourite,15:51 Thirsk,Fan Mail,2.75,2.0,11,True
2026-09-14,Analyst Verdict Pick,16:00 Sedgefield,Beny Nahar Road,11.0,3.0,10,True
2026-09-14,Control: favourite,16:00 Sedgefield,William Yeats,2.2,2.0,10,True
2026-09-14,Analyst Verdict Pick,16:12 Windsor,Brigid's Well,6.5,8.0,9,True
2026-09-14,Control: favourite,16:12 Windsor,King Of Berkshire,2.38,1.0,9,True
2026-09-14,Analyst Verdict Pick,16:21 Thirsk,Thornaby Annie,8.5,8.0,10,True
2026-09-14,Control: favourite,16:21 Thirsk,Hatamoto,3.5,9.0,10,True
2026-09-14,Analyst Verdict Pick,16:30 Sedgefield,Littletown Lad,2.25,1.0,10,True
2026-09-14,Control: favourite,16:30 Sedgefield,Littletown Lad,2.25,1.0,10,True
2026-09-14,Analyst Verdict Pick,16:42 Windsor,Crazy Plan,4.0,10.0,11,True
2026-09-14,Control: favourite,16:42 Windsor,Crazy Plan,4.0,10.0,11,True
2026-09-14,Analyst Verdict Pick,16:51 Thirsk,Donna Nook,4.0,3.0,9,True
2026-09-14,Control: favourite,16:51 Thirsk,Donna Nook,4.0,3.0,9,True
2026-09-14,Analyst Verdict Pick,17:00 Kempton Park,Femme Fatale,1.44,2.0,3,True
2026-09-14,Control: favourite,17:00 Kempton Park,Femme Fatale,1.44,2.0,3,True
2026-09-14,Analyst Verdict Pick,17:12 Windsor,Dragon God,6.5,6.0,12,True
2026-09-14,Control: favourite,17:12 Windsor,Cameley Days,3.5,1.0,12,True
2026-09-14,Analyst Verdict Pick,17:21 Thirsk,Red Hat Eagle,4.5,3.0,13,True
2026-09-14,Control: favourite,17:21 Thirsk,The Childe Of Hale,3.25,2.0,13,True
2026-09-14,Analyst Verdict Pick,17:30 Kempton Park,Ocean Force,,,11,True
2026-09-14,Control: favourite,17:30 Kempton Park,Wellwhatshappenin,4.0,4.0,11,True
2026-09-14,Analyst Verdict Pick,18:00 Kempton Park,Bird Of War,4.0,4.0,10,True
2026-09-14,Control: favourite,18:00 Kempton Park,Decalogue,3.75,1.0,10,True
2026-09-14,Analyst Verdict Pick,18:30 Kempton Park,Solar Swing,3.5,2.0,9,False
2026-09-14,Control: favourite,18:30 Kempton Park,National Honour,2.38,1.0,9,False
2026-09-14,Analyst Verdict Pick,19:00 Kempton Park,Guadalevin,3.25,4.0,9,False
2026-09-14,Control: favourite,19:00 Kempton Park,Grey Tamam,3.25,2.0,9,False
2026-09-14,Analyst Verdict Pick,19:30 Kempton Park,Encore,1.5,1.0,9,False
2026-09-14,Control: favourite,19:30 Kempton Park,Encore,1.5,1.0,9,False
2026-09-14,Analyst Verdict Pick,20:00 Kempton Park,Sax Avoidance,6.0,1.0,9,True
2026-09-14,Control: favourite,20:00 Kempton Park,Hot Silk,2.88,7.0,9,True
2026-09-14,Analyst Verdict Pick,20:30 Kempton Park,Beelzebub,8.0,9.0,12,True
2026-09-14,Control: favourite,20:30 Kempton Park,Happier,3.0,1.0,12,True
2026-09-15,Analyst Verdict Pick,13:40 Punchestown,Exceptionally,2.38,3.0,15,False
2026-09-15,Control: favourite,13:40 Punchestown,Exceptionally,2.38,3.0,15,False
2026-09-15,Analyst Verdict Pick,13:53 Redcar,Blake's Monarch,2.38,1.0,8,False
2026-09-15,Control: favourite,13:53 Redcar,Mugheer,1.73,4.0,8,False
2026-09-15,Analyst Verdict Pick,14:00 Uttoxeter,Harry,7.5,6.0,8,True
2026-09-15,Control: favourite,14:00 Uttoxeter,Torrent,4.0,3.0,8,True
2026-09-15,Analyst Verdict Pick,14:10 Punchestown,Noble Exhibit,3.75,1.0,14,False
2026-09-15,Control: favourite,14:10 Punchestown,Dancinginthecity,2.63,2.0,14,False
2026-09-15,Analyst Verdict Pick,14:17 Yarmouth,Archer's Grace,5.0,1.0,11,True
2026-09-15,Control: favourite,14:17 Yarmouth,Toastmaster,2.5,9.0,11,True
2026-09-15,Analyst Verdict Pick,14:23 Redcar,Lady Dublin,4.33,6.0,8,False
2026-09-15,Control: favourite,14:23 Redcar,Fern Clyde,4.33,5.0,8,False
2026-09-15,Analyst Verdict Pick,14:30 Uttoxeter,Time In A Bottle,6.5,6.0,10,False
2026-09-15,Control: favourite,14:30 Uttoxeter,Jentobello,3.0,2.0,10,False
2026-09-15,Analyst Verdict Pick,14:40 Punchestown,Zaraahmando,5.5,6.0,14,True
2026-09-15,Control: favourite,14:40 Punchestown,Motta Alta,4.5,3.0,14,True
2026-09-15,Analyst Verdict Pick,14:47 Yarmouth,Watch Party,1.83,3.0,11,False
2026-09-15,Control: favourite,14:47 Yarmouth,Watch Party,1.83,3.0,11,False
2026-09-15,Analyst Verdict Pick,14:53 Redcar,Blue Boy Junior,3.5,6.0,13,True
2026-09-15,Control: favourite,14:53 Redcar,Blue Boy Junior,3.5,6.0,13,True
2026-09-15,Analyst Verdict Pick,15:00 Uttoxeter,Ice Jet,2.0,1.0,5,True
2026-09-15,Control: favourite,15:00 Uttoxeter,Ice Jet,2.0,1.0,5,True
2026-09-15,Analyst Verdict Pick,15:10 Punchestown,Minella Rockett,2.25,2.0,6,False
2026-09-15,Control: favourite,15:10 Punchestown,Minella Rockett,2.25,2.0,6,False
2026-09-15,Analyst Verdict Pick,15:17 Yarmouth,Flick Of An Eye,1.53,4.0,7,False
2026-09-15,Control: favourite,15:17 Yarmouth,Flick Of An Eye,1.53,4.0,7,False
2026-09-15,Analyst Verdict Pick,15:23 Redcar,Magic Boy,,,15,True
2026-09-15,Control: favourite,15:23 Redcar,Return Of The Gods,4.0,1.0,15,True
2026-09-15,Analyst Verdict Pick,15:30 Uttoxeter,Phantom Gold,4.0,5.0,12,True
2026-09-15,Control: favourite,15:30 Uttoxeter,Norman Fletcher,4.0,2.0,12,True
2026-09-15,Analyst Verdict Pick,15:40 Punchestown,Back Straight,1.3,1.0,14,False
2026-09-15,Control: favourite,15:40 Punchestown,Back Straight,1.3,1.0,14,False
2026-09-15,Analyst Verdict Pick,15:47 Yarmouth,Javelot,3.75,5.0,11,False
2026-09-15,Control: favourite,15:47 Yarmouth,Javelot,3.75,5.0,11,False
2026-09-15,Analyst Verdict Pick,15:53 Redcar,Supplicate,2.25,2.0,7,True
2026-09-15,Control: favourite,15:53 Redcar,Supplicate,2.25,2.0,7,True
2026-09-15,Analyst Verdict Pick,16:00 Uttoxeter,Axel Bleue,2.75,4.0,7,True
2026-09-15,Control: favourite,16:00 Uttoxeter,Axel Bleue,2.75,4.0,7,True
2026-09-15,Analyst Verdict Pick,16:10 Punchestown,Sweet Baby Zou,4.33,10.0,14,True
2026-09-15,Control: favourite,16:10 Punchestown,Sweet Baby Zou,4.33,10.0,14,True
2026-09-15,Analyst Verdict Pick,16:17 Yarmouth,Hamlet's Night,8.0,1.0,8,True
2026-09-15,Control: favourite,16:17 Yarmouth,Percival,4.0,6.0,8,True
2026-09-15,Analyst Verdict Pick,16:23 Redcar,Dragon Spin,3.75,3.0,7,True
2026-09-15,Control: favourite,16:23 Redcar,Canaria Queen,3.25,4.0,7,True
2026-09-15,Analyst Verdict Pick,16:28 Wolverhampton,Em Jay Kay,23.0,4.0,13,True
2026-09-15,Control: favourite,16:28 Wolverhampton,Apex Star,3.25,2.0,13,True
2026-09-15,Analyst Verdict Pick,16:30 Uttoxeter,Time Interval,1.73,10.0,16,True
2026-09-15,Control: favourite,16:30 Uttoxeter,Time Interval,1.73,10.0,16,True
2026-09-15,Analyst Verdict Pick,16:40 Punchestown,Spiritofthedawn,12.0,7.0,14,True
2026-09-15,Control: favourite,16:40 Punchestown,Signor Ferrari,4.0,5.0,14,True
2026-09-15,Analyst Verdict Pick,16:47 Yarmouth,Space Bear,4.5,1.0,10,True
2026-09-15,Control: favourite,16:47 Yarmouth,Lady Roxby,4.0,2.0,10,True
2026-09-15,Analyst Verdict Pick,16:54 Redcar,Speeding Bullet,8.0,5.0,14,True
2026-09-15,Control: favourite,16:54 Redcar,Albegone,5.0,9.0,14,True
2026-09-15,Analyst Verdict Pick,16:59 Wolverhampton,Thames Waterman,1.11,1.0,12,False
2026-09-15,Control: favourite,16:59 Wolverhampton,Thames Waterman,1.11,1.0,12,False
2026-09-15,Analyst Verdict Pick,17:05 Uttoxeter,Martin's Denuo,,,9,True
2026-09-15,Control: favourite,17:05 Uttoxeter,Hudson,2.5,3.0,9,True
2026-09-15,Analyst Verdict Pick,17:13 Punchestown,Believe Believe,6.0,1.0,16,True
2026-09-15,Control: favourite,17:13 Punchestown,Miss Americana,5.0,5.0,16,True
2026-09-15,Analyst Verdict Pick,17:18 Yarmouth,Fiorella Princess,5.0,1.0,7,True
2026-09-15,Control: favourite,17:18 Yarmouth,Creative Queen,3.0,5.0,7,True
2026-09-15,Analyst Verdict Pick,17:30 Wolverhampton,Tredegar Square,,,11,False
2026-09-15,Control: favourite,17:30 Wolverhampton,Find Your Fire,1.8,1.0,11,False
2026-09-15,Analyst Verdict Pick,18:00 Wolverhampton,Inkberrow,7.5,2.0,12,False
2026-09-15,Control: favourite,18:00 Wolverhampton,Not That Guy,2.0,1.0,12,False
2026-09-15,Analyst Verdict Pick,18:30 Wolverhampton,Piazza,3.0,2.0,7,True
2026-09-15,Control: favourite,18:30 Wolverhampton,Piazza,3.0,2.0,7,True
2026-09-15,Analyst Verdict Pick,19:00 Wolverhampton,Amarachi,4.0,2.0,13,True
2026-09-15,Control: favourite,19:00 Wolverhampton,Amarachi,4.0,2.0,13,True
2026-09-15,Analyst Verdict Pick,19:30 Wolverhampton,Stipulation,9.5,10.0,12,True
2026-09-15,Control: favourite,19:30 Wolverhampton,Ballybunion,2.63,7.0,12,True
2026-09-15,Analyst Verdict Pick,20:00 Wolverhampton,Little Jaybee,3.75,1.0,10,True
2026-09-15,Control: favourite,20:00 Wolverhampton,Koffee And Kale,3.25,2.0,10,True
2026-09-15,Analyst Verdict Pick,20:30 Wolverhampton,Saxophonic,4.0,1.0,9,True
2026-09-15,Control: favourite,20:30 Wolverhampton,Le Rouge Chinois,2.25,,9,True
2026-09-16,Analyst Verdict Pick,13:45 Sandown Park,Good Earth,4.0,1.0,12,True
2026-09-16,Control: favourite,13:45 Sandown Park,Hint Of Humour,3.25,5.0,12,True
2026-09-16,Analyst Verdict Pick,13:56 Yarmouth,Massimo Blue,3.25,4.0,12,True
2026-09-16,Control: favourite,13:56 Yarmouth,Massimo Blue,3.25,4.0,12,True
2026-09-16,Analyst Verdict Pick,14:08 Beverley,Mao Shang Wong,7.0,3.0,11,True
2026-09-16,Control: favourite,14:08 Beverley,Cosmos Raj,4.0,8.0,11,True
2026-09-16,Analyst Verdict Pick,14:20 Sandown Park,Kingdom Of Kush,5.5,4.0,7,False
2026-09-16,Control: favourite,14:20 Sandown Park,Altius,1.53,3.0,7,False
2026-09-16,Analyst Verdict Pick,14:31 Yarmouth,Bidsta,1.33,1.0,8,False
2026-09-16,Control: favourite,14:31 Yarmouth,Bidsta,1.33,1.0,8,False
2026-09-16,Analyst Verdict Pick,14:43 Beverley,Prince Kameo,3.25,2.0,6,False
2026-09-16,Control: favourite,14:43 Beverley,Prince Kameo,3.25,2.0,6,False
2026-09-16,Analyst Verdict Pick,14:55 Sandown Park,Chymbulak,4.5,1.0,8,False
2026-09-16,Control: favourite,14:55 Sandown Park,Saint Of Seville,2.5,5.0,8,False
2026-09-16,Analyst Verdict Pick,15:06 Yarmouth,Divine Rhythm,3.25,3.0,7,False
2026-09-16,Control: favourite,15:06 Yarmouth,Divine Rhythm,3.25,3.0,7,False
2026-09-16,Analyst Verdict Pick,15:18 Beverley,Hidden Gift,1.73,2.0,9,False
2026-09-16,Control: favourite,15:18 Beverley,Hidden Gift,1.73,2.0,9,False
2026-09-16,Analyst Verdict Pick,15:30 Sandown Park,Cerro Blanco,2.38,1.0,10,False
2026-09-16,Control: favourite,15:30 Sandown Park,Cerro Blanco,2.38,1.0,10,False
2026-09-16,Analyst Verdict Pick,15:41 Yarmouth,Fairy Glen,2.63,2.0,12,False
2026-09-16,Control: favourite,15:41 Yarmouth,Fairy Glen,2.63,2.0,12,False
2026-09-16,Analyst Verdict Pick,15:48 Beverley,Floral Maid,2.0,2.0,13,False
2026-09-16,Control: favourite,15:48 Beverley,Floral Maid,2.0,2.0,13,False
2026-09-16,Analyst Verdict Pick,16:00 Clonmel,Shanala,1.73,2.0,8,False
2026-09-16,Control: favourite,16:00 Clonmel,Shanala,1.73,2.0,8,False
2026-09-16,Analyst Verdict Pick,16:05 Sandown Park,Oh Yes You Do,4.0,9.0,12,True
2026-09-16,Control: favourite,16:05 Sandown Park,Oh Yes You Do,4.0,9.0,12,True
2026-09-16,Analyst Verdict Pick,16:12 Yarmouth,Enoch,1.91,9.0,13,True
2026-09-16,Control: favourite,16:12 Yarmouth,Enoch,1.91,9.0,13,True
2026-09-16,Analyst Verdict Pick,16:18 Beverley,Brummell,3.75,2.0,12,True
2026-09-16,Control: favourite,16:18 Beverley,Almarada Prince,3.0,4.0,12,True
2026-09-16,Analyst Verdict Pick,16:25 Kelso,Cawthorne Cracker,3.5,1.0,8,True
2026-09-16,Control: favourite,16:25 Kelso,Fine Point,2.5,2.0,8,True
2026-09-16,Analyst Verdict Pick,16:35 Clonmel,Blue Nasturtium,10.0,3.0,7,False
2026-09-16,Control: favourite,16:35 Clonmel,Kakori,2.0,1.0,7,False
2026-09-16,Analyst Verdict Pick,16:40 Sandown Park,Brighton Beach,3.75,4.0,11,True
2026-09-16,Control: favourite,16:40 Sandown Park,Edwin Hubble,3.25,3.0,11,True
2026-09-16,Analyst Verdict Pick,16:45 Yarmouth,Alice De Clare,2.5,1.0,9,True
2026-09-16,Control: favourite,16:45 Yarmouth,Alice De Clare,2.5,1.0,9,True
2026-09-16,Analyst Verdict Pick,16:50 Beverley,Roku Nana,1.4,1.0,8,False
2026-09-16,Control: favourite,16:50 Beverley,Roku Nana,1.4,1.0,8,False
2026-09-16,Analyst Verdict Pick,16:55 Kelso,Hoe Joly Smoke,1.44,2.0,3,False
2026-09-16,Control: favourite,16:55 Kelso,Hoe Joly Smoke,1.44,2.0,3,False
2026-09-16,Analyst Verdict Pick,17:05 Clonmel,Concaire,5.5,5.0,14,True
2026-09-16,Control: favourite,17:05 Clonmel,Arizona Star,5.5,10.0,14,True
2026-09-16,Analyst Verdict Pick,17:10 Sandown Park,Talitha Rouge,2.75,2.0,11,True
2026-09-16,Control: favourite,17:10 Sandown Park,Talitha Rouge,2.75,2.0,11,True
2026-09-16,Analyst Verdict Pick,17:15 Yarmouth,Court Drive,4.0,2.0,13,True
2026-09-16,Control: favourite,17:15 Yarmouth,Court Drive,4.0,2.0,13,True
2026-09-16,Analyst Verdict Pick,17:20 Beverley,Casilli,5.0,9.0,10,True
2026-09-16,Control: favourite,17:20 Beverley,Copper And Five,3.75,3.0,10,True
2026-09-16,Analyst Verdict Pick,17:25 Kelso,Loriko,1.62,3.0,6,True
2026-09-16,Control: favourite,17:25 Kelso,Loriko,1.62,3.0,6,True
2026-09-16,Analyst Verdict Pick,17:35 Clonmel,Femme Beauty,5.0,3.0,10,True
2026-09-16,Control: favourite,17:35 Clonmel,Lough Leane,4.5,2.0,10,True
2026-09-16,Analyst Verdict Pick,17:50 Beverley,Dumfries,9.0,3.0,10,True
2026-09-16,Control: favourite,17:50 Beverley,Back From Dubai,4.33,7.0,10,True
2026-09-16,Analyst Verdict Pick,17:55 Kelso,Limerick Leader,3.75,2.0,4,True
2026-09-16,Control: favourite,17:55 Kelso,Fairlawn Skipper,2.38,1.0,4,True
2026-09-16,Control: favourite,18:10 Clonmel,Reponse Finale,3.5,2.0,14,True
2026-09-16,Analyst Verdict Pick,18:25 Kelso,Conquer The Breeze,2.0,2.0,3,True
2026-09-16,Control: favourite,18:25 Kelso,Conquer The Breeze,2.0,2.0,3,True
2026-09-16,Analyst Verdict Pick,18:43 Clonmel,Not Just Any Eagle,6.0,1.0,12,True
2026-09-16,Control: favourite,18:43 Clonmel,Highwind,4.33,3.0,12,True
2026-09-16,Analyst Verdict Pick,18:55 Kelso,Lady Scarphia,6.5,3.0,6,False
2026-09-16,Control: favourite,18:55 Kelso,Cape Warrior,1.91,2.0,6,False
2026-09-16,Analyst Verdict Pick,19:13 Clonmel,Gallo Dell Cielo,1.83,2.0,8,True
2026-09-16,Control: favourite,19:13 Clonmel,Gallo Dell Cielo,1.83,2.0,8,True
2026-09-17,Analyst Verdict Pick,13:30 Ayr,Bassrah,2.88,5.0,11,False
2026-09-17,Control: favourite,13:30 Ayr,Bassrah,2.88,5.0,11,False
2026-09-17,Analyst Verdict Pick,13:50 Naas,Luca Brillante,4.0,1.0,21,False
2026-09-17,Control: favourite,13:50 Naas,Luca Brillante,4.0,1.0,21,False
2026-09-17,Analyst Verdict Pick,14:00 Ayr,Oriental Prince,5.5,4.0,21,True
2026-09-17,Analyst Each-Way,14:00 Ayr,Never Dark,15.0,10.0,21,True
2026-09-17,Control: favourite,14:00 Ayr,Oriental Prince,5.5,4.0,21,True
2026-09-17,Analyst Verdict Pick,14:08 Pontefract,Good Karma,5.0,3.0,12,True
2026-09-17,Control: favourite,14:08 Pontefract,Fiscal Policy,3.25,1.0,12,True
2026-09-17,Analyst Verdict Pick,14:15 Yarmouth,Casablanca Dream,5.5,3.0,12,False
2026-09-17,Control: favourite,14:15 Yarmouth,Ariane Sky,2.75,1.0,12,False
2026-09-17,Analyst Verdict Pick,14:22 Naas,Salt Lake,1.36,1.0,12,False
2026-09-17,Control: favourite,14:22 Naas,Salt Lake,1.36,1.0,12,False
2026-09-17,Analyst Verdict Pick,14:30 Ayr,Darzah,3.75,7.0,7,True
2026-09-17,Control: favourite,14:30 Ayr,Darzah,3.75,7.0,7,True
2026-09-17,Analyst Verdict Pick,14:38 Pontefract,What A Girl Wants,5.5,2.0,6,False
2026-09-17,Control: favourite,14:38 Pontefract,Our Son Oscar,1.67,1.0,6,False
2026-09-17,Analyst Verdict Pick,14:45 Yarmouth,Wykehurst Park,1.73,1.0,9,False
2026-09-17,Control: favourite,14:45 Yarmouth,Wykehurst Park,1.73,1.0,9,False
2026-09-17,Analyst Verdict Pick,14:52 Naas,New Bond Street,1.36,1.0,8,False
2026-09-17,Control: favourite,14:52 Naas,New Bond Street,1.36,1.0,8,False
2026-09-17,Analyst Verdict Pick,15:00 Ayr,Impartiality,4.0,3.0,11,True
2026-09-17,Control: favourite,15:00 Ayr,Wild Thoughts,3.75,1.0,11,True
2026-09-17,Analyst Verdict Pick,15:08 Pontefract,Sea Lantern,2.63,1.0,5,True
2026-09-17,Control: favourite,15:08 Pontefract,Sea Lantern,2.63,1.0,5,True
2026-09-17,Analyst Verdict Pick,15:15 Yarmouth,Catching Dreams,4.5,5.0,11,False
2026-09-17,Control: favourite,15:15 Yarmouth,Mirzimaan,4.33,3.0,11,False
2026-09-17,Analyst Verdict Pick,15:22 Naas,Summer Sent You,5.0,10.0,14,True
2026-09-17,Control: favourite,15:22 Naas,Annie Batt,4.0,7.0,14,True
2026-09-17,Analyst Verdict Pick,15:30 Ayr,Havana Touch,21.0,8.0,13,True
2026-09-17,Control: favourite,15:30 Ayr,Orangesandlemons,5.0,7.0,13,True
2026-09-17,Analyst Verdict Pick,15:38 Pontefract,River Nile,2.38,4.0,7,False
2026-09-17,Control: favourite,15:38 Pontefract,Fan Me,2.1,2.0,7,False
2026-09-17,Analyst Verdict Pick,15:45 Yarmouth,Midnight Thunder,1.83,8.0,12,True
2026-09-17,Control: favourite,15:45 Yarmouth,Midnight Thunder,1.83,8.0,12,True
2026-09-17,Analyst Verdict Pick,15:52 Naas,Santerno,1.67,1.0,10,False
2026-09-17,Control: favourite,15:52 Naas,Santerno,1.67,1.0,10,False
2026-09-17,Analyst Verdict Pick,16:00 Ayr,Sailthisshipalone,8.0,1.0,13,True
2026-09-17,Control: favourite,16:00 Ayr,You Sexy Thing,4.33,4.0,13,True
2026-09-17,Analyst Verdict Pick,16:08 Pontefract,Venetian Lion,3.75,1.0,10,True
2026-09-17,Control: favourite,16:08 Pontefract,Venetian Lion,3.75,1.0,10,True
2026-09-17,Analyst Verdict Pick,16:15 Yarmouth,Divine Knight,3.0,1.0,10,True
2026-09-17,Control: favourite,16:15 Yarmouth,Divine Knight,3.0,1.0,10,True
2026-09-17,Analyst Verdict Pick,16:20 Southwell,Wopbopaloomop,5.0,8.0,13,False
2026-09-17,Control: favourite,16:20 Southwell,Crowned,3.5,1.0,13,False
2026-09-17,Analyst Verdict Pick,16:25 Naas,Old Joanie,,,14,True
2026-09-17,Control: favourite,16:25 Naas,Elyatta,5.0,4.0,14,True
2026-09-17,Analyst Verdict Pick,16:30 Ayr,Ice Cube,6.0,1.0,14,True
2026-09-17,Control: favourite,16:30 Ayr,Vince Le Prince,4.0,4.0,14,True
2026-09-17,Analyst Verdict Pick,16:38 Pontefract,Digger One,3.5,1.0,7,True
2026-09-17,Control: favourite,16:38 Pontefract,An Bradan Feasa,3.25,3.0,7,True
2026-09-17,Analyst Verdict Pick,16:45 Yarmouth,Pickering Castle,4.33,6.0,13,True
2026-09-17,Control: favourite,16:45 Yarmouth,Emery Down,2.88,3.0,13,True
2026-09-17,Analyst Verdict Pick,16:50 Southwell,Staniel Cay,9.5,6.0,14,True
2026-09-17,Control: favourite,16:50 Southwell,Willolarupi,4.0,2.0,14,True
2026-09-17,Analyst Verdict Pick,16:56 Naas,Star Glory,,,16,False
2026-09-17,Control: favourite,16:56 Naas,Dawnmore,3.0,2.0,16,False
2026-09-17,Analyst Verdict Pick,17:01 Ayr,Minstrel Knight,6.0,10.0,12,True
2026-09-17,Control: favourite,17:01 Ayr,Ashnak,5.0,4.0,12,True
2026-09-17,Analyst Verdict Pick,17:08 Pontefract,Thunder Goddess,4.5,1.0,12,True
2026-09-17,Control: favourite,17:08 Pontefract,Sunny Orange,3.75,5.0,12,True
2026-09-17,Analyst Verdict Pick,17:15 Yarmouth,Timely Affair,7.5,8.0,15,True
2026-09-17,Control: favourite,17:15 Yarmouth,Mountain Of Light,5.5,9.0,15,True
2026-09-17,Analyst Verdict Pick,17:25 Southwell,Level Look,1.4,1.0,4,True
2026-09-17,Control: favourite,17:25 Southwell,Level Look,1.4,1.0,4,True
2026-09-17,Analyst Verdict Pick,17:32 Naas,Vienna Waltz,10.0,9.0,13,False
2026-09-17,Control: favourite,17:32 Naas,Miss Hong Kong,3.75,2.0,13,False
2026-09-17,Analyst Verdict Pick,18:00 Southwell,Storm Force Ten,4.0,5.0,11,False
2026-09-17,Control: favourite,18:00 Southwell,Cool King,2.75,3.0,11,False
2026-09-17,Analyst Verdict Pick,18:30 Southwell,Dontworryaboutme,3.0,2.0,10,False
2026-09-17,Control: favourite,18:30 Southwell,Dontworryaboutme,3.0,2.0,10,False
2026-09-17,Analyst Verdict Pick,19:00 Southwell,Roi De Coeur,2.25,1.0,6,True
2026-09-17,Control: favourite,19:00 Southwell,Roi De Coeur,2.25,1.0,6,True
2026-09-17,Analyst Verdict Pick,19:30 Southwell,Royal County Glory,,,14,True
2026-09-17,Control: favourite,19:30 Southwell,Dream Illusion,5.0,9.0,14,True
2026-09-17,Analyst Verdict Pick,20:00 Southwell,Mimime,5.0,2.0,12,True
2026-09-17,Control: favourite,20:00 Southwell,One For Harvey,4.33,1.0,12,True
2026-09-17,Analyst Verdict Pick,20:30 Southwell,Golspie,2.88,1.0,9,True
2026-09-17,Control: favourite,20:30 Southwell,Golspie,2.88,1.0,9,True
2026-09-18,Analyst Verdict Pick,13:20 Ayr,Diplomata,3.5,1.0,9,False
2026-09-18,Control: favourite,13:20 Ayr,Diplomata,3.5,1.0,9,False
2026-09-18,Analyst Verdict Pick,13:37 Downpatrick,World As One,2.0,,15,False
2026-09-18,Control: favourite,13:37 Downpatrick,World As One,2.0,,15,False
2026-09-18,Analyst Verdict Pick,13:47 Newbury,Oakford,5.0,1.0,16,False
2026-09-18,Control: favourite,13:47 Newbury,Al Widyan,2.63,5.0,16,False
2026-09-18,Analyst Verdict Pick,13:55 Ayr,Dontlookanyfurther,3.0,9.0,13,False
2026-09-18,Control: favourite,13:55 Ayr,Dontlookanyfurther,3.0,9.0,13,False
2026-09-18,Analyst Verdict Pick,14:02 Newton Abbot,Depalma,2.2,1.0,7,False
2026-09-18,Control: favourite,14:02 Newton Abbot,Depalma,2.2,1.0,7,False
2026-09-18,Analyst Verdict Pick,14:12 Downpatrick,Beggars Rock,3.25,6.0,12,True
2026-09-18,Control: favourite,14:12 Downpatrick,Beggars Rock,3.25,6.0,12,True
2026-09-18,Analyst Verdict Pick,14:22 Newbury,Sorrengail,1.73,1.0,5,False
2026-09-18,Control: favourite,14:22 Newbury,Sorrengail,1.73,1.0,5,False
2026-09-18,Analyst Verdict Pick,14:30 Ayr,Hickory Lad,2.25,5.0,8,False
2026-09-18,Control: favourite,14:30 Ayr,Hickory Lad,2.25,5.0,8,False
2026-09-18,Analyst Verdict Pick,14:37 Newton Abbot,Babs,2.38,1.0,8,False
2026-09-18,Control: favourite,14:37 Newton Abbot,Babs,2.38,1.0,8,False
2026-09-18,Analyst Verdict Pick,14:47 Downpatrick,Might Be The One,7.0,1.0,13,True
2026-09-18,Control: favourite,14:47 Downpatrick,Mercurial Sea,3.75,5.0,13,True
2026-09-18,Analyst Verdict Pick,14:57 Newbury,Silver Sovereign,4.0,1.0,13,False
2026-09-18,Control: favourite,14:57 Newbury,Silver Sovereign,4.0,1.0,13,False
2026-09-18,Analyst Verdict Pick,15:05 Ayr,Beautiful Diamond,2.63,2.0,15,False
2026-09-18,Control: favourite,15:05 Ayr,Beautiful Diamond,2.63,2.0,15,False
2026-09-18,Analyst Verdict Pick,15:12 Newton Abbot,Intosomethinggood,2.2,1.0,3,True
2026-09-18,Control: favourite,15:12 Newton Abbot,Intosomethinggood,2.2,1.0,3,True
2026-09-18,Analyst Verdict Pick,15:22 Downpatrick,Mad Maxios,,,14,True
2026-09-18,Control: favourite,15:22 Downpatrick,Georginas Jet,3.5,7.0,14,True
2026-09-18,Analyst Verdict Pick,15:32 Newbury,Bin Jahwar,1.4,1.0,10,False
2026-09-18,Control: favourite,15:32 Newbury,Bin Jahwar,1.4,1.0,10,False
2026-09-18,Analyst Verdict Pick,15:40 Ayr,Eye Of Dubai,8.5,1.0,25,True
2026-09-18,Control: favourite,15:40 Ayr,Milford,8.0,10.0,25,True
2026-09-18,Analyst Verdict Pick,15:47 Newton Abbot,Royal Time,6.0,5.0,7,True
2026-09-18,Control: favourite,15:47 Newton Abbot,Broadway Honey,2.75,3.0,7,True
2026-09-18,Analyst Verdict Pick,15:57 Downpatrick,Lady Lena,10.0,,9,False
2026-09-18,Control: favourite,15:57 Downpatrick,Mr Master Mac,4.33,3.0,9,False
2026-09-18,Analyst Verdict Pick,16:02 Wolverhampton,Kiss Cam,10.0,6.0,13,False
2026-09-18,Control: favourite,16:02 Wolverhampton,Queens Bandit,3.75,3.0,13,False
2026-09-18,Analyst Verdict Pick,16:07 Newbury,Elarak,4.0,3.0,10,False
2026-09-18,Control: favourite,16:07 Newbury,Catullus,3.0,1.0,10,False
2026-09-18,Analyst Verdict Pick,16:15 Ayr,Kelpie Grey,7.0,3.0,11,True
2026-09-18,Analyst Each-Way,16:15 Ayr,Kelpie Grey,7.0,3.0,11,True
2026-09-18,Control: favourite,16:15 Ayr,Motawaared,3.0,2.0,11,True
2026-09-18,Analyst Verdict Pick,16:22 Newton Abbot,Rebel Tribesman,2.0,3.0,7,True
2026-09-18,Control: favourite,16:22 Newton Abbot,Rebel Tribesman,2.0,3.0,7,True
2026-09-18,Analyst Verdict Pick,16:28 Downpatrick,Whispering Willow,3.75,2.0,12,False
2026-09-18,Control: favourite,16:28 Downpatrick,Whispering Willow,3.75,2.0,12,False
2026-09-18,Analyst Verdict Pick,16:35 Wolverhampton,Perfect Hope,3.5,2.0,12,False
2026-09-18,Control: favourite,16:35 Wolverhampton,Printing Money,2.88,1.0,12,False
2026-09-18,Analyst Verdict Pick,16:40 Newbury,Lady Magu,,,12,True
2026-09-18,Control: favourite,16:40 Newbury,Nightsinwhitesatin,4.33,6.0,12,True
2026-09-18,Analyst Verdict Pick,16:45 Ayr,Filly Eilish,12.0,4.0,11,True
2026-09-18,Control: favourite,16:45 Ayr,Ice Cube,2.38,6.0,11,True
2026-09-18,Analyst Verdict Pick,16:55 Newton Abbot,Mr Mcwhinny,1.53,1.0,6,True
2026-09-18,Control: favourite,16:55 Newton Abbot,Mr Mcwhinny,1.53,1.0,6,True
2026-09-18,Analyst Verdict Pick,17:02 Downpatrick,Anodandawink,5.0,1.0,16,True
2026-09-18,Control: favourite,17:02 Downpatrick,Anodandawink,5.0,1.0,16,True
2026-09-18,Analyst Verdict Pick,17:10 Wolverhampton,King Sharja,2.63,1.0,12,True
2026-09-18,Control: favourite,17:10 Wolverhampton,King Sharja,2.63,1.0,12,True
2026-09-18,Analyst Verdict Pick,17:15 Newbury,Loz Vegas,2.75,2.0,10,True
2026-09-18,Control: favourite,17:15 Newbury,Loz Vegas,2.75,2.0,10,True
2026-09-18,Analyst Verdict Pick,17:20 Ayr,Cascade Hall,1.83,2.0,11,True
2026-09-18,Control: favourite,17:20 Ayr,Cascade Hall,1.83,2.0,11,True
2026-09-18,Analyst Verdict Pick,17:25 Dundalk,Walk On Harry,5.0,5.0,6,False
2026-09-18,Control: favourite,17:25 Dundalk,Force Noir,2.5,1.0,6,False
2026-09-18,Analyst Verdict Pick,17:30 Newton Abbot,Farhh Echo,5.5,1.0,11,True
2026-09-18,Control: favourite,17:30 Newton Abbot,God Of Fire,3.75,5.0,11,True
2026-09-18,Analyst Verdict Pick,17:37 Downpatrick,Ifuknowuknow,4.5,1.0,13,False
2026-09-18,Control: favourite,17:37 Downpatrick,Hadahi,3.75,9.0,13,False
2026-09-18,Analyst Verdict Pick,17:45 Wolverhampton,Enjoy The Night,4.5,6.0,12,True
2026-09-18,Control: favourite,17:45 Wolverhampton,Sanditon,4.0,5.0,12,True
2026-09-18,Analyst Verdict Pick,17:50 Newbury,Empirical,3.25,1.0,9,True
2026-09-18,Control: favourite,17:50 Newbury,Law Court,3.0,2.0,9,True
2026-09-18,Analyst Verdict Pick,18:00 Dundalk,Kindacan,3.13,10.0,14,False
2026-09-18,Control: favourite,18:00 Dundalk,Kindacan,3.13,10.0,14,False
2026-09-18,Analyst Verdict Pick,18:15 Wolverhampton,Powder Monkey,2.2,1.0,12,True
2026-09-18,Control: favourite,18:15 Wolverhampton,Powder Monkey,2.2,1.0,12,True
2026-09-18,Analyst Verdict Pick,18:30 Dundalk,Send Harry,4.33,2.0,16,True
2026-09-18,Control: favourite,18:30 Dundalk,Send Harry,4.33,2.0,16,True
2026-09-18,Analyst Verdict Pick,18:45 Wolverhampton,Belle Amie,2.5,3.0,7,True
2026-09-18,Control: favourite,18:45 Wolverhampton,Belle Amie,2.5,3.0,7,True
2026-09-18,Analyst Verdict Pick,19:00 Dundalk,Perfect Judgement,5.0,8.0,15,True
2026-09-18,Control: favourite,19:00 Dundalk,Beat The Devil,4.0,9.0,15,True
2026-09-18,Analyst Verdict Pick,19:15 Wolverhampton,Pipily,,,8,True
2026-09-18,Control: favourite,19:15 Wolverhampton,Melting Snow,2.5,5.0,8,True
2026-09-18,Analyst Verdict Pick,19:30 Dundalk,Pavilion End,3.75,9.0,11,True
2026-09-18,Control: favourite,19:30 Dundalk,Pavilion End,3.75,9.0,11,True
2026-09-18,Analyst Verdict Pick,19:45 Wolverhampton,Niffler,1.4,2.0,6,True
2026-09-18,Control: favourite,19:45 Wolverhampton,Niffler,1.4,2.0,6,True
2026-09-18,Analyst Verdict Pick,20:00 Dundalk,Anchors Away,21.0,10.0,15,True
2026-09-18,Control: favourite,20:00 Dundalk,Without Love,2.88,6.0,15,True
2026-09-18,Analyst Verdict Pick,20:15 Wolverhampton,Come On Over,3.0,2.0,10,True
2026-09-18,Control: favourite,20:15 Wolverhampton,Come On Over,3.0,2.0,10,True
2026-09-18,Analyst Verdict Pick,20:30 Dundalk,Numantia,1.33,1.0,12,False
2026-09-18,Control: favourite,20:30 Dundalk,Numantia,1.33,1.0,12,False
